Player,grupo_posicional,PC1,PC2,PC3,PC4,PC5,PC6,PC7,PC8,PC9
Anton Stach,Pivote,3.7969476199433583,-1.3254831621595105,0.7520591456087937,0.3174194952806885,0.2790861079340659,0.7362846733427759,-1.5070006675280883,-0.7529213432048907,-0.50606532722465
Manuel Ugarte,Pivote,-2.772601280122461,1.039013617723317,-0.5331909109850581,1.9675580263907004,0.5366874034403069,1.4593834188202586,0.0034204674930024097,0.17301937195360997,0.04370261370380577
Tomáš Souček,Pivote,4.020655777741569,0.05046737137458849,-0.9156283570538661,-0.8073195825239551,1.8466451401910724,-0.8429578883514697,0.16117787175310067,-0.08600592180837308,-0.4954605552164729
João Palhinha,Pivote,3.860356836772996,0.2680286883975616,-0.9964624696283698,1.440911298001122,-0.6809445484679498,0.742598175638404,-1.21545099183217,-0.22728399230047647,0.5534655319278275
Lamare Bogarde,Pivote,-3.2518893790543606,1.1249061293672888,-0.5225429607870391,0.9186056113951255,-1.302455499141099,-1.2937691691254403,-0.7173538143097303,0.0433707658956965,0.9546870419856947
Florentino Luís,Pivote,-1.283046091785299,0.5488717722524309,1.2310526418821337,0.4587101167393622,-1.0902181308423822,0.29834674089062135,0.4256850100061131,0.6878314930548235,-2.230954609706169
Soungoutou Magassa,Pivote,1.868563357984339,0.9589649291726955,-1.7337453674251684,2.1462513576765074,-0.9860247912696221,0.7938722828482276,0.0008590655765756506,-1.0713614392636086,-0.2958989745138827
Casemiro,Pivote,5.3240162822397705,3.3522002005235594,0.22214856485379753,-0.9434726016266517,1.5344347230616484,-0.019828671046887784,0.027702953455525047,-0.10859563298037138,-0.8975710071221259
Adam Wharton,Pivote,2.1811599291125505,2.717421753710118,1.5225152134772755,-2.5694036787717547,0.2834117595633029,1.0385163054241955,-0.7596254979291777,-0.730261177329734,-0.15036556522573985
Roméo Lavia,Pivote,-3.3204289003829444,0.6121223657269055,-0.6566142297371687,0.9844238114231432,-0.4825547799203245,0.5951030890207462,-0.22189343403151732,-0.24707439821258065,0.2967983436187027
Sandro Tonali,Pivote,-0.5020486551094929,-0.9597995110837464,2.432744253040954,-0.15489322423866736,0.4699330011600301,0.2310897439213114,1.335193188807329,-1.0707318478457337,0.515092924270706
Lesley Ugochukwu,Pivote,3.5833661432967086,2.2394404479082417,-0.9391116526638708,-3.0085440840044027,1.5622167357672816,-0.560130516941034,-0.2641816887580129,-0.14080992488900101,0.47303590927214983
Yves Bissouma,Pivote,-1.7672504260995079,0.5463355670732299,-0.20528536722532745,1.4725979919715342,0.9108030183758652,0.7316211770213402,0.1637741835298815,0.5905956677274248,0.8526755488749547
Vitaly Janelt,Pivote,2.8512194486685107,0.06395770833855473,1.0102913459290455,0.5166822622970902,-1.807648749165668,0.49019308885820256,0.22026071747313697,-0.8234591775734091,-0.8598456198969482
Rodri,Pivote,0.6038122147127514,-0.4361616346587919,-1.5953840099806251,0.4642939757854348,-0.225066305932716,0.03437937164911498,-0.7519695339578983,-1.0612630544900268,1.18477685828989
Rodrigo Bentancur,Pivote,1.4237709532335883,0.0063021572206523385,-1.0521085734780844,0.19825382802867003,-1.079884146267094,0.08551881794429714,0.703037095805136,-0.23559395279538572,-1.7517909911249276
Tyler Adams,Pivote,3.520123484325405,0.4237926814090531,-0.8347468082639017,1.0960373711492757,-0.6202177618947784,-0.9210736255776069,0.5632233232798,0.9230006875162776,-0.9187342759500302
Jefferson Lerma,Pivote,0.360649603399555,-0.6111171958300203,1.8414999629821893,0.4822485894898256,-0.7444207515350536,1.9872112275592815,2.6100056800554348,3.924101293124167,1.5739131591790432
Jack Hinshelwood,Pivote,4.602111560358712,-2.649388023263686,0.21492526441634918,-0.9686365853732568,0.483195431425411,0.02898156734883875,1.3114436381835048,4.396696583634677,-0.09868014792389611
Amadou Onana,Pivote,2.0567173548179936,-0.5209017107253822,-2.1642184484397213,0.7974763428967655,0.5122386796264291,0.5857857410930151,-0.8340957571750813,-0.10730351712818632,1.2527420979758186
Carlos Baleba,Pivote,-2.609996019336504,0.8851344192436329,-0.49059282253558856,1.4603336549988262,0.5684500256868995,0.12183812299452984,0.6691511503519748,0.1539772095427753,0.8226113693409046
Boubacar Kamara,Pivote,2.9885634212308037,0.03539843513136485,-0.15747888025456322,0.3362121411279189,-1.747714269614967,-0.46369472840246345,-0.41738266997855433,0.16207662659472946,2.0904781786730307
Freddie Potts,Pivote,-1.2549229154949235,-0.4096822490898898,1.3415474274651296,-0.2247339815098368,-1.4681197510427764,1.2839894248513353,0.05314146461139669,-0.4595270593960945,0.1265791082501386
Idrissa Gana Gueye,Pivote,3.00698404205431,0.2513708030749888,0.32603993107962614,-1.3773549384751747,-0.16421468341440149,1.403972555749449,0.05091638797085641,-1.2296389006189001,0.8445418540702032
Ibrahim Sangaré,Pivote,2.5555827198717624,-0.15137087464724824,-0.8704245749908409,0.6532146060291004,-0.7759559172330585,-0.08210081898189334,-1.2930685992415174,0.38569183926734224,-0.4865308230969282
Jordan Henderson,Pivote,2.2916798014625326,-1.2157594218166206,-0.021368536648497704,-1.542259669651972,-1.9573385529637854,-1.8896791215287323,0.5393654873921501,-0.9941410162425418,-1.4326278356065256
Guido Rodríguez,Pivote,-2.76820916913481,0.3767607094428677,0.38882219723017974,0.35386632133568724,-0.891420459337138,-1.0138043872432856,1.596416578206247,-1.6225699753874538,1.3495422396193049
Ilia Gruev,Pivote,-0.6832273809509583,-0.6819446881162495,2.1944176468638834,-1.132444440907773,-1.8794723214930336,-0.1170700718328734,-0.27780878099601836,-0.13734396675050276,-0.17227102020828125
Christian Nørgaard,Pivote,-1.563304592267808,-1.051769887090492,0.7459234464996264,1.0454532637140221,3.0068650443525593,1.714717856370944,-1.1147865518530293,0.8911217295116852,-0.799385513541078
Jerome Abbey,Pivote,-3.1805027106564046,-1.150811308272241,-1.3546999092154481,-1.9391425077864453,-0.2909016221851433,-0.9801390496701352,2.7729649961362695,-0.34484729173927603,-1.0502485618911228
André,Pivote,-0.029354900517843886,0.6066117239225519,-1.3195727709364773,1.162166280296391,-1.252542331101698,-0.7678750611647691,-0.25519392357250004,-1.2366399131040977,-0.23205432835080134
Ethan Ampadu,Pivote,0.2466160809530116,0.28672188274624305,-0.23578923632192103,1.0234987154570019,-0.552003709717206,0.5730545026164874,0.2643396932586841,-0.5984956932957911,-0.31883479321723995
Granit Xhaka,Pivote,1.6940143503576968,-0.738625269408423,1.316620832151595,-0.5121034877924387,-1.8289024529091436,0.18635778984613385,-0.27210632887243,-1.1105643382697277,0.4908038567227192
Sander Berge,Pivote,-1.669387319321441,-1.4486898175584064,0.1790125022000314,-1.2977540367393052,-1.1961335110478695,0.56240880597343,2.05312657043697,3.8674034309958665,-0.4491340030965467
Moisés Caicedo,Pivote,2.6048460174408326,2.2879620723264265,-1.3762666428036159,1.0209734037102327,-0.5516973383233864,0.8285688868550712,0.011731993145300292,-0.36172779358772766,0.4105422613942189
Dario Essugo,Pivote,-3.337728802296607,2.0496834159710993,-0.6328814270940502,1.9713305722793666,-1.2848081579391464,-1.675352795082089,-1.3914440595068562,0.8704109298346553,0.8193465568406113
Mohamadou Kanté,Pivote,-2.9359886883615194,1.398807161720867,-0.04287957971643712,2.063730654714696,0.7310920381990822,-1.0850357307025003,-1.6706122674481,0.9389935734037228,0.1344837225287123
Martín Zubimendi,Pivote,3.2728243561756485,-1.2712540026306562,-1.4963540934369965,-0.369903708004093,-0.06389406593351511,-0.05933441692668112,0.1713064797443156,-0.42038382106986705,-1.0233353738540032
Ryan Gravenberch,Pivote,3.6544097140285436,-0.6546285511352294,-0.8051560138752958,0.5047623352191573,-0.23150875957045716,0.7254630542572382,-0.2508386667367482,-0.3864435748432393,0.9670938912273775
James Garner,Pivote,2.5873478078058505,-0.11062029348391998,1.661856951962483,1.002154183913858,-0.8652754167307031,1.876652215058117,-0.3749601021640746,-0.7627779047270189,-0.2460734200468489
Ben Winterburn,Pivote,-3.603429603485288,-1.8346092537405625,-1.2885186628528429,-2.4629970052734134,-0.1734927217110475,-1.4103231248358012,-0.34050037792048427,-0.03381534465873067,0.6511153662610365
Wataru Endo,Pivote,-0.322155457968443,0.48195995712627354,2.9330648323495203,-0.2169796930927279,-3.2161940490488905,-0.8297861985932669,-1.5102678896586574,-0.2718930167027027,0.5230071796603912
Sofyan Amrabat,Pivote,-2.7242172093716563,0.2855064584673139,0.10497398972049678,0.6253649818826174,-0.060200660234947106,-0.9263181814732135,0.2529032435188506,-0.35741846592821314,0.9553695251976174
Gerard Gumbau,Pivote,0.5471483049847787,-0.21570378075779,3.5909920541794653,0.7826586430010098,0.38474915859631537,0.39905885598345625,-1.097056091402873,0.8123804233703541,-0.9344211194196045
Oriol Rey,Pivote,-1.645936681233515,-0.0046678622295357125,1.3117365681540627,-0.07917673102050059,-0.8730269631165404,-0.9394908894896256,-0.1108405090400463,0.08533463693958183,0.3299565950104615
Kervin Arriaga,Pivote,5.051231618828097,3.70090226825863,-0.0012076561987484633,-1.9476612304140302,0.5152612565587738,-0.5770640854551067,-0.49085789942278696,0.3406192220912299,-0.034840813241127554
Tomas Marques,Pivote,-3.7213480588573753,-0.7500391274510262,-1.032606699713127,-0.9732178831547132,0.29198789960563504,-2.0830809753008355,-0.8579406494798593,1.0996556492612128,-0.30557952665409627
Sergio Lozano,Pivote,-3.763126853045793,-1.132224403797769,-1.5706942228510694,-1.6213429015717264,-0.784001793633605,0.028933773165486544,-1.8058425136113485,0.34805530281796604,-0.36358231978049704
Leander Dendoncker,Pivote,1.4683865548008577,-1.3502994901019856,-1.7165076536226884,-0.3866826392242574,0.6502708782921854,-0.2553628980302729,-0.3389716210817282,0.06503704325065705,-1.0622112008544078
Batista Mendy,Pivote,0.8840535429582046,0.6423738584571536,-1.0763397768386422,2.0114824049654683,0.5729474918905109,-0.2653446726335847,-0.27292683744986707,0.0008201582449011808,0.7357920048123788
Federico Redondo,Pivote,-3.147432793549348,2.567045713774026,-1.111727454539124,-0.32098819599604544,-0.1816135219096702,0.6065192358613978,0.9091361628750362,-0.038058187838387596,0.9103475296788964
Damián Rodríguez,Pivote,-2.6745330401123764,-0.40234516948658355,1.024175110363388,0.25575843539660453,1.4145792097714824,-1.4640078590753143,0.08132867997301958,-0.3680073538422626,-0.9498398101522881
Carlos Benavídez,Pivote,-0.947268232291472,4.286462819259368,0.3451602459526468,-1.1859925054293143,3.3272461035183514,0.8920238575194473,-0.724136772864685,1.4149242358339924,0.29169188175218586
Mikel Vesga,Pivote,-3.2488562998932697,0.380603614986975,-0.38835576731054977,0.7612403362952294,-0.8639903731552824,1.5700703209266342,0.33021253252105215,-0.9834390751148714,-0.5214884075790419
Yvan Neyou,Pivote,-3.1793389275548667,1.3149363419288336,-0.3595198144550449,1.0898175471031861,-0.6757183483493309,-3.097038871832606,0.07678007844296071,0.47363010860906235,1.8345829819868316
Marc Casado,Pivote,-1.8164212435663232,0.14322234586398896,1.141890802333386,0.09544517047188977,-0.6950835842713992,-1.2775223560098143,-0.8248604386296223,0.4920928829493812,1.220561910750811
Nicolas Fonseca,Pivote,-2.6943337478488196,1.5913950635752772,-0.17680461432740527,2.156794541799821,-0.21533340814643814,0.48890310249657454,0.09214930465997755,0.24807763503471822,-0.5801021326770173
Iker Muñoz,Pivote,-1.028649624445752,0.5472362507180298,1.1492651562941403,1.8473400555413837,1.6776385256036426,-1.0579196583798596,2.3434865967946608,0.0012812677583231395,1.1212577663666419
Raúl,Pivote,5.2956721157899045,0.09096328969607494,0.7102204499822984,-1.031709057012017,1.3059220611089084,-0.3623136678809645,-0.10742288808087658,-0.31255022486632367,0.1581380566283109
Marc Bernal,Pivote,3.8809039111611243,1.0020950420610963,-1.3507182564884368,1.7213984858963112,-1.686780574687968,0.198979431108058,-1.150557808581891,0.2930471491854217,-0.16296552083905783
Baptiste Santamaria,Pivote,3.7553589123463094,-0.47976827801872735,-0.25161860651820844,0.15901691265256293,-0.5890707993582557,-1.813075625541542,0.7003779433565092,-0.021197122739289424,-0.16231080099083459
Charles Pickel,Pivote,3.174603268420064,3.1817033819076643,-1.0707250665444765,-2.0910804546729955,3.192729504561653,-0.44041533092149876,-0.7545945977697183,0.5508805429758823,0.06975833110834305
Thomas Partey,Pivote,-2.407426395301364,-1.0320908675762868,-0.2139850539282326,-0.34869220669532286,1.347519416125397,0.4671614966984162,0.9437283921653127,-0.381996107316615,0.5237121717158774
Nemanja Gudelj,Pivote,1.4038463127311562,-0.5515681713290767,-1.133648434057252,0.807775595865024,1.4713908847911765,-0.5620817138305221,-0.3744022999212925,0.15508687927031425,0.00984697038039998
Axel Witsel,Pivote,1.5917176957691799,2.8169876717216726,-0.49436181933142787,-3.0427657234670784,0.7669363276128908,-0.4202755421898462,0.6199943550500254,0.02421027212065192,0.6153638979876934
Marc Aguado,Pivote,1.7137582407020788,-0.7735216052863081,-2.0418004062358293,-0.7006227362617553,-1.5520764689378983,0.312995810109138,0.17483758545190708,-0.17481098796594713,0.609076398572104
José Luis García Vayá,Pivote,0.5517567046985163,-0.9437742420441794,-0.7379585593179557,-0.0411191863633734,0.38784490167684216,-0.6567174624068784,0.07425112465329138,-0.932787008540543,-1.7929741564871582
Jon Gorrotxategi,Pivote,1.6803087991511636,-0.26762260857953574,-1.3015608959474207,-0.21041191263633993,-3.1544025160626803,0.8115961836760204,1.6475100995337792,3.328319469969447,0.21292970007703924
Santiago Colombatto,Pivote,-1.4719013000076095,0.3150596765577181,2.034107877918583,0.701163514976585,-0.4062090499082965,-1.6395820131281695,0.6276236405357077,-0.3121761358756612,-0.0811119138778993
Lucas Torró,Pivote,-0.9676215263214405,-0.1643576163593672,0.8958210631638489,0.7215040480909484,1.198160887333862,0.12303795139596524,0.40382290425528666,0.7300336944540362,1.4207388273531598
Omar Mascarell,Pivote,2.5142208472955465,-0.27453487829015666,-1.7474488841603857,0.10871166302456914,-1.4282867998957804,0.09931110302543389,-0.4003482190638334,0.17696032186011504,-0.48847135886876036
Antonio Blanco,Pivote,2.364014546787988,0.3203052231864752,1.0252974682853424,1.6532439997337578,0.2582187399083988,0.18480842760267566,0.6602044102698313,0.07512206923001312,-0.9098198573535536
Marc Roca,Pivote,1.1004343551417626,-0.5070604866383872,-0.22409595049087025,0.7540511731878301,0.37071242457683634,0.6780069544060758,-0.7164386798484805,0.3006992500331589,0.16202392783548375
Mario Martín,Pivote,2.419155355520733,0.6454795421678072,0.21442827641864748,1.7486797003233367,0.08892645609797642,-1.9501547715827632,-0.0844223896234416,0.17091096314321033,-0.8262858313601839
Lucien Agoume,Pivote,1.3574094020342835,0.7519589767288052,-0.07229139471449066,0.7020588322300587,-1.6276509088479105,-1.2358033771720491,1.0880361316820104,0.11139820896315171,-2.6958502980164942
Aurélien Tchouaméni,Pivote,-0.16626571023488843,0.0026398878387850835,-1.0305337212344048,1.07005265337533,0.7419147963358764,0.9650578940924595,0.30027924164074143,-0.6282664361652258,0.00925898951122786
Samu Costa,Pivote,4.745029496638523,0.3104489398216353,0.5218966396899457,1.989584699863326,0.28676961893363145,-1.2753547288863065,0.33697112076896174,-0.20163943184653227,-0.2871357203921834
Mandela Keita,Pivote,0.5010629083567995,-0.9401744789121933,-1.9103356861165424,-0.2719407737788833,-1.8952000510776326,2.172329151496931,1.8552374132549747,3.099064455983426,1.743854055623696
Oumar Ngom,Pivote,-2.282275669546596,-0.11874565779020392,-0.47344008622236644,0.7663125443841404,0.7020686632064422,1.2715640225011908,-0.09653527041486348,0.5764890872108989,-0.051586750786578144
Al-Musrati,Pivote,-0.12891226042844625,3.8868528263775177,1.827551884416279,-3.0669008376904108,1.1944581644505465,-1.1829007374459775,1.0961004641045284,0.9328188895913384,-1.0741495020994531
Malthe Hojholt,Pivote,-2.048291592017236,-0.5982165518965024,-0.04223076855208061,0.15836033013958095,0.9399431365551132,0.03754361380989602,0.4273789768133706,0.36474114311184774,0.5342526928190025
Billy Gilmour,Pivote,2.312435500380824,-1.3312120502573668,-1.375593559734844,0.12499996124674864,0.7939267841676587,0.8064765887050183,0.18208892359624296,-1.1333614673205377,0.02365095025694895
Cheikh Niasse,Pivote,-1.058924033767058,0.3415348060991981,1.858460650412246,0.4775343604450303,-1.089289108764362,-0.23277484768195636,1.2802510750585443,-0.11737118055793175,-1.030760759487283
Jacopo Grossi,Pivote,-2.8239743032494107,-2.5216471399989877,0.8399061705177024,-1.866064722724711,1.514820694764394,-0.07948791905075622,-0.0632703476424979,-1.5429208449849143,-0.4673057934315661
Marten de Roon,Pivote,1.143450209146568,2.7929342247086577,-0.4063842294100362,-2.7263382907788407,0.19057740038401466,0.4590712155251109,-1.0911208513843025,0.13243863620795263,-0.7399209586985681
Manuel Locatelli,Pivote,0.9999996504057106,0.4131247699479876,0.602629861378487,1.8101827482311015,0.2984470442782035,1.1319263654002452,-0.7108333415442996,-0.05233066307656898,0.21008389643834705
Nemanja Matić,Pivote,0.9984721499953918,0.7163612816070546,-0.9414481101538689,-1.212414764176726,-0.6626662066912247,0.17808054345017246,0.14444860367903387,-0.7059908251977166,1.4994366331985662
Hans Nicolussi Caviglia,Pivote,0.1895858553904047,-1.9209484439304931,3.2616297905030036,-1.5920254221091463,-0.37258710598272093,0.3200462849139894,-1.0580072349423846,-0.483892488548373,0.6414765483070808
Ibrahim Sulemana,Pivote,1.639600228521772,-0.5661211488178417,-1.8676460985827248,0.5257126067897406,0.33425608150688135,-0.5172319794461478,-1.3442199027369102,-0.3757313752260421,0.18477306463084892
Olaf Gorter,Pivote,-3.8713452866806772,-0.11164649945257156,-1.3151403923630423,-0.21541124228049158,-0.31597170818088793,-0.6658368304720766,-2.255554817362989,1.4262396459585693,-1.2508257587925635
Youssouf Fofana,Pivote,2.740987817136664,-1.7636345163441252,0.8253281126207446,-0.5222770257518793,0.9996218509385791,0.2977409713348876,-0.7402686394039736,-0.031165453953978076,0.9620656027677984
Daniel Boloca,Pivote,-3.004625629343369,-1.1225484660943814,-0.22241322941648478,-0.6916557545046237,0.3394472366541429,1.596496510416501,0.48715403150232645,-1.3827717948412204,-0.4799028010151423
Balthazar Pierret,Pivote,-3.553350423590585,-0.2652142098149152,-1.2749839240090786,-0.6127116064633323,-1.4516613688975464,-0.11392966722355555,-1.2265850342311353,-0.41972894070433187,1.7523649270063726
Sadik Fofana,Pivote,-3.287657614268921,0.08944061581633665,-0.4631824833257319,0.8585471318813234,1.0543415919835033,-0.19377306404754885,-2.053725236076054,0.8310152446383886,-0.050985465620566627
Máximo Perrone,Pivote,3.550786083351879,-0.6350844143102518,-0.1701202853812788,0.1066606188324169,-0.5016662961499553,-1.2089514725039638,-0.6958101906075436,0.6090694999857675,-0.4483032706887768
Ardon Jashari,Pivote,-0.44993574282433174,-1.016586141892677,2.3098836031738137,-0.3042616891232137,-0.19550326371218996,0.8559598926514967,-1.3859607247886718,0.28283524975908625,0.29560177071936333
Nicolò Rovella,Pivote,-0.7496168529763246,2.830204814450918,2.027227110674652,-0.6808617647078861,-3.060007961064377,1.1875618838573514,0.16734965065870736,-0.7753864115894827,0.11785886020014677
Jean Onana,Pivote,-3.109634395428492,-0.013680742483232054,0.1420717597717499,1.0279253752021467,0.8788125023294122,2.0849160400383253,-0.36325604212106455,-0.2784149923819092,-2.8031431000933957
Stanislav Lobotka,Pivote,1.138722264200248,-1.175068152129657,-1.263783151228487,-0.763509958795877,-0.7094982325978354,-0.8741840366156652,-0.20026652760538224,-0.5072303182175659,2.46173257854666
Reda Belahyane,Pivote,0.10814259556053506,0.9484933449298235,1.8325322998164297,-2.1804105198095143,-0.7373960236906291,-0.13353911757786924,-1.8538177019792064,1.7997795541082735,0.48441359363975234
Rolando Mandragora,Pivote,4.217517623076344,-0.7458923795038364,1.090576513923194,0.8897054101389579,0.1600676873285512,-0.3563523583110775,-1.0021184848304925,-0.9285297159250797,1.1232207758661632
Alberto Grassi,Pivote,-1.8185271757909822,1.2911393023176663,-0.4049147842358416,-0.8225285270437536,0.912876521812807,0.9964096021960227,1.8418005303572822,-0.5996902417672876,2.2693821945018215
Andrea Ghion,Pivote,-3.4673207098465064,-1.4989680558783973,-0.16195577014724266,-1.538591524120756,-0.9494517968442169,0.7695943203161871,-1.375719487304908,-1.0119962020839637,-1.4160400415247614
Jesper Karlström,Pivote,-0.19134469365794038,-0.5020857389561403,-1.419595643948408,-0.08160695926664906,-0.20210869741577145,-0.8709718651880018,0.912160818686403,-0.7844591653380545,-0.8278640895847199
Teun Koopmeiners,Pivote,-1.4140004311124124,-0.8293590226379476,1.4668207563837192,0.5492473888185301,2.5685012436990524,-0.8664083477621468,1.66979834673086,-0.14368004676465407,-0.9851960736078272
Matteo Prati,Pivote,-0.9376206389032189,0.02333773624522032,2.1900057155736,-0.06469633873783924,-0.5168409782605775,-1.3817357744159333,-0.5637529773331068,0.4177114382250248,0.41827782404432967
Marius Marin,Pivote,-3.0899804024484205,1.589210425875127,0.20000894602609648,1.8193046227302907,-1.269772776450317,-0.3142930214898848,-0.09136745351948995,-0.40761609510577207,-0.5140347547511602
Danilo Cataldi,Pivote,2.5193997633098295,-1.1427371628034357,1.1739479738884682,-0.213166725990525,-0.13854441778286716,0.41930382119007525,-0.5576213258552681,-0.5625105939581787,-0.2579728790917092
Bryan Cristante,Pivote,0.9438630992369648,-0.7455249840285444,-0.3322118694487139,0.39226653997819116,0.7409100518011651,-0.029794541671343634,-1.2397983614233037,0.1178338558195293,-1.1359069718471877
Abdoulaye Camara,Pivote,-3.3045014957139776,-2.205223551225736,0.13508774185841188,-2.379372262361219,-0.34068889909802497,-0.6618455798259907,0.094162205391829,-1.4082209551532923,-0.4124500886942487
Simone Lottici Tessadri,Pivote,-3.116422161645418,-2.156216725537266,-0.5689983765096032,-1.944010494922955,1.7000686473772115,-0.8180746573789226,-0.49724644606954205,-0.1771400111910359,0.5900893707208325
Gianluca Gaetano,Pivote,3.3758679479412903,-0.9091103484439406,1.4639643266721825,0.4286600157114939,0.06360447563880697,0.5217706648493103,-0.028862712825761454,-0.7781254046894531,0.9966767930544026
Samuele Ricci,Pivote,3.5644830581884333,-1.0108845608247163,2.1889558078939233,0.026937893219493504,-0.07397225448074293,-1.2351255719025298,0.408389991482068,-0.5412164491414226,0.9279629691424625
Ylber Ramadani,Pivote,-0.2587305830790443,0.44934910904697883,-0.932158351087954,1.3276186019280387,-0.26548542431513933,0.4528891161207934,0.32076535625494834,-1.0895651064451075,0.48360887640414674
Alessandro Romano,Pivote,-3.722236891435557,-0.7418639757453261,-1.030677715066345,-0.961988392284472,0.29549654750500703,-2.0881520143746926,-0.861840953034327,1.1081994004716647,-0.31279079469114496
Adrien Tameze,Pivote,-3.1329751888141155,0.014570734640999596,-0.1669995035762235,0.01936588123335651,-0.6845116167739486,0.2615160720009066,1.0655043592688465,-0.9330382197127453,-0.9171557417315583
Kristjan Asllani,Pivote,-1.7079660030704968,-0.8687173146684949,1.1556661319605612,0.4822613376440357,1.4329639758695498,1.210152366466051,0.7032956682187312,-1.4431328991192605,0.7472693319342943
Hakan Çalhanoğlu,Pivote,4.629138830607302,-0.7400317580509918,1.356514467418935,0.8734082638335573,0.3567970643285291,0.36166876878305876,-0.6500460304292777,-0.3914591365804464,-0.5800360216658904
Nikola Moro,Pivote,1.8696393658443917,-1.6701076350563724,-1.2304585411723183,-0.8547730144769486,0.16451134677232793,-1.013430997343636,1.128910786327257,-1.9122954199103246,-1.1486838674381732
Luca Lipani,Pivote,-0.5171625424053609,0.45816114044224504,1.9050143021707697,1.1074554372124723,0.37283503959572994,-0.07790361367134437,0.572348074256513,1.0206865433303436,-1.3948943284711166
Nahuel Estévez,Pivote,-1.2389308527386422,-1.0328849169754588,2.1576916443600487,-0.9093933749468174,-0.86156391932688,-0.2943201443782001,-0.38230978178290775,-0.8956453480469124,0.6281305791349077
Morten Frendrup,Pivote,0.11218055038744228,0.11909795841315406,-2.6335115196822523,0.7003952911511575,-0.9486569422712158,0.7088952434490087,-0.4683543530794402,-0.18588991583485645,0.3158675451487427
Atakan Karazor,Pivote,-1.1040507739214918,1.3726682758302244,0.9660492544579271,-1.3542943626604236,-0.5480044877153054,-0.6095892238296006,0.5850694856733024,0.09642378302905989,1.0332075262485967
Vinicius Souza,Pivote,-2.7482294875634175,1.0192839182017186,-0.5562395835256524,1.4826043285515922,-0.24722078272033546,0.3610813653406954,0.03249258275443614,0.4103886782309592,0.15076703440889963
Yannik Engelhardt,Pivote,2.004714722476772,0.0222151279603671,-1.0025405452069165,0.5470195748113311,-0.9193219980244337,-0.362521609801897,0.1726017019744448,-0.3692100832293922,0.5262416183706153
Nicolas Seiwald,Pivote,-1.123733992244829,-0.8470620740227502,0.31930004616437624,-0.5599658279722423,-0.22009057709117233,2.068716255543968,0.0027080028657996656,0.45230957261214516,-0.00948460379163287
Philipp Sander,Pivote,1.530307078498597,-1.5508440827284518,-1.747490103024226,0.07964399191279972,-0.3853106877040304,3.1452505970905045,2.0678784323595343,2.614048579513489,-0.5726702557416834
Robin Fellhauer,Pivote,3.00286738216992,-1.5604029198630245,0.13685587107299232,-0.4936260050641096,-0.07460593558545411,-0.3238505297097407,0.038046052381870886,-1.0170155088363098,-0.8430599207439438
Lennard Maloney,Pivote,-2.183380431746083,0.3112412869106292,0.1872219315796293,1.1457188391362103,1.2702647861591008,-0.1420424477804084,1.2240527272156805,0.5893178350763715,-1.8641059756986524
Jonas Meffert,Pivote,-3.7413580985376225,-1.0227815573605594,-1.574592420823636,-1.498946211189492,-0.7291459792955075,0.03533471209631015,-1.3788329772163583,0.32026819861368483,-0.405945227882371
Tim Schnitzer,Pivote,-3.603429603485288,-1.8346092537405625,-1.2885186628528429,-2.4629970052734134,-0.1734927217110475,-1.4103231248358012,-0.34050037792048427,-0.03381534465873067,0.6511153662610365
Aleksandar Pavlovic,Pivote,3.7878471197293297,-1.5032907567635732,-0.8317093204557308,-0.3792218007709922,-0.3441291396924785,-0.023382087456085884,-0.9542837464627806,-0.4790578729009774,-0.04156794276340683
Ellyes Skhiri,Pivote,-2.6701252950771988,3.1568887657613587,-0.9146158630500948,-3.7466233775133824,0.8324267132315113,0.4589386090213492,1.441881335208415,-0.8569400311374197,0.5882110778906954
Salih Özcan,Pivote,-3.0940037087672025,-0.8109043703916871,0.37790906994353696,-0.13859050002053697,0.12265403666049973,0.6942157554878574,-1.3250434116505936,-0.9888204791020031,-0.32991432351186784
Eric Martel,Pivote,2.5074605964973258,3.9940545738966313,-0.6368960815895693,-1.4535208319040835,-0.2027624340700753,0.13768112538257002,0.004379548848385702,-0.7511521041004047,0.5688668598210825
Sota Kawasaki,Pivote,-3.214650519513285,0.48360642542200677,-0.02676688218323468,0.5853938604075738,-0.7047864380150277,-0.35269693597461954,-0.28391192939833065,-0.22913939213014034,-1.1359689226456837
Kristijan Jakić,Pivote,3.1857786883295898,-0.6332723653026859,-0.7630779604640673,0.25741654976663986,0.10770891963743098,-0.763467800758025,0.14605189197724674,0.006056797350109677,-0.3258513273486304
Angelo Stiller,Pivote,2.9828515735439916,-1.5306863369541266,0.6375670464921191,-0.7899990982668096,-1.2797430908317464,0.500597554349542,-0.04939260118345686,-1.3057715023362393,1.274153405723549
Nicolas Höfler,Pivote,-1.7854665473071805,-0.5547656741923059,-0.18276367201778979,1.120946908741114,2.4981274462371297,0.8996268132245718,-1.5344521844477916,1.488705275257784,1.030834620812975
Yannik Keitel,Pivote,-3.3343735951302276,0.5789029316408547,-1.0125428572468993,0.07091939118441644,-1.0279831622278794,-1.2310290478341477,-0.5168084063155235,0.35226322010477135,0.2792465293785514
Tom Krauß,Pivote,-1.15137137029181,0.301487980236765,1.3257420934775845,0.27632637545036437,-1.9016350521464271,1.3286490623777378,-0.37515311657072553,-0.1431557326926712,-0.0969841002020737
Robert Andrich,Pivote,1.6395890887955709,2.735939000867428,-2.388036065945396,-2.769788824590909,0.4638466656636304,0.4398981432632975,0.08477045342997504,-1.045822299928481,-0.29411536199501276
Senne Lynen,Pivote,-2.6154715497801857,-0.4083497317555867,-0.28212847680437014,0.19627615827528277,0.6352877334283332,1.2265207061977517,0.9552766730273746,-0.43624101243504815,-0.6421047468400511
Rani Khedira,Pivote,3.672055291505916,-0.601908870100151,-0.8163056331777034,0.6386604522810171,0.15728117603405994,-0.5511210636819468,0.4779451611001991,-0.13651999641095688,-1.5414656926522114
Patrick Osterhage,Pivote,1.9582051226540154,-0.6099178600891659,-1.4956006861782485,0.02283817928442692,-0.17599182539963074,-1.5907305134520142,1.9382653419316234,-1.2139244928866144,-0.6079604099103312
Skelly Alvero,Pivote,-3.3334404555410306,-0.29249351845801225,-1.4097498773878991,-0.8054540693859663,-1.2648876023402065,0.10601452291479749,1.9431040932399908,-1.258936002880634,2.1065069005310093
David Daiber,Pivote,-3.2451573971104315,-1.0771504512876158,-0.33447109198177716,-0.48605291087966884,2.1123893664098836,-1.497336545434419,-1.0042279776606362,0.9457107071390715,-0.35304568163911293
Joshua Kimmich,Pivote,3.4791128044427673,-1.6802493556193354,1.4968300854440655,-0.6744979774853442,-0.5472652509544637,1.0223212488752353,-0.658106209861216,-0.8777346552930663,0.2498117774246322
Niklas Dorsch,Pivote,-1.5376101489214669,-0.7253795053650635,1.395530293067636,-0.44996819461985305,-0.3305085559090224,-0.45562259516566683,0.40566438148341033,-0.3107146985120792,-0.36119153661336
Ezequiél Fernández,Pivote,-0.36796355112175205,4.699168608279498,1.746623691504059,-1.9082114633876897,0.2990628259445132,0.14012061474591236,1.0413163372206882,-0.10406091093113193,0.007510610082514172
Kaishū Sano,Pivote,0.7886584126618621,-1.114363287849266,-0.16843099844775777,-0.8075478548324005,-0.4439510790756248,0.2255156807279872,1.8344584126787835,-0.8901130556920556,-0.669189123902997
Rômulo,Pivote,5.0791260881884615,-2.6592016582794065,-0.4638829277503424,-1.3485261476491888,0.22314926473215557,-0.2596393092569134,1.6632642492592031,4.232661278166237,0.7629199082666568
Aljoscha Kemlein,Pivote,-1.4658519609227292,-0.7970453818821819,1.2151436098260004,-0.9078480406315995,-0.7191823103365889,0.06579423135550527,-0.6829264312332581,0.09037970061920779,-0.10480257692717738
Nicolai Remberg,Pivote,-0.6019769842310594,0.5301134780112643,1.0803997749485479,0.8811849283331179,-0.08930321045704229,-0.6899202825007946,1.689275987409704,0.5991005604059015,1.2866138865476942
Wouter Burger,Pivote,4.387609835496507,0.6782754690718604,1.2514593519249626,-0.33425770281313716,0.7429223219494839,0.027971928350172363,-1.2027030328315909,0.47266574086458396,-1.8262176835772164
James Sands,Pivote,0.5004053266347207,0.11334987556717484,-1.4534273229470835,1.0824894451219507,-0.28889303082005796,0.7404365349407982,0.9409949459424906,-1.2031962417528113,0.8010702792535043
Julian Niehues,Pivote,3.361556286061957,-1.6191301973452326,-2.0303785689273006,-0.5803175964623428,0.89270014130017,-0.5194196570086872,1.3760184621295708,-0.7809874565919587,-0.6294986142426745
Leon Avdullahu,Pivote,-2.0102940292112526,-0.9048030959513913,0.5469837591051183,-1.1914500093510652,-0.5791185062183077,-0.5615235620764696,0.9938088728746121,-0.25283302837143806,-0.847422176826513
Everton Pereira,Pivote,-3.253161945311123,-0.43067030741621104,-0.8651761072920451,-0.0351399458880776,1.3530088540733485,0.013550661855038428,0.7773713672516149,0.42616173900244964,-0.850798872796996
Nouhoum Kamissoko,Pivote,-3.278242452993565,-1.4720754985285431,-0.8527889684459619,-1.137919831672533,1.0812649856165144,0.5648408304524161,-1.9119871912985098,0.19433432741512977,-0.39028856530681477
Daren Mosengo,Pivote,-3.419722102236565,-0.6827004929278256,-1.1520420393043012,-1.1399244165334044,-0.8474972150626882,-1.0079730755726044,0.6745594879173639,-0.6974935497831302,2.0917057570488113
Idrissa Sabaly,Pivote,-3.049396095388918,-0.5462322851068709,0.23443597661004367,0.34104237950744654,0.7568396431311581,1.9458861760729178,-0.02773542070168618,-0.7798691070150024,-2.3713375943833177
Rabby Nzingoula,Pivote,-2.6145430631966224,2.2876115905066183,0.6083913818905988,0.4347519210692438,0.7093847255818263,2.1741822997395133,0.374542726252644,-1.1822741024832308,-0.476640742643356
Bane Diatta,Pivote,-3.763126853045793,-1.132224403797769,-1.5706942228510694,-1.6213429015717264,-0.784001793633605,0.028933773165486544,-1.8058425136113485,0.34805530281796604,-0.36358231978049704
Joris Chotard,Pivote,1.575122588444096,-1.3884747705987934,-0.5982814688456161,-0.38660509412565036,-0.049719686879628744,1.4975049828212517,0.21961473273296106,-0.9901685827319341,-0.6681825595297481
Pierre Højbjerg,Pivote,3.6252727779537444,-0.8994113067495326,0.3391531711977071,0.2971492698133579,0.04193308932641765,-0.09531493366838538,-0.7419054387008166,-0.23676262047135882,1.4674729430484703
Lohann Doucet,Pivote,4.486601799156341,-0.3633683373844336,-1.4209474278728063,1.329271414527396,1.593766561112267,-2.2145790091394755,-1.3997385863500704,1.016915932297926,0.8293734114702028
Pablo Rosario,Pivote,-1.4827819018688202,-2.6253396548626644,-0.002401936906486865,-1.1985453186480175,3.578031295250487,0.14548534224531404,-0.410689366266837,0.6716809410766249,1.830158928356414
Fodé Sylla,Pivote,-3.7989702009603725,0.5491742390216181,-1.7344887852930664,0.407450905500902,-0.7652084986338026,1.0110410714921607,-0.4699751517592762,0.9030731506068254,-1.8258930602083858
Denis Zakaria,Pivote,2.435106397910669,-0.011876328014496295,-1.9700597648242095,-1.8423509369135915,-1.3576988433366401,2.4614386993826507,2.11315479041048,2.8304484507487158,-0.8720831080549497
Vitinha,Pivote,2.551133484213665,-1.6585069121419107,1.705023738593142,-0.7860347690578765,-0.14270107045071645,1.1142403731304824,-0.2597480160224565,-0.6142441880019351,0.6587247822781345
Ibrahima Sissoko,Pivote,-2.642163991519063,0.8996632290723391,0.3596095599173062,0.9776444866278908,0.09690024273341694,-1.690263797138591,2.5840170388167074,-0.22249240518752084,-1.7553893659034714
Arthur Vermeeren,Pivote,-0.762037193065614,1.119091187841403,1.023274015960038,-1.7650470710887767,-0.49646361486076074,0.9757441116557322,-0.5506165909205357,1.115434974391959,-0.32605821936421375
Aladji Bamba,Pivote,-0.08723756791940177,0.9719265091866801,2.15195245110923,1.146859088390192,-2.0740026547268613,0.3573760395898402,-1.4180597150216416,1.1575840106012905,0.8443721660207978
Salis Abdul Samed,Pivote,-3.2482993225315733,0.6965554112995048,-0.5984260550889728,0.5021546922707502,-0.6009997665912319,-1.3177408683806322,0.7388973472845871,0.055038192653919855,0.2296929708968706
Adama Camara,Pivote,0.4235070865427943,-0.08657408615521349,-1.2233543923606451,0.8459124248840241,0.041706320265541136,0.7520891939594748,0.6243195396236018,-0.7686926108152445,-0.27235066882608994
Benjamin Stambouli,Pivote,-2.901679837889703,-0.6790389431908262,-0.12893836774085912,-0.11488956872395283,0.11394533405095159,0.749313665368594,-0.504074203397341,-0.3856748365336996,-0.3165259785496155
Alpha Touré,Pivote,-1.3947544407511694,0.2845976692445858,1.8734817338909633,0.4955373861141324,-0.4659497686433994,-1.4598695271239595,0.22109969296986548,-0.13080212182895187,-0.12951773342870346
Ngal'Ayel Mukau,Pivote,1.0540570209288154,-0.3248369801347942,-0.6661510256955374,0.9438820150271247,1.3038753884550454,-1.3748196058993494,0.7963331667768674,-0.13983872830715438,-0.10000550183567992
Pierre Lees-Melou,Pivote,2.534220876291412,3.7762917203784565,1.1491478944415325,-1.6861436450413276,0.712580893011593,1.2360373220255843,-1.0903982750721488,-0.11052826435793646,0.003926418831728682
Charles Vanhoutte,Pivote,-1.3246365505078321,0.5370193371705565,1.4339672817125526,0.3135879026328769,-1.6384499455751174,-0.0891356214760859,-0.6200623369428009,0.6523990807780325,-1.0313902190231108
Lucas Gourna-Douath,Pivote,-1.9880771956014796,0.8523829824505705,0.5066560295700091,1.3818908186052705,0.4721404898087749,-1.6494551907405675,2.066350709324877,-0.13518896983379797,0.59599185446149
Junior Mwanga,Pivote,-3.547863058313121,-0.37657218667853054,-0.2054817793855532,-0.11096940872124737,-0.4198662642527538,-0.05324149791063711,-1.5761208065053265,0.1119107627402968,-1.4922074083609664
Nabil Bentaleb,Pivote,3.1872658981448287,-1.0749790611484493,1.1164221560945722,0.1441798945061544,-0.0812623906539531,0.6265772093269317,-0.05249639860146342,-0.9231361358815956,0.9917333756371564
Maxime Lopez,Pivote,0.5230742826346834,-0.7865080471248437,3.2668610971273013,-0.42346919138766137,0.13433854318472815,-1.6879899014000919,0.7257384407358748,0.6303584839035037,-0.804124466995726
Boubacar Traoré,Pivote,0.364652066656784,0.12990838451570338,-1.7965357773137347,1.2317696395391018,0.7932218743234448,0.016735986622497347,-1.2891863872412868,0.5184766078729459,-1.254717933054489
Tanner Tessmann,Pivote,0.9744541062189734,-1.6760573266357655,-0.09857694311999667,-0.24730580850865078,1.8275458329355376,-0.7187267893573168,0.5297056859619067,-0.5961971820094829,-0.2525298678867289
Marius Courcoul,Pivote,-2.374707074044874,-0.5906838609098414,-0.8861344059831452,0.2323072139494717,0.9305490286276266,0.7376407023099709,-1.3668726492652004,1.2728865669919438,0.7154595021246944
Tochukwu Nnadi,Pivote,0.6999069750107009,-0.1919892056560032,3.641915302716062,0.24834204958408518,-0.018688446054718415,-1.636091770163119,0.5462443517520099,0.8311112058002257,-0.7813028579047534
Hamidou Makalou,Pivote,-2.0107128626170163,-1.2376892852949508,0.549068062297841,-0.040298648098148024,0.9698814084071813,2.2122172624407126,0.8061959401219156,-1.4696001202052755,0.3354949232932469
Max Oyedele,Pivote,3.0610458274295103,0.78653017980586,-2.7533337301218275,1.6496540569026898,-0.8732528102508205,-0.7293534027547117,-1.1513492003037176,0.620174959920148,0.0753814879237777
Oussama El Azzouzi,Pivote,1.8484201583982094,1.9510173275817095,-3.3173525715812717,-0.22943826572587828,-0.4970960290286862,0.8961305386724934,-0.6770262144611771,0.04520817295094296,-0.8402565056196929
Tyler Morton,Pivote,2.37264407234945,0.15348245778593456,0.4016230963131848,-1.2691183702411106,0.31666481402643076,0.804909303119192,-0.5096021501585117,-0.8284881453805232,-0.14701970512599963
Assane Dioussé,Pivote,-1.3564997619429382,0.7449257342813124,1.4236845812943357,2.4537397449420393,1.9725603932159483,0.5090322252506077,1.9087945514739457,-0.5775866146576444,0.43802346712758167
Mathys De Carvalho,Pivote,-1.3749450627844633,0.00017710322931189344,0.7264398579083221,1.5640444063311463,1.5218753469578121,1.8686970707782091,0.47267938018534544,-0.7796450680366072,1.3254488078004205
Bahmed Deuff,Pivote,-1.2245349844052453,0.10444553682096207,1.001963209777976,1.9958488901890845,2.819937699406389,-0.05243071076332919,-0.2748839793375156,0.809539613099049,1.175485718369099
Orel Mangala,Pivote,-2.306988750357175,-0.4999449863669573,0.22992406610476424,0.6410793477573544,1.144271107005386,0.8810067144076502,0.22763013722054987,-0.22688123950981692,0.34430418706020616
Mohamed Bamba,Pivote,4.393120823563863,-0.47531595389922,1.7703550916199702,0.8087327035468632,1.0394722154581841,-2.5138330588800692,0.03559184775939684,1.0001285527372816,-0.07609043443650577
Benjamin André,Pivote,2.6080198018515413,0.48027170985169193,0.3406927431395819,1.3388104726185017,-0.8310390565605414,-0.44388549431840735,0.7052144531210645,-0.7437059734339669,-0.7598226950166794
Francis Coquelin,Pivote,-0.8727765812377587,0.6000269643477292,1.5803791152088535,0.6888404662045301,-0.8967174832522088,-0.4103843087726658,-1.8606921334308588,1.4436118464847096,0.10574734695681347
Elisha Owusu,Pivote,-3.4517362947378714,0.8613930617806959,-0.9119944602424105,0.7534621898354366,-0.7670534200888209,-0.6354944826372757,-1.0182958187728384,0.6790639081430635,-0.41518951672587145
Laurent Abergel,Pivote,0.4166859691265611,-0.48008280845327334,-1.0130794633805964,0.19886814619463183,0.4330844067136282,-0.9141901180760716,1.3396879682234515,-0.7704516116778707,-0.027197259806909086
Johann Lepenant,Pivote,-0.9728078027851992,-0.028399260038749673,1.6268905171272814,1.0528023002089344,-0.15374460107259785,1.776619607196182,-0.06540790935586538,-0.6620487485796752,0.8985821313708522
Kwon Hyeokkyu,Pivote,-3.2639579442247695,0.03581199748465128,-0.6347885992924455,-0.19174321186425414,-0.47755198246570585,-1.5368034064920155,0.17120794427807332,-0.131168822567186,1.1043461370079544
Abdoulaye Touré,Pivote,3.845818220198304,-0.35225702675708936,-0.6889028509165009,1.5776049742664113,0.6604570174163549,0.18596746336387457,0.38082135457429434,-1.4035153015184885,0.8224849302534182
Rafael Gonçalves,Pivote,0.1089003753878358,-1.6584336125317949,2.1263016601915394,-0.8829591326944363,0.30958726863926667,1.22852051329837,-1.7487110019097667,1.011567036521436,0.23848722360931426
Geoffrey Kondogbia,Pivote,-2.3384754166485426,1.315777667688525,-0.3615958312092636,1.9367515696560715,0.1557127185959202,0.324364654966184,0.7073836350687922,0.38527174461320396,0.5067957375693366
Maguette Gueye,Pivote,1.8153289291902426,0.43253427312234455,-1.481803433082248,1.8206862035586666,0.6553172771652342,-0.6673642252595106,-1.0172523354551846,0.11141944026402083,0.4980665911394912
Estêvão Willian,Extremo derecho,1.8123373196158121,0.20480027674801157,0.5499320415601804,-0.0642032486247252,-0.2703038349733874,0.8100969750072242,0.7583433463981716,,
Bukayo Saka,Extremo derecho,2.374721256256907,0.5441926667492699,1.2294298925472025,-0.4952871430258193,0.922300252697515,0.28935840993954726,0.7164399832582798,,
Dango Ouattara,Extremo derecho,2.45840725782924,-0.08829107608716914,0.09602245101700023,-0.29875424306003606,-0.2959235662943989,0.6538314260306772,0.20546830040676928,,
Ismaila Sarr,Extremo derecho,2.0323441503968915,-1.2003786148735942,0.3057641245644964,1.0708618901919502,-0.6166416689653319,0.6952322880932275,0.48596156541519375,,
Mohamed Salah,Extremo derecho,2.1756871421770434,-1.6658291183203715,-0.682261194623152,0.11519913567990192,1.401489895636163,1.1918406677112616,1.0209395027726405,,
Federico Chiesa,Extremo derecho,4.299419423102473,1.4790465800681156,1.180555368973249,-1.218723900183061,-0.08939869261374915,0.04840799343344473,0.6830326045593703,,
Tyler Dibling,Extremo derecho,-3.1084887629518856,1.8332860327396896,0.6179501276245017,-1.0792412685751913,-1.9960208407210456,-1.4375454209849508,0.18651242674474372,,
Bertrand Traoré,Extremo derecho,0.1474622380387075,0.1446405658787594,1.3254935465046034,0.9487433691234319,-0.8113306303126684,-0.030941922169111003,-0.7492739736518773,,
Amad Diallo,Extremo derecho,0.09224405112276338,0.310824075007271,0.8254117069548824,-0.12364123497193508,-0.05252813699957089,0.723522488635612,-0.43223338141323603,,
Wilfried Gnonto,Extremo derecho,-2.363693020188389,1.324092542772179,-0.014693546661721641,-1.823560596432933,-0.06995139535935736,-1.081154522109128,0.04215413159115938,,
Dilane Bakwa,Extremo derecho,-1.4507950836163754,0.42577626145551023,0.44170265147814103,-0.8469755971300682,2.2949872415898316,-0.970301187351922,1.022123406207729,,
Daniel James,Extremo derecho,-3.240131946918434,-0.7053247250616809,0.36745733292015664,0.3937893492313702,1.1226910193744626,0.8906483587380347,-0.24946383006245365,,
Oscar Bobb,Extremo derecho,-2.5133462639553006,0.38325908733666353,-0.8056528067386095,-1.5872305517583516,-0.49552270298916445,-1.4907958096883729,0.2312393310118208,,
Evann Guessand,Extremo derecho,2.4882441763523766,-1.297863023833933,-1.586272224720203,-0.8382168846020159,-1.324459293447893,-1.3814618501487932,1.223125093908522,,
Yankuba Minteh,Extremo derecho,-0.15329063018127573,0.42306097589071795,-0.7314646725729653,-1.413862757226244,-0.2051172159066936,0.9251935703796484,-0.20596445444739003,,
Marcus Edwards,Extremo derecho,-0.24396253991413208,-1.447467965622543,-0.5164816505776658,-0.08898399099085032,0.7595674793248857,-0.9492291777796827,0.5419573531132321,,
Adama Traoré,Extremo derecho,-3.3521209050663594,0.35682055390897954,-0.5577267695427477,-0.13967596647406277,-0.3294966606329787,3.0070467885051118,0.9328863252396189,,
Mohammed Kudus,Extremo derecho,0.8837332432069654,0.3388846405862765,-0.5736681780054791,-1.255299414456699,0.9323683473234095,1.2331832477717355,0.6960242231807405,,
Chemsdine Talbi,Extremo derecho,0.9925448973280686,-2.3345418814227603,-1.2636493426820832,0.8165953821233269,-0.1981699535657107,0.5962007978766484,-0.9290855561152387,,
Jacob Murphy,Extremo derecho,0.3716508635835439,-0.7462192256592519,-0.18342955468549876,0.021084612038898987,0.9511961725541858,1.544824084692248,-0.1856778547888246,,
Antoine Semenyo,Extremo derecho,4.120522504799939,0.12079001328907119,0.7923061498412302,0.24783275342092073,-0.7196045878441942,0.8407164956644702,-0.5093321602246881,,
Dan Ndoye,Extremo derecho,-0.5875149641719422,0.4991165042384639,-0.5090231134780001,-1.0883510389194448,-1.264638509760726,0.5669475175061074,0.774167474166337,,
David Brooks,Extremo derecho,0.2273841237950843,0.3513685494974815,0.8101193703253139,-0.3022265565704281,1.2893953744351234,0.7123434329915738,-0.28520535307239425,,
Noni Madueke,Extremo derecho,0.9903536518178309,-0.7912245525487442,-0.2823336022811026,-0.06262188989214189,0.19990351886810503,0.7760857662839833,-0.24253585751491205,,
Rayan,Extremo derecho,2.9933828480511298,-1.8081500285104983,-1.1214844402086117,0.04711483659797612,-0.5296958428713525,-0.2245057980433448,-0.5455403188332367,,
Brennan Johnson,Extremo derecho,1.5801010743034976,-0.6542978993823358,-1.6476576825665412,-0.3593759138648913,-2.3744069156883443,2.0506266003372176,-0.24002234380797627,,
Jhon Arias,Extremo derecho,-1.1051843669626038,0.4017990955593587,-0.5124533580232897,-0.8059841890077002,-2.2115724169454376,-0.014193445246411815,-0.7839266571557431,,
Loum Tchaouna,Extremo derecho,0.05939642232991857,-0.7608196126621615,-0.009754266564215703,0.47003370556288887,-0.13763566984562522,0.2296381701961304,-0.6995141723582388,,
Anthony Elanga,Extremo derecho,-2.9892709717622497,-0.5824215322675734,-0.5681810032876233,-0.6340920786141805,1.0882749545028023,0.0013866260183646555,0.37262684525177125,,
Bendito Mantato,Extremo derecho,-4.219344231001137,-2.1104751501184604,-1.629690359259164,0.5470017890468575,0.5139788367621054,0.5615531448777069,-0.3496568679430924,,
Bradley Burrowes,Extremo derecho,-4.185135336355671,-1.3004483783906917,-0.6060018209488172,0.299259355883273,0.9717803114707854,-0.5566389963135742,1.2800198568251808,,
Luis Guilherme,Extremo derecho,-4.061724625820192,-1.9005157947346671,-1.3727944118700486,0.46890820768334335,-0.8259245841883769,-0.44301112041463747,-0.9397106743456551,,
Ben Gannon-Doak,Extremo derecho,0.12184216067816954,0.6120069383472118,0.3452880103492506,-2.0733660451850198,2.229126416923226,-1.585154055880165,-1.1317200761513246,,
Tom Edozie,Extremo derecho,4.013743818527374,-3.621639628244804,0.06837305209530847,2.621638885211056,0.1869629595938558,-0.3966543961249293,-1.7167037635177087,,
Jocelin Ta Bi,Extremo derecho,-4.1972552783159545,-1.4266216768452409,-0.7868681735240625,0.3208834984708979,0.9536431713834906,-0.3237998377261868,1.0055203557493013,,
Solly March,Extremo derecho,-2.2594768754530152,0.09863168984933429,1.9732652667505568,0.5444812444774995,2.2356515975385842,0.3685979427152668,-2.1037886241477843,,
Alysson Edward,Extremo derecho,-3.4716115632612046,-0.8192789566563787,-0.3215497002716992,-0.09679762576499003,0.07869170347778699,-0.5043571934918126,0.13458469649228536,,
Romelle Donovan,Extremo derecho,-2.2252029040271935,0.06459484237967597,3.366623172231195,2.1085886209776747,1.367034771686342,-1.193684061969984,0.28644750570860167,,
Shea Lacey,Extremo derecho,-2.318575381380417,-0.2779014000529287,3.2743748906251113,2.417854274287681,0.22873247261445634,-1.993463787393863,0.438026814656994,,
Patrick Roberts,Extremo derecho,-3.611082242406844,-2.46990562952627,-0.2088340596609094,1.8673960745577103,-0.11907806419915358,-0.2755236621796537,-0.39425751107807055,,
Romain Esse,Extremo derecho,-3.9596634067103498,0.6520888457855121,0.433390944952776,-0.706598556160154,-0.665678030285445,-2.0843599481649013,0.3936665728614538,,
Jarrod Bowen,Extremo derecho,2.136094431831437,-0.4162387496387521,-0.5902488824766479,-1.0525572815461253,0.7865581215296684,0.7138741167172644,0.28734660391826583,,
Bryan Mbeumo,Extremo derecho,3.0404804671999006,-1.3749244396027558,0.24465994071219496,0.9865562821251552,0.49881082429627355,0.8991885812363554,-0.34648361173867404,,
Pedro Neto,Extremo derecho,1.1217171897293328,2.5040712785915202,-5.050382399432929,3.5463219828585424,1.9296812446764489,0.00943553169979867,0.5568451917379491,,
Max Dowman,Extremo derecho,2.635513785405087,-1.0725175391829609,0.3500919094026414,0.07234525560205463,-0.8959500569884554,-2.285701110353366,-0.04535116055024799,,
Joél Drakes-Thomas,Extremo derecho,-3.9288722280147494,-0.13907563117336316,-0.4687281013154885,-0.3644841268249029,-1.728685072530633,-1.4477538233910014,-1.3014978233834869,,
Harry Wilson,Extremo derecho,3.1177145065191962,-0.7815668881620912,-0.4114720873650925,-0.34384683875814576,0.3753290189388888,0.8472051339720587,0.5193041218942751,,
Ángel Pérez,Extremo derecho,-0.21114367640997572,0.7703673399508639,-1.0453546111252705,-1.7872948191323772,-0.14247752319481782,1.087899028635865,0.5192103611937092,,
Iker Luque,Extremo derecho,4.099512934868412,-2.3423032608679857,1.1278317864694287,2.5300037415461913,-0.3082472411765064,-1.12193588727797,-1.5911349332249463,,
Roberto Navarro,Extremo derecho,2.9983445988383006,-0.7140766673797493,-0.7125799049890159,-0.3119550811741625,-0.446103386594951,0.7121711873821859,-0.4967169895841674,,
Francisco Perez,Extremo derecho,0.5933299737761462,0.2759746837872264,0.038034207588941736,0.012126206520040917,-0.7232955814316271,1.3126716644350889,-0.16453607156821912,,
Carlos Vicente,Extremo derecho,1.096839697319611,0.36402099574963803,-0.28218581114957225,-0.7814883134886833,-0.8949426784661358,1.125684600876905,0.19539540334052685,,
Brahim Díaz,Extremo derecho,0.8594135342022026,0.33878272958372085,0.01898854496331666,-1.0470919317405774,0.482366485008185,-1.1153964774871914,1.09110047511143,,
Hugo González,Extremo derecho,-4.2715926585461546,-0.9979243570629804,-1.5721144831088734,-0.8324934260848869,0.545572289934049,0.4751591450673749,-1.436828734998344,,
Álex Sánchez,Extremo derecho,-1.4354040985982657,-1.5801407904523472,-2.620857428712046,-2.2329276598395955,1.2885816631109128,-1.856858060070198,-0.2923709566179495,,
Alex Sola,Extremo derecho,-4.009007663878447,-1.6253117971771742,-0.4179991210176182,0.8728650967802332,-0.6981927189584893,-1.7480975933868046,1.2037943272616674,,
Takefusa Kubo,Extremo derecho,1.1107542964610806,0.5368832874791887,0.2690529647871951,-1.1318764357341191,0.31626839964648995,0.32495404661735194,0.7894876021119731,,
Ferran Jutglà,Extremo derecho,4.2818055661498375,-0.47510299444683507,0.8910725104517493,0.7594525131492005,-0.42938149107830226,0.3263230804551666,0.4080998768704742,,
Daniel Díaz,Extremo derecho,-4.219344231001137,-2.1104751501184604,-1.629690359259164,0.5470017890468575,0.5139788367621054,0.5615531448777069,-0.3496568679430924,,
Josan,Extremo derecho,-0.870691649080235,1.1877691554766467,-1.4983866456248032,-3.214861819523562,1.7295646201447175,0.7160109568932062,-0.2151576831533583,,
Iker Benito,Extremo derecho,3.4740424509466563,-0.194484951482546,-0.3514462299013222,0.004703893568212509,-1.8393840203234921,-0.5510867294812452,-0.8133103821549821,,
Dodi Lukebakio,Extremo derecho,2.641395713267937,-1.5768808778993106,-0.848556735580752,0.37981057075382085,-0.6912990894338862,-0.7286662884105843,-0.799800653480829,,
Zito Luvumbo,Extremo derecho,0.05750442177662718,1.4722708072282973,1.9734830718240846,-0.0444821181041294,1.7741586332482924,0.7330223223020947,2.165629610945812,,
Rodrygo,Extremo derecho,1.7535892001277618,0.6827448750762563,1.4361458529600726,-0.8258829358158941,2.509894359412886,-0.685358192340365,-0.1861549825466841,,
Jones El-Abdellaoui,Extremo derecho,0.6619340487677956,-1.8728606808128656,-0.6260094438106855,1.0115827813903397,-0.9050882042701743,0.7937305987896033,-0.19550697337107317,,
Takuma Asano,Extremo derecho,-0.20698693585826047,0.15495191153906007,0.26776016116526197,0.3210660942390265,-2.2228364605548676,0.8240997095774791,0.9236676994069911,,
Roony Bardghji,Extremo derecho,0.5717215897341992,-0.7985310559083847,1.1762951916776558,0.6678637078500602,2.3999466378443794,0.30915045753403825,-1.5068457928260643,,
Yaser Asprilla,Extremo derecho,-2.260994471511608,0.7741434273932548,1.3106507341613607,0.14412006279975278,0.1721129075881249,1.612204387016787,-0.04364649508994809,,
Justin-Noël Kalumba,Extremo derecho,-3.837215093606779,0.19539643127776116,0.6229301452191687,-0.09268491389257501,-0.8405957249556599,-2.2492554479587046,0.6345822544993567,,
Abu Kamara,Extremo derecho,-2.6275143819561118,1.1534325526118394,0.08710434949773735,-0.7299029025950297,-1.1435569378228794,1.8186917264308868,0.36152366283302606,,
Adnan Januzaj,Extremo derecho,-3.160740943764037,1.6682435383595895,1.1561702581909536,-0.5876752453371786,-0.4740250067152023,0.19243077380023593,1.357489857110325,,
Antoniu,Extremo derecho,-2.795814787732338,2.04304955110628,1.3328986933500704,-0.7559712057689462,-1.5649382135245518,-1.2381344474495872,-0.3171741076353035,,
Portu,Extremo derecho,-1.7453236917373123,0.8874591440658428,1.407835958503097,0.840499098852705,0.04122644392580961,2.582081711097164,-0.6236883605000288,,
Kike Barja,Extremo derecho,4.192020251891683,0.712682605071494,0.08635334082723163,-1.0988295830512236,0.6591366986535289,0.16550685445673113,0.903224390956462,,
Pablo Garcia,Extremo derecho,-1.7765115360442183,1.5883063796245922,2.2935682788298077,0.2533821615256983,-1.0610223036340858,0.6950522677486998,0.11841738102552181,,
Miguel Ángel Sierra,Extremo derecho,-2.558909534459249,0.5278050765286628,2.896981113271209,0.887633341619575,1.4469482938120213,-1.147614183525356,-0.4244695206931014,,
Cyril Ngonge,Extremo derecho,0.3151321775068476,2.407926268787523,1.540379155362791,-1.6370517540676888,1.608712772833565,0.9413273945963252,1.7483159560794959,,
Franco Mastantuono,Extremo derecho,-0.6907950142689822,2.8310142596390984,0.04833653825971711,2.2390306825238735,-0.6184326681473263,-1.1835788430263272,0.2738886435824547,,
Daniel Yáñez,Extremo derecho,-1.4435694405704884,-0.8193009927059549,-1.5769633509440302,-2.3837554528556133,1.796020917452688,-2.9182161851895865,1.4351929903386795,,
Ilias Akhomach,Extremo derecho,-2.526337957285631,0.9337669073612517,2.8431479876251853,0.6600604692400194,0.7979160982028294,-1.4509149386016853,-0.6756746549360512,,
Álex Sancris,Extremo derecho,-1.1120666178865812,5.894348307861145,-2.7237784467493085,3.6012091713251992,2.056560515386179,0.9416727092654392,0.9202310584262131,,
Jofre,Extremo derecho,-0.6174407793586075,0.32485470474834255,1.2984116134835628,0.43333606871810554,-0.530793940466165,-0.16597256695434706,0.3500023795140296,,
Grady Diangana,Extremo derecho,-0.5416903262818266,0.20107800951079977,0.04177951278883885,0.28053541427340223,-2.6346336443043543,0.06220170299838094,1.2806168586368283,,
Tay Abed,Extremo derecho,-2.0106886849159835,1.400903838921136,2.0287227699141175,-0.36664871969058305,0.6291262530086531,-0.4196652958216818,-1.919127526623161,,
Job Ochieng',Extremo derecho,-3.3841023970457984,0.11021279991828375,-1.131913057290091,-1.0565913684821304,-1.3829872531744296,1.5143109459609454,-0.12934876534442158,,
Kareem Tunde,Extremo derecho,-2.179817741719263,1.1721478282279845,0.3966476316701305,-1.1485130852549668,-0.9676461258872388,-0.9627556351835459,0.1757532832439679,,
Haissem Hassan,Extremo derecho,-2.5172523714190254,-0.10928562341044329,-0.498952780399337,-1.0498117374588272,1.1223109471226231,0.3337218516137414,-0.2209672461311518,,
Tyrhys Dolan,Extremo derecho,0.07219124693381992,5.107398749217806,-3.6755121208434756,2.4175612337219454,0.9408744390188462,-0.9231688970307023,-0.18173728347317392,,
Nicolas Pépé,Extremo derecho,2.92052004162959,-0.1028974432915062,0.21397174880879502,-0.6605153095555731,0.6124029055036625,0.3819910672659473,0.44769199910033064,,
Jorge de Frutos,Extremo derecho,2.8094772508480417,-0.47044615945142726,0.7602560094515799,0.7825769942832669,-0.8703968954559703,0.7368534994073584,0.061444796213065124,,
Yeremi Pino,Extremo derecho,-0.3622918512952756,-0.032552510282388675,-1.1270952836739823,-2.249025862430825,2.812752530642995,0.05244011310599843,-1.4350177585336064,,
Iñaki Williams,Extremo derecho,0.6904240694466798,-0.4522420237855471,0.374573554458348,0.11389888872052245,0.9936706621892918,0.6856422176836335,0.5109506524627245,,
Rubén García,Extremo derecho,-0.25003663549044935,0.9891614976135027,-0.5965718644888502,-1.8745087964864429,0.20401542763532146,0.21388858434594124,-0.6812751670075115,,
Lamine Yamal,Extremo derecho,3.9392579328417985,-0.5791657705690562,0.7533055636996936,-0.15184512667614858,0.9342461405413635,-0.43462499667758014,1.3100098725534504,,
Viktor Tsyhankov,Extremo derecho,1.6018763944313863,-0.32597418740973094,-0.4290057512518527,-0.7745562142556964,0.3867382411736245,0.49828753704405415,-0.7604784326863995,,
Diego López,Extremo derecho,0.776117949559114,-0.3653789684530151,-0.7117257164655588,-0.5475042882514539,-1.696688761324114,-0.4992690396723955,-0.22872547955948702,,
Urko González,Extremo derecho,-4.092245805986207,-2.3615712232329265,-1.5128655006313874,0.9677863984263044,-0.7060478349285499,-0.2813085689906229,-0.43605268088146637,,
Aitor Ruibal,Extremo derecho,1.7491228181292735,4.935859955381837,-3.7415543550870316,2.915559155429448,-0.4713813955108078,-1.4011007347363658,-1.5441236628559538,,
Tajon Buchanan,Extremo derecho,2.911125750635444,0.20697149762572306,-0.578602626737991,-0.7568582890391342,-2.126364243477613,0.36675885477741743,-0.17277190270964232,,
Luis Rioja,Extremo derecho,0.08091062007710184,-0.8050850159532428,-1.8369419806356968,-1.3728204861172204,-0.09715081941890336,0.6760820571616802,0.5127215687009911,,
Seydou Fini,Extremo derecho,-3.66698237518131,-0.6782046558655114,-0.6770177821579965,0.6133113261133057,-1.2382267421652327,1.2876609276185158,1.4127458734564053,,
Lorenzo Venturino,Extremo derecho,-3.762322652878802,-1.469876553036891,-0.5415975122935004,0.7853217378666741,0.8662561347501602,1.514837238712315,1.4144604551100022,,
Pedro,Extremo derecho,3.045070904512718,-0.2956392485627624,0.6915785068077233,0.12118550539706263,0.5983752623925755,-0.8280737796887921,-0.3309050544444467,,
Matìas Soulé,Extremo derecho,2.0778062774864186,-1.1406535083285947,-0.3155814573879831,-0.11070787887783941,0.498998430974522,-0.01590104292996874,0.4588783108138481,,
Nicholas Pierini,Extremo derecho,-1.649365386498182,2.0050934873539052,2.3111577026523804,-0.49254427128756867,0.7849828044077218,0.7198212737074394,-2.181191019624456,,
Gabriel Strefezza,Extremo derecho,1.2006812853280746,0.9078952295947671,0.7525856376724918,-0.839634671369878,-0.2211335511057685,-0.7497725514984822,0.7123274183718824,,
Matteo Politano,Extremo derecho,-0.511666529732181,-0.8179332665501258,-0.3373107452933304,-0.13938614158138313,1.5844385068540834,0.12669788985819963,0.057157019163368995,,
David Neres,Extremo derecho,2.394142010460117,-1.0102863905950459,-1.3196866149615727,-0.5529061482715908,0.09077156794924011,-0.6837613620094446,0.3920355448815379,,
Jayden Addai,Extremo derecho,2.8531487956026593,-0.205777008961557,0.7616569145172121,1.1473361957853927,-1.9720311799705892,0.03787450747409782,0.29075491440091217,,
Leon Bailey,Extremo derecho,-3.1172698561087127,-0.9625550032358559,-0.032533014072136594,0.9646433369782268,0.8548848708286283,2.0516094778507314,0.2295789748763116,,
Pontus Almqvist,Extremo derecho,-1.6004635868053945,1.0700493411739156,0.15137170509811293,-1.81769929059928,-0.044183314132690374,-1.0415807441533798,-0.0369422528579742,,
Zakaria Aboukhlal,Extremo derecho,-2.633820889094507,2.2346421798900935,1.153966979373808,-0.6757577507326421,-1.4908850872654453,1.1094806837767437,0.9282631443638816,,
Edon Zhegrova,Extremo derecho,-1.711723949125725,0.790571381585188,2.576674956507816,1.2995766095927705,1.6357419387093033,2.3695470815968074,-0.3935114177656921,,
Nicolas-Gerrit Kühn,Extremo derecho,0.6149426652208062,-0.8884741429930882,-1.4885110584648025,-0.7588533186073726,-1.0942815244660289,0.7847350060413301,-0.8016135815699502,,
Rui Modesto,Extremo derecho,-0.06940006052335813,-0.11982370421613073,-1.375700884956417,-2.739417739572662,2.731929147475083,-0.16785817603844497,-2.4018130807497005,,
Junior Messias,Extremo derecho,2.375521868229421,0.34703554950156695,1.1142023640062213,-0.5041546851409816,-0.15150766392327983,-1.8137798658012536,-0.6994763801059993,,
Konan N'dri,Extremo derecho,1.914029689755499,0.38966854191439476,1.5185702375578745,0.7946479173990154,-1.1965860629845526,0.008886247988646004,1.050493591580448,,
Santiago Pierotti,Extremo derecho,-1.181115508346902,0.9482806651265724,-0.35180928558796115,-1.2905682136318442,-1.9941252410290518,-0.29181540972495157,-0.6343085369432027,,
Christian Pulisic,Extremo derecho,3.5210290854108446,-2.0503288921366325,0.211997316576804,0.9210903628017872,1.1862758058844218,-0.29586820692783494,-0.2223312421273672,,
Federico Bernardeschi,Extremo derecho,1.73791939192873,-0.6677905811112071,0.3929714861367769,0.39332947492285475,0.6748199397068427,0.5170414926514455,-0.37384426172109864,,
Gustav Isaksen,Extremo derecho,1.7248095173624762,-0.9811903035156325,1.3027460108855957,1.032912999569303,0.20662568796360722,-1.1926779108634675,0.0411980734714895,,
Mehdi Léris,Extremo derecho,-0.1774868227220671,0.7519284646510394,-0.923818670512669,-1.8738757781539988,-0.8817532672897066,0.6137734384146489,-0.3735478621766532,,
Domenico Berardi,Extremo derecho,3.396374488134358,2.213531207464179,-1.2522977816581533,1.009090296303264,-0.03833586788003506,-0.10486748257393949,-0.28853713714361007,,
Cheveyo Muy,Extremo derecho,-3.550593108699724,-2.483524812031719,-0.04489867851033524,1.9804898624142295,-0.04528757873602972,-0.274796416751989,-0.3890032611599294,,
Samuel Chukwueze,Extremo derecho,-4.177292101251591,-1.2974675003248708,-0.5779032026569375,0.31762599202290953,0.9130436027317896,-0.6274168521431069,1.3094869118229575,,
Matteo Cancellieri,Extremo derecho,1.6968843452837,1.7238284940680981,1.605336133673967,-0.8357003434846829,-1.2000947278654728,-1.034470325185968,-0.5495732152625629,,
Francisco Conceição,Extremo derecho,0.8051497380681949,0.45177317364356895,1.2903176921951667,-0.39952946875058654,1.171527699277257,-0.6166919046341003,-0.022078606465682514,,
Tijjani Noslin,Extremo derecho,3.1630695954550956,4.041796402483751,-2.594808526190481,4.896833167663607,0.6708602736172719,-1.050698816959737,0.7469946331263296,,
Riccardo Orsolini,Extremo derecho,2.0157666667117193,-0.4508512354022531,1.448244555778258,1.01520123347329,-0.0020460977498820516,0.5924605035016346,0.6025035622616615,,
Ernest Poku,Extremo derecho,2.8242882537606486,-2.14224728844587,-1.7285425099434981,-0.3983844932921775,-0.27050937466889335,-0.5565310836593376,0.09987121402801724,,
Jan-Niklas Beste,Extremo derecho,0.46962495884844924,1.3611734614870263,0.394514323939009,-1.336935797032231,0.13435437966336414,1.043871769706685,-0.7780633609806218,,
Cole Campbell,Extremo derecho,-3.694188570180232,-2.2287144164157664,-0.20643318654281395,1.528861492710277,1.1546144151010465,0.5678669574542503,-0.3040404254719575,,
Dapo Afolayan,Extremo derecho,-1.9070912768361283,1.6023390102834503,2.9501440390160987,0.6942115287424864,1.2252671938450646,0.17623678503706505,-0.9563336505454687,,
Charles Herrmann,Extremo derecho,-0.997888597305175,-0.21245636213607996,-2.1424913867657973,-2.8008356172760154,2.0500820548630645,-1.0849160090703363,0.4990487472189737,,
Emir Sahiti,Extremo derecho,-4.09155511972576,-2.1989612493737654,-1.3268375357710156,0.902623467183103,-0.5657871797341884,-0.45242754118188716,-0.12768518300185536,,
Patrick Wimmer,Extremo derecho,1.9838314483371018,0.5384427850974284,-0.5498148186238245,-1.4265657978487483,-1.7739727542054398,-1.179229669403285,-0.2864531988432929,,
Jesper Lindstrøm,Extremo derecho,-1.847321757545693,1.3864753506448455,2.465573354076792,0.8348820156309122,-0.10924202765598288,0.13095508157239322,-2.2948888854983376,,
Youssoupha Niang,Extremo derecho,-3.125639661978471,-0.4831129841915834,1.575589769449799,1.4297632344562226,-0.3871688424855552,-1.666626281679436,0.1957656969222348,,
Christian Conteh,Extremo derecho,-3.7943343462856025,-1.2137234006406201,-1.046793947269725,0.34371409362397487,-0.7511404547445747,0.5172861990599886,0.3646871314611964,,
Silas Katompa,Extremo derecho,1.6332857994502683,-0.5777131263081793,1.506833701109552,2.0184092971308996,-0.14169528468717993,1.6940510955394705,-0.002449274868569532,,
Cyriaque Irié,Extremo derecho,-2.0243869408398543,2.7224029991459777,1.8209613748402553,-0.7014486354409395,-2.2057838429810634,0.690194564724182,0.550235435556804,,
Jan Thielmann,Extremo derecho,0.7604609437483504,-0.08591490374156574,-0.2994578358987137,-0.3099731769969632,-1.0781654908580822,0.6913470054946096,-0.5415600785644248,,
Andreas Skov Olsen,Extremo derecho,0.7488607164996203,-1.8159685784862276,-0.6787368487867874,1.2442114204272843,-1.5074904550122594,-0.08294346526601704,-0.7143980192881869,,
Karim Adeyemi,Extremo derecho,4.736376292350919,-0.01174854199554137,0.6254689459682102,0.0020192189291351643,-0.5492430520669045,-0.37753950544377013,0.8602725676206332,,
Nathan Tella,Extremo derecho,1.421055400647863,0.6906789757002322,0.911154168038632,-0.7471544808735059,1.067429360693544,-0.0720590347674194,1.4748943260976568,,
Montrell Culbreath,Extremo derecho,-0.5670314088442169,-0.7412069437056755,-1.3850058090407993,-0.9939121300122091,-1.798073858448634,-0.8181874103175298,-1.6318803936082384,,
Lazar Jovanović,Extremo derecho,-3.5054494959660305,-0.7629335614022912,1.2126727001722983,1.4845912845775244,-0.8645938552161371,-2.199749598833882,1.147073560658415,,
Johan Bakayoko,Extremo derecho,0.8670166648312166,-0.5300264475171667,1.521138528739564,1.7212745962934035,-0.6916443473926625,0.6318406648232373,-0.09690141892287703,,
Tiago Tomás,Extremo derecho,3.769317053006189,-0.27671790262120444,0.4968438129948631,-0.13697819166795833,-0.5076039079353968,-0.9181529097169726,1.2442548688335189,,
Eren Dinkçi,Extremo derecho,1.3616828287039866,-0.7827853955332209,-0.3744484306622747,0.02623038566746268,-0.6309971234527542,-0.059124801473111305,-1.7695188331207992,,
Bakery Jatta,Extremo derecho,-0.09154691635544672,0.2428932776264153,-0.8116699876290069,-1.0739354103174845,-1.3350548399825568,0.37309732849789645,-1.150764223508813,,
Sirlord Conteh,Extremo derecho,2.424663437885383,-0.28707523107734434,-1.1126275722608214,-0.9181360917801066,-1.671748753545624,0.6498106500411939,0.8243467855509111,,
Ritsu Doan,Extremo derecho,1.4595095111631196,-0.006372254320730384,-0.6421338957274884,-1.1151336357875015,-0.003099259167518918,0.0471442533972893,-0.5194784525143712,,
Jamie Leweling,Extremo derecho,2.9584078121753565,-0.6778703502532097,-0.7589835089037285,-0.7184094986906799,0.6660866361787338,0.8340008723651248,1.2015128075979997,,
Václav Černý,Extremo derecho,-3.8356889262860654,-1.5228032697455376,0.191072192264465,1.0594686451854411,0.6565150539590456,-0.9644100888363639,1.2073895629787044,,
Ansgar Knauff,Extremo derecho,2.1998758044417976,0.2932314800424433,0.7521306520501291,0.17447856518424879,-0.7567122507976419,1.0039758261916367,-0.5080205501598309,,
Justin Njinmah,Extremo derecho,0.8659354469621898,-0.8763382905018392,0.9584150888690613,1.4121218622763614,-0.6146405497702028,1.5470356231941143,-0.18187657068389496,,
Ayoube Amaimouni,Extremo derecho,3.7688303900536693,0.12093983169130451,0.17577178794402518,-0.7619465205385229,0.9918212690876044,0.9436765532631995,0.6192490184963138,,
Adam Daghim,Extremo derecho,0.791337081115867,0.7226890350322033,0.11897318243653943,-1.1766076045690572,-0.7378911967914579,-0.29792528735198903,-0.19202504802972192,,
Michael Olise,Extremo derecho,4.612822742408501,0.16531557747056197,1.1106209530925848,-0.2032865008652206,1.5358679409219964,0.2602991830019619,0.8958249672864782,,
Rayan Philippe,Extremo derecho,2.197159290620166,-0.5579232526895287,1.0960284923851407,1.1721446198927181,-0.757352495291519,0.18889143441696818,-1.5152712235668226,,
Franck Honorat,Extremo derecho,0.2997676277575258,-1.55251664611794,-2.3470053227498187,-1.0457907495951058,0.647884552439309,1.178312098002392,0.6126522349162127,,
Nordan Mukiele,Extremo derecho,3.2804338727990108,-2.224696448934288,0.8422677046149294,1.9966671700309389,-0.5943618877266766,-2.26408899541773,0.5005311297045104,,
Jim Allevinah,Extremo derecho,3.011628868215164,-2.4809757065639966,-0.013030709388667312,1.4962254823550412,-1.2026768134829005,-0.678335875066345,1.6985106384729498,,
Erawan Garnier,Extremo derecho,-4.27860498544353,-0.9840707806152857,-1.578559992550406,-0.8557091286713391,0.6128841063031885,0.5216618603152828,-1.4320620694569164,,
Axel Camblan,Extremo derecho,-4.092245805986207,-2.3615712232329265,-1.5128655006313874,0.9677863984263044,-0.7060478349285499,-0.2813085689906229,-0.43605268088146637,,
Ernest Nuamah,Extremo derecho,-3.6969380762578283,-2.2280953626655187,-0.21388479477693112,1.5237208659895263,1.15126030212545,0.567833900843902,-0.3042792550136912,,
Alexander Legendre,Extremo derecho,-3.733053060429281,-0.6468842598458314,0.730201762798667,0.910395393885453,0.5610121516633261,-0.9920680902397745,1.058946675064675,,
Jonathan Ikone,Extremo derecho,1.406690634864919,-0.39042833766856966,-0.24931730824096932,-0.2138642671005534,-1.8200672615353979,-0.5609637199647939,0.14620994634881837,,
Samuel Amo-Ameyaw,Extremo derecho,0.9402791780362646,0.18732592141914664,-0.2647407808873126,-0.8663686891454591,-0.4347917252161778,-0.6106292103981312,0.7847297790853879,,
Ilan Kebbal,Extremo derecho,2.283684160932414,-0.4089959332416288,0.28092943835801104,-0.04350486272248043,0.7202345689140628,-0.07554306761773484,0.30931001745634207,,
Ibrahim Mbaye,Extremo derecho,2.2920499664468306,-1.4084206781435415,-0.08528441108976456,0.3510618061023647,0.1759708927179243,-0.3080660172575078,-0.49694827009394166,,
Musa Al-Taamari,Extremo derecho,2.3273378683238977,-0.3881339427615569,0.02280353536356884,-0.30904565374082604,0.7004488809616978,1.4114284830419774,0.6054932095154051,,
Josué Casimir,Extremo derecho,-0.20704519282163064,5.773196177913473,-2.502980594649893,3.629318773682335,0.18341453869148777,-0.5536066389721076,-1.0543339374732843,,
Mohamed Ali Cho,Extremo derecho,1.6622061666913999,-1.039010639380453,-0.030740020618180805,0.3827389555663072,0.1638917086234242,0.14245861109163144,0.36414695354338794,,
Désiré Doué,Extremo derecho,3.6355364650224313,-0.2404239152009636,0.7309745624096537,-0.8590327893986496,0.8524140061734112,-1.927224977223233,-0.844271865982064,,
Godson Kyeremeh,Extremo derecho,2.0429111567958786,-0.031104298862859564,-0.17574590019944716,-0.9021178018205745,-0.5278502822423874,-0.7624017480240227,2.0344692047468085,,
Gaëtan Perrin,Extremo derecho,1.641076394063353,1.0508816033877926,0.9535907885088456,-0.27084524884119976,-0.2905949880536513,0.9308622769892385,-2.8966811985067085,,
Harouna Djibrin,Extremo derecho,4.446333880617235,0.8851104913341905,0.2901539655009473,-1.3697804899578927,-0.8284685290812172,-1.6616398983902316,-0.6045311333124709,,
Younes Namli,Extremo derecho,-1.6343215465843453,2.284950672197249,-0.7434080924431854,-3.0285869542571953,-0.09872225918436357,0.8281360007561497,0.9685792260809484,,
Lasso Coulibaly,Extremo derecho,-3.022528695865392,2.5534730003597796,0.5139728262094266,-1.8530526503137321,-1.6855442334362902,0.25071202202819154,1.094673195296622,,
Badredine Bouanani,Extremo derecho,-3.7434333307118024,-0.8280759111221736,-0.8728994438199997,-0.42301963331476733,0.10179248052514259,-0.3747947525902428,0.20929233622972424,,
Mason Greenwood,Extremo derecho,3.2128198340077034,-1.189012749139483,0.6919849130369533,0.5856886442596986,2.0471644747747044,-0.0028090619950827695,-0.2549709682661869,,
Mayckel Lahdo,Extremo derecho,1.5913479589957564,-2.062866734652436,-1.7753999497519766,0.06768104258946794,-1.1446382966482647,-0.9432561949200542,0.9433233937404002,,
Malick Mbaye,Extremo derecho,-2.6055735508257816,1.1925112556607478,-0.16900070315417784,-1.276122541057795,-0.7861102047914588,0.6390083593680066,-2.6834659846283198,,
Romain Del Castillo,Extremo derecho,0.7690806866619642,2.0833307208327985,-2.303688601447065,0.13272049530123217,0.4202333160889466,-0.03925469568772469,-0.8808459690430012,,
Yaya Diémé,Extremo derecho,-2.1135497989008227,0.8185857849973216,1.1844982837303533,1.2479338085064877,-1.240422046613141,1.8607513259923119,0.07994102456088115,,
Mathieu Cafaro,Extremo derecho,-2.7309042133918724,-0.4284926790381627,1.8180047537477868,1.6805368557563904,0.5185908311131355,0.905956880043242,2.1483648059065055,,
Marius Broholm,Extremo derecho,0.5287115870103098,0.9831220359300318,0.7094293726194764,-1.9448273746679878,2.21051162331824,-1.5006356850325575,-1.0894546754442844,,
Noah Edjouma,Extremo derecho,-3.523220520106131,0.31880912657405425,0.43001496543696427,-0.3553245383014065,-0.059133934416179555,0.7068618002183767,1.3117984663479525,,
Joel Asoro,Extremo derecho,-3.132688319900698,-1.3976184505782923,-0.1043360111457898,1.436568507924875,-0.7437345936737813,1.3382649545482497,0.7477079715286207,,
Rachid Ghezzal,Extremo derecho,-3.047051449941538,0.9701936900868199,0.5069774858474273,-0.7288776043409396,-0.2686593703661238,0.8336983186276536,-0.5327920824018999,,
Yassine Benhattab,Extremo derecho,-3.707354999013557,-0.7903586536266495,-0.8680166147537702,-0.18043948181641645,0.13632241866244318,0.9756876047768928,-0.6439864595045637,,
Gauthier Hein,Extremo derecho,1.3030181798722202,2.70843518045241,-5.00944187335466,3.3385581560645687,2.571014411766367,-0.29063442008689494,0.08665456816270259,,
Tiago Gouveia,Extremo derecho,-2.141035809870008,0.9767385463608983,1.3296552212438766,0.21022936860139155,-0.9380314302068603,-0.1278776018759636,-1.2194190542793923,,
Kaïl Boudache,Extremo derecho,-0.05586006234355794,-0.37633241182426114,-0.5496713082206408,-0.37108435939717666,-2.1360414098309417,-0.5118791117631935,-1.7740718399860085,,
Florian Thauvin,Extremo derecho,3.139479868981557,-0.5985532884706538,-0.0016098730572656087,-0.24678247957684482,1.2923282911988465,1.0844128493293017,0.24520685118066962,,
Luca Koleosho,Extremo derecho,3.794647535910822,-0.44642236224778714,0.5986202219500788,-0.2691252707306446,0.27820609013688286,-0.3723627026312513,-1.9346715060075816,,
Gessime Yassine,Extremo derecho,-2.4879744723606487,0.6675036675219435,0.28244193425088643,-1.3241546922566787,0.3159718366761713,-1.5524555478586222,1.1478508118593516,,
Morgan Guilavogui,Extremo derecho,0.6936178991305951,3.360769361843807,-0.9932660804576915,1.4563608809125406,-3.015586596479739,-0.6180369829555,0.866241000009663,,
Ethan Mbappé,Extremo derecho,3.771452560180525,-0.32503525907116687,0.3198014346313346,-0.28007039841547454,0.6482473304410865,0.19807937249050564,-0.8085814703599958,,
Arnaud Nordin,Extremo derecho,1.4834642161779823,-0.10882287631180844,0.9028109562011258,-0.39457025697864495,1.4063474349423306,-1.4883407892559988,1.5431038858460877,,
Maghnes Akliouche,Extremo derecho,2.281922883357597,-0.04087854304526417,-0.31682552654343643,-0.9304720083204825,-0.37200922975761525,0.06851358882918594,-0.13888055361788892,,
Yeray Cabanzón,Extremo derecho,-2.599920440906307,0.6540668712623765,2.6202653394867843,0.7437148941818444,0.8322971583876707,-1.0501238515011644,-1.1352739632568267,,
Andrés Martín,Extremo derecho,4.4456415410570145,-0.39516628405334714,0.3525759888001743,-0.1687323470996971,0.7901363202282516,1.1546033197060757,0.5822487883314728,,
Sulei Camara,Extremo derecho,1.88496795488411,1.2771254109120354,1.768430993019512,-0.044599912391172905,-0.49418299242250024,0.5375882765767901,1.2506089047103668,,
Simon Adingra,Extremo izquierdo,-0.4162706911601681,1.4731595283601224,-0.6175739840954535,-2.0489220691594165,-1.5692243856122852,-1.6407455242660753,0.3814707609476483,0.3457362334304908,2.1584360712323907
Jadon Sancho,Extremo izquierdo,-2.7306625586837714,-1.6764049892878936,-1.3030495309475942,0.5267294123620311,0.5075970343095976,-1.4069728329300195,1.198409798610504,-1.2427149101352897,-0.1345173457161568
Jacob Bruun Larsen,Extremo izquierdo,-3.11686949895776,-1.6338053545944453,-0.6867490367729431,-0.0650496978716325,0.7702187675630519,-1.4905842588252831,0.6486155836949412,-1.1852273004777325,0.3155658041433272
Wilson Odobert,Extremo izquierdo,-2.4285397907852255,-1.4755440263902093,0.26893725708123245,1.030569580744018,0.823218876813052,-0.5455111918559322,0.2528888198327658,-0.7216793059289197,0.023847196480441868
Romaine Mundle,Extremo izquierdo,-3.61686141312106,0.9248534902136835,0.08726142495624882,-0.307585892368545,-0.6885670540502961,0.8088443394233477,-0.1258869603655032,0.4884035113071678,-0.43684760593162125
Matheus Cunha,Extremo izquierdo,2.4160199623504477,-0.10601336017248378,1.2639485384647686,0.12371561544341435,-0.618594638930589,0.9952208818150383,-0.8736878557060708,0.5817834215628028,-1.069349864180304
Crysencio Summerville,Extremo izquierdo,0.0719806454091745,1.0974388865982276,-0.5033784486001567,-1.1457213216081765,-0.9805932488615111,1.2481352822178178,-0.054678417435965104,0.5434045731186824,0.056436078152157856
Jamie Gittens,Extremo izquierdo,-1.713368579834629,-0.7339595340243671,-1.2905829817582928,-0.36410954624914477,1.1756002759994941,0.7438857432092965,1.0466057060061071,-1.5282371335425784,-0.3270886788332088
Nilson Angulo,Extremo izquierdo,-2.846714625586369,2.485374208592643,1.6112852046284165,-1.2655601864822914,-0.6381001934763636,-0.9201534604037892,-0.15353479277532708,-0.7584287605173087,-0.731645996652392
Emi Buendía,Extremo izquierdo,2.084540943534882,1.2550882946367763,-0.3773713701054655,-1.2885315807162243,-1.6014791848247165,1.7792771422818272,-0.6226779501370842,0.7941898529454237,-1.1404263522378901
Rio Ngumoha,Extremo izquierdo,2.3546241313140315,-2.1431651120443824,0.16351457190643678,0.43875693244022956,0.3776384745394804,0.42804964868468787,-0.9653733452509851,0.7866428665684141,-0.6326665104546092
Alex Iwobi,Extremo izquierdo,-0.4028572953118982,-1.010325057392611,-0.352581418085502,-0.6959693342822758,0.08939584800648509,-1.9069836789332049,-0.6732657097191161,-0.02629374990148289,-0.5831929668716727
Gabriel Martinelli,Extremo izquierdo,0.5011066406013495,-0.1845744141997991,0.8722941192917817,0.9130643347189149,1.098990828364136,-0.053126683085310045,1.5809089118763593,-1.6097899605382364,0.014138259463308364
Callum Hudson-Odoi,Extremo izquierdo,-0.08621239301557918,-2.0750293726124323,-1.1282711631383324,-0.5005831048781595,0.5974099635706357,-1.5228478560069907,-0.3131332941534217,-0.15251091996964478,-0.22757164640579752
Noah Okafor,Extremo izquierdo,3.1735372535761392,-0.19642380536997348,0.5520823946523665,-0.7854017036023878,-1.2300991452623116,-1.1426129396999665,-1.238300423215313,0.7984789274140385,-1.1309000125728785
Patrick Dorgu,Extremo izquierdo,2.787920312050361,1.7196277537127118,-0.5744804126592086,-2.2388200214535448,0.4442185419425372,0.35965437664814565,0.1253540341554197,-0.223884096115789,0.33818329011135434
Jeremy Doku,Extremo izquierdo,2.167522428547446,-0.6489649249219498,-0.541053282313642,-0.8164587539251805,0.6098878246977333,0.8718359873559668,-0.6167910026729237,0.35912615122183805,-0.24479388421518355
Kaoru Mitoma,Extremo izquierdo,-0.3986536822283897,1.0371586587132797,0.5207106520130335,-0.44415703346753155,-0.936959398606027,-0.8377789813889787,0.4580435760632941,-0.03814416149324988,-0.1440216973328739
Jack Grealish,Extremo izquierdo,0.5362395467671067,3.2844851895180183,-4.209840278569753,3.0203565916118866,2.894252873305711,-0.1307504291089202,-2.028223831850672,0.2532487115995873,-1.531070435681033
Anthony Gordon,Extremo izquierdo,0.7763147391610888,0.49693804864162716,0.27549006644291796,2.172671796162436,1.1399279682082877,0.46220093765055337,-0.628067702115384,0.36149499601653035,0.7639472206294383
Leandro Trossard,Extremo izquierdo,2.3255646208673757,-1.4473391431708302,-1.1944982246506899,-0.31835446570422027,0.2308060082575432,0.7804111145115756,-0.027267151953261157,0.0031488517505489574,-0.19418856598071926
Alejandro Garnacho,Extremo izquierdo,-0.8041276666168783,-1.0144154939626375,-0.8289833276476714,-0.5042332439465977,1.4086140556652558,1.1466696645312642,0.10885510869224418,-0.7042700683495525,-0.19830222459895974
Dwight McNeil,Extremo izquierdo,-3.0400140140072716,-0.19965215957129262,0.06321791989289319,-1.260123793621996,0.7258754396154595,-0.4305189821624824,-0.602955461360167,-0.9139062227867335,-0.4759919570858158
Amine Adli,Extremo izquierdo,1.6758519600723476,1.5207705455270795,0.3546515468443721,-1.5138439370983596,-0.47834753848207656,-0.01702324292196284,-0.18196251415629086,0.43369401228739,1.1822847967502994
Harvey Barnes,Extremo izquierdo,1.6712009124107294,-1.9328103869801263,0.6998288997771561,0.9947283614592738,-0.6706518448819859,-0.43501372544472455,-0.23999056745763017,0.6868341103173087,0.563932754277161
Cody Gakpo,Extremo izquierdo,1.2417012202500153,-0.49506346322372746,-0.3342659606091572,-0.2367019853018432,-0.20033176045753814,0.7937711559344476,1.1065464364000681,-0.6644413172534651,0.9774508467052371
Kevin Schade,Extremo izquierdo,2.0545472398889735,2.2698418789800607,-0.39574841488556584,0.36457377798545526,-0.7158713536138271,-0.6522321443114364,-0.6145645251277876,0.31322482053283934,-0.10688036854035156
Jaidon Anthony,Extremo izquierdo,1.6686676611897189,-0.041124970287467255,0.02112856799181429,-0.49218519903487307,-0.6786133495865564,-0.7142069230672412,-0.193161305231709,0.5571338201223438,0.5940131845011203
Jota Silva,Extremo izquierdo,-4.298827018289411,-1.1956455736203213,-1.1847633855092425,-0.7957581453273447,0.9558996319395525,1.1514858503835488,-1.5598167414190258,1.3000376185806335,1.2955059368785842
Reiss Nelson,Extremo izquierdo,-0.6663018266328807,-2.122868465143511,-0.45790802895781313,0.7624050417693264,1.5324394862665018,1.912648811723763,-0.3958120713997891,-1.1382877437627206,-1.7133207768923218
Jesse Derry,Extremo izquierdo,-2.5395232055404815,-0.9574427449554617,3.0269562304522704,1.4069147386433762,1.2355223610753803,1.0061652967389394,-1.689689698526255,0.6526302183588588,0.7203264273795357
Jaydon Amauri Banel,Extremo izquierdo,-4.265670598101435,-1.5137609546101092,-1.9817432801493389,1.4673091353900511,-1.2984688973700986,0.8146309132932271,0.12089242236363208,1.3361992836266146,-0.7123007951409756
Tom Watson,Extremo izquierdo,-2.7096115276623443,2.414857183713714,2.638000592521836,0.5646203962281804,-1.5456318374596174,-1.1554413758275943,0.11379213226248748,-0.16265936093224614,-1.0885788397859735
Tyrique George,Extremo izquierdo,-2.2799793391220895,0.5870532920569216,3.101659630820489,-0.4570288852953592,1.088231769655517,-0.7322868949379667,-0.3347400972554278,-1.303090457898081,1.367929921606604
Thiago Almada,Extremo izquierdo,0.8614871513390242,1.594242031840942,-0.4533138237381718,0.03331284100406418,0.40386673072437707,-1.7033125438725512,-2.0985421331339946,0.8167387207276556,0.1999964533548541
Adrián Liso,Extremo izquierdo,-0.025677430733782095,5.189425956761113,-2.605651628293526,2.9503188338547988,0.8422607621591304,-0.8746847009187967,-1.3903923253143247,1.077389296898673,2.3641060574259702
Largie Ramazani,Extremo izquierdo,1.5548114231112948,0.7228253269548922,1.9169568908115822,-0.030174669116734592,-0.38113864531192054,0.8901842260570466,-0.18887562582719303,-0.4161013001307264,-1.3088463868833085
Nico Williams,Extremo izquierdo,2.2187291542148615,-0.578167444557948,0.2858931642202349,-0.18619280185790574,0.1633749118809039,0.5087851551057062,0.5714991348028257,-0.2256590199085204,0.8267101439184181
Williot Swedberg,Extremo izquierdo,3.90738381343659,1.135644058618353,-0.5336389811718132,-0.577084454058978,-0.8395479174466111,0.35467548149517697,0.5949012867541618,0.12445186429303383,-0.02679419276096343
Bryan Gil,Extremo izquierdo,-2.3815890393593246,1.3315492267571725,-0.7100419676595123,-1.0673718699141808,0.6398043429563711,1.0499735305992788,1.031606803745128,-0.9794772120482629,0.0014016109962134665
Borja Sánchez Laborde,Extremo izquierdo,-4.442016735327062,-2.007078217127073,-1.3981493656468216,1.2623739534878733,-1.5469918030343637,-1.4717823801860255,0.14102596007016016,0.39731870012554915,-0.9542413974034334
Ruben Vargas,Extremo izquierdo,0.44340716034602695,-1.3077118544018946,-1.058487581959395,-0.9698712631725857,1.4959624955861737,0.21970402817302617,0.6203879352749236,-1.415497324950322,0.4060824746650217
Álex Baena,Extremo izquierdo,-0.12209669295996578,0.9013301744536829,-1.0189771661260036,-1.9706720896438774,0.7161397503889498,0.4107126691301461,1.0460612639176103,-0.8995860221236871,0.6810682935163566
Abde Rebbach,Extremo izquierdo,-0.2803790559632008,1.7841089035744384,0.5538538189826451,-1.9384002472873678,1.5730939381001467,1.1164529394385523,0.5442766927110688,-1.358407654621977,-0.06450770537047021
Joel Roca,Extremo izquierdo,0.08660004987086566,1.1367454446331586,0.06059499637540843,2.45385696578493,0.1732957176161522,1.3517521081000805,-0.5174406350283427,0.6741564182675843,0.5044080931630355
Hugo Álvarez,Extremo izquierdo,2.1391325216118005,0.16727763455943595,-0.7994900378904188,-0.8771811581233624,-1.2775151396112387,-1.9179455903869354,-0.3435475775221844,0.6386675895231607,-0.8660903120077464
Raphinha,Extremo izquierdo,4.3000931136120615,-1.3727509979096875,0.8132539647586835,0.32038180312931963,0.16941925821353163,-0.46990333733043066,0.5429327504823169,-0.5859113245489252,-0.005658119888211871
Lluc Castell,Extremo izquierdo,-4.208832897273724,0.0380047585584414,-1.460819693355025,0.7231209486859294,-1.81450117732319,1.4405056929890432,0.5395733408600915,1.185745760440878,-0.6387888926109947
Arnaut Danjuma,Extremo izquierdo,-0.11821583343299201,-0.8941023789720014,0.3739213565743291,0.5698674629507461,-0.11415241172761005,-0.27747286390289416,0.36129025589853664,-0.09675460390334657,0.7159252076233226
Juan Arango,Extremo izquierdo,-4.116990074715071,0.96304095206464,-0.8710021507768487,0.37555436634939177,-2.533884587503526,-0.7183889010100138,1.4823887771861322,-0.04626921406406344,-1.3751069544669003
Juanmi,Extremo izquierdo,2.5987107364909647,-1.0902631691224376,-1.0380269298080798,0.8337121512981458,-2.788162191462807,-2.5657822872018987,0.9159852061160368,0.9137168793884863,1.4255977832139983
Javi Puado,Extremo izquierdo,-0.22374054964844828,0.5751972333317308,2.264481248111407,0.7071352515386785,-0.8595864234543599,-1.0686175954779418,-0.014827991871044176,0.2658565749870199,-0.9306632996200729
Raúl Moro,Extremo izquierdo,-2.405908284437186,-2.1168565357153755,-2.2139025146260876,0.19163377007504662,1.3146419788322112,-0.7066503691068079,1.8182714338694799,-1.5855976505148879,0.7524889986992045
Veljko Birmančević,Extremo izquierdo,-2.6930039401856107,1.2907835551592557,0.7383339906462313,0.2678758806507391,-0.5791395964780788,-0.6507406508466621,1.1794896224126223,-0.5297251382815947,0.18531582799935012
Josip Brekalo,Extremo izquierdo,-3.4519509256147547,0.7472495980085394,1.006720242965063,-1.0956391569859567,0.3551166021330169,-0.116847659939066,-0.8559898622713463,0.024059568518289002,-0.01450494820047254
Nicolás Serrano,Extremo izquierdo,-0.01999848685087738,-0.43779842891425425,1.8713031398444724,-0.8640290782123398,0.4286895929369714,1.9986629643289546,-1.8788743836620843,0.9778735174815553,0.7416417994835235
Coba da Costa,Extremo izquierdo,-3.566823653037673,1.3565836941765717,-0.1529010568084111,-1.163418896783974,0.02981995192904122,0.6440932471025748,0.8213608621189683,-0.2768992066914933,2.3207417253132756
Yago Santiago,Extremo izquierdo,-3.775738179596842,0.472290768341292,-1.0117844731705228,-0.05200451663670064,-1.3098447770751322,-0.9516483923372827,1.5510226655743995,-0.6196783867213452,-0.00945057947602043
Alfon,Extremo izquierdo,0.9926831326147361,-1.23701096992023,2.2106799681349067,2.2604146620694014,-1.130760833575268,0.15186861448703534,-0.6686256433572162,1.1019809546423536,-0.9686882285407034
Javier Llabrés,Extremo izquierdo,-3.0438279330869893,-0.1600394556246614,2.361372651166658,0.4762114896095559,0.536068902499686,0.6271409691134308,-0.9149424346171997,0.3621781372545424,0.7225953883685376
Paco Cortés,Extremo izquierdo,-2.893302573605321,0.4841406637324225,1.3068201529620875,0.48464352563820656,-0.11538273647875952,-0.10114590706471738,0.9530027218972664,-0.5815918685499122,-0.024608557277068475
Carlos Martín,Extremo izquierdo,-3.075610008723741,1.4892282381679414,1.8415618392393345,0.31798178976207386,-0.9708895577899462,-0.16680682465052662,-0.3044701600794127,0.21668736634990463,-0.4557397011922848
Ovie Ejaria,Extremo izquierdo,-2.9251110222255035,2.6108455738983065,0.012206910028243695,-0.8590419033203925,-1.0505474790086407,0.5228368802114249,0.9325515266538762,-0.46176379073175083,-0.46238907988054134
Lucas Cepeda,Extremo izquierdo,0.2161155060966194,0.9679432180295053,1.9620645216647838,-0.12449619848706257,-0.3235895256718305,1.4068301264801335,-0.41577745122639703,0.5983176743656689,1.177696370870759
Brugui,Extremo izquierdo,-0.9500177660825299,0.935394307904488,-0.11859838228340104,2.0897581626652,0.14859805376055488,-0.44125931621382675,-0.011768292826916963,-0.6417522626713191,0.3463511943006321
Bryan Zaragoza,Extremo izquierdo,-1.8175756587569778,-0.8592359985438581,1.4380506724184192,1.2171833810868256,1.2062418103448171,-0.6764826135662854,0.9816452751135444,-0.8637751265989483,1.3594919158627483
Hugo López,Extremo izquierdo,-4.11986870097653,0.6419700463987583,-0.03018457926284516,-2.5590726106589248,0.027844279750803134,-0.78439321085487,-1.5122165639393057,-0.21637926413166456,-0.629284151832558
Ademola Lookman,Extremo izquierdo,2.774617376316552,-0.899089683756507,-0.39947974910860157,0.6612213149891594,-2.0915786082053787,0.5530414795655653,0.9201093572663956,0.5975679136551034,1.484171551796794
Thiago Fernández,Extremo izquierdo,-0.9155219122651294,0.36510349201245607,-0.7379183539933514,-0.6006966008416096,1.4156583452624032,-0.3701352808724806,1.2689116512716432,-1.8780589292321765,-1.5350385314988866
Rodrigo Riquelme,Extremo izquierdo,-0.8861143733780246,0.15841384223526625,0.7716737819611862,-0.4761857600685065,0.21778076566602456,0.58640332314542,-0.39195059534388715,-0.5086340078897105,-0.7743909217495611
Chidera Ejuke,Extremo izquierdo,-1.2533705489268139,-0.9193640577740104,-0.9242887609736338,-1.232429789495351,0.3052197142095352,0.5129870389004575,-1.096017412965504,0.14788884108057163,0.13873734525879472
Tete Morente,Extremo izquierdo,-0.5851074478952172,0.5234785628673736,-1.3774735241540461,-3.017738368170785,-0.1681200066103656,-0.8578578749392967,-0.8106837836430085,0.17418309920935754,0.5317296425958928
Antony,Extremo izquierdo,2.597258477838732,0.6032276756449985,0.27070683558037045,1.0803192993413417,1.2369691993148904,0.71604551492504,-1.314403116027327,-0.14121552520816394,-1.3584964435583635
Pere Milla,Extremo izquierdo,2.4343515828653244,2.1537163061783375,0.11756163292831051,0.5158741819139148,-0.34843827788192533,0.48397136311383404,-0.9269532713523777,0.4038723230144827,0.42467131942479713
Germán Valera,Extremo izquierdo,0.2684552257405846,1.5877011315318041,-2.4256984757065303,-1.4506809178758977,0.6414033761231324,0.10146437977608096,-1.785537830268943,0.9335187603625698,0.1976950353511382
Ilyas Chaira,Extremo izquierdo,0.9517046317606066,1.6140082671686786,1.3671567277154246,1.4252815040596087,0.627967827015083,0.6105956832572844,-0.6205436416574792,-0.032361428523784874,1.7556460704098396
Gonçalo Guedes,Extremo izquierdo,3.5502540862432177,-0.6234199931538792,-0.2765291863175311,-0.12236166137754177,-0.08502036048499587,0.10932351290392289,0.6047032940234675,0.013260345397850891,1.2769837831955866
Vinicius Júnior,Extremo izquierdo,3.4967066132249607,0.014747017517507769,0.9403709787131507,1.3741481440939212,-0.6715811650933403,1.2107067114873384,1.267739739306096,0.034335226146633493,0.32146353097760405
Alberto Moleiro,Extremo izquierdo,3.059315022539565,-0.010808451408834296,-0.4800825864107097,-0.6275652917401656,-1.3084817349427154,-1.1322683222247603,-0.29770909016952335,0.39944973461755395,-1.1224907842361824
Álvaro García,Extremo izquierdo,0.9468498554890676,-0.49067858251230095,0.5075971439837729,-0.39598244458207277,0.9258095775902723,-1.2592912779448533,0.7513017239725005,-1.3890368637132733,0.4289121572276697
Álex Berenguer,Extremo izquierdo,-0.919003087487206,1.0369884438766044,2.5782654562795293,-1.9483293429112436,6.496623972513267,-1.847291784759107,6.866262173246892,9.240304396056086,-1.7120453840756258
Abde Ezzalzouli,Extremo izquierdo,3.7568274056315274,-0.1905070437864189,0.04303056723284985,-0.7320592386699698,0.272075011128287,1.6503445267861752,-0.6505789567575179,0.14519593981628715,-0.6752278153615174
Marcus Rashford,Extremo izquierdo,3.61561531214782,-1.9076333249005117,0.5384493009090462,0.9668071790327339,1.1285925102547418,0.2817989177168911,1.166147239375953,-0.9542951238451919,0.9525742465275203
Víctor Muñoz,Extremo izquierdo,0.2513945501233757,-0.6222024125928715,1.251941392960757,0.8088338134766629,0.07223535665049081,0.78334229951843,0.074059208221906,0.21210693814717066,0.19280542573431375
Ander Barrenetxea,Extremo izquierdo,0.7477783210831034,0.9575711479178055,-0.725040754538349,-1.9409848010955648,0.5925862142554098,0.42224789440626476,0.433172140624073,-0.8729398828523365,-0.46468499137446007
Jan Virgili,Extremo izquierdo,-0.26854761793251664,0.47185932027207605,-0.2775304980064908,1.5736324970427853,1.2187186391998994,-1.0826749229793178,-0.9230698629992383,-0.10241254601928264,-0.6972548637103654
Alisson Santos,Extremo izquierdo,2.348931696808896,-1.3946710485494291,2.31286139908644,0.7775795883726346,-0.10578543279714797,-0.8898050094327672,-1.1926395669021774,0.7076032637639946,0.6670323139379165
Agustín Albarracín,Extremo izquierdo,-4.297261514616692,-2.0435670931716365,-1.6428166508595745,0.658271855542654,0.29930896274991126,0.6661619797035404,-0.20819203735332156,1.2104699617565957,0.5957980562749744
Jacob Ondrejka,Extremo izquierdo,-2.891475147083838,0.2057462367918755,1.1137587798411308,1.5445449949109782,-0.9266266306242305,0.6979391617599819,0.767562570886213,0.010024895699447058,-0.7385630850737278
Alieu Fadera,Extremo izquierdo,0.8180867862642416,2.377112477796104,-1.444546072212368,-2.2156814453004894,-1.341620123883405,0.85914669356132,0.534381338188081,0.5380450052729132,1.2914352563219889
Jack Harrison,Extremo izquierdo,-0.7239477036898068,-1.6455666397141344,-1.4318248260456345,-0.7243841056779787,0.936016603326894,-1.0156223098869466,-0.04573609548892963,-0.4005227504063454,-0.5210334981233229
Kamaldeen Sulemana,Extremo izquierdo,0.35064283899867277,0.6729074939625044,0.7782570011848503,0.8528020605573021,-1.0012839349494553,-0.19779968229952588,1.590615862008929,-0.513668020708572,0.3340979653163413
Jeremy Sarmiento,Extremo izquierdo,-2.800162896014045,0.05213412646301793,2.1587844921494557,0.09158227199451599,0.19236985879813104,-2.0872798420468945,-1.7526805747777365,-0.0948295976767064,-1.590492746124529
Manor Solomon,Extremo izquierdo,0.6584526445304528,-1.2242539083171995,-1.4841435626889192,-0.9106600418928936,-0.14103687776593027,-0.7035240782394644,-1.0152096259817691,1.344020490184886,1.2571151204124131
Armand Lauriente,Extremo izquierdo,2.3943620127848764,-0.34074898054024494,0.03188648450299522,0.053020393870412665,0.6630937003122604,0.8455595096466804,1.3744071199597339,-0.9222979059671833,0.6847572792073071
Kenan Yıldız,Extremo izquierdo,2.286675298565334,-1.6150042415721362,0.9589072994608372,1.1199352278204306,0.7551277246290985,0.700518063023766,0.20573057847621756,-0.09503214382934896,0.2608585886960893
Mattia Felici,Extremo izquierdo,3.919844446776503,1.2104536136493695,1.3700753648360904,-1.8785998102378743,0.5272596548630526,-0.4941028278847173,-0.9971346949341017,-0.05292679497228488,-1.1548067110188718
Alieu Njie,Extremo izquierdo,3.23623166067084,0.8166765195156162,-0.29990222556614554,0.4464502000493646,-1.2189553262376067,0.6844103860715532,0.7205783849197244,0.649148683917679,-1.4207549828412285
Dennis Johnsen,Extremo izquierdo,1.6815318307990323,-2.03842101768577,-1.7926916948821332,0.037688024952423425,-0.36459442909038403,-1.7160672211427255,0.18309685055802627,0.41938321926591354,0.6931469277553595
Noa Lang,Extremo izquierdo,0.7401029006012,0.037316855208885405,-0.8224468398590362,-1.0868799603159338,1.124190591022794,-0.808873096913473,0.4009042740659392,-0.5119760122823215,0.5816712850212016
Stephan El Shaarawy,Extremo izquierdo,0.7828044279728287,1.0363984931903767,1.0181381535570988,-0.6585339871109949,0.4464275311821733,0.12454416494251369,0.4159776374080813,-1.3885376047715465,-1.8444790352875395
Maxwel Cornet,Extremo izquierdo,-2.320758528826045,0.7578414833708085,3.561557891769458,0.16023549474049825,1.0162289344359154,-0.007402692375786568,0.005779491702852911,-0.8306024577618594,2.8123156077520695
Alessandro Cardinali,Extremo izquierdo,-4.452623491496319,-2.1972708725954155,-1.2778183731503567,0.9692022312551645,-0.9647402989264671,-1.5143504374879728,0.02125831668803846,0.35628865992257075,-0.47736059328083796
Benjamín Domínguez,Extremo izquierdo,-0.9517112980414141,-0.18700625405517812,-1.9597898707031138,0.49062839861976926,0.559846172591906,1.8437749331041304,2.3509287018542584,-1.5843904109636124,-1.001074727770207
Nicolás González,Extremo izquierdo,-3.747588003381187,-1.993544796089616,-0.5934509110522652,2.2464692831225355,-1.0178251193107009,2.3345615389406578,-0.01647845383763173,1.0379820890123146,-0.643592275816314
Nicolò Cambiaghi,Extremo izquierdo,1.50239259435546,2.0246619324687387,-2.738566703434574,-1.0785812432532442,0.944153570573564,1.0028406404921808,-0.864593507717307,0.5109613155997111,0.8400812389314711
Rafael Leão,Extremo izquierdo,3.0024342853053927,-0.4827132417738341,0.3667032684808089,1.4033525970492386,-1.0722734295528014,0.6719053329318847,1.4229795511664618,-0.22838212973938396,-0.1514956050636824
Assane Diao,Extremo izquierdo,-0.17151805917038795,0.1773014787817121,0.43306993344175215,0.6857078286593632,-0.491846766827681,1.6453435834373487,0.7785439678605919,0.16458731770944846,0.0606965962550589
Mattia Zaccagni,Extremo izquierdo,-0.741809542401809,2.952727963715984,-0.45208575170962406,0.0584376165390106,-0.022183605963301566,0.0958665603188012,-1.0289418979911245,0.8508386668605824,0.30670138029992344
Riccardo Sottil,Extremo izquierdo,-1.099437375975472,-1.2670333447709374,-1.8303901583791866,-0.35309813554590735,0.6971556966762219,0.7063484359585428,0.9521070910176925,0.00264949371847453,1.452393621801522
Jesus Rodríguez,Extremo izquierdo,0.5908318019286134,0.7391323308355344,-1.5878895682180272,0.7987496119288475,1.8025078402714252,1.4237841710021886,-0.2501599004231175,-0.7299517472094734,-0.523363275746027
Lameck Banda,Extremo izquierdo,2.420403811326861,1.983492953738351,-0.8553037009681212,0.05247043804150573,0.9562139841634408,0.790506214658172,-0.7874777044348933,0.5467798018923267,0.37170434496373606
Chris Führich,Extremo izquierdo,3.672172570462129,-2.0175628869678373,0.5666790254217284,0.707067152296711,0.8476943190497468,-1.5345334151958463,0.44158884264639875,-0.7140323095258979,0.2546429082912469
Yan Diomandé,Extremo izquierdo,4.009462473305246,-0.9269417531152357,-0.300511239669802,-0.1312357065242076,-0.26543895561435316,-1.0764795319859346,-0.15673959318868058,-0.06714179660259362,-0.7276951156166104
Fabio Baldé,Extremo izquierdo,1.0058077356968935,-0.3722575806454167,0.5144302671609419,-0.5358815940243343,0.2402489302841627,-1.2365657489193203,-0.772981198177461,-0.10606840409740327,-0.6738591127796293
Vincenzo Grifo,Extremo izquierdo,1.2119861059235189,-2.037954954303011,-0.42371405664278017,-0.6577403760660927,1.1539086352612378,-1.7822060503365218,-0.5060349778152977,-0.4618459055155698,-0.6948538069834377
Elias Saad,Extremo izquierdo,-2.8844954131203915,2.2495528239156615,0.6481823550943898,-0.15213710961926505,-0.7240635842876723,0.10015516400641121,0.8256057928416928,-0.07407353117576104,1.2242782050486727
Luis Díaz,Extremo izquierdo,5.155193250459869,3.2746648393708973,-1.76903878376416,3.866961586669558,1.9074584388921658,-0.9519816959345943,-0.5026089317828658,-0.7335162535092282,0.03707943826423169
Philip Otele,Extremo izquierdo,1.5410303892398791,2.100017444219962,-1.4145777927039758,0.40237708959406576,-0.09118638835507321,-1.7467432713072608,-0.11123699363158251,-0.06773047362257908,-0.7074016091166303
Eliesse Ben Seghir,Extremo izquierdo,-2.9748351867755396,1.2429516330379622,0.917861873407893,0.17077024227566245,-0.08960276060390195,0.8772962967365643,-0.00017017582311824617,0.5031939189341985,-0.6000934525239735
Robin Hack,Extremo izquierdo,1.0003436002279527,-0.1192050380974067,1.8232941423840958,0.46931624289725904,-0.7536992599708534,-0.23313038007152445,0.35612214607517606,0.0037830314997140428,0.9067419785564176
Alexander Røssing-Lelesiit,Extremo izquierdo,-1.0068336847851203,5.581357187659101,-2.650894090562541,4.192242846033458,2.3684947269219876,-1.0067147159496712,0.023820671820058793,-0.8112744622648814,-0.7498154921066401
Marius Bülter,Extremo izquierdo,2.729727390828724,-0.6578281040184073,0.3026282980343453,0.23395900217467663,0.3036448823029536,-0.3018477441523597,0.9144336147042724,-0.611715255157432,0.039100503350142264
Ismaël Gharbi,Extremo izquierdo,-3.8350502509703865,-0.3821004747417007,0.12276667863144555,-0.17947645505651807,0.1606661118617821,2.7785135455467573,-0.8142255690611895,0.946388292542584,0.8917969387328024
Tidiam Gomis,Extremo izquierdo,0.8000735732876758,0.011718515677087567,0.3483823592311144,0.8791520262884596,-2.22787713632293,-0.6361296031321834,1.209662320138706,0.26993835051268894,1.4040744569110377
Antonio Nusa,Extremo izquierdo,0.16401203688110233,-1.742263402691749,0.2793740803563946,0.7809171634017932,0.6547902204123076,1.3854526801810088,-0.6580779951247283,0.466096285668454,-0.26705421283818165
Maycon Cardozo,Extremo izquierdo,-4.285392313725864,-1.8014097915101617,-1.7930412883938334,1.037648527965826,-0.46135289543535507,0.6964484265908533,-0.05206635735259298,1.2535623864196317,-0.02762788530431989
Aiman Dardari,Extremo izquierdo,-3.5864443734482068,0.9158560231537897,-0.3626622878211788,1.178341794820808,-2.0784881786727816,2.3111672531283696,1.3306617455185499,0.537688935574405,-1.1205862253863605
Wisdom Mike,Extremo izquierdo,-2.365556627178884,-1.4790361816832633,3.3157493017194364,1.3771907274750448,0.9504779759610092,-1.4700906412481218,-0.992650554327802,-0.6476328820592806,-1.3275571030406261
Samuel Mbangula,Extremo izquierdo,1.5882683435192468,-0.942929786988735,-1.1189887314199145,0.025157592057261386,-0.5866904695694617,-0.9399229769723598,-0.2243547393919164,0.8099475434438482,0.6766482333255182
Mathias Honsak,Extremo izquierdo,-0.643180861427998,-0.1398703098093488,-0.14872745449178798,-0.7923875651877554,-0.3005128535880448,-0.267525560354174,0.0957881304664176,-0.6736200410218676,0.24735897027662074
Mathias Pereira Lage,Extremo izquierdo,-1.0998223884020843,1.145538073418865,0.4257769519264446,-1.0569526519416355,0.09098345385823728,0.06143674045890519,0.4944357007008228,-0.8363205636963642,0.5950911054465664
Marco Grüll,Extremo izquierdo,-1.1507776394629818,0.7999565047981078,0.290854896503962,-1.2493968123780506,-0.4078032904970061,0.10205323148115851,-0.40893009457899937,0.06416376062593153,-0.4029934219153976
Linton Maina,Extremo izquierdo,-0.7656999969309201,-1.2333172007711486,0.48984968700918774,0.3867463340160718,-1.0249204451436038,-1.7142400395504,-0.8416903308344674,0.745422453214953,-0.01830093542135705
Jakub Kamiński,Extremo izquierdo,0.7900985467103798,-0.6573142265100776,0.3207040840987922,-0.7122872355419638,0.1962412232471699,-1.4322915400129204,-0.6389952562554381,-0.09691967346835963,-0.10561171275553237
Jean-Luc Dompé,Extremo izquierdo,-0.4852051244019858,-1.848426691376592,1.4996467532060314,1.2625475275388214,0.23961442074132827,-1.6980893906387924,-0.013322143501652933,0.24839247064528117,1.9815676530155626
Sheraldo Becker,Extremo izquierdo,3.0367319230285057,-0.40457874343048184,1.240871744968944,1.0782500514221123,0.2995352186763232,-0.7418845363985372,1.9404533412690248,-1.5252820843903208,0.1293737870614135
Jean Mattéo Bahoya,Extremo izquierdo,1.4437524652900426,-0.2820916136186589,-1.0038195446492864,-1.2532834003240296,0.26241839747332874,0.21200375463710575,-0.20943015835927944,-0.44367051587055634,-0.9170533808391471
Yannik Wagner,Extremo izquierdo,-4.270467326366546,-2.6456311067214413,-0.5799223583725127,0.8585796350292239,-0.05044788746888986,-1.0013962761979625,-0.19725711952557934,0.18274804724473587,0.20994070957877567
Said El Mala,Extremo izquierdo,4.3278765361271745,-0.7236420892193175,0.6463479881498498,0.6046427723427863,-0.6278551511601305,-0.32385323300982477,0.7735869849624939,-0.5288117982578004,0.3142104727389859
Livan Burcu,Extremo izquierdo,-0.32139103195365626,0.28465911701227903,-1.1526478969929022,-0.5743365462344311,-0.5978230127894447,1.2628735310666912,0.2684328317556541,0.19837798345854232,-0.3798812507319537
Hugo Bolin,Extremo izquierdo,-0.13675836657461773,-2.098213004576723,-0.8144264306010195,0.8720818523431522,0.2775879184499824,1.0139310763653722,0.15191577255746658,0.25347440280228656,0.1423892557438434
Linus Güther,Extremo izquierdo,-4.114860745326843,0.9846195350967903,-0.8666891531022465,0.3685370137224609,-2.541033950883484,-0.7123123339150068,1.4915259418390359,-0.04926753953102635,-1.3775291151007756
Bazoumana Touré,Extremo izquierdo,1.5535835092811858,-0.696117995036191,-1.3329650778264706,-1.3673825407869789,0.640170340436084,0.21582474468248272,0.5479492832131967,-0.7069009947228955,0.7382151580019681
Derry Scherhant,Extremo izquierdo,2.5287170886452937,-0.22961023391610644,0.4605505781940571,-0.5001541062350752,-0.12623852891634368,0.9262062058444994,-0.14558573927498544,0.6598948960483958,1.040412696979371
Ben Bobzien,Extremo izquierdo,-4.475170560060203,-1.6812683724431827,-0.5976724190520531,-1.0119061201084996,0.7108733573841609,-1.130979137253261,-1.550600703148127,0.36193883831369617,1.057781805908175
Martin Terrier,Extremo izquierdo,3.46757635819709,-1.5942301476207674,-1.0303837253644876,0.886856073733785,-1.5163591143309625,0.18853090980468326,-0.11449005002775361,1.1034298515737313,-0.5183548931984364
Rémi Himbert,Extremo izquierdo,2.489033422449335,-1.2072148279810253,-0.1722874171116062,-0.004654849454611641,-1.6600736436440588,2.671345107682511,-1.6690739430375938,1.912611917937379,0.23235224659828566
Issa Soumaré,Extremo izquierdo,1.2626785713259165,0.23780695476193672,0.22047115078254842,0.22426524777209852,-0.43987714424363594,1.1223832087122385,0.804921028411343,-0.1727370762695464,0.27233752326760224
Julien López,Extremo izquierdo,-4.167148600538167,-1.5370931721029844,-1.028273505254561,-0.30912124955805625,-0.4437666273931884,-1.8448671866547732,-0.582248787403076,-0.14289028719370928,-1.6566557227663354
Ilyas Azizi,Extremo izquierdo,-4.030056653812928,-2.0928313502544866,0.5802003148954799,-0.2909475153174397,0.8830887294034181,0.1556508866919502,-1.6342980320200535,0.10166360955854539,1.0573547773520402
Tadjidine Mmadi,Extremo izquierdo,-3.625051305175168,0.1637413239333699,1.3650018334606102,-2.0056659766664247,0.5382669594352966,0.6389840547854418,-1.7277110940477036,-0.5350652119471195,-0.39195428335414906
Anthony Bermont,Extremo izquierdo,-2.3952167253430003,0.06069439097430064,3.9154873413299844,-0.3444817151943252,1.405282470965827,-0.8295111093664909,-1.501368847803266,-0.7110183751337145,-0.44166455532842447
Adil Hamdani,Extremo izquierdo,-3.908605247115428,-1.5807479628654038,0.8480015030860134,0.3723786977032122,0.10127458673513931,0.528298947661846,0.026322398192237244,-0.15828735994889465,0.7175647066829998
Noah Nsoki,Extremo izquierdo,-4.441707011049972,-1.0888722162975153,-0.9808344990559167,-0.07568599673666498,-1.1297271573754908,-1.0006178829878358,-1.161795639248218,0.4906138860648275,-0.4510758232189597
Ibrahim Salah,Extremo izquierdo,-3.4964266657790555,-0.4180168406123968,-0.7080827516287552,0.7151230375372105,-0.6723244681539732,2.112113275665012,0.22755667807302415,0.2831989614153122,1.730601119066248
Yann Gboho,Extremo izquierdo,1.6212172384557273,-0.050350377194397215,-2.282631402184517,0.8922978194210528,-0.5528137019780682,0.36652115393817,-1.3748304897546857,1.401082453775989,-0.08741497076004714
Ansu Fati,Extremo izquierdo,3.7279653529217867,-1.145184904965203,1.8291686380375523,1.4165289334925166,-1.704469161158742,-1.057314830327827,-0.4415806911786848,0.5468694508447659,0.07785883383620752
Pathé Mboup,Extremo izquierdo,-1.0084060398019388,3.090165565964743,1.7256489283474972,-0.9044612959275042,-1.0807720689288054,0.2662697215595689,0.37845776313902696,-0.4417224128775835,-0.21973545501091754
Sofiane Diop,Extremo izquierdo,1.77716449726316,-0.053523352549923735,-0.5404300452879582,-0.10216348252509065,-1.187955532551294,0.476160958751676,0.4803034271704397,0.29252564553189647,-0.48625626961703283
Félix Correia,Extremo izquierdo,0.7951584440217735,-1.3347638079998405,-1.847427524296386,-1.552195286268812,0.3960327280018298,-0.6494315456002481,-0.5131934038071901,-0.03599794733965145,-0.5767848980440539
Bahereba Guirassy,Extremo izquierdo,1.3591194471019168,1.389813253155796,0.6481678265859933,-1.39725988941248,-0.40668689324533874,-1.0188159294045922,-0.04996168627551102,-0.2764285667867219,0.413678717984712
Alimami Gory,Extremo izquierdo,3.239269324303498,0.8077452079063752,-1.2970621056345422,-1.4528321066881893,-1.8006085939041443,-0.4354309160274586,0.43532285274652943,0.11458761458563478,0.16107068188468768
Cheikh Tidiane Sabaly,Extremo izquierdo,-2.0539303769899435,1.723249467246006,-0.20969240729753832,-0.3948545335683724,0.009899055992720129,-0.4349158429587914,1.2609780248255977,-1.0703820299512998,-0.05766388972824837
Takumi Minamino,Extremo izquierdo,2.4138335754442704,-0.2985494234797435,-1.022162468102241,0.2236616297795083,-1.6958159234051353,-0.8123375136881118,1.2443114712881829,-0.2294045580023362,-0.6789338607328639
Jonathan Rowe,Extremo izquierdo,-3.460168718171766,-0.45820464780378434,0.5362298502939272,-0.588192643037726,0.6615227835864568,2.272664350532288,-0.5585263458442292,0.20440386737820485,-0.38762103554783445
Martial Godo,Extremo izquierdo,4.026335410730344,-0.08598309144137686,0.22755211928227917,-0.34983197779907776,-0.9913203403818827,-0.10694053409515865,-0.13620226898673737,0.4525714428636817,0.37536581036440114
Amine Sbai,Extremo izquierdo,-0.20484648960741578,2.8278118003095414,-1.555242955699825,4.50553053802643,1.9761274519150176,-2.327191962696765,-1.5874285414644245,0.44854317902602414,0.9271646934999673
Caio Henrique Oliveira Silva,Extremo izquierdo,-3.324254490936581,-0.7040697951998527,-1.183151167959669,-1.3886335628255408,1.1262372762089286,-0.5971692747777975,-0.15287642393688067,-0.7089731833442134,-0.6097089113548557
Khvicha Kvaratskhelia,Extremo izquierdo,3.590358688199735,-0.64218062143579,1.430470948033104,0.2878980816948276,0.6329597472080706,0.6599908310508242,-0.026359695727138914,-0.6008372562913333,-0.31997209312379693
Bradley Barcola,Extremo izquierdo,3.8534199654181225,-0.428595774742011,1.6418888598419248,0.2357282221244392,-1.1451796877401328,-0.8629154963741578,-0.38168182212707563,-0.05035929761943333,-0.20050245731828556
Afonso Moreira,Extremo izquierdo,2.111011571193748,0.23494693137859854,-0.4516231519611708,-1.6561815953148575,1.5374038383492852,1.4661554972913722,-0.09514703202426948,-0.48740758537799933,-0.09714784172302822
Igor Paixão,Extremo izquierdo,2.6641767701308403,-0.29274865951813206,0.6041430620377084,-0.010334484079102,0.3856188986531341,0.13577162288432681,0.5359818310768076,-0.7393785865240858,-0.36693736253344394
Moses Simon,Extremo izquierdo,-0.5194036314976904,-1.2561246651814457,-0.9041222246257049,-0.6787516316081196,0.6874386109135253,-1.2556396998670907,0.557830477275821,-0.5650267039674497,1.433159971975766
Danny Loader,Extremo izquierdo,-1.0325985223192058,1.3475267961759692,-0.078341186649281,-0.342186060132873,-1.0411423020782977,1.344973416711223,0.6260743232538325,-0.1339238491055657,-0.7949568990589428
Quentin Ndjantou Mbitcha,Extremo izquierdo,1.9066000191051875,-0.19644852291698087,-0.33361953495404817,-0.08450820235855452,-1.1765782652991152,-0.4486516015697745,0.5247987376240314,-0.4041196255268482,-2.2673966404015338
Allan Saint-Maximin,Extremo izquierdo,3.6134767169972224,-3.4325063539740173,-1.4464420815138783,0.5333916839928564,0.5657622075916762,1.0058778579430023,0.3237315500530728,0.168030606657304,0.7972355417360827
Soriba Diaoune,Extremo izquierdo,3.469575293719099,-0.8403133440612023,1.4070562458039306,-0.06655254550634837,0.6373063396521192,1.2465935457057573,-0.8917113039283053,-0.31301308789884646,-1.4531455017607497
Lucas Michal,Extremo izquierdo,-2.763162064445527,0.5795346424414549,1.2754505215581542,1.9608881619561103,-1.676584704299541,0.29161627007827545,2.140040159783354,-0.8080427813694645,0.10328738817295166
Morgan Bokelé Mputu,Extremo izquierdo,-3.683438194242781,0.14599873536794136,-0.15940994626906918,-0.5302852787870379,-0.040685103385032666,0.811263745999137,-1.4517542851294265,0.9562426644799168,-0.3984263851127341
Jeremie Boga,Extremo izquierdo,2.3330467923927203,-2.023747817801294,-1.1713082489946696,-0.07687709055905342,-0.0832258723440556,0.09387573871084903,-0.9643601900860042,0.49863806612460576,-1.3782943010430138
Giorgi Abuashvili,Extremo izquierdo,0.6265925951326844,-0.1453867377291456,2.1808112446934618,-0.4495849113408662,0.19842017524910924,0.14139702530447648,-1.292187238118544,0.4243306388466993,0.4329541631690028
Isak Jansson,Extremo izquierdo,-0.5967088770074449,1.6674643355934566,2.908488118291606,-0.132312015944233,-0.557330536946469,-0.4690588194449732,-0.8277685041760936,0.08083382408108922,-1.202490791167688
Malick Fofana,Extremo izquierdo,1.5789296011200407,0.26089155782615325,1.0321231148587775,0.28517236851579814,0.24123009685001912,0.583032520696435,0.5105314263268868,0.04423181758222269,0.7538008488346025
Abdallah Sima,Extremo izquierdo,1.9578274490317544,0.38056215241115365,0.47613390981758574,0.8266620362339601,-0.46585751453393703,1.9538820821726128,1.6884160772082215,-0.8330165847075435,-0.23797464839274565
Ibrahim Osman,Extremo izquierdo,-1.0263767197314344,0.16789380424648026,0.4919469958200385,-0.10588843435510956,1.358905785586072,1.4956854061912455,0.4496931837800766,-1.5549676958521066,-0.8088598571790164
Felix Mambimbi,Extremo izquierdo,0.008693977673234583,2.065020700879707,-0.637195426761691,-2.219938970760745,-2.315369422606777,-1.387350778899206,-0.00903996535969102,0.32474672686161,1.1262141807412371
Osame Sahraoui,Extremo izquierdo,1.3681693145165492,-1.0701288288109916,-1.1965228623970139,0.21847952542506255,0.35827203009666214,1.2752994251788785,0.14110773549765632,-0.28316973030687226,-1.6693669274601897
Heorhii Tsitaishvili,Extremo izquierdo,-1.0222788601662387,-0.7901312777134082,-1.3982234258313595,-1.2702282457799268,-0.00913011753301707,-0.958649446723432,-0.06577655250155226,0.35510888812120295,0.8916436840708255
Hamed Junior Traorè,Extremo izquierdo,2.6548146997700526,0.3509588166778546,0.5509763861063133,-1.3210595123171713,0.4865378918542559,-0.4463825388247451,-0.45703112460118067,0.04440362256061167,0.562060017315735
Pablo Pagis,Extremo izquierdo,3.6267039702369703,-1.1306488904579355,0.32552754133154393,-1.3021851661546446,0.9610092509646689,0.7399277729500624,-1.085635336444132,-0.07786653291268099,-0.45306250434994494
Iñigo Vicente,Extremo izquierdo,3.094088715280338,0.25111707445649345,-0.2243982211395353,-1.5987500365231153,1.1229174795016663,-0.8350641153497662,-0.2937152894653221,-0.47837318381380833,-0.6992840863366242
Ross Barkley,Mediocentro,3.7789562799228684,-1.8847949920535907,0.19417934953096122,-1.0808311823842662,0.5230218298990023,-0.07522023636296916,0.31183225458308983,-1.016159038064714,0.9006564937757595
Lewis Cook,Mediocentro,-2.557406921599237,1.3396764924210816,1.066136035168416,1.9691167243446386,-1.1375841800001838,1.7638698374961697,-1.9743622110124714,-0.7830709689539892,0.1607396100067152
Mathias Jensen,Mediocentro,1.4252207243906498,-1.1799512842454656,0.07541306137508841,0.18150001377679345,-0.4596987056870112,0.12497231714655349,-1.4113484443988662,0.8355392208366145,-0.8266554099559142
Myles Lewis-Skelly,Mediocentro,-3.5823467374330074,0.04671889913097254,0.27497926792851896,-0.015112649214767846,-0.2409352138609031,-1.2746817219285627,1.512073060105897,1.4868998995220064,0.24233471391197578
Tom Cairney,Mediocentro,1.8713205123567067,-1.0913948468049737,1.0732276929614704,-1.4629698346721676,-0.47699869081956187,-1.4448025648686587,0.6876829671366064,0.882004529159214,0.8694690419733385
James Milner,Mediocentro,-0.6762698643373146,0.0763896514273435,-0.7736806022537766,1.0423528574724903,-0.08824105800435458,-1.1497155968509254,0.37512305787171824,-0.5864312927028494,-1.5480783040895536
Sean Longstaff,Mediocentro,3.325999346402438,0.9378875612583536,-0.8231405480462645,0.1584566841765411,-1.590245925863913,0.2136430489558573,-0.7084117256608358,0.8049098320412045,0.26593475073526934
John McGinn,Mediocentro,3.601091805233744,-0.43144446555339305,-0.3617164762766209,-0.04962001174999072,-0.29829826236979745,0.0790772676259815,0.5388582804168031,0.6677578923534996,0.7173182658930628
Diego Gómez,Mediocentro,2.8578737308055073,0.87635788039139,-0.02833326615021047,-1.735836051352838,0.0185187475995256,-1.1707754862406483,-0.48221631701603046,-0.5951183446517898,-1.0920957184198896
Mikel Merino,Mediocentro,4.665937511619097,-0.11348514104949421,-0.6994371013286592,-0.4286334162378041,-0.12033040472673436,-0.9287050855069519,1.0412860236608406,-0.11887439599855507,0.803384544375071
Rodrigo Gomes,Mediocentro,3.3301290892628055,-1.067930340144135,-0.2732649607826212,-0.8318384519747786,-0.060387285391533575,0.3814111040538704,-1.9430531023310946,1.0262780337020174,-0.4085642477827978
Lucas Bergvall,Mediocentro,2.5358421966687774,0.17718763303366308,-1.076235216495891,0.8964321328741506,-0.009246779661296946,-1.0993369548515535,0.6460802447599052,-0.6190050357091745,-1.6554636802561382
Marshall Munetsi,Mediocentro,2.100489765827069,0.46045981397717917,-1.3208258276973617,-0.21821330061727803,0.9432387658473235,-0.8714499771963641,0.35723330153793365,0.14168651796995704,-1.2703942796885441
Joe Willock,Mediocentro,-0.01122178010962752,1.0769193079718948,-2.338480615612046,1.1556170531075405,0.9703945786878836,-0.2998393477936144,0.6101030691975351,-0.6881286235944909,-1.1338622097281683
Ryan Christie,Mediocentro,2.2919743632930336,2.098356898027648,0.29603876719318417,-1.1919327439812117,1.7010089573295455,0.35367473840210506,-0.47267575751512314,0.9352419724850006,0.5738010905494062
Bruno Guimarães,Mediocentro,4.394069793890573,0.8924462064417057,-1.3940957698812775,-0.3839004114943387,0.10010664150986155,-0.0665474946726282,0.5195849483823102,0.7350855012948836,0.18758049225057724
Harrison Armstrong,Mediocentro,-2.151355754926823,-0.0509486464864813,-1.485709405480739,-0.531036764536861,1.4438920470596401,0.873479653904406,-0.02756957805306087,1.446698963075068,0.1936963623367822
Ryan Yates,Mediocentro,-0.4997115036517473,2.509111290291203,-1.6386272805583193,0.6683864886857378,-0.9459166956093022,-0.12778381467315886,1.0453143854609017,-1.7072229823404224,1.2035231066650132
James Ward-Prowse,Mediocentro,-1.285977120296052,0.024933772303791308,-1.1827583368268775,1.610071892871725,-0.09320186711234081,2.0977514517419755,-1.2716835488571427,-0.2105445579582667,0.3484302373092959
Carlos Alcaraz,Mediocentro,-0.5618178118078625,0.9504941762385685,-2.359054546031875,0.5672701004069437,1.44691459504466,-0.7271184092768254,1.508821878276138,0.06502299830102436,-0.39925070131570867
Douglas Luiz,Mediocentro,-2.5542996129624616,1.5034432228827013,-1.1001969988652103,-0.4948064301144725,0.4639076030157516,0.3618796149172642,-0.9634321949827432,0.3281557189598705,0.03555402095679412
Josh Cullen,Mediocentro,2.2456780719638143,-0.919290035424029,0.7990097309863691,-2.9349753271663372,-2.804328315503451,6.501665364373945,3.4874842770324377,-1.4697571720884228,-2.7101464677554077
Will Hughes,Mediocentro,-3.4279004729125084,0.9017431120053919,-0.3046459615319321,-0.24180782226193673,-0.4262101809961456,-0.4383925344342306,0.0007496169027307932,0.7889725912038923,-0.05013732795958718
Jacob Ramsey,Mediocentro,2.6243674827091654,1.4288749047207547,3.997113014026189,2.421331648377871,0.8447970959663282,0.17914036622974833,1.2451729034864578,0.5360134599824197,-0.28106872582442927
Tim Iroegbunam,Mediocentro,-2.362903677518839,2.3201018662205466,-0.2847270077429393,-0.2016461636738132,-1.5998014924430264,-0.3950469577711322,0.3403903959392118,-1.3186960932158196,0.5256357148737997
Youri Tielemans,Mediocentro,-0.5988747298310738,0.6527025927426394,-2.333038677226864,1.3127118479127353,-0.08682334019553652,1.073217077762618,0.24237411646654447,-0.18512140512720487,0.7227388890583071
Lewis Miley,Mediocentro,1.4143901245778727,-1.1151276892829471,-0.3175047207119109,1.9443401228756712,-1.3866931091031496,0.941133018254611,-1.4707358103483368,-0.5355860523576965,-0.5554370826162546
Archie Gray,Mediocentro,2.0179470893934672,-1.207497353132113,1.3746245881678723,-0.027766040677948408,-0.9915654773486424,0.13144461558944326,-0.9138930077268925,-0.8145392351383791,-0.27578962456324124
Saša Lukić,Mediocentro,0.5694613817645212,1.9359931523415805,-0.9202150445561385,-0.11806992970509468,-0.41883796678514074,-0.752580340295809,0.09910471582451022,0.46827453910059363,-1.2649546963467857
Josh Laurent,Mediocentro,-0.6504445303250695,1.593458816839299,1.9926825634461356,-0.6127467779607997,0.24465313018194298,-0.3190771622782555,-1.1235185835567703,-0.08687536188705143,-0.9061829956987137
Kobbie Mainoo,Mediocentro,0.12438083703879053,-0.7201619020307726,0.3540250986015077,0.5164003837718595,-1.4451608550805175,0.39563532419044195,-0.41651327826527246,0.4365773610529015,0.6540246866017738
Pascal Groß,Mediocentro,1.5957905714378517,-0.9100076827012922,-1.3678309600810268,1.7087740846439445,0.47151300338925284,0.4507621862165133,-0.6640923773606707,0.25033903509273375,-1.5826621894986794
Tijjani Reijnders,Mediocentro,3.7831827432320764,-1.5905201904036657,-0.9462510249483389,0.5998983004066086,0.8238208217611852,-0.6634564648317469,-0.01788601685042018,0.2060304764809349,-0.49933970397880056
Nicolás Domínguez,Mediocentro,0.520150450419202,0.158078739810585,-0.49500734725903145,-0.754448704710933,-0.08069421446387634,-0.06012289964592126,-0.2751315414998264,-0.32077412264199057,-0.2737170689736848
Conor Gallagher,Mediocentro,0.9006797315237166,0.9025140539380071,-0.36486913133627574,-0.5142533651965245,-0.47251060837470193,0.014395042546513536,-0.3581486639058782,0.41056652257307924,0.26000398498280525
Jean-Ricner Bellegarde,Mediocentro,0.5959925472830084,0.891609648191657,-1.1405464957498526,-0.8588118062478604,0.7040594945512291,-0.002705370843584509,0.6307944702262788,0.540770794833947,0.6737358113059071
Andrey Santos,Mediocentro,-0.4012404251701944,0.5304409979910711,1.0124492620695351,-1.502720564420547,-1.3933022866629514,-0.21616844560659332,-0.5433215862046314,1.3391162466427406,0.7006253645033061
Curtis Jones,Mediocentro,-0.12073752042078713,-0.8030863637771997,-0.3520830918605687,-0.07229553335643003,-0.04778826913991183,0.8773328672462556,-0.31396006158241097,-0.1713210730307952,1.0264452644496578
Yasin Ayari,Mediocentro,2.0949781412101682,-0.11113997956744792,-0.7175967825842693,-0.2513100341339077,-0.6001084382047809,0.502895300126103,-0.5271994042970931,-0.8177258238796764,1.5005685884822582
Habib Diarra,Mediocentro,1.6663469839523297,-0.11838088875197599,-1.5132237564247817,0.8851149645917974,0.8844175444214623,-0.9270918480620234,1.3607552645674652,1.082191128050324,-0.40451092892879753
Pape Matar Sarr,Mediocentro,3.014823028954831,0.364130004741531,-0.17826164945275336,0.14207485790108784,-0.8493202787900366,-0.9987188359724091,0.3314053010255642,-0.8788209518812458,-0.5415059412756691
Joelinton,Mediocentro,0.9373803387739282,1.3369752102865544,-0.4123241215023381,-1.4459134449682831,0.5757637757588641,-0.8830111786202771,0.1337435811872081,-0.6988640062808593,-0.00042247474123461844
Keane Lewis-Potter,Mediocentro,2.5947459288445303,-1.5389872797282151,-0.9594408204987336,1.0991692756579325,0.014755140523024594,0.08433465943532831,0.32211602914948095,1.4838646012569328,0.3424682264317779
Ao Tanaka,Mediocentro,1.1989796913255921,-0.9458091344547672,0.6602498894801935,-1.1904279931310462,-0.4811054190439252,0.7336824153759717,-2.210961939987538,0.172566942512846,0.179750361399467
Callum Olusesi,Mediocentro,-4.109611332058971,-3.296009686633154,1.2128334238852636,0.5449596372207905,-0.08639894005828218,-0.20987886164573866,0.10784842485340082,-0.25331889195226254,0.08016229928149117
Tyler Fletcher,Mediocentro,-4.109611332058971,-3.296009686633154,1.2128334238852636,0.5449596372207905,-0.08639894005828218,-0.20987886164573866,0.10784842485340082,-0.25331889195226254,0.08016229928149117
Harrison Reed,Mediocentro,4.3331923300238016,-2.0441336738062237,0.058989630464156666,-1.289315442926415,1.1391477647600214,-0.6359720991738143,-0.011166914035970582,0.1591895586633416,0.001923710556377567
Frank Onyeka,Mediocentro,-1.2519166940290116,-0.8346778604338254,-0.3564806905315348,2.1402988772437954,-1.5907689918024501,-1.133327518050265,3.3345114288922657,-1.3175678842513556,2.177571541672881
Dan Neil,Mediocentro,-3.957190639261607,-1.0997630294221048,0.5277674214936633,0.0020406460211649475,-0.7669735336612867,1.0644760679085963,-0.1636979048653118,0.6019767171886375,2.647626622508974
Alex Tóth,Mediocentro,-3.3139891101979067,0.44524536174495466,-0.17026373152108923,0.09512501563308003,-0.33462957522704445,0.08443489011829208,-0.6399292159584813,0.45838169861990924,0.5294623765014299
Mateo Kovačić,Mediocentro,-0.7882470821226689,-0.9038832528053273,-0.8470270951885993,2.3678892328158745,-1.6550416244494914,0.6769836627252546,0.8417169856701865,-2.1237191506266764,2.885529734495478
Declan Rice,Mediocentro,2.16997472821293,-1.1110098275165887,-0.3376019015107995,0.9427384045201258,-0.6894229866728253,0.6119193045901455,-1.4379246877305745,-0.29610022195757907,-0.5461410288467861
Trey Nyoni,Mediocentro,-2.9833894035188036,-1.7495609507868948,-0.33010027554793375,-0.06711603785241868,1.4382932140137408,-2.5149736013616972,1.2707872655083863,-0.6100920448530714,-1.0922541987455376
Alex Scott,Mediocentro,0.804732898627537,0.7586224843042805,-0.9591320447548165,-0.8866102859825432,0.16282573098222736,0.3033345419812882,-0.5767279983701354,0.8442910202565446,0.49688404525749724
Noah Sadiki,Mediocentro,-2.517670332737281,0.13467363889516537,-0.2519426242573847,0.49361852146950097,-0.12217472803046618,0.04142640419521767,0.03975510053606115,0.26081091634183545,-0.05026093444566286
Enzo Le Fée,Mediocentro,1.9071962714880093,0.36851774934903303,-1.3079568987726449,1.007865481094974,-0.6792352170856688,0.5520483794255223,-0.595700189007632,0.3475594351312244,-0.3942967190736348
Mateus Fernandes,Mediocentro,1.3217180778877908,1.1116051859987406,0.12272564240338474,-0.6816916019491107,-1.7056797460403754,0.2378137771824719,-0.4729114572774909,0.01470077576118577,0.616120218901751
George Hemmings,Mediocentro,-3.404229910370468,-1.8541563400740044,0.12898318208712983,-0.7656329758017446,1.2135623223056249,-1.889958232450957,1.079366459353338,-1.6184146923437193,-0.032329687113831704
João Gomes,Mediocentro,-0.8088258292607865,2.0333522089820244,-0.19296622103742858,-1.251659753882802,-0.5760553127981515,-0.12555221178789905,-0.3651541000329656,0.36480819335626163,-0.4068682417400712
Alexis Mac Allister,Mediocentro,0.712678421315842,-0.35989511258540263,-0.6369741467673874,0.0674200319963014,0.08352146658543803,-0.42282711802823475,0.7354577173476401,-0.873982332899761,0.7093788384105874
Yehor Yarmoliuk,Mediocentro,-0.8124617072585391,0.34169083173657294,0.530779041732472,-0.11549820096026865,-1.3657283876373223,-0.20523519245341637,-0.9549841756965366,-0.11124817882151837,-1.0159828135147422
Kiernan Dewsbury-Hall,Mediocentro,4.118583766208377,-0.5757062969752629,-0.4450584874814138,0.13818147526422106,-0.34982721163135344,-0.16397938913364862,0.2342165914389762,1.2414483608068823,0.08628704149869797
Elliot Anderson,Mediocentro,1.302629477516903,1.6306036169990668,-0.9924466144948618,-0.09602407784793406,-1.2407841099665682,0.018987396961189878,-0.26602981107037804,0.9884458489266645,0.3664321061690396
Andy Irving,Mediocentro,-3.755963648084575,-0.9750848471417904,-0.023330159478764424,0.5872939701242295,-1.0668447554584037,0.9802217231917413,-1.8929914346877958,0.6444936985338904,-1.1192798880366865
Pablo Barrios,Mediocentro,-0.3892745364287832,-0.8427996636153833,-0.48250867036177125,-0.08009859984101753,-0.0575873512510288,1.2374522622704565,-1.2475676320962485,-0.16224857582852398,1.2309910101327015
Joan Jordán,Mediocentro,-3.8783054171978106,0.31152208526026776,2.9283411977148637,0.1370947805026026,0.8707738528314926,-1.8909865840876807,1.361484720233188,-1.044038103114029,-0.9234466534933679
Lancinet Kourouma,Mediocentro,-3.8117777638026222,0.8487236851277945,2.1295926479971747,-0.1038845563743092,0.39840395972604403,0.13485905666146517,0.4649680711050278,-0.6403238323086948,2.1619041537800654
Miguel Román,Mediocentro,-0.44916202176948783,-0.33214087680210364,1.4145193337724118,-1.3282935601877812,-1.2555494302331685,-0.41271676228817605,-0.9804176719220429,0.6191998344114338,-0.47549688795566253
Donny van de Beek,Mediocentro,-1.3896475251104927,-3.034876750603256,-1.3576940601188374,0.04340427144841367,3.7845892996847996,0.01936168150916474,-0.04554350942387097,-0.3852328972533757,-1.131502506092642
Jon Guridi,Mediocentro,-2.4739008563008023,-0.5102160112134925,-0.8808070345040553,-0.11093218568094655,1.0088675945179375,0.021000483862045904,-0.7989779900577947,0.22358046375204788,-1.2181182149750711
Eder García,Mediocentro,-3.359701317710345,-0.3897471390152421,0.3831023957084944,-0.9979632699132375,0.9713778470560372,-2.7175459570721077,1.5674315889552068,-1.358764320832248,-0.8494532918978615
Sergi Altimira,Mediocentro,1.3910909517923609,1.0501669682385815,0.5319861355647103,-0.7992630513812907,-1.8179600543399668,0.9173361316620502,-0.514923540819781,-0.40341381979073737,1.2598242854049138
Olasagasti,Mediocentro,1.4966333362932778,0.3370964689916963,-0.44698999297915165,1.9641172662588673,0.9419029382573841,1.3786894552723579,0.22917869464358057,-0.36717349745603406,1.263567380339648
Alejandro Rego,Mediocentro,0.06707618256398941,1.3539839879402897,1.0342548856223048,-1.4593958396365452,-1.3974122019205455,-1.0351088598150666,-0.5547905837631385,-1.5063117237010373,-0.34573209915049996
Kwasi Sibo,Mediocentro,-3.4172716741198177,0.2014031761529943,1.9972419404171091,-0.13978861855037336,0.9034527026257694,-0.09241906454743357,-0.2349095400219111,-1.1958897260614598,-0.2517105090291798
Frenkie de Jong,Mediocentro,1.855259123102374,1.323257662595893,4.1606072164770325,3.070164965033766,0.07321773272228657,1.1123254504276405,1.1355676578237779,0.719007183144835,0.7849431625040353
Alassane Diatta,Mediocentro,-4.109611332058971,-3.296009686633154,1.2128334238852636,0.5449596372207905,-0.08639894005828218,-0.20987886164573866,0.10784842485340082,-0.25331889195226254,0.08016229928149117
Jorge Cestero,Mediocentro,-4.109611332058971,-3.296009686633154,1.2128334238852636,0.5449596372207905,-0.08639894005828218,-0.20987886164573866,0.10784842485340082,-0.25331889195226254,0.08016229928149117
Hugo García,Mediocentro,-4.109611332058971,-3.296009686633154,1.2128334238852636,0.5449596372207905,-0.08639894005828218,-0.20987886164573866,0.10784842485340082,-0.25331889195226254,0.08016229928149117
Ibai Aguirre,Mediocentro,-4.086824675643428,-1.9596042280845758,1.214472220315638,-0.34055344433000534,0.03617753250851874,-1.6767696000075818,0.9267130558987261,-1.1576494659877028,-0.4706526410071896
Eduardo Camavinga,Mediocentro,-0.5898321420032366,0.6980348919602731,0.6586684518041395,-1.8143530206458574,-1.1330423865200439,-0.8790169605956052,0.1893999015422492,1.3288050564205365,0.5025697578769048
Hugo Solozabal,Mediocentro,-4.109611332058971,-3.296009686633154,1.2128334238852636,0.5449596372207905,-0.08639894005828218,-0.20987886164573866,0.10784842485340082,-0.25331889195226254,0.08016229928149117
Filip Ugrinic,Mediocentro,-0.9578433335309438,-0.1339018643288549,-1.6396587815934052,2.5130263790043457,-0.42227881910771903,-0.3988883429677771,0.2553495276779664,-0.002997177600242079,-1.1310838197147641
Samu Becerra,Mediocentro,-3.791817859239943,-1.399056526537211,0.33019199072822386,0.565080658270144,-0.1816434201155668,-1.05534165141173,-0.17748308295711548,-0.006084602695234245,-1.594131575171797
Jan Salas,Mediocentro,-4.027823521949992,-2.3629573204064145,0.4371966896870476,0.2589538384884306,-0.04932753521588846,0.32346989377613916,1.3005968169169104,1.4885486659332448,1.9990262682180797
Beñat Turrientes,Mediocentro,-0.616165338605249,1.717076746843201,-1.6521496014058554,0.2470146852511344,0.1757649998281554,-0.3710570053041089,1.4637976505116383,-1.4150810560505453,0.4004964019377952
Martim Neto,Mediocentro,2.880410627551324,-1.2362772381022886,0.5776278772446152,0.8724707917433573,-1.4062113435688728,-0.48018402422973694,0.3901908903418658,-0.44459799174603826,-0.29677003878303415
Taufik Seidu,Mediocentro,-4.015917390823898,-0.5171947397985046,1.4271602613807053,-0.5689450386080208,-0.16395599972696354,-2.480565854095048,1.4029306506623167,-0.8928154288309025,-1.2607848851992005
Hugo Sotelo,Mediocentro,-1.6777152092001901,0.7593403455807566,-0.6291249180186694,0.8779154719062213,-0.43194445846804785,0.383492145877489,-0.3349719811528388,-1.0116099085333516,-0.8795827029316041
Unai López,Mediocentro,-0.48791914175692425,3.501110704750466,2.0573846753462113,3.6926713185089515,1.5154781463961713,0.2449508439351272,0.9891466945082298,-1.1420604195700021,-0.8296772384534769
Daniel Parejo,Mediocentro,-2.4463409797089994,0.9013608882114895,-0.49478471152387493,-0.5751985219298541,-0.3872037988640744,1.1386061802102483,-0.9337511884520738,1.160656887032436,0.13546450192705753
Gavi,Mediocentro,-2.375471855974001,1.283388149865549,-0.20218016957360063,0.7381721824176809,-1.723117083022176,-0.9009795257911511,2.0780748819347856,-0.19412567726984695,0.920173135315265
Javi Morcillo,Mediocentro,-3.542064527164638,2.3974295016185487,0.24279288535875104,-1.7938308415920063,-0.848620748956724,-1.0648889689015808,-0.010905310406398592,-1.0474815200399872,0.2430107083334266
Javier Muñoz,Mediocentro,-1.6561939707258766,-0.7029870501161338,-1.4610084697484031,-0.9588935837455762,2.6994167109280047,0.7795687306392542,-1.395784240063929,-1.531483901665485,-0.5642084704291588
Álvaro Fidalgo,Mediocentro,2.129959980527811,-2.346592728922118,0.8881147992193904,-0.5372801276501404,0.05249699924897805,0.3938468202518977,-1.085563062607824,1.7906891181992595,-0.42066386716832793
Yangel Herrera,Mediocentro,-3.576744407156153,-0.7394614916730826,-0.4701039668292338,0.15410315387371423,-0.30352515528800417,0.8047653727640842,-0.13627227434213193,1.2911199530833963,1.4906760800735477
Damián,Mediocentro,-3.9724244266572,0.495442335993617,0.8941953197365182,-1.2108571632859781,-1.2717324507556833,-0.29718286049529263,-1.195631721708061,-1.8441450774928392,-0.026517795918019785
Ander Guevara,Mediocentro,2.2030169035571943,2.547572381833283,5.319843018581283,1.613782001236885,-0.21764054266518146,0.2540199933596966,0.30234583996287023,-0.40891993207960137,0.12475922062205465
Thiago Pinar,Mediocentro,-0.1417166032442945,0.7344744414085309,-1.1058084117564544,1.7015336038028464,-0.04196628299005501,-1.1277252377959444,1.546872563460405,-1.7054032549678637,-0.26808922950688624
Matías Vecino,Mediocentro,-3.431994675046173,0.8852829432331283,-0.09373546660637193,-1.2709682219069518,-0.617083805884941,-0.2575437873241775,-1.4859493638705454,-1.856502158455999,-0.0951698960755495
Dani Ceballos,Mediocentro,-3.7195376767553388,1.2487749315551568,-0.09021215590642044,-0.8823503719334136,-1.1524142179996886,0.600069576946926,-0.29674158704200726,0.7189878311726738,1.4504945759531538
Asier Osambela,Mediocentro,3.1228331947383596,0.5398653016476394,2.12819127876972,-1.3969490207814599,1.924046459336265,-0.4477313502330051,-0.841380852689581,-1.4334133494555479,-0.3194617215181422
Manu Bueno,Mediocentro,-3.7629892607248223,-0.48239464073794297,0.5661275298238153,-0.1303407501012839,-0.08149365486425234,-1.3537911398173619,1.149916876886586,0.5322321132301889,-0.44414011071335613
Jhon Solis,Mediocentro,-2.43422280556013,-1.4194801438872324,-0.4721400298814218,-0.7748850867335403,1.8038783894181487,1.632602551828328,-0.4104955697974257,-0.17057480737220904,1.34623373399446
Selton Sánchez,Mediocentro,0.5091433394498984,-0.02256739694315187,-2.4022263877662446,1.6728583164747048,0.7307115988495854,-1.0151025949567691,2.7508041139922095,-1.2232338267442024,1.1539868425786628
Andrés Antañón,Mediocentro,-1.737680059228592,-2.345878771047257,-0.9148498313742173,-1.2030249977961494,3.719829707882149,-0.16466948407423984,0.2165541742229535,-1.9436774824872896,-0.4476003811603778
Fran Beltrán,Mediocentro,0.08192156494482467,-0.31375002439645366,0.9849080272669883,-1.5417130895736724,-0.4947044565538791,0.17235393425963674,-1.2134663305957418,0.2582635013310235,-0.040496809810610754
Carlos Macià,Mediocentro,-3.6259607872736317,-0.020683689925148203,0.9802212267921244,-0.5107693575433313,-0.36296234416170403,-0.9868602912717599,-0.45084286496208476,-1.469323183951171,-0.07337292464346094
Beñat Prados,Mediocentro,-3.569612233671053,2.118034224968417,0.5893003345459061,-1.7221844900354397,-0.9083526304805128,-1.3066195277480759,-0.6222565106959944,-1.9212203862906136,-0.6180161734304064
Luka Sučić,Mediocentro,3.4115437233302197,-2.3130208389560867,0.15126113507489375,-0.23460432869303674,0.5040396192694957,-0.7918930316181169,0.16174012249909045,-0.3481793859768317,0.007151236071893346
Ramón Terrats,Mediocentro,1.582780611640701,0.03396428982774074,-1.0036991702934392,0.7381724773666604,-1.1622451503601108,0.17547562341554018,0.03905478161279299,0.6440192006162373,1.0049157831453652
Antonio Sánchez,Mediocentro,-2.0696275455663566,3.046833935099478,3.1084327323026453,1.7895075568403254,3.0753277005920756,1.495050174339375,-0.6057367714260263,0.5105359423646223,-1.5920042473202876
Santi Cazorla,Mediocentro,-2.1999742306394023,0.5137356607290028,0.34836797855442253,2.26112127132961,0.2662853998522121,1.3437095367508884,0.28151275086703903,1.1681047748054156,0.703910029419242
Unai Vencedor Paris,Mediocentro,-3.605823312621666,1.8948974467733246,1.6075488166952365,0.19130795983564466,0.1225013444227593,-0.4419773140430997,0.05737896743369169,0.3296327090834915,-0.9217910241858536
Manuel Ángel,Mediocentro,-1.661978727080327,-0.328644379808559,-1.719067721572125,-4.640163120199664,1.0251223041554884,6.085638433276938,5.574525706453096,-1.0459176453028107,-2.398383026414895
Rodrigo Mendoza,Mediocentro,-0.5804729156707003,0.4390201232926697,-1.2922189332349394,0.6514999596946907,0.8960961158426407,-1.0837925733331724,2.4375613719710616,-1.5570147791767415,0.2944364249098054
Nelson Deossa,Mediocentro,-2.8565465734345867,1.3970237987162528,-1.176799731560283,-0.6223432465014251,0.5345056766032982,-1.5320431215969126,1.3702364668909253,1.2740290818508289,0.16023091839156015
Obed Vargas,Mediocentro,-2.3104599537439046,0.7146147881881263,-0.6089504543431661,1.4349741198534944,-1.710784894191122,0.1994577409255637,-0.1443264115087503,0.3966364913983304,-0.09840997803560747
Gonzalo Villar,Mediocentro,0.7264002111470609,0.03841981025559257,1.3689845993796692,-1.7424218734786847,-1.3437455514691452,-0.6846103267979483,0.5129962387303236,2.4698206996847993,0.46554138693536307
Johnny Cardoso,Mediocentro,-3.7690966174648084,2.4582019290556003,0.410428780620527,-1.4793357694866534,-1.3584837430140593,-0.6588961393877971,-0.1027788674734962,-0.34587745911570367,0.31756616966918066
Mikel Jauregizar,Mediocentro,-0.27350332911095115,2.7482537220023366,2.8366901562574265,0.24247390306522637,2.144507655407385,1.4053901856362334,-0.8124884076849934,0.13344459773053577,0.1146253274141414
Santi Comesaña,Mediocentro,2.2874876749857243,0.7172281857629479,1.6678827218933099,0.6900243746440378,-0.7145016994428487,-0.3127889577943408,0.33344465205526447,-1.0906163251223755,0.9175434146613097
Pablo Fornals,Mediocentro,4.571098686131904,-0.9861299606908752,-0.5494400247911508,0.9360164712192868,-0.48247429438120765,0.13561335879733288,-1.0699465071930976,0.27916973357558844,-0.6418315100970533
Iván Martín,Mediocentro,-1.9424277229171185,1.6875142200097883,2.673991647695643,2.14212491304538,2.5015400885441266,1.3001924957184956,0.7541124934292119,0.6150793169737134,-0.6072237616737413
Edu Expósito,Mediocentro,1.2299789889944377,0.8477298409767655,-1.9250027243160752,1.3937403955841903,-0.08960392315005453,0.3170410382569892,0.052352530233270266,0.31295008968792565,-0.1943711446495313
Ilaix Moriba,Mediocentro,0.6002766564833453,0.8634093216672681,0.7255131043449,-1.0433734374097288,-1.6652503621170247,-0.23910467703977184,0.6719283370307769,0.18775247130880182,1.2507933400614455
Pedro Díaz,Mediocentro,-2.0929882311274977,-0.802456768971825,-1.301584400243843,0.33015960261223803,0.7439321244535495,0.24461695766105576,-0.3089170004979977,-0.6223140196983268,-0.14385014942333266
Mauro Arambarri,Mediocentro,1.7936996168407722,0.10654298753027543,-0.8797454257231038,-0.9940270946155259,0.7723586532596355,-0.7685224095903586,0.9307607872359777,0.5124379642075475,0.4643719523004338
Alberto Reina,Mediocentro,2.5017743702721136,1.248412516871713,3.4463446122099213,1.1776195748585976,2.35408982806337,0.7906520165835065,0.7268158456138097,1.6560310744265365,-0.04167227861925195
Luis Milla,Mediocentro,0.625154304406407,0.6279145408608668,0.45691986762680625,2.8352449399077577,-1.3339052331396284,0.8451693446164854,-0.45380881084492486,0.22359599529508775,0.4043303440315981
Aleix Febas,Mediocentro,0.003437109170287502,0.4188469092039935,0.0618251189312276,-0.695246060040029,-0.5567113313313105,0.33675216130294344,0.3140595484334431,1.4351878110367375,0.6878439567218929
Koke,Mediocentro,0.7443926034685532,-0.48911025175933315,1.0525259564170264,-0.2713013751249155,-1.685332137195897,0.2555057911376383,-0.8178285992864198,0.6329063131975038,-0.15250512631844945
Iñigo Ruiz de Galarreta,Mediocentro,-0.4898950232177375,1.7625853937834048,0.23973053902463043,-0.7327843961233347,-1.8341893532538724,-0.7118667229128537,0.1294699028212647,0.6469862777841231,0.2519716085722595
Djibril Sow,Mediocentro,3.5687852915374143,0.37518492486969324,0.46876244135990985,-0.2828052153484066,-1.2762125838257863,-0.7871284682576483,0.10912785055853017,0.25062285630387476,-0.35157507125635057
Jon Moncayola,Mediocentro,-2.0685302755786816,0.006398722805792717,-0.48120735006226895,1.4829621130795942,-0.7050058341533371,-0.04694784594859363,-0.3736252666669472,-0.7808305292172159,-0.9845838048555373
Pol Lozano,Mediocentro,0.694136867850012,2.561770682840912,4.353409866345532,0.6513869563133035,1.2785275372677998,0.06316844262437116,0.7501437129718839,0.4490918018276055,-0.1369636367004017
Pape Gueye,Mediocentro,2.6384172727703734,1.0175768963963394,-0.5791990942040418,-1.0000695093407808,-0.05998948674454945,-0.6959817100329572,0.444570767158857,0.1465670255343911,1.1818711825068868
Óscar Valentín,Mediocentro,-1.1054752990886925,0.8831544642626314,2.2693004871887226,-1.2143822143896073,0.04174292069312449,0.8978596997150302,-1.2186431854335058,-0.4304164313668367,0.6777845510524777
Pedri,Mediocentro,2.7882126292002365,1.4950731825285652,2.5221089761743776,2.7329790080893033,1.4884959406400216,2.3935520335941676,0.7075068660037277,-0.11078363902900902,1.5721854620079847
Pathé Ciss,Mediocentro,1.0948682981561284,1.6923122759519087,1.918854376294578,-0.6373422051064813,0.5672682311110756,0.18498242954951608,-1.035306989452817,-0.8901945875214816,-0.45497963745568953
Carles Aleñá,Mediocentro,-0.9595230279223097,1.0936279736243089,-2.02789549676853,1.5950006570970763,-0.30817015826292327,-0.4390252460613434,1.0572681982357999,0.11416898611548278,-0.22382754835503788
Carlos Soler,Mediocentro,2.8364031119220505,-0.5592318463097745,0.6730871938326979,0.5317604209516437,1.4917050698394867,0.9807849309555913,-0.7065037183394816,-0.7804066528259577,0.07625117524422438
Javier Guerra,Mediocentro,3.6318132639595295,-0.7822078429786773,-0.474463547286551,0.8212840539161808,-0.35561620314462195,-0.07163083207169148,-0.34989955931710603,-0.6137614647285538,-0.07264044401646834
Pablo Ibáñez,Mediocentro,0.08443485843703816,1.5553798189099588,-1.7309992327310535,-0.8210792877376933,0.8486402698559466,-0.24814554568342734,0.3072548765063333,1.0535856174575788,0.052823396682169524
Sergi Darder,Mediocentro,0.8441777468153174,-1.1010209599696708,-1.4068396182702532,1.7774296593505239,0.412410024922977,0.7655617408392822,-0.4660442429510008,-0.008232611796002471,-0.3709171091830618
Manu Morlanes,Mediocentro,1.4334885342619617,1.7354083523435666,5.3046113421928105,-0.2481781347446466,0.8862274992187097,0.6048108045848127,-0.484037673355246,0.2813103520366577,-0.22053628436033038
Azzedine Ounahi,Mediocentro,3.2492502007941755,0.05388105833226672,-1.4116120928560774,-0.14844161785236823,0.8466643582953913,0.09362779969156915,0.4593508280393339,0.8661197244551154,0.9166596749951754
Federico Valverde,Mediocentro,3.4446827778891844,-1.004875413916712,0.46642154967340577,1.4112002091249494,1.100069800353227,0.9020940011020911,-0.5405402379514631,-1.379907473495326,0.36738433817153776
Grigoris Kastanos,Mediocentro,-3.0282821450478057,2.1313829323880427,-1.5172519537109481,-1.187050177982884,-0.41952657802928234,0.40961753274020796,-0.9998119317659498,0.09526718592646503,1.0145843703910533
Simon Sohm,Mediocentro,-2.5456343489169484,0.6426473730249042,-0.1408711453050285,0.7556035741221891,-1.2739726260085633,-0.9041839464591586,1.3113374747679027,-0.7562507050452453,0.5966163567260587
Antoine Bernede,Mediocentro,-0.6791889437460454,0.05746020923842698,0.08059642666094863,-0.30248130489397373,-0.9542545661421075,-0.8193568266585837,-0.03278474135508811,-0.2592079292828357,-0.5770948265588292
Luca Mazzitelli,Mediocentro,3.840534486469532,1.5625572001842887,-0.47161501213763823,-0.9701152222855836,-0.8444647049892959,-0.567319758924627,0.29089066845733996,-1.0911693878448454,0.8559449737775502
Roberto Gagliardini,Mediocentro,-1.3223744909637212,1.6761086385245914,1.021102395440109,-1.9258934659441296,-1.5648444048982766,-0.32097114124882536,-0.7866052327908631,0.2318502742704419,0.41471621716656903
İsak Vural,Mediocentro,-3.0894123023114655,0.7992707691454755,-0.47393858229885844,-0.4017874189872372,0.4648052977977434,-1.5005781519101469,1.8557362076789494,1.7170009168580025,-0.24600417998668792
Ben Cremaschi,Mediocentro,-3.6880070668912985,-1.84429696817838,0.14851950516903728,0.6442303895658626,-0.061069391030381996,-0.40799472971628803,-0.4882532370778317,0.17304633001341652,-1.1266860157945153
Amir Richardson,Mediocentro,-3.1367609548092603,0.5517384088950273,-1.531746996281621,-0.9731685458291071,0.42171235625028664,-0.2069761367524755,0.8074080733982638,1.117761802289874,1.0025179287288104
Valentino Lazaro,Mediocentro,-2.264148749840342,0.20742438742732144,-0.5167596099798034,1.2847040811005166,-0.7136616722837082,-0.06234702023448669,-0.8013782612118383,-0.3137460959834035,-1.505644252151191
Idrissa Touré,Mediocentro,-0.5852558291114768,0.34970251334044045,0.6461853646044853,0.519775527595562,1.2580246231109498,0.6109411320292981,-1.451892010528431,0.899894141250678,-0.9594898669080882
Morten Thorsby,Mediocentro,3.8318599748970352,-1.1866167733288548,0.4608445013445893,-0.10655920139625451,0.18299161292613375,-1.9652555103538258,0.9072128977593722,-0.062474689565520644,-1.2623495569398189
Juan Arizala,Mediocentro,-2.3427844440204946,-1.300755165730805,-0.7936291448322431,-0.14821890451438355,1.4015842082956051,1.8590862371206045,-1.8018303182885118,0.11573254549972516,-1.102075504715156
Marco Brescianini,Mediocentro,1.10129632322171,-1.769701467895832,0.7303934979760257,0.10481137958043364,-0.8662620053318463,-0.8396059524799132,0.5884038131619681,0.11237179901918624,0.3859690311861856
Lennon Miller,Mediocentro,-1.3695768278541194,1.1904348844580304,-1.330492253842602,1.9600770901788935,-1.2123690176827784,-0.3529898749776335,0.78852022896336,0.37700405235007617,-0.2618621628853324
Neil El Aynaoui,Mediocentro,2.3965213595458974,1.2568313174473644,0.06979629624851186,0.3323266362245682,-0.9090160058128317,-0.677576405005095,-0.35715462693870537,-0.4556788622130955,-1.3142501934206208
Mohamed Kaba,Mediocentro,-1.9815715372268339,0.38277079638829414,-1.6057384431003974,-1.2668248055341602,2.2603497088097257,0.5380943192587451,0.4432877872683193,0.44429252814805065,0.47426799115891616
Michel Ndary Adopo,Mediocentro,-0.3251438887510608,-0.7727847852259746,-0.31410787022295794,0.28914459796568315,0.4410736036439307,0.12146623057506967,-0.6863922166193395,0.012027336852643438,-0.8753705239254401
Emirhan İlkhan,Mediocentro,1.5394204198874735,1.3511266898236587,1.1936426300974854,0.49582467185756446,-0.668157543225712,1.1016356180361357,-0.1827636494795153,-0.5917925429837688,1.949666924630092
Lassana Coulibaly,Mediocentro,0.7490855075755269,-1.1261023070079748,0.43238966339559526,-0.861877044574049,-0.12653662683552952,-0.41511928969670836,0.6535018745726301,1.400532238215752,0.630101867898103
Þórir Jóhann Helgason,Mediocentro,-1.5681396930411118,-1.4816839601209444,-1.3852563927245312,-0.08155462933478216,2.5527188187883083,1.9620144727965687,-2.6204142560282992,-1.2051378554666257,-0.4952413263800305
Jurgen Ekkelenkamp,Mediocentro,3.5497869592155,-1.3253901088531965,-0.4387416646863344,0.12046951714956129,0.1996425442539666,0.2357054292327264,-0.7397684402187192,0.05873491468676412,-0.41924878402226656
Abdou Harroui,Mediocentro,-1.698331000730502,0.7581153702633785,-0.844144839404064,-0.280546327903818,0.4273489711529523,-1.6613788302144377,-0.10751672132405045,0.6073768229088806,-2.583027266230868
Dachi Lordkipanidze,Mediocentro,-4.109611332058971,-3.296009686633154,1.2128334238852636,0.5449596372207905,-0.08639894005828218,-0.20987886164573866,0.10784842485340082,-0.25331889195226254,0.08016229928149117
Medon Berisha,Mediocentro,3.6460730776960633,-0.830472444747825,-1.4344898563674477,1.1484451103551387,-0.6175943458338965,-0.15068933913918406,-0.07968606033088495,0.21433632089523486,0.07128777509166422
Ruslan Malinovskyi,Mediocentro,2.412347556835395,0.18002828546159028,-1.0977828701908932,0.17853463577020842,0.45522274792306383,-1.0054980466152916,0.489967206770872,-0.17382101965168975,-0.40723444040513546
Remo Freuler,Mediocentro,-0.02238436882711097,-0.9602164375428326,1.4184257169409993,-2.4363642438502526,-3.9278290317878914,5.243435250891712,4.01535417307982,0.14212674520150856,-3.424685647634532
Álex Sala,Mediocentro,1.2707537942303482,1.6216207255272899,-3.280972517590244,1.2199815268697591,0.8307927420557398,1.2504598935717817,0.20517618596082274,-2.1202402881347093,1.3543552907935286
Luka Modrić,Mediocentro,0.5666166076175911,-0.645416223669013,0.09462337114183561,0.42487733699743163,-0.7856361856118158,1.2393079043917874,-1.328731601731905,0.19487683564959896,0.15091902127308557
Davide Zappacosta,Mediocentro,1.7355807700597183,-1.866147601861066,-0.3051652339577696,1.413462512088886,-0.3271546959803614,-0.4014340841861326,-0.6407429026077394,0.7079182087797069,-1.1091167173729266
Adrian Bernabe,Mediocentro,1.0629700672557618,-1.3217211974422807,-1.1324833621270103,0.051387275181380206,0.5325562279722618,0.6852538623817873,-0.16530560874805528,1.6017811873927932,1.1711969983385433
Ismaël Koné,Mediocentro,2.283024902973411,-0.3071060096251951,4.6103825185742275,0.2424044757037962,2.185896566889221,1.0400213443357478,1.0620443944417604,1.5838244841863227,1.29241609896012
Kristian Thorstvedt,Mediocentro,2.5465311292711696,0.35280685480596985,-0.4126893103946509,-0.31592739282123405,-0.23977480143246888,-0.464657045178902,0.8096387895764308,-0.14379381351067208,1.3509794685106566
Oier Zarraga,Mediocentro,-2.9831689510694646,1.3988495315606506,-0.29490360358772183,-0.6965142397504638,-0.11143712816716951,0.0891463652400768,-1.0142911287221463,-0.18584583463372192,-0.6306195705763875
Juan Cuadrado,Mediocentro,-0.9514738657976569,2.3228091750664457,-1.7319443215880295,-1.164858998095219,0.3976068183861175,-0.002638680123133663,-0.21365777781582107,1.0472151249536776,0.19814536158348692
Andy Diouf,Mediocentro,2.128778045396633,-1.4900856360196313,-0.1579880159318407,-0.7548993870463311,0.9260593867434411,-0.8059163415265423,-0.4566135679242255,1.0434774360881973,-1.1974385381076362
Manu Koné,Mediocentro,0.6554653837841581,-0.388239487320474,0.4337674460752621,-0.330259297444838,-1.1000571346853067,-0.7726977396233631,1.128929465161209,0.44347920393946927,1.121053655436638
Filip Kostić,Mediocentro,4.805109562342904,0.4719777293424674,-0.6307153351440348,-0.5948672502330904,-0.7064258299574013,0.25369014730599715,-0.8656160022744003,-0.3917846362410348,-0.2481111051750244
Scott McTominay,Mediocentro,3.7588219272535697,-1.5997999234085072,-0.9928643988461464,-0.044176123972439786,1.0328235916188873,-0.13243652481920148,0.8964766489965007,0.6053204672456018,1.6061057378885004
Lucas Da Cunha,Mediocentro,1.9136386147418256,-0.7139847770449659,-1.0949359757237518,0.604442077573659,0.46059408357446696,0.13834176468314768,-0.5112295859865913,-0.4944733421333322,-0.795103262258124
Arthur Atta,Mediocentro,3.0606227120099825,-1.28682757262365,-1.1291546746138894,0.6451228278628812,0.8081693955829725,-0.023776704636627666,-0.20475229632874012,0.5845371445571509,-0.086123033228956
Michele Collocolo,Mediocentro,-2.7320826687327737,-1.3729714477470905,-0.0024694795033612816,0.048549713874251034,1.2362308781190547,0.6158169696571885,-0.621288259566548,0.22238721281467733,-1.2457707189589675
Nicolò Fagioli,Mediocentro,0.47890879956257215,-0.3507024278481256,-0.5299786473188577,0.42241690856975084,-0.873645883292783,0.48064211948286983,-0.049569557991913045,0.7807842348762372,0.7982611587515303
Mikael Ellertsson,Mediocentro,-0.9850707236024336,-0.7577799707527727,0.9745607701430274,0.7737040837755773,0.7707084148360215,0.5692488729070612,0.10120943103591276,0.9504471787736404,0.5677066816609022
Alexis Saelemaekers,Mediocentro,1.4375626760921754,0.2669028350747116,-1.0469938564751513,0.11966203711354785,-0.4644110762761634,0.5703575748381338,-0.37289700163857037,1.147088570468911,0.8014963051240255
Ivan Ilić,Mediocentro,-3.869956135201952,1.0879199233674688,0.8277376602058651,-0.849304391724162,-1.0167183774662047,-1.0118047768868261,0.015312130067412657,-0.5372418911470812,-0.28799420311932067
Sandi Lovrić,Mediocentro,-2.3989455366059973,1.841082219228381,-0.8070295133442467,-0.8178501877757167,0.3236890009353332,1.1253846214536356,-2.035963794023376,-0.0975232702574383,-1.354320141428756
Nicolò Barella,Mediocentro,2.4444139608652593,-0.355678798027405,-0.28341032007666594,1.516608012283856,-1.7484484865535115,-1.1857874157019463,0.4754716961534218,0.6887308662988066,-0.9899129034680532
Joseph Liteta,Mediocentro,-4.017195579749589,-1.0275000498511093,1.2267603781467664,-0.34234331644775323,-0.847848317844021,-0.19460614342357027,-1.0126720888314444,-1.6293224017925534,0.3734214820736031
Aster Vranckx,Mediocentro,-2.823764769759851,0.7405246608339909,-0.6033242479979634,-0.5804561926754216,0.743028756608904,-0.9159035699545435,1.3436070698791927,1.6058509444828446,-0.7747420414034378
Michel Aebischer,Mediocentro,-1.033711200717888,0.684166555643642,0.3019504208788291,-0.41157598232580633,-1.1068976760726073,0.12927922534564695,-0.5462181225958975,0.03847963238863964,0.11187344688129443
Fabio Miretti,Mediocentro,2.891695310695798,0.35453216563734236,-1.455810392403174,0.07057492456497963,0.03291119617976182,-0.5300657709169672,0.5424247351980794,-1.4409041725934657,0.31442535018416723
Sergi Roberto,Mediocentro,-2.639676818311669,1.1532353760160212,-0.5940336294352031,-1.4581429358562088,1.0073103166773612,-0.28093827775092745,0.4018669156187548,-0.20227781792556854,0.2488839303731251
Felipe Loyola,Mediocentro,1.2492805573923047,-0.4771380488696926,2.7681737627569265,-0.9617193365269374,-0.058877110775761306,0.052000001892684576,-1.2438290193785932,-0.5968415262215934,0.9464003134265752
Edoardo Iannoni,Mediocentro,3.3628507256174007,0.3904310054661717,1.361403218195701,-1.569266948005281,-0.6921908063206732,-2.2628872237909294,-0.4642923703172385,-0.07087675419265908,-1.8297468997128925
Khéphren Thuram,Mediocentro,1.7400272478822714,-1.0276117458141028,-0.7413116444494114,-0.08240841468293206,0.6896184405103226,-0.8039870138976412,0.24178704528636044,-0.8538092417043087,-0.563390159389024
Hernani,Mediocentro,-2.923072991707506,0.49319700213629336,-1.2017619900555419,0.3041972478721148,0.2368919445566631,-0.7749745487344764,0.3693857296799034,1.4503958805195976,0.38464696400038373
Samuele Angori,Mediocentro,-2.256195409759708,-0.4188819168923966,-1.1960941745168867,1.8115594900189036,-0.5174677556739964,0.9115317780669802,-0.24125978914577245,1.7413746079681303,0.054391109226183745
Jacopo Fazzini,Mediocentro,-2.915870200695033,1.868006826428009,-1.221833610952976,-1.0954430165836087,0.1911517252534773,-0.2546763162463318,0.28774413459885634,0.8654284637775305,0.34202711145520864
Weston McKennie,Mediocentro,3.1545158789329335,-0.8490413769930364,-0.3188362324573288,0.5193534677467762,0.0695470276474331,-0.8685843606187476,-0.1908261472447132,-0.5627556850593284,-1.0541673075538134
Samuel Iling-Junior,Mediocentro,-3.803068407277754,-1.3370083491420452,0.08106749755711118,0.5474173587853184,-0.7932773987444157,0.5261889954769159,-1.278125728490172,0.6457405138477638,-1.2072229385895943
Yunus Musah,Mediocentro,-3.447355695099376,-0.42762123812279385,-0.49407097098594344,0.3828401129959141,-0.10698461044790779,-1.049865882028953,1.191840420191892,2.0738884971704694,-0.4010570604244215
Davide Frattesi,Mediocentro,-1.8089117998040454,-0.40902118571617274,-2.007729015549869,-0.7919771458418745,2.493109020989274,-0.3045161941130889,0.7806108584003737,0.6539785392815248,0.2861940637826745
Amorim,Mediocentro,-3.30153424694572,0.7649875737585897,-0.6671309953085883,0.5350046909930832,-0.7527884430421081,0.06179713840074052,-0.19891921866978535,2.1906263036619213,0.09339574613689579
Gabriele Piccinini,Mediocentro,-1.7992007547812023,0.6336430085851339,-1.8183668422471653,-1.2202520966137311,2.2200353221492004,0.5094916889767492,-0.20384344837559434,0.3065274141410226,-0.6111341104262953
Michael Folorunsho,Mediocentro,0.4507814764722372,-0.6552109381818615,-0.8108406933734438,-0.7419363555995296,1.3290385705481889,-1.17691456504247,0.9969303595211961,1.8630824947703155,0.03936999662601688
Cesare Casadei,Mediocentro,3.1889598620945208,-1.0413728587099755,0.5266633296852473,-1.933060966317854,1.3709308520747607,-1.8040900498374615,0.5777087013262714,-0.3232423291819436,-0.802290585385307
Henrikh Mkhitaryan,Mediocentro,3.246995133451348,0.9590394120940021,-1.1293720140004704,-0.8106853834803388,0.39636125171736386,-0.8369787214790632,-0.4214967537263156,0.24369775546332373,-0.9357344962587906
Andre-Frank Zambo Anguissa,Mediocentro,3.595818256253928,-0.7927846475032615,-0.07073792950476661,-1.1712158273493094,0.08230852492514275,0.29953497988519956,-0.5388940348153819,-0.3191119512251596,1.0776649985955737
Oliver Jensen,Mediocentro,-0.5256732703037522,-1.7129730091137976,0.693758477463757,0.4828167408102803,-0.7742989918211344,-0.1805938056967483,-0.2514418651929772,0.8559113149125016,0.17920511427116037
Niccolò Pisilli,Mediocentro,3.07626945999733,0.08281096661795016,-0.0026244531188235765,0.7971417297102319,-1.3647522731462955,-0.8483134840510146,-0.555592781521055,-1.1628969388511377,-0.5313710996760683
Luka Topalović,Mediocentro,-1.3252444052616417,-3.0106015989230914,0.3898468706098959,3.2806110554906396,-1.7567570991944237,-0.2582321885560209,1.4085516408468821,-2.164152963689642,0.8459916729306574
Kenneth Taylor,Mediocentro,3.114376711580413,-1.085050031775865,0.7824283192676899,-0.1519511556399891,-0.4943937158442498,-0.9456807248507002,0.4474481118018171,0.008131110452427707,-0.3621402330478076
Fisayo Dele-Bashiru,Mediocentro,-0.06002167427352863,-2.39453745790979,1.1843616102339471,-0.2985553040747968,-0.6720069434659744,-0.37804157293930474,-0.8988875382585552,1.4670103744620648,-1.0280357536143818
Tomás Esteves,Mediocentro,-4.109611332058971,-3.296009686633154,1.2128334238852636,0.5449596372207905,-0.08639894005828218,-0.20987886164573866,0.10784842485340082,-0.25331889195226254,0.08016229928149117
Piotr Zieliński,Mediocentro,3.446249657257959,-2.494028714157057,0.6268860515127054,-2.438094434056196,-2.179659807321581,5.3644171462162,4.599382721475755,-1.0302526630085649,-3.123864843975377
Lewis Ferguson,Mediocentro,-0.16981112192872944,2.3549624092806942,4.187978933496419,1.1458765281785357,1.5046425536961758,-0.517694914941839,1.1423597511635883,2.311923444176283,-0.8059898054245683
Lorenzo Bernasconi,Mediocentro,-1.5260935486225622,-0.5809396165504217,-0.9300354423455705,3.055491316637485,-1.3058477165498648,0.1471952024900252,-0.5648322857847355,0.23361552423642865,-1.4607904097584552
Patrizio Masini,Mediocentro,-1.872466206950796,2.9214981855687547,-1.4067420065879617,-1.109184176506806,-0.09043399903590066,0.280835002558665,0.052233949172200055,-0.5978028765365281,0.846550310292615
Yellu Santiago,Mediocentro,-1.7064898897828342,-2.1949798999644283,-1.7075072227092931,-0.9526845458777317,3.630502431878951,1.181488644766105,0.9688762758723727,0.357065674643039,1.8672574285948305
Mattéo Guendouzi,Mediocentro,2.00839036069082,0.08944547522173281,1.5218215155168384,-0.06012137479462185,1.3652671307709465,0.6057901843554293,-0.05092211403576945,0.1711238560690194,0.47597465409891754
Gael Lafont,Mediocentro,-4.109611332058971,-3.296009686633154,1.2128334238852636,0.5449596372207905,-0.08639894005828218,-0.20987886164573866,0.10784842485340082,-0.25331889195226254,0.08016229928149117
Alessandro Deiola,Mediocentro,-0.8174350200415125,0.3090934106578258,-1.503081262252113,0.650333233796645,0.9560147646118866,-0.5537543245611236,0.44808407840109843,-1.2063138609406034,-0.8727852155116135
Jari Vandeputte,Mediocentro,1.362186228859908,0.37063425773325154,-1.3399659088566838,1.3157590702114512,-0.3154760197275894,0.265235041445813,-0.12023021770280512,-0.3357602702200914,-0.5456224772386944
Nicola Zalewski,Mediocentro,1.875095161272492,0.07603559566321583,-1.7001260607431763,1.4555694462370008,-0.6324379639587439,-0.0232891713251006,0.4906205137799996,1.3726583870789661,0.5738785579336039
Tommaso Pobega,Mediocentro,2.6550299212909803,0.7142388246161047,1.6025892312286338,-1.31470380288906,1.223595606236496,0.12743355303720363,-0.5842563053758709,-2.0031846155841824,0.8579546869096331
Mario Pašalić,Mediocentro,2.4394742342365148,-1.702957581875934,0.784999906493718,0.5182345862610801,-1.1736595832901244,-0.8319854079144939,0.21830672958861588,-0.7047138281735543,-0.03961669512875228
Raoul Bellanova,Mediocentro,-1.3783384318324143,-1.1311477652631399,-1.416928598095509,1.7772472307031613,1.0267213689850936,0.7717320949405385,-0.7630951184098467,0.6616654060169658,-1.4112340842226818
Luis Henrique,Mediocentro,0.7833016516538458,-2.114745469564592,-0.349555616750316,1.10762634923089,0.4554187597644769,0.6151302175819626,-0.8479054858263526,-0.14956691620784962,-1.2179026213075197
Cher Ndour,Mediocentro,1.4273670615286749,-1.337349031784061,0.5024270733860071,-1.267727031402397,0.4043903465424607,-0.3046506501789815,-0.44381069554457475,0.9356954669104308,0.04913656771000034
Mitchel Bakker,Mediocentro,-4.109611332058971,-3.296009686633154,1.2128334238852636,0.5449596372207905,-0.08639894005828218,-0.20987886164573866,0.10784842485340082,-0.25331889195226254,0.08016229928149117
Jean-Daniel Akpa-Akpro,Mediocentro,-0.5820088429275098,1.8874165660445863,0.6186980861326563,-2.118812879114606,-0.7334895947796778,-0.4840336033156102,-1.0610957889081112,-0.24681913446738493,-0.6998423467694723
Ebenezer Akinsanmiro,Mediocentro,-2.226184734959673,1.6350034801380566,-0.9459306636850379,-0.31544369091750196,-0.49317010230574204,0.15309206940447728,-0.03789849362458608,-0.3740061919984848,0.7251807824257313
Martín Payero,Mediocentro,0.08721705299763698,0.870629750339916,-1.0576226971372011,-1.0645195973423396,1.6452623697115185,-1.2106286592124136,0.8559493885761223,1.4490680165075616,-0.744626458602921
Maxence Caqueret,Mediocentro,2.8670417356806124,0.6842686510141812,-0.42448632896882427,0.8393628339502058,-2.0110245440392522,-0.698388307177518,0.3870659507357464,0.2884987845852194,0.07853720151057676
Brando Bettazzi,Mediocentro,-3.954734944502852,0.3566979384483603,0.019879918712218943,-1.331280745364889,-0.5644584498381792,-0.5439597068342439,1.4195284665295413,0.6847271281939696,1.2342396797157469
Petar Sučić,Mediocentro,1.270617312857334,0.27430375582944677,-0.1195097874119695,-0.5141686770768357,-0.72975542142697,-0.4514241453421521,0.2814045856240905,0.3298060761021203,0.03333937393775878
Youssef Maleh,Mediocentro,-2.8443191462155397,1.5245333160283419,-0.800648859066996,-0.7814160490252234,0.32610354017974447,-0.3277265790250026,-0.22034642549953626,0.07861782926369303,0.2825356211875921
Christian Ordoñez,Mediocentro,0.0011593571571139364,1.834966044879292,4.878825750328696,0.5811182037898857,1.3785317323239081,0.34402846483971733,0.31473359158412123,1.0597043011671137,-0.18675218149472497
Suat Serdar,Mediocentro,1.8749214425374456,0.323909758510066,-0.05527444974759287,-2.0845614864719977,0.6844480814839153,-0.678796691338876,-0.45453947805976297,0.1716090387132359,-0.4674920081028099
Warren Bondo,Mediocentro,-3.4366508281281205,0.1374240915873816,0.2522389134109427,-0.9218120207809481,0.3414627655934012,-0.8330560078018788,1.270376791957,0.2941302151846253,0.37061500544222703
Jakub Piotrowski,Mediocentro,0.14485926197039461,0.4217149463557096,-1.4823954729380509,-0.5279572268937028,0.7786606277528823,-0.2196819083685425,0.08346285821914323,0.4578951502062225,0.12421565762364646
Gvidas Gineitis,Mediocentro,-1.861482630080358,2.2486165922994417,-1.7287279138155962,-0.15365259013340632,0.022423909675902996,-0.2647678333410778,-0.11487176647765143,0.1257901548759036,-0.23311122202878987
Toma Bašić,Mediocentro,2.090617414076449,-0.8388577942515926,0.1781317363081414,1.1472158436674544,1.6428033337632069,1.1969455948892225,-0.19946881303902222,-0.8352293801635271,0.7180486335114324
Ruben Loftus-Cheek,Mediocentro,2.967102884057395,-0.8482255924193537,-0.24811337488546878,-0.6313379587337732,0.16209434884346324,-1.5994416351507397,1.2936883136148742,0.4549892571297045,0.6348441645320322
Alessio Zerbin,Mediocentro,-0.4862023212086076,0.14384833722335838,-2.2277011283807484,1.592681137016757,0.87875189691774,-0.43598509150230186,0.8069058516689406,-0.06738040147633219,-1.2961852794985376
Albert Sambi Lokonga,Mediocentro,2.86449854376716,-1.5079404173611874,0.8617594677992654,-1.7088204884178133,0.5021381882927479,0.13411086710594594,-0.2720767762857106,0.561253029290854,0.7811815912851459
Joel Fujita,Mediocentro,-0.34309323447889245,0.3262828252707964,-0.3155037615873158,0.3611887443167559,-0.7321494224947357,-0.35858628463859016,-0.5960520694760986,-0.515146165274165,-0.5852632264308204
Bara Ndiaye,Mediocentro,-3.8468653698893545,0.21392216732229968,-0.028237639719405228,-0.4574316688088226,-1.3171206588109847,1.4176184596194166,-0.9904170932493466,0.7896308539702243,1.6012993546485892
Kevin Paredes,Mediocentro,-1.8309646180916739,2.1821173179274735,-1.8018574956994682,-1.2117467278271736,1.3469452692076418,1.4166959344878083,-0.9203807966641921,0.9580711023673926,-0.04128472919199254
Umut Tohumcu,Mediocentro,-3.436635037415953,-0.0868864615826321,-0.08998674307193043,-0.4558777268076559,0.3926449583572756,-1.3469837862731953,1.396144986525099,0.6361139028133613,0.0472831525840753
Grischa Prömel,Mediocentro,4.091591444592356,-0.5860627107720531,-0.10746165984550383,-0.7968532610320296,0.1324811784421891,-0.8088960407977056,0.6371187114839771,0.04470704318243038,0.8402153947415618
András Schäfer,Mediocentro,1.8599350647085235,1.6385295053950324,0.48882201252834523,-0.8848353361285128,1.3745172217952097,0.7851955723819835,-0.6990120440134958,-1.062484539829311,1.0579404542854054
Jens Stage,Mediocentro,4.174237803652501,-0.6404670730073678,-0.17807233247021897,-1.058772974537415,0.3292780417084618,-0.7295208189208985,0.23619599245139453,0.03936238205642699,0.2187374780673028
Alex Král,Mediocentro,-1.8976570421360157,-0.254954005436693,-1.7776174546800905,-0.5963851626802668,2.280467533690142,1.1905313279251153,-0.05795308449851916,1.1455567448682062,0.25279751537514705
Aleix García,Mediocentro,2.1307916646908813,-1.275183396634708,0.237909085184085,1.920485939092513,-1.9927093141382233,-0.2535267153321055,-0.35147346348060904,0.43427245471116765,-0.3897394291147708
Hugo Larsson,Mediocentro,1.4119741379141706,-2.2612404313764753,1.304789925924375,-0.03086546444422097,-0.6998794060219995,0.9516763243493441,-1.4787736263216331,-1.239235386326592,0.5714871810878374
Felipe Chávez,Mediocentro,-2.100316104510336,0.21963032436414326,-1.6441203205164363,-1.2208077402070512,1.4046197074084432,1.401700769162717,-1.782737565761906,-1.0589927391732261,0.8240672819272032
Castrop Jens,Mediocentro,2.8915882791095977,1.4294922622858817,0.3077415809923341,-0.31827347021628993,1.5774490996314432,0.38010394045882223,-0.3975589291648023,0.23595003360210803,0.23197235241678885
Robert Skov,Mediocentro,-3.6280875551033915,0.8586044426239979,-0.48129129404620197,-0.40005792603561824,-0.9983965143449978,0.27580245436056,-0.8621468716766059,0.6015748227545298,-0.16363905536461987
Marcel Sabitzer,Mediocentro,0.05496953962826046,-0.4412205993608777,-0.2575138608073317,0.958272614344107,-0.904013057704036,-0.25075646672138224,-0.564635207418962,0.46065492452899215,-0.5337493322229092
Jackson Irvine,Mediocentro,-1.8208543845595127,1.7773533711639187,2.7583100791581927,2.6711301152013234,2.280787913533975,1.1940926807010008,-0.0957925963141073,-0.5576261292617476,-0.20986257551760815
Janik Haberer,Mediocentro,-2.611376869356654,0.7064932218384287,-0.6325051336481463,0.9880168022540338,-0.6532875565257965,-0.6220386035972701,0.3603754088330309,1.0486725188147312,-1.116939674754045
Ísak Jóhannesson,Mediocentro,0.3099965440266572,-1.1367950324119767,-0.015441444244618562,1.2207808071537218,-0.1746567064577151,-0.22612148235278592,-0.43080091285787786,0.6467292743750749,-1.8380867893601704
Maximilian Arnold,Mediocentro,0.839323624687018,0.004587440042220015,-0.2608989822752039,1.2347152413197002,-1.1836407292232105,0.9917882216383392,-0.6302541264862326,-0.10358377471000667,0.30277270562883457
Rocco Reitz,Mediocentro,-0.2817243140301198,2.7832887342304184,-1.45054567349658,1.5315763408950818,1.1803931116120534,1.0850352886263293,-0.3202246137119763,0.0637093200496773,0.16126358847271569
Jobe Bellingham,Mediocentro,-2.0512625875147705,0.6022094120628749,0.7268108000009502,0.4064645462119783,1.0747819787643313,1.7874186908789007,-1.0466246127320868,-1.378373936182132,1.2910129687867973
Xaver Schlager,Mediocentro,2.1021820497542376,-0.6836841969504642,0.6926880941725136,-0.8827199772083306,-0.29314174829952905,-1.0624781027261576,0.21027684777119202,0.5607721016826139,-0.8435686604980681
Cameron Puertas,Mediocentro,0.4697558306446958,1.687601037107209,-1.4972781268179858,-0.08151054241490334,-0.17734548781044812,-0.5476863053357656,-0.3166788206842603,0.08516988995957928,-0.8545375318058501
Mattias Svanberg,Mediocentro,4.44738167515073,2.859269205903031,3.0779327532648266,1.0858964186764457,2.8156406277843287,0.040657824051787826,1.5010320362940055,0.44070175021533475,0.5877530572446155
Jan Schöppner,Mediocentro,1.977779679189492,-0.9595267928258123,0.7554085257463047,0.33492414518099417,-1.094904357129368,-0.42552573997672877,-0.5516243846674724,-0.25137278077632624,-0.026959941094118017
Nikolas Nartey,Mediocentro,4.4395247169007455,-0.6219460228413684,-0.7709371270345712,-0.028153848084440432,0.3087062597183025,-0.0649809071700248,0.524068610946788,-0.001512889248656911,0.6690629941134505
Luka Đurić,Mediocentro,-4.109611332058971,-3.296009686633154,1.2128334238852636,0.5449596372207905,-0.08639894005828218,-0.20987886164573866,0.10784842485340082,-0.25331889195226254,0.08016229928149117
Yan Couto,Mediocentro,3.687278672133065,0.8987636463408902,-0.23543182579427135,0.29769989438496725,-1.2215819504372276,-0.5161980615388256,-0.28123656889511456,1.0106709866575103,-1.294155733973821
Yannick Gerhardt,Mediocentro,-0.445656968578498,-0.9971340652414338,1.3911241204588372,-1.435551613906895,-0.963620249811655,-0.8620310389021767,-0.0684053701475505,0.48797542533172616,0.8378686529044352
Oscar Højlund,Mediocentro,1.3894774830202266,2.10288026920839,4.5781324216338115,1.0389736656503246,1.7697551777841398,-0.15735761524471314,0.9430374948900361,-0.2171867657408591,-1.354745742784694
Nadiem Amiri,Mediocentro,3.4216519677187374,-0.31249349638281976,-1.5278702336553087,0.5219591091329187,0.939568198131293,0.009401058171028414,-0.4679781913197774,0.6539358320360653,-0.5884266155000573
Felix Nmecha,Mediocentro,0.9111447654817202,-1.01831905863666,-0.13516672059433546,0.2596509738626723,-0.5772540676471593,-0.2829611491223065,-0.017769707912830997,-0.8066327313074141,0.8412021945415444
Elvis Rexhbeçaj,Mediocentro,2.008643819749978,-1.0998536505253713,0.6553027397562312,-1.0709974070971473,0.5195052120771592,-0.602868952040148,0.06917173244247793,1.8093983269984626,-0.6777098947703629
Florian Neuhaus,Mediocentro,-1.2331225298038704,-1.2247539683001654,-1.5693088956201344,0.5638287681790055,1.4413973649486733,0.8594997137441353,-0.3047758760508971,-1.488276869349763,0.8157468054584246
Carney Chukwuemeka,Mediocentro,1.4581742098440813,-0.5939326322870929,0.9485076939270982,-2.0495594569344995,-0.9121091480285751,-0.7804737130939223,0.3202072784014074,0.7646996568049212,1.4300967815344692
Exequiel Palacios,Mediocentro,-2.4800740060446045,-0.5144516728326203,-0.23973552874527373,0.5970995816340922,-0.26005019591900586,0.2887464055778297,0.6700291829937254,-0.22585431003821305,1.1988166598402048
Johan Manzambi,Mediocentro,3.6442370730476723,0.5612155753997231,0.39870269473674447,1.0129080356202103,0.6383604966003791,0.5895222445158161,0.32056269239660645,0.4879134766499632,1.9435236494050832
Assan Ouedraogo,Mediocentro,4.5364019799001625,-2.286694785464039,-1.0208827761078967,0.4641929396349404,0.9347082708976721,0.2770344396460089,1.1672546342817873,0.2958698856479341,1.688076123946892
Denis Huseinbasic,Mediocentro,-3.790147979336809,-0.8707901679348595,0.3868975796484793,-0.40070820558436443,-0.3533597690625057,-0.135479900148823,0.12193672148398724,0.03220920535038421,0.5795214095383687
Leonardo Bittencourt,Mediocentro,-2.088212639228151,1.6934209456580123,-0.6372993593618614,0.7075552382359395,-1.7211784354894066,0.0017464804374591302,0.5776242959706221,-0.6349984221624804,1.1455199033738628
Nikolas Veratschnig,Mediocentro,-1.4603153111527891,2.5265843330714586,-1.2794563542196817,1.1665207668090383,-1.348870787450658,-0.11081163210245168,-0.21358628207236108,0.12738305999679572,-0.9341977991428226
Ezechiel Banzuzi,Mediocentro,-0.6508219444686552,1.976848252828105,-1.8748600551593486,-0.28219814876172006,0.716883992387351,-0.4193848879025936,0.6254715164803528,-2.0140376557355033,0.04833445096818352
Leon Goretzka,Mediocentro,3.5173448352392582,-1.0495775320800569,0.2636930907868192,-0.06757036466161491,-0.5176001979652161,-0.23102657117757244,-0.5102078141758345,-0.7069354591545359,0.4665713744759701
Maximilian Eggestein,Mediocentro,0.3779213588818997,-1.4386202351952586,0.24193249479173323,-0.5735300321867818,0.29975936323853614,0.2142306266089438,-0.8936686649965969,-0.35247767998396656,0.13442260476789375
Pharell Hensel,Mediocentro,-3.6005954001544103,-1.7777894377304124,-0.1784080238038027,-0.36101530016439165,0.2790057177388895,0.28724124388388617,0.4754027663603053,0.48592811241046285,1.3012817702617971
Connor Metcalfe,Mediocentro,0.21545970495713407,1.1559925116318452,-2.2114856168175594,1.371822758255251,0.16293446729634625,0.15302857604937298,-0.21426137164476214,-2.385586254573778,-0.5757092181090736
Rouven Tarnutzer,Mediocentro,-4.027029465541167,-2.353898559569261,0.42966623595696773,0.25617708316093196,-0.04896761866402056,0.3286480370326624,1.3121768983932554,1.5054600014466966,2.0176560154893086
Han-Noah Massengo,Mediocentro,-0.04772896173154004,-0.8583004229240452,1.1288558635270405,-0.6380572437024485,-0.7902497843099442,0.267452597985609,-0.976431050612556,-0.315031481141587,0.49763812478770963
Alessio Castro-Montes,Mediocentro,3.047126910518722,1.3359152285996057,-0.4869528656365995,1.0781457323840986,-2.696202154361156,-1.1259116812542043,0.34991641687907327,1.1984404249605622,-0.7914147430146945
Oscar Fraulo,Mediocentro,4.268659875492911,-1.4818485293445582,1.159959384684628,-2.3975902697684166,0.7993750984506273,-0.8660073050407727,-0.8767235045128885,-2.635851651082395,0.6759789115237316
Luca Kerber,Mediocentro,2.9348430709012097,-0.17719355988565585,0.8816493742416774,-1.8322396815297872,-0.14016050237847802,-1.6835105415658829,0.17725823071205757,0.8475871041722544,-1.1601840294995858
Tom Bischof,Mediocentro,3.562058120674184,-0.34293129959014224,-0.7803867582456062,0.35370398931455016,-0.4485373110918425,0.03834597724803448,-0.8308191677514326,-0.9263715066713901,-0.07321833933301676
Mathias Rasmussen,Mediocentro,-2.522104164786737,-1.1744340480789794,-0.605660328456287,0.28490297596336084,1.050331138512698,0.7312925205625578,-1.0208057573195206,0.3842825259807576,-0.40553494970873355
Alexander Prass,Mediocentro,3.824785611241935,0.768888094281066,-1.1171352918395658,-0.2927997680910803,0.2487283709730719,-0.5290986273665227,0.3197407934490167,0.8563692600684044,-1.0489148150581546
Mahmoud Dahoud,Mediocentro,3.3374806114153666,-0.5912764277898569,0.40520736970242244,0.0024559917307450203,-1.8929411216876628,-0.845093271003296,-0.4465546161954537,-2.13140513157373,0.8813200169197983
Tidiane Devernois,Mediocentro,-3.813781623559521,-2.7338983931707337,0.3260865827787775,1.45311991583935,-0.3048274825083764,0.41328249824326746,-0.9994277590201693,0.9014581466910915,-1.046450467335458
Daniel Xavier Semedo,Mediocentro,-4.0155821213694045,-0.6766720526110657,1.3055624090538176,-0.6073179168398817,-0.6842951244015997,-0.9455924057942632,-0.5379398361472907,-2.057754634928357,0.17631733112657144
Joseph Nduquidi,Mediocentro,-3.815427407751451,-2.7370255770008445,0.3310198058169221,1.448067563802529,-0.30361230285635915,0.40981567565695864,-0.9932676689847113,0.8950337959893203,-1.0401828024307735
Kévin Danois,Mediocentro,1.0654253455224296,-0.042190520626729996,0.17968855366404912,-0.41997925768146704,-1.0422757667315004,0.5852056403876377,-2.013243299579379,0.984668137672543,-0.8399333517147498
Glen Kamara,Mediocentro,-4.031566930734453,-2.4056629072101345,0.4726974001288522,0.27204425646092417,-0.05102428467469428,0.2990586469953875,1.2460050042427138,1.4088237985126875,1.9112003167965714
André Gomes,Mediocentro,-4.086607954726432,-1.9468938500820756,1.214487806694731,-0.3489754437469288,0.03734334135086603,-1.6907210064865665,0.9345011705961682,-1.166250436121192,-0.47589137005884835
Vincent Burlet,Mediocentro,-3.840937062726369,-2.7854969263675624,0.4074847629081627,1.3697561072318052,-0.2847770182500924,0.3560799255691724,-0.8977862734351131,0.7954563601118684,-0.9430339964081722
Valentin Rongier,Mediocentro,1.1180734213233758,0.8024277128027645,0.03377052106254468,-0.40392344735614044,-0.9417153696890154,0.3689981208577157,-0.6244436175377274,-1.539576671301291,0.059009872293934965
Pape Cabral,Mediocentro,-1.632539884396154,-0.4893433151678444,-1.4673050356580422,-1.7328475133349488,2.8494495232393366,1.219946843776716,-0.7497666256659273,-1.4705351283845596,0.9939751874730519
Tyrese Noubissié,Mediocentro,-3.7087829112350783,1.732524848631419,0.39863507986116464,-0.47298927590665646,-0.9836266784829948,-0.9116121336201668,0.16308707143646647,0.26278512534581855,0.20184428457349454
Mezian Soares,Mediocentro,4.691042980096346,-3.911342240352,0.4951046306175092,-0.6198896729945922,1.7284193425640975,-0.782831498697916,-0.058732011532256975,0.07636197680860833,-0.42801335180957717
Jahyann Pandore,Mediocentro,4.407280425188198,-0.6868424914779904,-0.32348372270106496,-2.095406568236992,0.5663386081124939,-0.12451558746808854,-0.5937414992901336,0.12397621299964949,-0.1105734342447884
Djibril Coulibaly,Mediocentro,-4.086824675643428,-1.9596042280845758,1.214472220315638,-0.34055344433000534,0.03617753250851874,-1.6767696000075818,0.9267130558987261,-1.1576494659877028,-0.4706526410071896
Paul Pogba,Mediocentro,-3.375335867780173,0.0448651093847599,-0.49827911664892244,-0.9116544496289805,-0.11935725875077201,-0.12224856827644325,-0.6048711446874118,-0.6071171906432591,0.17241514507254696
Haris Belkebla,Mediocentro,-3.849996206161951,0.2761482932716523,0.32159161267943154,-0.5391201427949095,-0.9744786849414018,0.4072255657137037,-0.0148121167467958,0.7467638109827112,1.1661010291259668
Khalis Merah,Mediocentro,-1.8695002500314493,0.039733378767506204,-0.9654523854759597,0.3199596523456654,0.2732328009211361,1.319466545481508,-0.03169795544931741,0.2762697257443687,0.1975396723128569
Quinten Timber,Mediocentro,-3.0153089797418553,0.727001286837441,-0.512947514450052,-0.4884744418332561,0.13178972815937456,-0.25154871132087026,0.3354005191916994,1.148149817427611,-0.09053081050243088
Alexis Vossah,Mediocentro,0.5608176085451848,0.051419901828285715,2.9063878733075525,0.06072361178537856,-0.23475445155802288,-0.8770080210579,0.6961072167904896,-0.33019938025171075,0.22812228840385754
Fabián Ruiz Peña,Mediocentro,1.9385010672934808,-0.6844849853589383,-0.7523176333072691,2.034534040629783,-1.1502060138420438,0.01535722238763974,-0.7741428630131952,-0.9343842882002183,-0.25433971658547533
Sebastian Nanasi,Mediocentro,4.900438909389271,-2.820577028808466,-0.14850001675560404,0.677722438532711,0.44374985135745476,0.09310978176943907,-0.546113256444583,-0.2515560979976528,-0.46619277432576695
Arthur Avom,Mediocentro,0.5254915873827127,-0.3558959105795228,0.2901558514650029,-3.1824954005718302,-2.77033171567572,6.302460502221066,3.5094087634701467,-0.1096795073814168,-2.525868756597982
Samir El Mourabet,Mediocentro,-0.17755417590224637,0.2031204767326099,0.7161603553619188,0.04955804444095533,-2.220734213830259,-0.12876977149661448,-0.6812723388575754,1.0857110483117096,-0.02384479885078015
Branco van den Boomen,Mediocentro,-1.5874997857645776,0.1423908482383192,-1.2029410328249568,0.45010837201764037,0.8516753429849154,0.37949298234693424,-0.5138571672991264,-0.5652235357986264,-1.3305559561851097
Diego Moreira,Mediocentro,3.93044809605308,-0.2985000968369694,-0.9567086014486131,1.1932356153278283,-0.7204222147574701,0.3205412831258831,-0.5311938071175071,0.8526977152164502,-0.4005455652887839
Junior Dina Ebimbe,Mediocentro,3.915743305877974,-0.3812066243166099,0.11078218915454502,-1.853288916053591,0.6250688564863829,-1.6338792294552569,0.6156446637123347,0.6961919361765594,-0.28534343205542384
Yassin Belkhdim,Mediocentro,1.408108909610531,1.2157582827304592,-1.2982144445703048,-0.5652217011471865,0.3418147164262783,0.6257056461767501,-1.0628078237707053,-0.12625917215892452,-0.21105850060775913
Krépin Diatta,Mediocentro,-2.050822390165895,0.6739663313810178,-1.021131267155263,1.719578786523874,-1.216733218761774,0.5346418446330602,-1.198361565132314,0.6753722913054223,-0.9914133254878146
Lucas Tousart,Mediocentro,0.4559047847124883,-0.6612113450641669,1.0717764422486027,-2.2631341803384695,-0.06410053308448325,-0.3974089000308997,-0.9872446377705144,-0.9787591348533972,0.058562434777331876
Vincent Marchetti,Mediocentro,2.9847573906177685,-1.0051834238760389,-0.527074231085893,-0.5758527932376648,0.5170753821300926,-0.9059869414060806,0.21334790157356784,-1.0374769827502535,-0.14426524825276404
Djaoui Cissé,Mediocentro,-2.096706822865775,1.081191654762385,-1.6673789020157073,-1.3188383432440471,1.6462890852088805,-0.14005655946569034,-0.318113327554909,-0.21404666815221465,-0.8686074702598384
Valentín Barco,Mediocentro,1.9015937296563363,1.1880754733952157,-0.3504809255904949,1.3890705621786181,0.6545782251373273,1.0911827429107668,0.23793705779595578,1.1613024905927636,0.38979406719165133
Timothy Weah,Mediocentro,0.9484736878761842,-0.08510281845511936,-0.6011041273578565,-0.13692019123733773,0.13917094800880553,-0.0641218251268857,-0.6048351857656955,0.023615548637673543,-1.068473362047709
Ludovic Blas,Mediocentro,3.6551176287537275,-0.3367403742311003,-1.9977296676695868,1.2356764142026186,0.45482868816080324,-0.33358216512203803,0.3133786344082663,0.2868964904989609,0.20384768355735108
Lamine Camara,Mediocentro,2.517167696877672,1.844586279608735,-0.2031245525073728,-0.17047426440393365,-2.6848585754011576,0.21459259691278945,-0.5051020096844928,0.5657403472768413,1.285561498178868
Noah Cadiou,Mediocentro,1.8388473446381954,-1.3346302345357395,1.0827036336120393,-1.2661608089658754,-0.007296602581633812,0.09409861891724497,-0.8494414593976871,-1.2488537345689605,0.4583056509999227
Simon Ebonog,Mediocentro,-1.0950525849652992,1.1708239881496683,0.274768869054738,-1.5853571780349212,-0.5481338681843557,-0.4438793479390931,-0.11862135914128798,0.5772456977157265,0.8217535261042839
Hicham Boudaoui,Mediocentro,0.8321693635204128,0.36885214255811394,-1.178282360140685,0.32618751597489104,0.5733013966822972,0.36229469222692107,0.31034993282288104,0.6574231857507494,0.3274239180614022
Morgan Sanson,Mediocentro,-1.7525327368389467,1.4538813815555987,-1.2102713715425921,0.6956465784340139,-0.5085856717982018,-0.2720912217179775,-0.24739646358815662,-0.39546063979444596,-0.600729413106866
Senny Mayulu,Mediocentro,3.706170792694296,-0.18962200714385744,-0.9115530993745954,-0.010179022402354075,-0.4516094662621566,-0.09051937776681597,-0.03629688384493564,-0.32212823961475,0.26504328031399177
Yassine Kechta,Mediocentro,2.4714196177197523,1.092991806237531,-0.9105905249950151,-0.8622912217379879,0.5049107394453726,-0.6300806511067804,-0.5390469278943394,-0.10734154476576865,-0.8448640654301374
João Neves,Mediocentro,3.2727994834730576,-2.38100642831599,0.7247420485373218,-0.8740201550726431,-0.4760140934700445,-0.4000820518729836,0.21247098864813327,-0.36147817501989427,1.4210674338896825
Dehmaine Assoumani,Mediocentro,-0.11557955480602738,1.524284181391925,-1.074454518262475,-1.4829316357802755,0.5552596802380881,-0.035169074770806795,-0.933299627843008,0.4183549939349678,-0.12257582147353123
Pape Demba Diop,Mediocentro,1.4135579890346806,0.7713631145485987,-1.499458821421377,-0.333754740516618,0.3613716948575108,1.1792108380702957,-0.9873063554467293,-1.4584936663181893,1.0237297490416057
Jessy Deminguet,Mediocentro,0.3317515651313142,-0.31185551986283105,0.6883023085028058,-1.6481218145477785,0.047189359886760096,0.37897576432765406,-0.7604613427727487,0.5970189334888719,0.4844513030020177
Théo Le Bris,Mediocentro,1.4501599591714494,-1.4531108043162373,0.10006658561777826,0.23199899034365107,-0.6640025795850152,1.3736060109972528,-1.8946358292859233,-0.1281371960135312,-0.3796335185854788
Mamadou Coulibaly,Mediocentro,3.848267813033574,2.243625803099952,1.6740986137020821,0.3540210252012155,-0.7355529551668046,-0.4856087118038053,-0.23699745173832945,-0.2651538247105185,-0.45994294732803864
Tom Louchet,Mediocentro,3.104862321078764,-0.4347990023727423,1.3283972307902285,0.6073327637550414,0.1291971533865632,0.7480805473887827,-0.6795271675410022,-0.15597632973752634,0.5616300675258667
Adrien Rabiot,Mediocentro,-3.396037142489967,0.2449204453690771,-0.2577998214363868,0.15679498869439637,0.13805418666187547,-1.4931339548009932,0.7515369349965233,0.9144283851062736,-1.2609942366221836
Believe Munongo,Mediocentro,-3.100219683334722,1.184471687333773,0.0024048744368849865,-1.4996959598125683,0.08902185393078228,-0.6627593762264941,-0.647897353452886,-1.619868706993288,-0.4297721535041864
Mathis Amougou,Mediocentro,-2.40584950055677,-0.09352477077239879,-0.508173499194493,-1.1809378205428627,1.3837214617646183,0.9722358302176793,-0.6038417687046572,-0.1630382409535336,-0.6459970240947244
Mahdi Camara,Mediocentro,1.3654116459469792,0.44838702110540146,1.0656474216127956,-0.12888767045524394,1.1066904814523995,0.2852035906234281,-0.7136582542977293,0.34626659249929786,-0.4935881461250225
Adrien Thomasson,Mediocentro,2.7173808948734552,1.728715300573521,-1.7070990847223966,0.7345455372832829,-0.6695223922169206,-0.6709008042091505,0.5472925821983705,0.24321955293581377,-0.755981095671249
Hugo Magnetti,Mediocentro,-1.1109961229913055,1.0272052807653331,1.4184689510648454,-0.1451113353304206,-0.363851368053621,1.2092577668250855,-1.2542888808997565,-0.22061971505517017,0.9565247783852202
Rassoul Ndiaye,Mediocentro,2.6344404677070403,-0.9983332878896809,-0.5460743339700356,0.9039765175253264,-0.9166711676715402,0.08418217621906343,-0.23203146214728804,1.4708185190740006,-0.0911231931115886
Tanguy Ndombele,Mediocentro,-0.48455660596714417,-1.6525430844767854,-1.7203883577335317,2.0346057990959285,0.2760105128260608,0.6077375229901947,1.9234770693797956,-0.9362407676625514,2.486111011591881
Cristian Cásseres Jr.,Mediocentro,0.6915255639291726,1.2870455106448953,-0.33167092579579144,-0.09867936858451655,-1.5711640400436557,0.13759272277093848,-0.7435541884975801,0.6639093756651667,0.11373962258162366
Amadou Haidara,Mediocentro,4.068104986189099,-2.3887757674292556,1.1177613508091477,-0.1333825501304737,-0.4007190200780656,-0.1979170081213506,0.3666553907376255,-1.8102613340506883,0.8507931630200161
Mamadou Sangare,Mediocentro,2.1606116858278437,1.2839068499142736,-1.1951025514493059,-0.523849100152578,-0.376919050352818,-0.07873923067280483,0.06175046673320458,-0.5938169596805933,1.118032980432422
Seko Fofana,Mediocentro,1.1512725212613277,-2.433766878020038,0.2433131885590996,-1.0343812496152238,0.8244178127355123,0.6207195284575862,-0.07753093069916363,1.401109738254349,1.4134931441080327
Pierrick Capelle,Mediocentro,-1.677899421489633,2.1810985552893007,-1.4261833304242681,0.22798407114923464,-0.9063342494113377,-0.3114724309167461,0.5300177565627395,-0.9059276196060456,0.505271185684379
Mario Sauer,Mediocentro,0.9300586352371295,0.4819780650393416,0.5867395391371097,-1.8496382704585994,0.026944484385085957,-1.15326319479406,-0.8792464957507069,-0.8840795618113301,-0.2731037602526782
Ayyoub Bouaddi,Mediocentro,-2.3510465964338336,1.8384740477146626,0.9012746750807339,0.15722908427871315,0.48576316216981286,0.7971674142544892,-0.5980322250736253,-0.9285021920844176,-0.04392239880341746
Andrija Bulatović,Mediocentro,0.8812436869118884,2.6693436494471157,-2.9431409218199684,1.0523336294983179,0.0014476353969490572,0.8939600122892207,0.50250489711906,-1.3149715343066142,0.4201907128898131
Panos Katseris,Mediocentro,3.288258403696637,1.5926879573159831,-1.050756080328356,0.702589309204988,-0.7373312061061275,0.0019274588001840342,-0.26422729047613713,0.6422393578080915,-0.6957462676860876
Rudy Matondo,Mediocentro,2.9599438261160023,0.7821917362690319,1.656312771984387,-1.7870447626280923,1.3615093320565583,0.6902062092436679,-0.3399746243301979,0.4860977424502688,0.899957136757122
Matt O'Riley,Mediocentro,2.871162346138078,-0.2453787504076076,0.24877451860858074,0.4593332668541458,-0.6979396466682596,-1.14561918674553,0.17813687306974021,-0.9729894178480176,-1.3646918240798709
Corentin Tolisso,Mediocentro,4.665818841649069,-0.271613573639537,-1.17156982173839,-0.12153472051635004,0.6814737625546405,-0.5070273793127769,0.83622977314209,0.472573836341567,0.5090116285041887
Naouirou Ahamada,Mediocentro,-1.8657350720289227,-0.7197465804677274,-1.112515003812655,1.7189068046535874,-0.6411926131134239,0.4592240952106297,0.188410896727381,0.3326717802871073,0.19439522038675974
Francis Abu,Mediocentro,-3.606768654553855,0.8305877299268791,0.39270508773054147,-0.9980651555098199,-0.8829232208257464,0.018471389089753248,-0.8952890152762895,-0.7645946038007916,0.339326800194465
Warren Zaïre-Emery,Mediocentro,1.8509469818428443,-1.5094843025335407,1.027990263229338,-0.17827259929792977,-0.9967402942068266,-0.29694935528501715,0.14492885355628113,-0.7515212369439279,0.03228931689185367
Bilal Nadir,Mediocentro,0.19865361597125797,3.9931016076082075,2.3519623318777554,4.271063653038731,0.9726678395420021,-0.3758883214633443,1.7624438651504344,-1.476862910673437,-1.205412065317981
Joel Mvuka,Mediocentro,-2.669661916027852,0.2599885999002975,-1.5842665285233761,0.09903576810884902,0.18637100439236276,0.9586175612759839,-0.9037696905124323,1.7099879724191471,0.3213127339610281
Aron Dønnum,Mediocentro,1.7891715400022967,3.1467624973920807,1.8562727730390491,1.9860539893414506,2.252322780285641,1.2822279993434218,0.40699649386371084,-0.3538169173560015,0.1254667025109176
Sergio Martínez,Mediocentro,-2.619365926371133,0.15871522864807863,0.2159387508447111,-0.32170103096198605,0.900714805884053,-1.085352316011775,-0.07879151873535961,-0.4394225597328617,-1.4457614709969622
Íñigo Sainz-Maza,Mediocentro,-3.7781286891564365,1.0731213225920668,0.07689739726119132,-0.7640390443025443,-1.3333692532836505,0.7459639219210444,-0.7942190643688903,0.4074325284603753,1.1423096743305428
Aldasoro,Mediocentro,-3.286033642891337,2.7641692403831644,-0.14485041391613881,-1.791293298721216,-0.6459735128107353,-0.3862611435124516,0.031265093518031827,-0.20944714698121814,0.4920289673683981
Gustavo Puerta,Mediocentro,1.2301170423148866,2.24878067797919,0.9386365011962413,-0.687570129223163,0.626923755627813,-0.6273989121093156,0.3889801406599204,0.8557917907782753,0.1760600316166028
Armando Broja,Delantero centro,-1.8107746386941446,0.5527970518986477,-0.6110952421766556,0.07489367447619336,-0.2202268190410049,0.1774297614172062,-0.26297097281427023,0.36096646828428125,
Chris Wood,Delantero centro,-0.5492677276385859,-2.157164093956904,-0.024138440356424283,-0.8588985283314574,-0.5447023182684919,-0.6946553588478818,0.34875508389760024,0.21832171038687959,
Viktor Gyökeres,Delantero centro,2.012205381157203,-0.9334480859118328,-0.35496547768667236,-0.16240708585013447,-1.2586541914010352,0.09459220315798375,-0.1422864000136964,-0.862312935706573,
Jean-Philippe Mateta,Delantero centro,0.9411010414382197,-1.1587376948583052,0.22982340200620138,-0.061275608300155146,0.4876066109874768,-1.5121667637917755,0.5387898355404727,1.156024155754972,
William Osula,Delantero centro,3.4265101180459774,-1.0172899255378098,0.1660607965547045,1.0199407767739563,-1.080840142222656,0.21932067897778057,0.6519047157970823,-1.772291801569085,
Igor Jesus,Delantero centro,-0.5723665492959785,0.5433230121574073,-0.32478135278953263,0.2890575906648738,0.6859344157247895,1.0914206607484842,-0.5682533119245884,-0.4833399297680715,
Eliezer Mayenda,Delantero centro,-0.8426100159242744,-1.2208809599703687,-0.4467506456096659,-0.542341372179283,-1.2004860190040452,-0.7644931870043519,0.4774791194668237,-0.20649481672044118,
Danny Welbeck,Delantero centro,2.4169945939631545,-0.47756334254223487,-0.685811476435643,-0.5391249311745059,-0.9089711675313504,-1.559197630396051,1.0332440787492594,-0.512846712938343,
Omar Marmoush,Delantero centro,2.4822470968696657,1.9509519304099099,-0.8976924301734303,0.4418829350470401,1.888226225713743,1.1185011591498644,-0.9458916980285225,-0.0011251304893616185,
Raúl Jiménez,Delantero centro,0.1287976612393228,1.4962421864657236,-0.43982590820527667,0.7283206366633844,0.3596683037202838,0.47131915204440183,-0.537224598755174,0.27380781181267977,
Dominic Solanke,Delantero centro,-0.05242444453218241,0.07030873753380094,-0.5948537062131333,-0.13450095942478268,-0.5773958365025784,-2.0234287511266027,1.4056957279463853,-0.45965364352438215,
Rodrigo Muniz,Delantero centro,-2.0945200735950595,1.415660485796407,-1.5340643125262237,0.22224983214761387,-0.9215068876503255,6.460348178709232,7.615517805808996,3.8397929069491217,
Alexander Isak,Delantero centro,1.1470154048541827,-1.5423521624378809,-1.4228616804552383,-2.0517358175935825,-0.5462825893150565,0.2722034780660076,0.005966727111584711,-1.3499514748143855,
Lorenzo Lucca,Delantero centro,2.3386504530967462,-1.7845079877440222,-0.39006585601133525,-0.5310538045874875,-1.3484403929122237,0.34561119456637557,-0.3713376753194625,0.7256300631186645,
Eddie Nketiah,Delantero centro,1.594051534957374,0.705121652309919,0.3887505660225497,1.3981422856299615,-0.19705214837578477,-1.1361764184593612,0.9193450136590302,0.08320905793165942,
Gabriel Jesus,Delantero centro,2.8954760148739203,-1.1176386106404421,1.5138548209389677,1.454857264471781,-0.1606349030142829,-1.788254583451224,0.6798465714903488,1.9358252806468255,
Taiwo Awoniyi,Delantero centro,4.287221248928146,-0.3715031791611867,0.1735089383850529,0.7314160407472693,-0.7366822954264695,0.0373142692163084,-0.5943232086420425,1.0816820988379012,
Tammy Abraham,Delantero centro,1.9082166967487995,-2.925432309107963,-0.48158390672471013,-1.5877888582332649,-0.4396407899136944,-0.02828071709033927,0.331833732375307,-1.3643570688624675,
Charalampos Kostoulas,Delantero centro,2.9764206511205407,1.8547098280924057,-0.2679400183009585,1.0561051653017637,2.1855788997359245,0.3599506867005331,-0.5132532733499783,0.45008050547392137,
Joshua Zirkzee,Delantero centro,0.652899150113804,0.6467358123455488,-0.3523208413039653,-0.13674132399466538,1.8894129061491953,-0.38009574042073396,0.32158853370491086,-0.5897397417603025,
Yoane Wissa,Delantero centro,-1.4137894618689926,0.1524220187212513,-0.0628661947367688,0.09237334995225992,-0.33398462373905563,-1.4368411975415398,-0.020156416706072613,1.066558674504707,
Kai Havertz,Delantero centro,1.5741615021462942,0.8334732964138131,-1.699884905223892,-1.063694814788385,0.6581347824597484,1.2884281929293189,-1.1356950355162072,-0.5876463426991497,
Beto,Delantero centro,2.316764335085772,-1.0397734247595678,-0.14056630725559555,0.013254369426450542,-1.4369099840856492,0.005618802707608863,-0.3257273322408852,-0.014036259780088258,
Hwang Hee-chan,Delantero centro,-1.7662461200600041,2.039803957056267,-1.3125104051329455,-0.08165133883995129,-0.2912229163089664,-0.6200672751018564,-0.582236322617998,0.5844787524119265,
Tolu Arokodare,Delantero centro,-1.1890626889039562,-0.6206261823023389,0.3229871112618475,0.06596081713277849,0.5525056985146858,-0.35840484694359437,0.6059326519384686,0.1764600526730435,
Eli Junior Kroupi,Delantero centro,2.956078506041388,-0.4605439116815722,-0.35075996396166403,0.03175697943746074,-0.4129292520870959,-1.398638330397294,0.8117054533037658,-0.4951838283530682,
Zian Flemming,Delantero centro,2.059398881849775,0.26198195183764034,0.04427000688776985,1.1332461223138868,-0.9288771558357853,-0.7104799426308903,0.8381295635728393,-1.3209523463095563,
Georginio Rutter,Delantero centro,-0.9549915657714602,2.981922991485996,-3.0126669998017657,-0.47187047774318425,-0.2447277724646106,5.563934618903582,7.899661954388691,3.7565175729603353,
Hugo Ekitike,Delantero centro,2.569711999941481,-1.004950168764364,-0.7504859368131618,-0.7821646364507687,0.018248890492719005,1.0373622577704125,-0.5325764445966935,-0.48692575042407804,
Randal Kolo Muani,Delantero centro,-2.3068148311096706,1.586701968554324,-1.337100385966386,-0.14858586267241547,-0.6024683846222227,-0.11612225479775709,-0.3406904407402221,-1.0752837832481352,
Benjamin Šeško,Delantero centro,2.809973075449244,-2.139779499176318,0.48139812835186163,-0.4397960329087635,0.5805369245404017,-0.9294412027450285,0.7459602771061276,0.3365995465349168,
Callum Wilson,Delantero centro,2.330369589111512,-1.288499715868769,-0.3583920217222447,-0.629026771849489,0.03144736560460393,-0.24575122993738585,-0.11203000354738592,0.5445737100109944,
Lukas Nmecha,Delantero centro,1.5202799131830798,-0.02326036232744675,-0.39948974941592286,0.1510232862123911,0.9606156029275528,-0.3271898168788475,0.7434673979409409,-0.9513674983884486,
Liam Delap,Delantero centro,-1.9471311374915328,0.5165436791900775,0.7805330488203498,1.5408240650328526,0.40259014403889926,-0.03127329933109261,-0.12904322509359928,-0.09381058108486807,
Adam Armstrong,Delantero centro,-1.754719207478028,0.13030341729591133,-1.052288795224715,-1.241228676490447,-0.2910787879124144,-0.43461337467852795,-0.6258280133852495,0.6051788162990177,
Wilson Isidor,Delantero centro,1.5682183850674125,-1.3210128423950411,0.3886975470890797,0.11863710653147827,0.009953748281563658,-0.8504786267042682,0.5272536340725084,0.6142782024735871,
Brian Brobbey,Delantero centro,0.7740394837011525,-0.6541839019249649,0.1921119288417502,0.6478535986333338,-1.9379900167118516,0.07324513164753445,-0.37370766863273647,-0.0771409149665341,
Lyle Foster,Delantero centro,-0.015637759870239264,1.5072770132299675,-1.8044138073235578,-0.635164388382611,-1.5244913524177268,-0.43412642514193256,-0.7178408191816898,0.41044629903776836,
Jørgen Strand Larsen,Delantero centro,-2.954414220339232,0.36173913312670297,-0.21686406133904876,0.09421781723664123,-0.6697641699546034,-0.37631285246046975,-0.4634628100667094,0.9164083645370534,
Thierno Barry,Delantero centro,0.7616998344294619,-0.5146217950328952,-0.5395718766532845,0.048319981766758724,-2.3874116840216906,-0.8941987531973604,-0.06221892347938765,0.19457525991547525,
Nick Woltemade,Delantero centro,1.2541415454104528,0.23170652429277408,-3.3015867009193256,-2.0715518157923607,-2.3293511077928697,5.3861356994879745,8.147068994348208,3.3615665517478472,
Mathys Tel,Delantero centro,-0.1391036439751309,1.2964114665994309,-1.883560893556397,-0.7128714266518826,0.22763252666508224,0.24130708071548596,-0.12994758862696196,-1.5011701860327504,
Joshua King,Delantero centro,-1.3291066396467999,1.8317201512886347,-1.0536209371656353,-0.002525803013050042,0.7062373122948502,-0.42661163295698507,0.11839048743837963,-0.4895990162176555,
Richarlison,Delantero centro,3.1641332122959147,0.8101982560776589,-1.0485301187791105,-0.2241997566364378,0.735076627135518,-0.16282990203936154,0.016411209835141903,-0.32368375555985485,
Callum Marshall,Delantero centro,-4.1241619802238025,-0.6673869994663856,-0.6094793967772765,-1.2097491501878783,-0.5702172903733802,-1.2444636382162395,-0.11572389795789167,2.157726986609318,
Sasa Kalajdzic,Delantero centro,-4.485937395968125,-1.023205808324318,-0.8303824395014988,-1.6913235978251762,-0.7199782388006386,-1.3459404410098526,0.9064989093530411,-0.14614114177310747,
Evanilson,Delantero centro,-1.3688445146649417,-0.5707713178753284,-0.16654490202619038,-0.2788960783075182,-0.18425524271031252,-0.11711681583791575,-0.44857928848743167,1.2260705018756095,
Stefanos Tzimas,Delantero centro,3.0881388750718064,-0.44480277279975106,-1.4067645175490289,-0.9110116106125881,-0.7505912326634233,1.9101296448740832,-1.559728491654685,-0.656781529531076,
Dominic Calvert-Lewin,Delantero centro,1.1217399717550192,-0.7530456720648624,0.2845449211544397,0.47241718066872607,-0.34217855422522725,-0.37327901437052435,-0.20691024863404392,1.0157799235746483,
Sean Neave,Delantero centro,-4.260503594638643,-2.643414263636522,0.6649197838260424,-1.0808680583885781,0.9568715259284417,0.23355790646615415,0.2850424710118069,-0.3399512097631715,
Ashley Barnes,Delantero centro,-1.863641603513359,0.16142413985846646,2.873974454387036,3.710781798950525,0.4495893102351144,-0.03662244865554754,-0.2885027837970405,1.9901657945724032,
Erling Haaland,Delantero centro,3.638856937030087,-2.282808479354402,0.04752690988057345,-1.0025466160059446,0.8091324083784215,0.25206009652824685,0.3966405227657309,-0.4817061128110935,
Ollie Watkins,Delantero centro,2.706857497834716,-0.7356109445456946,-0.32643587450309325,-0.24209380995688354,-0.1811745419853474,-0.2686967574094186,-0.1798424556025598,0.6722126905091126,
Zeki Amdouni,Delantero centro,-3.30064334248291,-2.1512707527573975,1.6908452328459849,0.6975721797907114,1.1571330774876925,0.2767969780900512,0.7135028116852309,-0.5365305190646045,
Enes Ünal,Delantero centro,0.6763925469426386,0.5657952920454947,1.0042823586713463,2.2393803937465453,0.6631379427321382,1.1603698642743854,-1.1060699392168514,0.3097416988640769,
Igor Thiago,Delantero centro,2.200832594707886,0.5379270280653997,-0.3988516448647351,0.5102302041245381,-0.417292064100206,-1.3905741954044857,0.46336112583205885,0.369765388775161,
Marc Guiu,Delantero centro,-4.263218583396538,-2.640586131165778,0.6594347692500476,-1.0843237763312854,0.945844085593432,0.23032459180574882,0.2834298474043112,-0.33884396489677393,
Joël Piroe,Delantero centro,-3.04752930405633,-0.10425229188656847,0.04506025781886757,-0.11753086602534568,2.4831783811134436,-0.9735708922406082,0.7765557695285152,-0.0779097955056428,
Dane Scarlett,Delantero centro,-4.637967729290012,-1.300521659755991,0.36577980687072237,0.02729133827288778,-1.825661174888392,0.20960097541136102,-0.10534487751570663,-0.7519391886954923,
Christantus Uche,Delantero centro,-2.7012670074536884,0.8848987326146617,0.7355862626740692,1.9409984485158356,1.7652306963668238,0.8808915380206285,-0.8250787754967536,0.6129671542227213,
João Pedro,Delantero centro,2.9501332518687478,0.5204704186643586,-1.1071604211657529,-0.13612319404942874,-0.3607370106915812,0.666964417694036,-0.5876338309692676,-0.4690632550432604,
Robert Lewandowski,Delantero centro,3.652819577757463,-1.9371900717432249,0.3485408627371647,-0.2605926968034531,0.036509410345020976,0.09730312716007944,-0.17591223444341564,1.0845227738157122,
Endrick,Delantero centro,-4.377501211083585,-0.263939461315487,2.3309015305356304,-2.223644220656824,-1.3397021159555045,1.0677070953409291,-0.1717688031931712,-0.9367164086674536,
Mateo Joseph,Delantero centro,-1.1396610842222654,1.7980203784762623,-1.4490066441007505,-0.41460519803791573,0.7311353745312233,-0.7031664521909462,0.540702509863485,-0.6430168330571129,
Luis Vázquez,Delantero centro,-0.3611793673668609,0.8230560191583769,-0.34135316193807774,0.8157092467137201,-1.1868276182781126,0.39615884326615214,-0.8062628191292748,0.9402356654172269,
Kiké,Delantero centro,1.6588126949622153,0.7260686935086824,0.32618740100336446,1.4591521105530707,1.0267479645829576,0.15127283087032425,-0.38302359616691206,0.7920821345724305,
Asier Hierro,Delantero centro,-4.450552807691309,-2.4454449906844675,0.2809687635064079,-1.322768314378083,0.18495070247776754,0.00722588023778278,0.17215881848711415,-0.2624440691153426,
Karl Etta Eyong,Delantero centro,2.0100712449307196,-1.0896841503478059,-0.4902311746274059,-0.748985966864746,0.023345385719225602,1.3481431333001501,-0.3967274726090228,-0.5906643665432433,
Pau Cabanes,Delantero centro,-4.7206941891018825,-2.1640458098454753,-0.26479018680507255,-1.6666122496774505,-0.9122796108556908,-0.31448892847254484,0.011702769541300858,-0.15227320490878618,
Isaac Romero,Delantero centro,-0.4796586856339507,2.2845620323106983,1.8123266223994743,-0.8149026181536334,-0.5623077407561474,-0.8642358187757417,0.6292496144292591,-0.7785884210179583,
Diego Morcillo,Delantero centro,-3.8386553607511895,-0.01903335173910446,0.8138230852940428,1.5677454697559476,1.3878688915820523,2.0585113397904924,-0.6069005817697771,-1.8577450844120103,
Carlos Espí,Delantero centro,3.5367236847005983,0.023371871275107307,0.6128974152259677,1.6872521394775561,-0.4130741727455702,-0.47526835643187476,0.6748516828946491,-0.20056491671600532,
Gerard Moreno,Delantero centro,2.120138967043619,-1.0955640318099096,-0.708069414149529,-0.6508130282717217,0.20339896790009715,-0.5590883952570166,0.4895214521486528,-0.6796168851117927,
Joselu Pérez,Delantero centro,-4.068025888166577,-0.9064748051980106,1.568759802149435,1.8628600164157139,-0.10707771767821742,2.0699624795465934,-0.18310910865181537,-1.6007133901473887,
Lucas Beltrán,Delantero centro,-1.9194516576581153,1.6631197409049159,-0.8314974896978622,0.4558138970850194,0.5135349222909394,0.7981669728215705,-0.18505381321694633,-1.1072944303226284,
Pablo Durán,Delantero centro,-0.8953398856878485,1.1556001513535152,-1.093147697839617,-0.5799102512168296,1.4266631964518866,-1.0751847877462777,-0.09257050847860487,1.4397198759073409,
Ibrahim Diabaté,Delantero centro,-0.24618782040828813,-1.0074940054943744,-0.19432162868317213,-0.37268813833372616,-1.2289856614549788,-0.9974086056023623,0.3957169776969391,0.3846179904358002,
Cédric Bakambu,Delantero centro,2.7027104619505313,0.22307551494218358,0.1796828038156589,0.8660064609898794,0.5861816114251818,0.18101811565513953,-0.3952698439515336,1.1143373645918262,
Thiago Borbas,Delantero centro,-2.511266019752272,0.8995300329083704,1.5203503918421324,2.576352497299886,-0.4486816182062593,-0.43836482698678303,-0.38399557474011664,1.642364608627767,
Abel Ruiz,Delantero centro,-3.5872462147919872,0.4821058680495462,-0.9685160930914699,-0.8261634725507373,1.2161063895164843,-1.0870489672939871,0.3501554672711416,0.2683276618742275,
Jon Karrikaburu,Delantero centro,-2.4959304930621515,0.8196861646949231,1.0268522603796346,2.1017512614767715,2.0928357007421705,0.8218889432022835,-0.3770657829128006,0.40768765196173706,
Abdón Prats,Delantero centro,-2.9976721735520786,-1.3210501836146469,1.2764095592075557,0.9137139208598024,1.7574388167858295,0.331579920363316,0.4869956414880639,-0.7699868708500848,
Aitor Mañas,Delantero centro,-3.12834821691026,0.486658047319578,-0.37795905295286786,0.04065033185566076,-0.2987086991044652,-2.0797411947617768,1.9775875862671994,-0.819497919919416,
José Luis Morales,Delantero centro,-0.5483194827279588,2.2902319664595807,-1.2807850564296326,-0.48954765849971577,2.648419684129755,-0.8473562462373985,-0.2739715511866815,1.358921398854286,
Álex Forés,Delantero centro,-2.826704282223818,0.33082972585037146,-1.0892861942837608,-1.125915249749865,1.0637688847767672,0.7417986677921191,-0.39818565778748166,-0.2652160918599194,
Mariano,Delantero centro,-2.538087364996802,0.7837948877857257,0.5979381548643063,1.3559487171830344,-0.05462248879737942,-1.5688309707788972,-0.5135930936048895,2.082230905633797,
Maroan Sannadi,Delantero centro,0.734862570036433,1.124684849011708,0.5540652395465375,1.9852457632708649,-0.2690972252890983,-1.2809749263789687,0.22127628984980835,0.9417719506146542,
Urko Izeta,Delantero centro,1.2918727177615603,-1.2553004907021814,1.4268309275357167,1.1749005901750642,1.1964565441259396,-0.7161738498152903,0.526049892601657,-0.628296228447408,
Cristhian Stuani,Delantero centro,2.883230788958666,0.7707767940974843,1.6192803116237253,2.9833698742370895,0.34522886799995117,-0.6582336362383691,0.6448631208817552,0.7193800812850271,
Marc Domenech,Delantero centro,-2.547206061650003,0.9454247039203416,-1.9604191526459671,-1.617663805058609,1.0251583731088183,1.5603985542168317,-1.1131430334290668,-1.4139247681919958,
Ezequiel Ávila,Delantero centro,-2.409518858827827,2.9005617006267848,-1.0113964657397083,0.8190993799871358,0.5666223655065337,-1.023755152163275,0.0750790085048437,-0.11697652141025326,
Dawda Camara,Delantero centro,-2.8714015210432335,-0.9533580255973929,1.1298374356573897,0.8503448837484373,0.21704029671991223,-1.8640456562157555,1.9462713827178515,-0.2236992620207178,
Gonzalo García,Delantero centro,2.9766941660905037,-0.7671733434581173,-1.195624401097087,-1.2373905319247585,-0.9866415827309094,-1.163965209602531,0.7804720134724347,-1.0297603731231433,
Bojan Miovski,Delantero centro,-4.7206941891018825,-2.1640458098454753,-0.26479018680507255,-1.6666122496774505,-0.9122796108556908,-0.31448892847254484,0.011702769541300858,-0.15227320490878618,
Iago Aspas,Delantero centro,1.261875837304823,1.6229748186693482,-1.7804965126279646,-1.040850223340201,1.3313349816218925,-0.9107570219396902,0.5831236204412108,-0.9454130185889088,
Alexandre Alemão,Delantero centro,0.329243700431109,-0.10522583193588288,0.4169306603841682,1.3386763555077543,-1.2361089832272092,-0.24254709367644142,0.07081845621768698,-0.5191808488628837,
Ayoze Pérez,Delantero centro,2.337830480753036,1.64663596063503,-1.4342947041976044,-0.08970270841383204,-0.18074253286746256,0.11886637994494909,-0.3357870440864079,-0.5366920362953846,
Gorka Carrera,Delantero centro,-2.283416483450095,1.0962323211160854,1.4235950446528207,2.6527809369712174,-0.8037957563788515,-1.7253859399200113,1.6044052216855258,-0.2744125999208914,
Mourad El Ghezouani,Delantero centro,-4.1640127437552055,0.2172577340334374,-0.1327886777019374,0.4316880412419554,-0.7619906882352013,0.6933585639876929,0.22690301052238765,-1.6859868329955716,
Borja Mayoral,Delantero centro,1.3212848004889841,-0.447043274864908,-1.8942339015029477,-1.7163310070782012,-1.208967402893904,-0.9718142591579412,-0.24234078697132536,0.9044686577294792,
Miguel Cubo,Delantero centro,4.186122252279906,-1.7453468594352208,0.9920945810739576,1.384004867531742,-0.13254686805111923,0.7399872154194647,1.1818838085883594,-2.414223416409924,
Salomón Rondón,Delantero centro,-1.7435733336048007,-0.36308429224959315,-0.07556429769176787,0.3109580450074337,-1.271121447091521,0.40482279579770414,-1.1248250186016147,1.1110120643426367,
Umar Sadiq,Delantero centro,-3.68555458926026,0.24671785060189363,0.21824438641233007,0.42015222154295306,-0.07393258827727993,0.023477609570027837,-1.4333517566925333,1.7607657736300564,
Sergio Camello,Delantero centro,3.55422773472807,1.480436764706801,1.6474095383324503,-1.7650305095756709,0.3021640980880683,-0.8980330220678601,1.1335328639822952,-0.8310081952231977,
Tani Oluwaseyi,Delantero centro,0.04481557343941953,0.1409196191073823,-1.0227961501288845,-0.7859551958508817,-0.5744617043568003,-0.20652231699041473,-0.8129243167195228,1.3080260800933445,
Orri Steinn Óskarsson,Delantero centro,4.406786774783007,-0.45771054574712877,0.288063968980132,0.8825438627328249,-0.3527517987847476,-1.3311798938176387,0.059754238130348206,1.0560235656008872,
Federico Viñas,Delantero centro,0.57609708216251,4.851530210459532,4.913972903683439,-3.239000861623024,-1.8027722263619517,0.25888902999257035,0.43840501610221333,-0.8134560475536653,
Vladyslav Vanat,Delantero centro,1.085994105474599,-0.6018548840739181,-0.3724197422493717,-0.16733957875478028,-1.6147573410095386,-1.14668721279975,-0.3131763354195365,1.4656330702109677,
Roberto Férnandez,Delantero centro,-0.27683218596672343,0.24761144035260033,-0.24942504521255068,0.33913964102189276,-0.10536329083485299,0.3229378362999374,-0.10572136331219163,-0.33565653273422225,
Lucas Boyé,Delantero centro,1.970303903805997,4.4419106832222655,5.035870862070507,-3.0432584270257457,-0.8647034063177368,0.8226781140227785,0.27826399101479793,-1.2898560983285532,
Gorka Guruzeta,Delantero centro,1.5658614521212582,3.188203306266961,5.595285810220067,-3.5224110171755663,-0.2746135049625674,0.3540126457546842,0.41565859423396484,-0.30605051582933707,
Hugo Duro,Delantero centro,1.2066095845208662,-0.6370037853342353,-0.6529868111488175,-0.11595042460037458,-2.269084678107861,-0.2995819067042025,0.15158804736719883,-0.8865608625298779,
Ferrán Torres,Delantero centro,3.728904065989426,-1.8122081860922619,0.03262130544068672,-0.5426027841203674,0.3070766326267773,-0.4553146546528746,0.3287874781633537,0.4404659035032664,
André Silva,Delantero centro,1.0273237291339563,-0.7355842388245597,0.7340450913627918,0.9111274425779593,0.3759163247734518,-0.8569986776129226,1.0313060266658385,-0.3732747275646777,
Borja Iglesias,Delantero centro,3.0371738707323463,-0.5914409270100859,0.40798208303328326,0.9341034234732102,-1.357359357802904,0.035007645303010426,-0.7820351816164162,1.1063677782382277,
Julián Álvarez,Delantero centro,1.1867818694476877,-0.021263170779631437,-1.0444781772058889,-1.1569118577269835,1.9222323162404584,-0.49529827404948873,0.28764924575847145,-0.5616726356321068,
Ante Budimir,Delantero centro,0.9618221036042653,-0.6335512727188503,0.6640373530622977,0.9243412009642354,0.2788544034372025,-0.49999532112832756,0.4169208223234224,0.304045882725191,
Álvaro Rodríguez,Delantero centro,0.7735805587531751,0.7068531529918609,-0.31533082969024273,0.5005474918928128,0.9384095719791221,1.3133477096549329,-0.8258720667076178,0.09563436758573599,
Georges Mikautadze,Delantero centro,3.2754272694874182,-0.9008425955533614,-0.7004794577993968,-0.7625094332188885,1.048200778326016,0.6526662776421707,0.02191145741922306,-0.9219567427358565,
Akor Adams,Delantero centro,1.376412435910409,-0.5832156409443724,0.19364102540666278,0.12951892355124522,0.8722403511099371,-0.2623533232043944,-0.7664308861372725,1.7713619243650327,
Giuliano Simeone,Delantero centro,-0.014902951670248236,2.0029470910501814,-2.2816533485897352,-1.0745318890815925,0.5972604354817325,-0.13751509001257808,-0.08007677350133449,-0.7449365480932423,
Alexander Sørloth,Delantero centro,2.8703509632972293,-0.6598045153045008,2.662476065763825,-1.362810627900489,-0.3195838116643224,-0.7636445168437274,0.38607366804482973,0.0867856716990859,
Vedat Muriqi,Delantero centro,2.695083214377166,-0.5760684605963232,2.734253317282958,-1.034025737927765,-0.12973177000239547,0.5223684670368779,0.16202495176629628,-0.30350027977127597,
Iván Romero,Delantero centro,0.1260968590779756,1.9829270202749898,-1.1317611075438756,0.6508910226328684,-0.19746402699998958,0.1154799697729203,0.10703221571373911,-1.369504668213114,
Toni Martínez,Delantero centro,1.875243624382265,-0.4692457433888198,-0.20699453005673457,0.0685257247540819,0.5222944303793787,0.4118478070031047,-0.07699941751371325,-0.5021684953568404,
Mikel Oyarzabal,Delantero centro,1.2012071364365244,0.17738877454550597,-0.47932529987903905,-0.21766623332331983,1.4095853729946473,-0.19025411218025248,0.0941268723544724,0.049207181541625455,
Cucho,Delantero centro,1.1767999417823307,0.6439325522532102,-1.0384365622916771,-0.5314355941969158,1.0979279263671688,-0.04576912016391553,-0.24017726855875265,0.10881590215153253,
Rafa Mir,Delantero centro,0.930700747288384,-0.15879580038869598,0.7630051408286532,1.14738214216341,1.3031691338552607,-1.3864788725692856,0.9405734611529609,-0.11645310719107455,
Kylian Mbappé,Delantero centro,3.218002575790925,-1.1905793871777257,0.2122378645201793,-0.3038735317415706,2.1349129512727343,0.42387349848269135,-0.817638285547395,1.509719718798567,
Louis Buffon,Delantero centro,-4.518375983250821,-0.6539360914144214,0.5968575993183344,0.9822861302401606,-1.722574261978401,1.361707388869686,-0.38803845223541417,-1.28517785284775,
Stefano Moreo,Delantero centro,-0.8312481277778873,0.5086597049594921,-1.3605750134164414,-1.0556412553378516,0.6184811419595165,-1.3172564846238755,0.6684980401870523,-0.42140233873503663,
Thijs Dallinga,Delantero centro,-0.00626910911246978,0.9011213975966423,-0.8373199154198245,-0.03744024212889811,-0.13013150793867445,0.990168655846551,-1.0393756786591228,-0.35664790445389255,
Iker Bravo,Delantero centro,0.9752577115343001,-0.37363768441323136,-1.4693237377884896,-1.0860392162053054,-1.6949162739652155,-0.48760221346037025,-0.4046948978845406,-1.4250562524593147,
Giuseppe Ambrosino,Delantero centro,-4.518375983250821,-0.6539360914144214,0.5968575993183344,0.9822861302401606,-1.722574261978401,1.361707388869686,-0.38803845223541417,-1.28517785284775,
Evan Ferguson,Delantero centro,1.7180869735695845,-0.6083753223707826,0.26355623617447776,0.04050535696984782,1.3868980190330564,-0.12895619156774454,0.3788393302481243,0.0355700164023703,
Anastasios Douvikas,Delantero centro,2.3327715309420034,-1.256554372716595,-0.039904589122560424,0.15088419816447332,-0.4767692159019431,0.32368679389512106,0.4339347768122535,-1.0420131611670522,
Luca Moro,Delantero centro,-2.9520527220296153,2.9067388687075018,0.2796381857408232,2.4600195063628734,-0.5252051693987988,-0.3063539558428712,0.1707413904151761,0.29447047125339565,
Arkadiusz Milik,Delantero centro,-2.4821781049108096,-2.400280865877921,2.4135850611029603,1.3972227056577624,1.2063470865675863,-0.9629577445080718,1.51322253939971,-0.16636858987327266,
Paul Mendy,Delantero centro,1.7185508413191863,-0.3191064586183934,0.22670771682632068,0.9526277925860595,-0.677100912892257,0.30089303983837806,-0.42384634542852156,-0.33114253163643653,
Antonio Arena,Delantero centro,-3.9219178701667685,-2.1974399389520247,0.7925029970871578,-0.6294632303537202,0.9057519033535818,0.272912464687442,-0.8406500857079162,2.1623452636553058,
Lautaro Martínez,Delantero centro,4.010524538617322,0.4834005257471174,-0.27004089276416016,0.741774809275371,0.9034338848895791,0.8672245986117051,-0.0007576325326672879,-1.1441274590100328,
Semih Kılıçsoy,Delantero centro,0.7877619374395424,-1.0249601986813641,-0.38589741713688824,-0.02892221854829881,-2.1570756215351974,-0.5894124151542891,0.4596001101893457,-0.9256467150190121,
Dušan Vlahović,Delantero centro,2.4655156065743,-1.3760234277913475,0.2891591216505995,-0.013868811676624834,1.4000928939586565,0.8681343197872695,-0.2910195310445634,0.46686998759264964,
Caleb Ekuban,Delantero centro,1.0178632058853632,-0.17520493531290865,-0.4072479037332091,0.28098510018449774,-0.021370209093489287,0.9393192222454987,-0.3220053928599092,-0.3411539337052816,
Walid Cheddira,Delantero centro,0.8742534449394509,-0.02018413600135908,0.5062303417510735,1.6447103070621512,-0.51707755267538,1.333811991838663,-1.0636150975996614,-0.9397181464970776,
Jeff Ekhator,Delantero centro,0.032244032361416236,1.7158261095866176,-1.0874616336223009,0.8290304063115694,-1.6072903868497992,-0.08753105069101962,-0.8347063060197253,0.001967134933971781,
Antonio Sanabria,Delantero centro,-1.875166292682068,0.459826020094471,-0.540379195969908,0.025175464353133933,-1.221099346620988,0.2533910016377641,-0.8990317531984104,0.5992672600325081,
Santiago Giménez,Delantero centro,-2.2919931728524237,0.675479360107487,0.2687380069891984,0.5594972100164987,1.0261357680747676,0.08329348942559334,-0.38219299043475197,1.0464247878601258,
Patrick Cutrone,Delantero centro,-2.2593539404684364,-0.06283449476169677,-0.430341875580869,-0.19610669571842862,1.1031881983562806,-0.14074171664756893,-0.35463640548772946,0.7729129944280347,
Giovanni Simeone,Delantero centro,1.3249265762927083,-0.6750638216212492,0.15751121322822062,0.5584875904150362,0.17479809940970273,0.07392482553255557,-0.011162497848179105,0.10883027954709057,
Mateo Pellegrino,Delantero centro,-0.6780486345106673,0.5837441328769005,-0.12077704456809181,1.0939201614014071,-1.1487857551071017,0.8894102839706699,-0.5273703731993014,-0.8812053611769688,
Christian Kouamé,Delantero centro,-4.00633678728814,1.240761913784719,-2.3776622999389887,-2.055524751320992,0.8961616485041639,-1.7865332820312279,0.9145573369614085,-1.0180206927836328,
Mattia Mosconi,Delantero centro,-4.035799280505376,-0.9917610763769398,1.6130539712425276,1.8229423570068655,0.08462632286165278,2.0775706516016097,-0.1524152749901528,-1.5827530169629136,
Álvaro Morata,Delantero centro,-1.7568391979682785,5.639202489029338,5.238382717262255,-3.1206246373158875,0.051643340118247075,0.8505410672414127,-0.7016202080106324,0.3732081431807661,
Adam Buksa,Delantero centro,0.5993013384957991,1.0756058041875027,-0.6636333420765685,1.0014034444236626,-2.773954796025037,-1.3153560838887741,0.7405849756089428,-0.9233514561470622,
Riccardo Braschi,Delantero centro,-4.090537903631995,-1.4301586766287437,-0.2859909704712177,-1.2909945229166904,0.9878560491363804,-0.048245857807359176,-1.013401475934665,1.4809505353969084,
Vakoun Bayo,Delantero centro,-2.1921717660932716,0.016911742766984504,0.120308529359097,0.321856725546623,0.5997950589306462,2.2011780088255963,-1.7734570047941176,0.8791893539398594,
Rafiu Durosinmi,Delantero centro,0.4177872120152012,0.8051297382391028,2.6281592215740575,-1.2610704560937591,-1.4621593318239732,-0.6507282373878878,0.03546471170671173,1.1998015544232583,
Ioan Vermeșan,Delantero centro,-3.5058440663879216,-2.5160050860897543,1.3661415108169204,-0.10783247568483234,1.5464901004443383,0.22971199765736128,0.638275160894092,-0.35725384322015963,
Adrian Benedyczak,Delantero centro,-1.886587420437204,2.0521501748132764,-1.3743745013162134,-0.29981353081152445,0.7227534064591215,-0.30366790374661573,-0.16585077045394125,-0.6423312579736141,
Yael Trepy,Delantero centro,3.4322208446604674,-0.6817710168048388,-0.17827350748247814,0.36246859090512784,1.7053393421907446,1.2193022533897604,-0.9145941057279148,-0.035100833648201324,
Faris Pemi Moumbagna,Delantero centro,-4.434090268733105,-1.3371527452846046,-0.5526331976548153,-1.398536251637806,0.4092670576430746,-0.10107493386763305,-0.30568890231860213,-0.5331547160434864,
Rasmus Højlund,Delantero centro,1.4450696916733363,-1.287106308423168,-0.26118274852848644,-0.2551627608280536,-1.3070452743925252,1.2019712951284534,-1.0889639181954134,0.35284555910341076,
Andrea Pinamonti,Delantero centro,0.7344154052667646,-0.33406447801563827,1.8454856307496088,-2.4120749293596937,0.15944011365776745,0.1125985984980914,-0.10959883907989772,0.3320374956462229,
Federico Bonazzoli,Delantero centro,0.19716914106253303,0.9281747295330083,-0.4195938107387678,0.43091171509755466,1.4714843441230396,-0.45570571176408764,0.7837660511241492,-0.9541319445503829,
David Okereke,Delantero centro,1.8511878973225364,-0.7250545437459062,1.4920541831982457,-2.954849006157644,-0.7471122904591847,-1.3495735229445012,0.596970398293538,0.15477226179127807,
Sandro Kulenović,Delantero centro,-1.9133407550367443,2.259778608024771,-0.7160705891996281,0.5467628719212247,-0.23175098401821695,-0.33009716907201186,0.1879714089390065,-0.7573093849296065,
Artem Dovbyk,Delantero centro,3.9217059792548614,-0.7859606738464964,-0.05739201831027441,0.5137086067933654,-0.4196551853638796,1.209587402745333,-0.7154564841729588,-0.011148518095836049,
Milan Đurić,Delantero centro,-4.121787854954628,-1.4964797263302758,1.3718276312006263,0.9996048489077713,0.15377578158943933,1.3268816553312883,0.02633993703791828,-1.1792068978388235,
Nesta Elphege,Delantero centro,2.967934415873966,-2.783576140109167,-0.676681884717849,-1.7852412695595266,-1.743510234557919,0.4424340480202553,-1.0420075260657944,1.2895201631141149,
Loïs Openda,Delantero centro,-1.769298891534662,0.4515967282119641,0.0377032660893885,0.8039497957865022,1.5920986683593532,0.733557687693246,-0.655105622422957,0.5824647111642263,
Niclas Füllkrug,Delantero centro,-2.0611031196354856,-0.1609537410588162,-0.2518867894999932,-0.011196649260255445,-0.2652884201111343,-0.649681505327786,-0.13783666486923626,1.4622274341146229,
Filip Stojilković,Delantero centro,-3.5698748636933573,-0.9988223358285602,-0.038157496196787155,-0.510383875766338,-0.18392836323201264,-0.8918266849603055,-0.6847004048984154,2.0953929361645156,
Petar Ratkov,Delantero centro,-3.8735290561978863,-0.0722607102448276,-0.6117390248696136,-0.768709853392082,0.35906038099803134,-0.7669879394599122,1.1697195603884363,-0.9735343354228221,
Santiago Castro,Delantero centro,-0.29398366520606967,-0.2416173257034435,-0.15208759757080728,0.2852724913108796,-0.6019749037152986,0.9860518745755023,-0.6683565104929292,-0.2474047568136303,
Romelu Lukaku,Delantero centro,4.104689814761481,-2.5197124130594672,1.4772037538245986,1.045163660881914,-1.3626418401813252,-0.5450986893949277,0.7046177105083918,-0.9648322073486558,
Francesco Camarda,Delantero centro,-2.453209985496272,-1.0647522914536394,-0.011791228948448666,-0.21335304675659875,-1.3273321388978214,0.008468166882906868,-0.34339144179418535,-0.3476233446017451,
Lorenzo Colombo,Delantero centro,-0.5406796424914032,0.1460768742029662,0.18196338916020136,0.8560251118003532,0.6061744384829053,0.4207036654344114,0.20037281710223376,-1.1150917264611733,
Andrea Belotti,Delantero centro,2.443371520503667,-0.08156834140352373,0.19541433071023623,1.1056894083540565,0.3494970373782512,-0.7790848636926861,0.5817920427545296,0.8301959367406428,
Leonardo Pavoletti,Delantero centro,2.2701995113714135,1.2077329744916738,-1.4160559623091151,-0.33329611897946554,-1.9260511201867039,0.32084607135427595,-0.8459191073471997,0.23055831057076343,
Daniel Mikołajewski,Delantero centro,-3.9988219545826444,0.5348353269250693,0.05332073532824432,1.1375174158275458,-0.5297860401108064,1.3699927912498733,-1.8691618931452652,0.9989375359261581,
Edin Džeko,Delantero centro,-3.6039739336873367,1.2884277069280898,-0.6465450255413192,0.09001584550882927,-0.1564661513970383,-0.9127315885533335,0.5169161045899658,-0.691501057098358,
Daniel Mosquera,Delantero centro,-2.0451073566220455,1.253915877850219,-0.24880733263724528,0.4450382865317966,0.5129341120731613,0.37431782975157524,-0.4298907960638316,0.3176285895652976,
Boulaye Dia,Delantero centro,-1.569594789536379,0.21657384206306296,-0.5771647981249131,-0.2986402061438292,-0.9924379721326613,-0.8659299214541568,0.5416616219174929,0.06628612939848805,
Giovane,Delantero centro,-2.4336014658636422,0.8338391380974838,-0.9205699212159486,-0.5048148905631625,1.7681085993523145,1.3813843363282532,-1.6679435301392604,1.5090268792890769,
Laurs Skjellerup,Delantero centro,-4.247607398038641,-2.656847892872554,0.6909736030620174,-1.064453398160719,1.0092518675197375,0.2489161511030792,0.29270243314741096,-0.34521062287855986,
Gennaro Borrelli,Delantero centro,1.1888319291013196,0.9872628918276029,-0.12043645250487527,1.4510210069433496,-1.6643417535245393,0.41933726909176605,-0.10333448755462567,-0.9117574596512433,
Francesco Esposito,Delantero centro,1.7374834680928195,-0.19886134055869079,0.2676167254802342,0.780214995576616,0.8030897412750607,0.996019300818096,0.3375877148684027,-1.2250404626938745,
Moise Kean,Delantero centro,0.05579879367263045,0.29132944590102966,0.6264867553665229,1.1468746721104282,1.281509110567057,0.4175876544952252,-0.44788476088154267,1.1396668609732157,
Gift Orban,Delantero centro,0.002349177391097409,0.47752654825611157,2.3745280803358373,-1.729354074926243,1.3972705371667733,0.0062662631784530486,-0.4548878794458092,1.3193467219252393,
Kieron Bowie,Delantero centro,-0.4739139108267015,-0.4964931138753317,0.43840767060417946,1.2373984359153294,-0.9258450002007437,0.9416727545568127,-0.3043400039826712,-1.3023921901868765,
Henrik Meister,Delantero centro,-2.1154388304426495,-0.6318837699738259,-0.00079793672492892,0.1678346878755108,-1.6943102273596329,-0.673124722140433,0.1312097601241896,-0.07820130649891814,
Marcus Thuram,Delantero centro,3.703945703977333,0.37249989924670923,-0.3533139781361782,0.6793372152492924,0.8670825965754414,1.5700775373807758,-0.9849154337349164,-0.40148896703080256,
Christopher Nkunku,Delantero centro,0.3269629888926869,-0.612407143399431,-0.5990893062662502,-0.8399948730652496,1.3383150713265701,0.14375344271913942,-0.43268497741734435,0.6522615972124569,
Matteo Lavelli,Delantero centro,-4.5406369764114585,-1.2459115479473104,-1.129442597644781,-2.059079296937285,0.4095717322523469,-0.39393286950019246,-0.4377614095875802,-0.376872976483438,
Che Adams,Delantero centro,-0.10303560149148608,-0.9175563218445196,-0.8955985481614823,-1.2637182435218661,0.6461892927559584,0.21033081149835336,-0.34375686007758993,-0.11881741526710336,
Valentín Castellanos,Delantero centro,1.3731094169288038,1.4275812150591762,-0.7312880119885863,0.2431224389080933,1.1896126136537903,0.5143811863550488,-0.6266771239898087,0.4419657527700632,
Gianluca Scamacca,Delantero centro,2.7164436742270732,-0.9132963163071212,0.7101059970184145,0.8649519303174517,0.04776998340515856,0.34660173908731406,0.19539065779112819,-0.04358421002995504,
Donyell Malen,Delantero centro,3.4623464073713985,-1.6148875396016755,0.1586690373800924,-0.4165187021434201,1.285985622538935,0.11059020415198889,-0.2033175702671849,0.9472597168659265,
Jamie Vardy,Delantero centro,1.0751229227583121,0.16826235492441147,-1.4343308202819254,-0.9289202591421335,-1.4191589218187068,-0.8667494447166313,-0.7581463652462821,1.198966795375844,
Nikola Krstović,Delantero centro,2.719920557229116,0.5423079005067012,0.38878518721198513,1.1322480957621548,1.0998367086768757,0.9605161526529049,-0.7899178719933452,0.7861930053023778,
M'Bala Nzola,Delantero centro,-0.4218355847257279,0.8431683359529324,-0.03941671487587303,0.8977825007902945,-0.9700142578043873,0.6806758578507196,-0.7381124394486448,0.6532250137852172,
Manuel De Luca,Delantero centro,-0.0629390441198307,-1.9754866116643381,2.875173060682182,2.739948892589938,1.2521419353633105,0.8476049992269343,1.0671651827382607,-1.186682800347628,
Roberto Piccoli,Delantero centro,-0.9382571388420564,0.16763522945033885,0.26772790021580434,1.0590378253427428,-0.313419699433204,0.854556389746818,-0.6161998396660499,0.3954893684394945,
Amin Sarr,Delantero centro,-2.312534177189877,5.737384867104496,4.581363085055462,-3.573493221815589,-0.548438563837276,0.5024890892322635,-0.2647105914506125,-0.2932642883626545,
Duván Zapata,Delantero centro,-0.22386913714801918,-0.6780032278886972,0.39663140177803774,0.49782619819279544,1.2640509651754603,0.6146812540471952,-0.2768146696251022,0.30118510090617834,
Jonathan David,Delantero centro,1.0604556042733577,0.29020977076057725,-1.234929421824088,-0.557001059974954,-0.40287666046353166,0.4577411345935654,-0.3697982085153022,-0.19028505748085306,
Nikola Štulić,Delantero centro,-1.8602961958335869,-0.12527784462467015,-0.14361329651605595,0.5421758867120583,-1.6826451416044323,0.18154521569880516,-0.2670678565626492,-0.29681192475691376,
Ange-Yoan Bonny,Delantero centro,2.4919103313871327,0.5126568775971829,-1.517670935644164,-0.4985055393659064,-1.1059099067329012,1.1419028739308272,-1.1910235414909291,-0.1482056799489235,
Keinan Davis,Delantero centro,1.2134609159147836,0.10286234212001091,0.32202295294671873,0.9700864617166939,-0.352869156941045,0.5747019800232793,-0.44669418532224453,0.057826085902220645,
Michy Batshuayi,Delantero centro,-1.7602060076992883,-1.1957584717899905,0.5800564560857914,0.09658687580705327,0.651811947641476,0.35023105176776104,-0.11074663394429426,0.3181842717206036,
Mohamed Amoura,Delantero centro,1.2673706797127617,0.7364844509761255,-1.6318770051977707,-1.2023140463606354,1.2516844706083123,-0.3545960767123085,-0.17295257100136896,-0.03342891248592805,
Ermedin Demirović,Delantero centro,4.085086854356107,0.13795957479946358,-0.057351206155123714,0.9250869802026392,-1.198613479059599,0.21789112810719286,-0.1060400535845589,-0.3485208451665019,
Junior Adamu,Delantero centro,0.42219678440755953,2.651033841063216,-1.4440183148555046,0.5642723068658533,-0.8552263676474691,-0.04177763405492794,-0.6108725713268798,0.5651043499914258,
Max Moerstedt,Delantero centro,2.098697168879221,0.9046108492315548,-0.3041346515223659,1.5665579671032719,-2.1556568238866234,-0.4103213385078237,-0.4417915731916495,-0.3388315780451769,
Younes Ebnoutalib,Delantero centro,2.596169638366382,-2.262835064469468,0.508209672956658,0.13018151487418878,-0.481355492360689,-0.19259896318620598,1.2947555179251649,-1.4144361547111073,
Fabio Moreno Fell,Delantero centro,-4.405109025970584,-1.7944105201988079,-0.11379434785654395,-1.2470504651170182,-0.8776973929311906,-0.2568305420449931,-0.9610297314913577,2.027820810209538,
Jonas Wind,Delantero centro,-1.105296745317769,-1.3758302853991873,1.055192318239808,0.8192596441778714,-0.8389630162070485,-0.6357309440901155,0.32112473870106617,0.5666007342809943,
Dmytro Bohdanov,Delantero centro,-3.062810762935936,-3.0544355262085956,1.6822971503826236,-0.29185792418329903,2.139982581114419,-0.6244958626749788,1.127784890334122,0.06441091603973598,
Jovan Milošević,Delantero centro,2.853027601431207,-0.25968683025189027,-1.112560927859448,-0.7622891850181581,-1.3271063176367022,0.5254171323616755,-1.6641896986887168,0.9274825449397298,
Arnaud Kalimuendo,Delantero centro,1.6707956869125529,-0.2241219675969182,-0.9373072597533786,-0.7212094611622321,-0.23455423036319847,-1.1326920114713417,0.09342129552814013,0.17867782706214294,
Ragnar Ache,Delantero centro,1.7504927151969647,-0.25850401649907134,-0.24375670099350136,-0.15277123449921975,0.35999016970144543,0.25359743935634727,-0.08866661096950688,0.2993423387765121,
Dženan Pejčinović,Delantero centro,1.9324632306035485,-0.9650552864929584,0.0030814293212713616,-0.018983414620856162,0.37188856433479783,-1.371809722822447,1.2499225653351302,-0.5428484585427934,
Ilyas Ansah,Delantero centro,-0.331200285484255,0.51275451580505,-1.363100163521671,-0.44409577275808904,-0.6970499317347925,0.2729575352479894,-0.4644095124122384,-0.5715896518149194,
Alejo Sarco,Delantero centro,-4.339917015807078,-2.56069138886727,0.5044831074781949,-1.1819478082127641,0.6343188961294097,0.13898345264929893,0.2378732304925602,-0.307564297421043,
Marvin Pieringer,Delantero centro,-0.98053477317893,2.1450589714116464,-1.5697146370195574,0.19875224884848303,-0.5581750107483796,-0.12489325374938061,-0.3901814591161165,-0.37565402610234044,
William Bøving,Delantero centro,-2.3823589309949744,1.5231776279175155,-2.072287074134744,-1.7897831284373118,0.8466580914959327,0.48507762443262453,-1.1237805194378396,-0.7131557547216418,
Otto Stange,Delantero centro,-3.6975291348041175,0.6431647993950881,-0.34450463947184917,0.3993338297565911,1.3136634779034921,0.8329302094446209,-0.01477089643866135,-1.848805971756544,
Igor Matanović,Delantero centro,2.9262547651439323,-0.4024751375280888,-0.3606253110700944,0.30935189920723405,-0.7812897675809678,0.5084451228157602,0.5734587096829441,-1.2982544626471828,
Kento Shiogai,Delantero centro,0.6487182493438317,1.6086250593440616,0.4463161648209231,1.8293569875429965,0.16587992143077743,-2.5282920009393828,1.2369703286936427,1.0163309354728358,
Fynn Schenten,Delantero centro,-4.473610382232508,-0.7394184195762308,-0.6094558707330916,-0.8652926067870221,-0.19590648856344686,-0.009719073386385026,-0.4775828436233161,-0.7773119340938072,
Grant Ranos,Delantero centro,3.865843196708789,0.22993125116424973,-1.0392836557859813,-0.5013162872740565,0.7891945890802666,-2.132205316285308,1.4466491009259392,-1.2706070499273325,
Phillip Tietz,Delantero centro,2.0783156825042695,-0.08207172226794046,1.4089886794783255,2.4859848749827083,-1.2847823190253131,-0.17172052237341845,-0.34767832138369786,1.087523035158421,
Yussuf Poulsen,Delantero centro,0.09020576288116308,1.6100557552089056,-0.482873027389114,1.1097699580280107,-1.350821984208227,-1.8474345208109435,0.54126787908953,0.13199279000709135,
Salim Musah,Delantero centro,1.7698664293271469,-0.32016933750872223,0.4537046386160449,1.0844461406353332,0.8647011691166256,-1.0893785093214448,1.3562233716460301,-0.40529842192134885,
Ihlas Bebou,Delantero centro,-2.375867918900114,2.1457841836544658,0.27995096398193786,1.7517109270802431,0.3090489025832853,-1.8909586826678884,0.486643731481511,1.323456426630471,
Samuel Essende,Delantero centro,-0.8002248265187788,1.7852717515775505,0.6382342164591294,2.4385145116601743,0.4168153542220463,0.3620889833468045,-0.5660694192645581,0.41423322359761533,
Oliver Burke,Delantero centro,1.1682979806702953,0.1740436208645003,-1.6694210349917662,-1.4963757644146674,-0.08185996659539709,-1.214518750138777,-0.1766429806074453,0.3644315641604992,
Abdoulie Ceesay,Delantero centro,3.488465210030664,0.01996294275551052,0.23530143869182008,1.484736992722418,-1.1929498648407715,0.5073908524956422,-0.5728359594562948,-0.8092310052142414,
Ricky-Jade Jones,Delantero centro,2.869588102821015,1.2488773612367314,0.09911588673538133,1.787619144357846,0.423223514396541,-1.1048212108882618,0.21989919630865268,0.7014396037953884,
Victor Boniface,Delantero centro,-0.30910065734855363,0.093509348151461,0.44317047943312876,0.12396155254138214,2.919191634288657,1.0182784306533603,-1.1323412196402416,1.5068955312368457,
Stefan Schimmer,Delantero centro,2.8481300257506823,-0.09645537516872121,-0.7891083370233545,-0.5159624662975069,1.1575135386284534,-0.401738647163807,0.22041513945323848,-0.3218212097753831,
Fábio Silva,Delantero centro,1.0737262658753288,1.1283865013695513,-0.8511426899946315,-0.10684061691919433,0.8173124054485487,0.7108370473721404,-0.8425267493028106,-0.28767191590475627,
Deniz Undav,Delantero centro,3.921412250644046,-0.0737402309366901,-0.37386353375804837,-0.14567409257020736,1.3482573704938734,0.4549297832182287,-0.7185704106153901,0.7562701695437974,
Lucas Höler,Delantero centro,-1.2872976189284344,1.2736166116534382,-0.801764797660912,0.18054482628702836,-0.5202636830261498,-1.2741281293310978,0.3724649903642713,0.45142982426540246,
Budu Zivzivadze,Delantero centro,2.2932169418459485,0.6001583355756591,1.6505629901298349,-1.7651702074155984,-1.1353682010173223,-1.0778197869972181,0.3753757302815538,0.010442149152554056,
Benedict Hollerbach,Delantero centro,-1.0487318119027849,1.2118343192953178,-1.3532061348207214,-0.5074941196041302,1.0840066089970601,1.20263528124703,-1.0227474339313234,-0.4179145170775189,
Timo Werner,Delantero centro,-4.209002679539355,-0.7865048620312408,-1.0202167364675145,-1.6163639792582178,0.3191605982433455,-0.3656775640871459,-1.5778682011765297,2.148726542575577,
Maximilian Beier,Delantero centro,2.385608335995088,0.9460335452511002,-1.8893423722356544,-1.039836513828952,0.15541736098431022,-0.1835635251924027,0.1292462877019752,-1.2060799163859237,
Jeremy Arévalo,Delantero centro,-2.9702464911810957,-2.177150076076069,1.9742085954071125,0.9857996836777954,2.0114194764140727,0.7385050655965539,0.7641010154124857,-0.6261486166286934,
Jan Urbich,Delantero centro,-4.5061416267269525,-0.5822754462436274,0.6267329565364967,1.093671523267901,-1.7250729507239844,1.4759542403709722,-0.41591833146843055,-1.3427862467564275,
Christian Kofane,Delantero centro,1.8327293420850608,-0.04893599815508534,0.5129927826107525,0.8139569239679912,0.43134758229631553,0.5413821122974093,0.24780120237532638,-0.6299953643722737,
Adam Hložek,Delantero centro,-3.0041628146258113,-2.314270668194929,1.9012013933188672,0.7541408753600292,1.9933015532156473,0.5081778268770626,0.8140043073475282,-0.5109145343493225,
Andrej Ilic,Delantero centro,0.4769186460578102,0.18085149153388788,-0.0844927760398775,0.07521519497567479,1.3057865848855343,1.0084981679410732,-1.1436457215272744,0.7390005204781261,
Arthur,Delantero centro,-0.6480292456459313,2.527072881602158,-2.6944534138198226,-1.2279545472165962,-0.48701993746376815,-0.4977387384143512,-0.3182849534538745,-0.8941110088053263,
Andreas Hountondji,Delantero centro,0.6333267003195399,-1.5073641108358,-0.1840768321714927,-0.6061996428753881,-0.3399459966037351,-1.4811033118911547,-0.19613484029063605,1.11906256444013,
Shuto Machino,Delantero centro,0.13206947915424602,0.5869778898662016,-0.8326990986050267,-0.29716511121650574,0.20200242220121717,-1.0104530457975487,-0.16486827118408,0.9734148501321076,
Marin Ljubicic,Delantero centro,4.014902365268028,-3.6793878351181872,1.5795380466697637,0.7192634855640463,-0.8202140462104927,-0.022191092683845528,1.0298333268405562,-1.3670428502921124,
Nicolas Jackson,Delantero centro,4.118241205518961,0.6107839713810737,2.0406861705161874,-1.6574359754501418,0.3959827828991966,-0.8500251329973753,0.46623666000504554,0.5396335580852863,
Conrad Harder,Delantero centro,1.2928776023427948,2.0050902397012167,-0.47951442722725995,0.8228175406554303,2.0638906258023155,0.6107590779411997,-0.1600924190966572,-0.625581913351299,
Michael Gregoritsch,Delantero centro,2.932235228051885,0.275141706295635,-1.1809120054764934,-0.7149585078259106,0.5573469239049219,0.4337037745471235,-0.2192729190442166,-0.5031216700080896,
Taichi Hara,Delantero centro,-4.34738323489129,-2.5529140245727255,0.4893993173942092,-1.191451032555209,0.6039934352081333,0.13009183733318436,0.23343851557194734,-0.3045193740384497,
Tim Skarke,Delantero centro,-1.264474336659603,0.685419948911597,-1.2557509519755914,-0.7273666211584039,0.9326902825164258,0.3176424677303748,-0.6423932246055817,0.14946546020385262,
Jonathan Burkardt,Delantero centro,3.286785353747279,-2.0163226483313044,-0.14169668415221254,-0.7586105987875786,0.17206178000215308,-0.19069245782756367,0.44057795474665057,-0.7217969613215935,
Harry Kane,Delantero centro,4.4824180451322055,-0.8267484157763423,-0.2760836691256197,-0.30751236826750744,1.3596202178149073,-0.13656960445026903,0.19909198881645718,0.4959339323607693,
Haris Tabaković,Delantero centro,2.394840525817695,-1.0789488689765543,0.12982169555668413,0.1953303182161964,-1.2342130990181448,0.37928975348177035,-0.9797753089098146,1.020308350889452,
Robert Glatzel,Delantero centro,1.3284646852947566,-1.381754600855563,0.020622512781770626,-0.20858694064681724,-0.003160176796508281,1.6280060311561888,-0.6389163305120658,-0.5415464227535085,
Jonah Kusi-Asare,Delantero centro,-4.637967729290012,-1.300521659755991,0.36577980687072237,0.02729133827288778,-1.825661174888392,0.20960097541136102,-0.10534487751570663,-0.7519391886954923,
Rodrigo Ribeiro,Delantero centro,-0.38840125237774437,0.24093869894303155,-0.04645937596203287,0.32360762227971074,0.8253936927673234,-1.1065226783303292,0.1998321919740862,1.151865164270937,
Fisnik Asllani,Delantero centro,2.0238595849829744,-0.5079740580719905,-0.549296791493223,-0.534037935870719,0.6535693572282728,0.8150138914356042,-0.5541162886348492,0.14835364909935228,
Serhou Guirassy,Delantero centro,2.832739718774967,-2.06222162587199,0.8260839319858936,0.4510304559714671,-0.0980932548474954,0.45922752071952294,0.1052593423211205,-0.5876577715802865,
Keke Topp,Delantero centro,-1.0114584295476259,1.5512068737120754,-0.6475924532406566,0.38194916333974455,0.5512659230001206,0.5236431775039201,-0.5097311225273718,-0.8132409116167169,
Uchenna Ogundu,Delantero centro,-3.9220873967301824,-0.46988878358737474,0.6284401646740061,0.8948769000959407,1.4365156208563454,1.6651060429447708,-0.48483924767305936,-1.5473437671753112,
Martijn Kaars,Delantero centro,-1.4738982121334652,-0.5510419418509199,-0.9685825273703362,-1.3758840075120968,0.2511428961260079,-0.8404149373383075,-0.22456417700856635,0.1915772218669809,
Mikkel Kaufmann,Delantero centro,-0.816163932950385,1.2995605222270161,-0.5124526650563606,0.7721730013099432,-1.2729480212370146,1.0545838440362505,-0.6524701578822425,-0.9981011671987329,
Damion Downs,Delantero centro,-3.4230332662347824,-1.3538633596018086,0.4363443841410147,-0.1222282250295032,-0.7828544130590747,-1.2775600776409288,0.6643232323625475,0.46737816496475737,
Nelson Weiper,Delantero centro,-2.535783820526677,0.8245909330493759,-0.30440193993327636,0.053185204970999087,1.1116330664702612,-2.3323330282682098,0.46105697614250557,1.865946421648225,
Tim Kleindienst,Delantero centro,-3.7630383401139236,1.6852832651256053,-0.799232988231655,0.4681753482181014,-1.402063739328509,-1.166763980259251,0.10633019560317558,1.129309723467719,
Tim Lemperle,Delantero centro,1.5312316875338832,4.290025512729606,4.5954994710390755,-3.90960409455411,-0.6701616312235137,0.04992736011699456,-0.13512907924244497,0.01956766766530574,
Jessic Ngankam,Delantero centro,-4.502178471608417,-0.5084595280855818,0.6936347223747703,1.2553668542571266,-1.8455873050075673,1.4797914005925614,-0.41540635242547114,-1.3895055288758453,
Ransford Königsdörffer,Delantero centro,-1.1695176875436741,0.07797346760602855,-0.39339063919976963,-0.17263031023921105,0.7621815609580133,-0.27318213740062613,-0.5921637070873677,1.3568675874886904,
Luca Waldschmidt,Delantero centro,3.0811194099842547,0.1738708625064849,-0.7389605234932554,-0.6893801308206656,2.459229897025627,-0.40162897034500916,0.4448863665622021,-0.33730539753618577,
Patrik Schick,Delantero centro,2.9430731857951256,-2.059270358941761,0.4068698986241687,-0.4136624103959612,0.2860249057263599,0.04144032819596391,0.4600735816526708,-0.2013057758393242,
Paris Brunner,Delantero centro,-2.7496666410188677,2.671080598623411,-0.23423293489914687,1.4188102330855799,0.5846918015144581,-1.499061204495001,0.4084416689234506,0.403854776058451,
Theo Bair,Delantero centro,-4.7206941891018825,-2.1640458098454753,-0.26479018680507255,-1.6666122496774505,-0.9122796108556908,-0.31448892847254484,0.011702769541300858,-0.15227320490878618,
Pierre-Yves Hamel,Delantero centro,-4.4299028901078605,-0.37848079200553414,-0.2956989477077007,-0.32327120754301253,-1.4658304201917927,-0.8759037745385653,0.7711737636104732,-0.6303316670492813,
Ryan Rodin,Delantero centro,-4.7206941891018825,-2.1640458098454753,-0.26479018680507255,-1.6666122496774505,-0.9122796108556908,-0.31448892847254484,0.011702769541300858,-0.15227320490878618,
Pierre Mounguengue,Delantero centro,-2.6746552026728976,-3.1397623905143797,1.8639104176171575,-0.09402931275404658,2.1224416161532447,-1.1638025167685322,1.4898666578502553,0.2589285341174721,
Nouha Dicko,Delantero centro,4.700078089428838,-0.8931715139310634,0.5387282734200468,1.284256659696542,0.8837396128802333,2.4488307036669936,-1.6909551291058253,0.46714786771573613,
Ludovic Ajorque,Delantero centro,1.2467799892841382,2.842361176708439,0.548922742511215,-1.5045365920856837,-1.7737177800448352,0.7316275124571565,-0.5841265809358435,-0.7186037172797839,
Enzo Molebe,Delantero centro,-4.7206941891018825,-2.1640458098454753,-0.26479018680507255,-1.6666122496774505,-0.9122796108556908,-0.31448892847254484,0.011702769541300858,-0.15227320490878618,
Zoumana Diallo,Delantero centro,-4.490838825058564,-0.43433912538418734,0.7300332736823455,1.3777216316871534,-1.866119231080312,1.5806354250902246,-0.4397951100444755,-1.4471706348825248,
Ugo Lamare,Delantero centro,-4.189080606941203,-1.7887911596981902,1.2625642875814476,0.5640630801595923,0.024778860433642646,0.7349214143241878,0.16489884844881894,-0.9226866989894735,
Yassir Zabiri,Delantero centro,-2.1400045721873155,-0.06949896268823395,1.0009341533207092,1.2671724366324846,2.67231750614595,-1.0778026530080624,1.4078864537659435,-1.195352425301811,
Sérigné Diop,Delantero centro,-4.072980162864007,-1.7330573660329025,-0.18464883692968076,-1.463831881305968,2.309048329957755,0.16300558075462115,-0.1599869931964609,-0.5675959047204163,
Noam Obougou Jacquet,Delantero centro,3.6007703958859287,-0.8430201274181106,0.6640036452689161,1.533688428734476,0.6267896166329441,-0.060220407579917645,1.2098488193121453,-1.916755446133603,
Emmanuel Lago,Delantero centro,-1.3257666724529755,2.8605302533819783,0.7642293557991902,2.8102668171358567,2.259961281790115,-1.9745400543330902,1.997925697852616,-1.184335428048591,
Lassine Sinayoko,Delantero centro,1.3962556529707024,1.5922069131608638,-0.7425523335428991,0.2446131612103373,1.901336353521685,-0.657144449698258,0.49271975103597193,-0.2182194665690866,
Ibrahim Kanté,Delantero centro,-4.7206941891018825,-2.1640458098454753,-0.26479018680507255,-1.6666122496774505,-0.9122796108556908,-0.31448892847254484,0.011702769541300858,-0.15227320490878618,
Damián Pizarro,Delantero centro,-4.175202183584823,-0.08637901361534159,0.772617292356478,1.622244890752401,-1.8841281652437392,1.502215859981964,-1.5459872015183505,1.1384815762197131,
Jean-Philippe Krasso,Delantero centro,-1.2749906448879251,0.6082769577473494,-0.34781672973794436,0.340863171215341,0.4731272592755769,0.8030239176291678,-0.6970408070943616,0.4833139071616994,
Mika Biereth,Delantero centro,-0.7780262675337126,0.18217321712174098,-1.212978650421116,-0.7703391666927912,-0.185430533796988,0.7687233690670773,-1.1974565343502255,0.41181388210568315,
Ousmane Dembélé,Delantero centro,3.685588699286612,-1.9246039510936979,-0.8477337912820107,-1.8082302520104103,1.9134665854892392,0.8985658741075524,-1.0560061056893169,0.5527652684293162,
Tosin Aiyegun,Delantero centro,1.0902821925943607,-1.1664940683906015,-0.3849844623308155,-0.4600646866732065,-0.24996616738877442,-0.5781406016138168,0.40525438977719286,-0.7472285650744896,
Sekou Mara,Delantero centro,-0.5443658799679932,0.1463643505651934,-0.056101794049637756,0.5971800015025611,-0.2506975587136904,0.9744671499501882,0.3027887450680963,-1.2351694800670743,
Bamba Dieng,Delantero centro,3.5097609708820277,-1.6942178236329657,0.49985901300318375,0.07971224955651289,0.26284797893925926,-0.3578508719494357,0.12831988368312103,0.7324051254933912,
Rémy Labeau Lascary,Delantero centro,1.7778346122737592,1.2069260060734581,-0.4706231454426588,0.8849070996486483,0.3373811531602241,-0.5618986990253195,0.13272700946862415,0.041372340094043086,
Pierre-Emerick Aubameyang,Delantero centro,2.571524606136958,-0.6690422848937869,-0.8460896141471489,-1.1408350483847964,1.477243945464147,-0.7130078442888169,0.3006810611378546,0.21967024104812355,
Sidiki Cherif,Delantero centro,0.3830057158649745,0.32832482033694926,-0.33289330713477555,0.37862871340214777,-0.6281098263901391,-1.468121778326666,0.18741850322539994,1.0477682264970838,
Mostafa Mohamed,Delantero centro,-0.11683850905672967,0.8576988952931623,-0.8837727208228627,0.37284033464859606,-0.17002856132657676,0.13021812793012963,0.2635613336825906,-1.3610432338082337,
Willem Geubbels,Delantero centro,0.5677139458220355,-0.554734923641306,-0.6674521168006063,-0.33636885150147844,-0.24974361009239265,-0.557114312060025,-0.12571826516264528,0.46795825638387023,
Folarin Balogun,Delantero centro,2.489935218447027,0.8675703828414154,2.2185362931183477,-1.0411019219973134,0.3397363635751566,0.6131008577081355,-0.4247114940774542,0.32199456593412934,
Bernard Nguene,Delantero centro,-3.3145468003377645,2.847386914645917,-0.8065067962349043,0.9782001854965646,-0.19983767668494612,-1.0528234921753699,-0.07153730991498586,0.38238280698303895,
Elye Wahi,Delantero centro,2.563276138129944,0.6622810512295407,-0.15646838781729627,0.665701753807596,-0.004251945840205035,-1.306326233265349,-0.36024599522243367,1.7131354117362914,
Ali Yousuf,Delantero centro,-3.6723803619231963,1.5336369185515923,-0.941249714485468,-0.22266926928630928,-0.6585784984224937,-1.6978787490816147,1.0113351439048164,-0.6371003285355175,
Youssef El-Arabi,Delantero centro,0.4805948204819756,0.8972106699009041,-0.37225947502567924,1.3480729626063408,-1.609067449351525,-0.8017354503243582,0.48979692360212596,0.11146232749081558,
Sambou Soumano,Delantero centro,1.8702296263057936,0.45736366412301904,-0.22289237264195372,0.5728514657057675,-0.630523883591335,0.5753426653569137,-0.5257651631492586,0.6903642637305358,
Joaquín Panichelli,Delantero centro,2.7053068486956984,-0.07213705546537591,0.23673932368372075,1.1114555013337881,-0.9940968188739279,-0.49598224483282416,0.6590721146207205,-0.0015874230246237027,
Ignatius Ganago,Delantero centro,-0.7696908516271658,0.23099667277362196,-0.9913260555098267,-0.6719426810202465,0.3719919234159434,0.2960056905937581,-0.3896673793430579,-0.4721624774261308,
Frank Magri,Delantero centro,1.063248087359867,0.5999403898935155,-0.6465863102518198,0.4084919694398905,-0.47886322823623384,0.23912219985437572,-0.2611784843898434,-1.0184487708434624,
Martin Satriano,Delantero centro,0.45470852339972895,0.9923418924128468,-0.872788874294318,0.1127638201560183,0.01909569257922704,-0.3848779112597512,0.21319846254423858,-0.2692274031777366,
Emersonn,Delantero centro,1.3132152449395524,1.6965114629569493,1.7817603747248556,-1.3937225412954382,-0.08592411545927119,-0.6005285485534078,0.5469476276397488,-0.557323716984292,
Breel Embolo,Delantero centro,2.511004353679392,1.033591588706694,-0.7558657939176711,0.8885040929772389,-1.408799152918025,0.7044374041729036,-0.5791664079399192,-0.40975271425535975,
Mbwana Samatta,Delantero centro,-1.329632891698137,1.0566210210012987,0.10202720377896726,0.9744328241023068,0.21856970342996743,-0.5633522184845523,-0.06222429730586449,0.6073475382903225,
Olivier Giroud,Delantero centro,-0.04795957422275385,0.3196955327165554,-0.0788963566786676,0.6116496559876622,-0.2897636309432845,0.044621702393343315,0.14121833571376896,-0.19309299151758721,
Amine Gouiri,Delantero centro,3.2021074226373845,-0.05070828627706411,-1.4011831087602693,-1.0173300078200302,0.7441711990559061,0.011467216694778529,0.011080067391692353,-0.9361234095877323,
Gonçalo Ramos,Delantero centro,1.7269422965562773,3.9069954838202494,6.1024435132780335,-2.9118558276096307,0.32305348362618175,-0.021400457053360945,1.1077270652371731,-0.5878447780777016,
Prosper Peter,Delantero centro,0.9477423707910129,-0.5252027153187302,0.4539187737412785,1.47642658374018,-2.1319990753854,-0.4055523292632034,0.23503275040070898,0.6298784011519102,
Habib Diallo,Delantero centro,-1.4537527561529715,-0.6299326287079489,-0.5687826925809208,-0.4203775231053104,-0.9399918827676188,0.5657206467616428,-0.5902563214977706,0.036648679869186546,
Santiago Hidalgo,Delantero centro,1.5624983827056391,2.629948199167727,-1.1747271132017887,0.8038784959647218,0.13916592361195598,0.3010909600040865,-0.31978694179185274,-0.4844819518026569,
Kevin Carlos,Delantero centro,-3.209468252612896,0.8231750230533598,0.8559991458612696,1.8213523559499738,-0.41625557270109204,-0.10338438679796266,-0.32339263911588145,0.37907634430051934,
Robinio Vaz,Delantero centro,5.1074737855588355,2.073335466108852,-1.363352194635227,0.6535209670714451,-0.5479017545409438,-0.276247730054878,-0.2389533424141691,-0.08266043682324402,
Kenny Quetant,Delantero centro,-0.7968039239939196,-0.17478403717424587,-0.4786552885974775,-0.016107304477429377,-1.889431717848654,-0.7243119885177096,-0.6686967370913609,1.190022709628158,
George Ilenikhena,Delantero centro,1.4298670018055193,-2.898868614788133,1.4192628055508771,0.43390690469828486,0.4084786504920592,0.161785506862993,-0.22215085271840967,1.6132132985411727,
Emanuel Emegha,Delantero centro,4.38290055695787,-1.0186409199774316,1.1059239175413647,1.4558839915936186,-0.839133165822407,1.4874953081060802,-1.1112354579992971,0.6831212403095206,
Nathan Mbala,Delantero centro,2.116609594567611,0.12441039969762949,-2.1411982684041075,-1.9646060681925628,1.6233375418048603,1.1444190808767232,-0.272518794677049,-1.9473894369151135,
Hamza Igamane,Delantero centro,4.724373008193413,0.7430417339132267,-1.0255330242425302,-0.3655259196250452,1.2965226373683998,-0.4686907325296827,-0.32144561900470664,0.6941569960921428,
Idrissa Guèye,Delantero centro,-4.246333127849301,0.18426408583884127,-0.2051171134794411,0.3380078182019797,-1.1064191819993106,0.47384677178212947,0.2183234322212969,-1.594782290012639,
Esteban Lepaul,Delantero centro,1.143158172896809,-2.877662026173271,-0.4574830624316403,-1.2219941496699351,-2.7480060129399826,0.2217918678346325,-0.6019312560545517,0.06974717675900538,
Julián Vignolo,Delantero centro,3.52007433112497,-1.6126161523602538,-0.10892592924704438,-0.3473880382139788,1.5454910383104699,-0.812071012341356,1.1240849936196644,-1.6958945190564958,
Amady Camara,Delantero centro,-3.5881315201496524,1.5011720857584534,-1.0875541173779744,-0.15171432296084242,1.7822063576343803,-0.4136761081930461,0.7962410510179259,-1.7499546570922193,
David Datro Fofana,Delantero centro,-3.4524749359619356,0.5093802352481821,-0.24579904884296408,0.23630435374532463,-0.6808263201942258,-1.2762030200378232,0.2679855021511405,1.5274678875373708,
Brian Madjo,Delantero centro,-3.711061507872668,-0.7445422718070152,0.9792907500622594,1.2096592957860839,-1.0646235418014685,0.6874632603126423,-0.9830189932045887,1.5131612685849556,
Matthis Abline,Delantero centro,-0.4389486326618803,1.241682316327419,-1.0634600824567098,-0.35673866673430543,1.4779937216475563,0.2137919390626612,-0.15382302373462467,-0.8167213151597749,
Jacen Russell-Rowe,Delantero centro,-1.6819673032234854,-0.20075310286974662,-0.6148963561605297,-0.3310110650161222,-0.16455955973781464,-0.9565571978424089,0.684351261564701,-0.8468228227984307,
Goduine Koyalipou,Delantero centro,-0.6039881769000137,-1.106634847042182,0.008805712628570656,-0.7556784033445988,1.855147261052624,-0.22561387684988107,-0.0774272826170989,1.151699918177245,
Ciro Immobile,Delantero centro,0.6186883832218397,-0.24004097500804383,-0.9971639554408853,-1.0285963052167246,-0.8157430857898961,0.3761560191229404,-1.5528640457604244,1.579270144178789,
Rayan Fofana,Delantero centro,2.1556700912302444,-0.5648610694898439,0.41261645307165046,1.2342892942420847,0.6568769677674093,1.1095127365923745,-0.34809493197608826,-0.5069094738595932,
Mama Samba Baldé,Delantero centro,0.2124693674721838,0.7208269407282156,-1.2545571927461938,-0.6409220760589096,1.1651781183344416,1.1764053543155362,0.2529246799951071,-1.9744830742869164,
Ibou Sané,Delantero centro,0.22609683650993231,1.9338432451355967,-1.386569719293134,0.2650416914489364,-0.7521620873515233,-0.041102542867816026,-0.7588361416198067,-0.05198888068471966,
Kader Meïté,Delantero centro,2.765837164435252,-0.6351414359148156,-0.4332124179962681,-0.29715171274753094,0.7281635160517302,1.2709358403478652,-1.1041290411280238,0.6635736078774809,
Lanroy Machine,Delantero centro,-1.6422917257587775,0.45814023272012655,-0.25138623397466814,0.36844185592253137,0.2851247376176997,-0.22251305106085942,-0.5883749424625363,0.3384933582621229,
Florian Sotoca,Delantero centro,-1.0557293311218212,2.189167377818871,-1.4605016594381328,0.5195035291572856,-0.4811555733843864,-0.16737232516660752,0.023470642527474515,-1.3189592568436492,
Giorgi Kvilitaia,Delantero centro,0.9378209737091675,-0.4783308118609139,0.6161447233796318,1.1680702836748245,-1.2823769960406464,-1.078071823155821,0.8222084013194326,-0.40298602425545577,
Terem Moffi,Delantero centro,0.5485307990430285,-2.7830193978870628,1.0149007694874428,-0.20347940578159882,0.3219277444771339,-0.8553736038104248,0.19647539647488393,1.7656001400792696,
Matias Fernandez-Pardo,Delantero centro,0.819895008150959,1.1108401267486565,-0.9271497920816005,-0.35714789199484587,1.8982430672392743,-0.42173026599118146,-0.1864790859597359,0.6145034215591196,
Roman Yaremchuk,Delantero centro,3.212559592638011,-1.1766524643226295,-0.68900726008214,-0.8727850274870399,-0.8395847891292874,0.48780317050329663,-0.9577178037500695,0.5461145962071282,
Santi Franco,Delantero centro,-3.5402504876566714,2.0759224927095077,0.17119724902725544,1.897619056560336,-1.8410946767807352,0.1576787948805872,-1.079630145594496,0.9750891179500063,
Manex Carmona,Delantero centro,3.679508118920954,-2.614882096074006,-0.06518644069295702,-0.7437615916894164,-1.6430286607558138,0.8629089354861301,-0.496584520772158,-0.07312376206612126,
Arana,Delantero centro,4.351140386003555,1.8418083674691685,7.008978135806973,-3.3692923875635103,-0.632132348808616,1.5996143408152401,-0.9012532700266982,1.2433518160891817,
Jaime Mata,Delantero centro,3.9793579036246873,0.6630672711309626,-0.4079916040981823,1.0771327259683825,-2.4052321058562556,-1.5237441011907602,1.5356132522549872,-1.8344792488697403,
Asier Villalibre,Delantero centro,4.362959459916168,-1.7180556708190335,0.687909580112586,0.5343468946063743,-0.571588215037042,0.416165986623806,-0.46885503728460465,0.64893182229779,
Giorgi Guliashvili,Delantero centro,2.6852634734142047,-1.2165788531371995,0.10241148228699998,-0.21479491485271457,0.02072567183186736,-0.20520935514847616,-0.2447728108034698,0.7942917158694633,
Ayden Heaven,Defensa central,-1.1989002680810044,0.051299145569011696,-1.2281702859973844,2.025312457860997,-0.5159331121487928,2.490589997678125,0.07113643102631971,0.49780361891626823,-2.8648011599513272
Dan Burn,Defensa central,2.7779390752403623,3.104501281077595,2.20709521259039,1.7735381836271449,-1.2473613237477337,-0.338663077281436,-1.0904700085478138,0.5041592068867508,-0.06751821058789303
Pablo,Defensa central,0.5536994098119485,1.1827579082448445,-3.0079435887385095,0.9716847276915793,-0.2712458460322045,-1.4442479455529966,-0.6554029502459666,-0.40776472870902747,-1.6417983551945257
Tosin Adarabioyo,Defensa central,-2.8021452608743553,-1.2211697770662484,0.9116811780478461,0.15076443615575036,-0.6484926962249642,0.1896031624323298,-0.23095198455945337,1.4435453962832938,1.6107172504294567
Olivier Boscagli,Defensa central,-0.9537420096113434,1.5831706007743602,-2.032399830249784,2.8159828646308736,0.9408401363168232,0.985258228452711,0.4193161676353957,-1.1747127119462202,0.25554176953256885
Issa Diop,Defensa central,2.898021155001831,-2.176443433516683,1.6351420296084127,0.21416945744421054,1.3384238559366366,-0.29691962888781515,-0.14196450947866557,0.7063255216816037,-0.7062115900436944
Yerson Mosquera,Defensa central,-0.8959868485078102,2.5714253595288015,-1.7559114956012778,-2.646056462951981,-0.3932831676820308,1.8706713198962257,-1.2589405582140678,1.0209566140248962,-0.8564691621161732
Murillo,Defensa central,1.203662917240625,-0.8383975628141647,0.2203960715000894,-1.883791947434186,0.24182270075122386,1.7375695361240189,1.1439057151944962,0.21737789046054753,-1.3170227097942167
Rúben Dias,Defensa central,2.544454684933376,-2.2810454422517106,0.7459185953665282,-0.15746361327301167,0.5289502862764214,-0.29359318230106546,-0.40070586229111543,-0.7014107736598444,-0.05601066554190837
James Hill,Defensa central,0.13060668283078727,0.7560006696782352,-2.281041128885393,1.1591577551527128,-2.0195267042751306,2.7730138414844157,0.700814611689657,0.6216259739408311,0.2729092764175194
Jorge Cuenca,Defensa central,-2.6028452658557835,0.5790668084093801,0.27566396754109385,-0.05944094960363384,0.4602492382507059,0.535108526639984,-0.249469907446717,1.1062810210437237,2.1408462121101977
Victor Lindelöf,Defensa central,-1.6534753476608846,-2.579250548637574,-0.31220291360084446,3.028071566711604,-1.1959463013368588,-0.5169199386076383,1.0064414796482213,0.22703284650168237,-0.5108148068114409
Cristhian Mosquera,Defensa central,-2.5358820032825,1.5046144943229625,0.0806345991501435,0.14555379434632965,1.328910276192373,0.5155896353558422,-1.953420293415655,1.2951963739390882,0.4977717140782586
Daniel Ballard,Defensa central,3.0155871559949836,0.3693710564999161,1.025356334785475,-0.9116147900860209,-1.203196762442006,-0.5010826417682871,-0.8610553042879723,0.48941474201117346,0.26814145890255264
Nathan Aké,Defensa central,-1.5304522332282393,-0.2926438484018551,-0.8729623926008042,-0.7120827717417564,-1.5391828992185361,0.08675025993163359,-2.74516488784446,-0.17321367767846169,0.9019962611140739
Sebastiaan Bornauw,Defensa central,-2.586246259769288,0.32840464959044885,0.22590648873390515,0.04267524658907828,0.4001467932615211,0.446944179416684,-0.13566067320608555,1.1371274212270779,2.5859655708325513
Benoît Badiashile,Defensa central,-3.0069937685887407,0.4099062481740146,0.5233615573246471,-0.10902876269919018,1.5118675145775033,0.025712596096878124,1.6084484439600693,0.7879240090323532,0.7076151397907513
John Stones,Defensa central,-3.272504708254088,-2.3715620506978095,0.439060526026854,1.1515432335039164,-0.1687478126583041,-0.0867486227824228,-1.2951037433105135,-0.9673931214716821,0.16844405397736062
Joe Worrall,Defensa central,-3.2625666319411035,-2.2109432155920667,0.8010481204044766,0.5307153286877341,-0.030496128538256947,-0.2146188165484813,0.8763117942381023,-0.16669601041775928,0.48689785442296635
Ethan Pinnock,Defensa central,-1.357814490613626,0.04257942444041781,-0.9283383091768935,-3.0510625228522676,-1.1323491215392714,1.8818288513357906,1.5798349362930388,-0.3599329390062049,-1.853508100416645
Santiago Bueno,Defensa central,3.9440487210326824,-0.8598168457756937,-0.18105839509812946,0.3394807730385685,0.24171150790096632,0.11505784652604122,-0.5584773890290238,0.035539952065996715,0.17248375093320661
Konstantinos Mavropanos,Defensa central,3.3794258731549505,-1.6174940890471552,-0.08222860992499151,-1.8118579034606923,-1.0854921156924782,2.369628605147959,0.7251400821227139,-0.4580267988861912,0.5650569586188332
Calvin Bassey,Defensa central,1.100187084766188,0.03955635139577127,0.558251768411863,0.25230878911119864,1.6689981072390847,0.9342669189809313,-2.1602512503095603,-0.3782270053459726,0.21253127760299279
Veljko Milosavljević,Defensa central,-3.2124394183747,-2.160429787190783,0.588897251349663,0.2883183361647298,0.03474011772195751,-0.28540034620133864,0.3871349944893658,-0.9083486952229237,-0.029471852980308178
Jair Cunha,Defensa central,-1.684477977817325,-0.8012546688465149,-1.1029068605565504,-1.0024129909170312,-0.7507222059030209,-0.38039090341755316,-1.2288370132729896,-1.8250063996250216,-0.672740814446145
Radu Drăgușin,Defensa central,-2.5835309534833426,-0.29005362679942903,-0.5094740496428086,-0.11033670334102305,0.6771890895917761,-0.5368716690957073,0.8932997682133327,-0.5422753993509217,1.8619666831174837
Joe Gomez,Defensa central,0.721969070097766,1.7481292935552626,-2.6394742101572124,1.835163594193738,0.13547333467454276,-1.5358888622963929,0.7254422161294304,1.2162591142580503,-0.2951363516010232
Jarrad Branthwaite,Defensa central,3.7930038957957817,-1.7036006500398646,0.15817795216890715,-0.7780369149230881,-0.4740392511797904,0.1669530038612735,-0.4969086301006319,-0.6752431697044521,2.165768542901175
Jenson Seelt,Defensa central,-3.184565916386204,-1.6337168367021644,0.32929859843037607,1.247437777855882,0.196539385854264,0.26365176748251135,-1.6991999901309645,-0.7025551436252573,-0.27533810955941507
Chadi Riad,Defensa central,1.012893936005417,0.4696978901160636,-2.722852286680429,1.118337477244557,-1.4718078303457194,-1.5314353370165208,-0.5006586175771753,0.44845132290733053,-1.5379154501000034
Luke O'Nien,Defensa central,0.5357060776101427,2.2124039258884327,-1.5060161184346126,2.3128273217013073,-1.349902185651163,-0.8187584459388004,-0.14204684422324426,-1.1402713148037429,-1.3140096006790625
Hjalmar Ekdal,Defensa central,-2.274483279896506,-1.4599516647020305,0.025977667740094204,-0.28303224537024024,-1.1590680426525273,0.21361820760127645,-1.521190432449816,-0.3702850670829846,0.7183165694699183
Sven Botman,Defensa central,2.4171215298523085,-0.9117152536168046,-0.8116139532323016,-0.05352958261842842,-1.479172725267011,2.505936412064161,0.5055137977027577,0.13359084595679932,-0.2914280249472525
Max Kilman,Defensa central,-2.4919603051109678,-1.2140511819071274,0.35621612083082904,-0.19041190458371438,-0.17215921677919963,-1.1741811380701292,-0.5868854632877609,1.1016153311857988,-0.48532978443812036
Bashir Humphreys,Defensa central,-1.2112112733831133,0.6320930976266101,-0.9284917360339007,-1.2793452843957782,-0.9394736229982469,-0.32999410471265456,-2.616267874903728,0.6163594174127724,0.4685944337381797
Jean-Clair Todibo,Defensa central,-1.6461545518185705,0.37484596322459734,0.7001171397953914,2.33720528004992,-1.2988643563440654,-0.01382300543863554,-0.47543319057123806,0.006691269491548226,-0.1317222003010292
Toti Gomes,Defensa central,-1.7429849321553306,0.31494784300615436,0.3807011199922595,-0.401251688885639,-1.2561301524621575,-0.7485345946034544,-1.029054122811329,-1.5630658761882075,-0.8701976782054092
Abdukodir Khusanov,Defensa central,-2.2692026107182386,0.08057360930750326,-0.7199985967125166,-0.8445934889181597,0.6177749615063187,-0.29850845730257,0.6988842162987764,-1.2937279834169897,0.7779812588247751
Jaka Bijol,Defensa central,2.753303202371644,-1.0921430316016423,-0.9209078187091169,0.6782605511467947,-0.6124913995507683,-1.06776275967766,1.1304652416837764,0.4358487585674174,-0.7015244586008442
Kevin Danso,Defensa central,-1.729425919845464,1.3882219940177771,-0.9291252025826087,-1.1674650339961112,0.6618032773274748,-0.6310391182240443,0.16195995099578733,0.4537555455921867,0.6904716482576745
Cristian Romero,Defensa central,5.2024919151121995,3.4078663868033017,2.633761726564834,0.3138514682961768,-0.8115380090922275,-0.6767351627921526,1.1480475980928373,-0.13812880369124017,0.0816729154698987
Pau Torres,Defensa central,-2.520331689954743,-1.7630292401946657,-0.15702709547238775,-0.7842997034886725,-1.189126823990702,1.4747080339694019,-0.5247685915264967,-0.24313370783321583,-1.5205866647845026
Wesley Fofana,Defensa central,-0.6424218800339694,3.962413302056655,2.104629268263331,1.6031930861401436,-2.30742807925911,-0.30998435220944326,1.3032789491927623,0.47938937654317954,1.1280054659719274
Leny Yoro,Defensa central,-1.4572715562794007,-0.22657536485597685,-0.9032686080673514,-1.5444711668770372,-1.0011544982675327,-0.10407710985427608,-0.06430616850766664,-0.6453790246775182,1.8477709278505177
Kristoffer Ajer,Defensa central,-0.6481330166407173,0.26809099379833673,-1.6579811097698625,0.6031687522752314,-0.21875523057289684,-1.3126829544260887,-0.2907494106416976,0.20524837775036275,-1.1443086309563766
Marc Guéhi,Defensa central,3.096617191370468,0.0222422338067893,-1.7565869634736244,0.42608399015592663,-0.102200016835638,-0.18964531008019808,0.5996165679179657,-1.300673009810518,0.2485277109638519
Harry Maguire,Defensa central,2.8556229222917717,0.3692201984572377,-0.05609627466430652,1.6075198334176184,-0.9059643957728654,-0.9146565577720602,-0.22340143760351203,-0.8734537500855845,-1.650119543934434
Axel Tuanzebe,Defensa central,2.35374173256098,-2.399644839146394,1.5700975385235147,-0.6917734878561393,-0.1609666487477873,2.8567836197936773,-0.042678932498075674,0.8768704028228514,-0.4247963130675176
Matthijs de Ligt,Defensa central,2.294345482986232,-2.000525855267392,-0.06166249110180099,-0.5428335850957986,0.301835551783955,-0.7290767052830419,-0.8248736296571604,-1.6300184683718697,-0.4679746070408804
Lisandro Martínez,Defensa central,-2.927839562272866,-0.8589760643248177,1.367490342399998,0.009098745597534581,-1.5534744053775482,1.6670085840461157,0.33216280561199185,-1.001760148679863,-1.4209225027563417
Axel Disasi,Defensa central,-1.450843688628272,-1.7891466202766646,-0.2988325612116299,-2.270872897034559,-2.761527933848664,1.7553706020245134,0.06525808932345886,0.5762096824257658,-0.8802799993125574
Fabian Schär,Defensa central,-1.0036244163436194,0.35380559029640596,-1.3682930491700143,-1.7839774814279576,-1.1950394018751334,-0.67145566477101,-0.6290604588050164,0.07292097507478006,1.8166341437031495
Emmanuel Agbadou,Defensa central,-0.9261283452550592,1.3707155760333998,-0.4431399098560708,-1.489189519579212,-1.9145438773362051,-0.7727952534944645,-1.4393238340560928,-1.9193198056537222,0.8213490477082401
Bafodé Diakité,Defensa central,-2.862559308906036,-1.2463996833910174,0.5374329327399833,0.4578529794034403,-0.4189658895142514,0.6158069292141946,-1.5342030370361641,0.05876318813236726,0.9797271522057304
Joško Gvardiol,Defensa central,4.205134604448555,-0.9039152160222494,-1.0851887141427752,0.7323788251504659,0.013332527152392363,-1.0908654352179077,0.8290801940444985,-0.09336226685106463,-0.695929850626454
Nayef Aguerd,Defensa central,-2.5792411156178146,-1.8223609093952986,-0.3301413863681912,0.396275107274203,-0.8073816585962462,-0.634248723449518,-1.8372665413362512,-0.9181849674117238,0.15690993195175063
Mamadou Sarr,Defensa central,-2.8388652061386095,-2.7831149385429246,0.4892807053731251,0.0036645154156852633,-1.0990161069419813,-1.0523591745000929,0.32855578065001995,-0.07283059011020837,0.37038475801355636
Tyrone Mings,Defensa central,-2.3227701655184516,-1.4045025966170606,-0.2639599783989147,-0.1540598618491892,-0.6181884682438024,-0.7404984057491385,-0.9548657765591632,-0.35128279204855606,-0.07676213930572834
Morato,Defensa central,2.569614160090559,-0.3792105047376706,0.9414116847700941,-0.6090331147530115,1.2149348470052725,0.1744709596458974,-1.3175693167028155,0.9159595738845092,0.025485646530567004
Igor,Defensa central,-3.4054122674197234,-2.521106732699094,1.0934364388414672,0.7938562739009936,-0.003137997236739739,-0.3806080114701511,0.5373092627584726,0.2863180361219619,0.10997193998404586
Gabriel Magalhães,Defensa central,3.702344121012597,-1.1649037309597325,-0.8432433197292034,1.6060910290679606,-0.1691268378170381,-0.38889575442278984,-0.3451188185151426,-0.2687686982754673,-1.0801453368525706
Sepp van den Berg,Defensa central,-0.30983011519528997,-1.8112945495847466,-1.4094135350928754,0.744605275688508,-2.209291199699933,-1.502638511632919,0.9923642531208423,0.22964664046926198,-0.8797192807208566
Jamaal Lascelles,Defensa central,-2.7695607987204527,-2.9886208353184682,0.5309638861643786,0.008776845045107637,-1.3097503225884986,-1.3945979628214167,-0.3476402772988842,0.2423069100668433,-0.18890791207238317
Trevoh Chalobah,Defensa central,3.133036244088285,-0.9566035207417665,1.6592138644826049,-0.012139845468804514,-0.5485031328898293,0.35944118196672176,-0.3612189657582924,-1.0671713394342215,1.0804434115636503
Ben Davies,Defensa central,5.051607577540951,0.07309463519791357,-0.3417796403275575,-1.2593352367578954,1.6779363521348032,-1.6819480852081239,-1.1275893804231234,0.2944169552511971,-1.2282245042150348
Max Alleyne,Defensa central,-1.0128927124854363,-1.0523419934778036,-1.474163150559788,-2.919292866727884,-1.3236338763134334,-1.5970253609864158,1.5432686848511932,-2.028765661484596,0.19228545304685923
Ibrahima Konaté,Defensa central,0.6781223714891181,-0.4522986644746074,0.4386152997425909,-0.5234852640485033,1.1963745067399854,-0.004972936567221444,-0.6114719675657246,-0.11994554474067728,-0.9792406375409964
Ezra Mayers,Defensa central,-2.7050011239488367,-2.1549608439690364,-0.19980906087918543,0.44097300486632396,-0.7976786119171672,-0.7947516333209983,-1.4366003275680461,-0.9557845885722752,0.5507664221279285
Maxence Lacroix,Defensa central,1.833053885176094,0.5602708458600992,-0.3585925499568844,0.6815271446343977,-0.4381551658424445,-0.8019450855538486,1.1009240255138182,-1.3455101712025117,-0.42813808916612567
Pascal Struijk,Defensa central,-0.6855558678429131,-0.2381483831730779,-1.2112264791194005,0.2702060768029195,-1.948734361017606,-0.293273189532999,-0.6391397947009975,1.0047960442924777,1.0855928573726341
Micky van de Ven,Defensa central,3.9856897679537107,-0.5881949309062179,1.5168059887809224,0.9975105607539009,-0.7732313274724532,-0.10440118643594128,-0.7082682352091444,0.7056601637269704,-0.2987557615648961
Joachim Andersen,Defensa central,-0.968823652299664,0.9048745839126845,-0.5020817763480382,0.7403334449055775,-1.106102784183565,-1.0910014556152707,0.15842174309218854,-0.5567913702054291,-0.4347875299041744
Malick Thiaw,Defensa central,3.682446116874994,-1.3460516367591648,-0.1760439982250043,-1.1560614828159252,-0.2769599856178073,-0.5309790198112477,-1.2078520683034712,-0.48881926107173346,0.382685926739475
Joe Rodon,Defensa central,2.0640978357423037,-1.926688805018756,0.32943564757072624,-0.6573529330455977,-0.4456341545626007,-0.09563596781882917,-0.940701314524185,-0.49005406631229687,0.37287451254813414
Maxime Estève,Defensa central,-2.666414425982367,-1.307031627968232,-0.22375996342890578,-0.7720597890796849,-0.7219354032073038,2.1364735142405347,0.4356859465751806,-0.7905507476864253,-0.8406232537807783
Lewis Dunk,Defensa central,0.637487037466635,-1.1989124665611546,0.6584578666552148,-0.41980433665114253,-0.06820783077458949,-0.228855087960595,-0.9480443121396948,0.5945776801422464,0.812972172942695
Nathan Collins,Defensa central,1.84821774965009,-1.2102640928079835,-0.4856103895684555,0.09380394148596344,-1.9509702625075636,1.8709982672168344,0.7355299100159278,1.3263796457866628,-0.2970593487212772
Ezri Konsa,Defensa central,-2.4329977776902427,-0.7696272876399456,0.8213320309787727,0.4187967514301029,-1.2786931842199114,-0.1750935067916804,-0.9026722840130718,-1.4719510130672064,-0.7579180261948224
Omar Alderete,Defensa central,2.052547215206274,-0.35866235597153207,-0.9261264472739255,-0.3228638046783027,-1.2240950044614778,-0.46208237570846705,-0.5249520478824182,0.9304839620941722,1.4942808324821997
Chris Richards,Defensa central,0.4885804793217806,-1.202622792867488,0.3441194802193092,-0.241512828451463,1.2303565162162113,0.036613482373901246,-0.0843768066464499,-1.6470502136520655,0.7392909605472994
Virgil van Dijk,Defensa central,3.883155935582578,-2.7243475424881893,0.6887606772297465,-0.6358192184491587,-0.6701066352578292,-0.6543283484471534,-0.47606504535399385,0.16164898385251,-0.15101203924780765
Marcos Senesi,Defensa central,0.4834529355435707,1.4536510949514754,-2.663334098387853,1.65850861990723,-0.771700005935808,0.14964094872691677,0.05121338748627641,-0.1528468751910127,0.3680567057407999
James Tarkowski,Defensa central,3.2001258187684574,-0.2385745424558511,-1.0415340494805796,0.7233356194669952,-0.7912405370917558,-0.06403328718310876,-0.9060411037310379,0.5998872069877816,-0.37758319237424687
William Saliba,Defensa central,0.7841571466153953,-1.8383631040424837,1.3997166259796876,0.6002714570818594,1.0631121765209737,0.8259114907710915,-1.8181081097700196,-0.4099900945152005,0.2703122515078021
Nikola Milenković,Defensa central,-2.446394876082729,-1.3242556569434614,0.21925893333036967,-0.696393565104414,-1.4068794103093276,1.7610996710819866,-0.4423402893118842,0.9223964852576885,-0.61115064378314
Levi Colwill,Defensa central,-3.0408450321587828,-0.6465399932800541,-0.269858535890233,0.5694518221928504,0.6584224647453324,1.0100233770108988,0.2676456436035036,-2.1206728318623163,1.2188912474377156
Zach Abbott,Defensa central,-2.9403592873200877,0.7442757662098359,-0.5164583810127512,0.47848520859820814,2.1468806068741606,0.35472766769802716,-0.7854617002456825,-1.4282041844544215,0.1561750479496269
Michael Keane,Defensa central,3.2071782904597095,-1.3585222544988222,0.7466272286516424,0.5498236614993102,-0.8906732662258157,-1.0088599441364112,1.492657425414399,-1.4574225276198645,-0.12459735123334481
Jan Paul van Hecke,Defensa central,4.06738722110818,0.5079512418292517,-1.4516620000764069,-0.041684004033451544,-1.0984169246515103,2.6036137067806084,-0.3850800661546865,0.364143461551515,-0.1184869860639867
José María Giménez,Defensa central,0.32333685149619423,1.1270681169565142,-1.8863353744354343,0.41688928421783594,-1.2464626609956129,-0.7759583703699177,0.7059447781999987,1.8139573834793743,0.45548463110623916
Jon Pacheco,Defensa central,-2.021949679394032,1.7851340089944248,3.193892727391436,0.2458358841871887,-2.3874591600822415,-0.6885822099369479,-1.3336442806871105,-0.30929580570770576,-0.1673373709153277
Diego Aguado,Defensa central,-3.3469129596373497,-2.0159858805399127,0.691683020525216,0.45780466613697085,0.4883852347202761,-0.27616434406762486,-0.5329309532165549,-1.0320634353976699,-1.086372006214546
Castrin,Defensa central,2.528919355577198,0.298405009596932,-0.018268484892559833,-1.232827301245656,0.5433163532595597,0.3418938210843346,-0.05120421233131547,0.20692565950138064,1.3456856893042328
César Azpilicueta,Defensa central,-1.0513379772622513,2.3394904610210614,-1.5570720141396381,2.1411522104510516,1.0219719024952272,0.9922298961336645,-0.09088126015848592,0.6224663591198685,1.4798967124261704
Raúl Asencio,Defensa central,3.021483132912325,-1.3132821728908832,0.7371598532834054,-0.30235078298770696,0.8711189979716387,-0.448085087289412,-0.6367678490542915,0.41513620632040227,-1.0424795208378232
Diego Llorente,Defensa central,2.668573351877602,0.26995961814577046,0.20225443621264147,-1.34190376260448,1.7402711623886908,0.24071677881283368,1.0539177131052404,-0.5412821992108591,-0.03978123458829236
Eric Bailly,Defensa central,1.9015289150403694,-1.265730361858822,1.2536844763510104,0.055923202541881524,1.710954505206829,0.092491570943307,0.5858828834257435,0.06792822047798346,0.4257130029891313
Logan Costa,Defensa central,-3.381905343631794,-1.8355871637141374,1.209442582558372,0.8560585170094642,0.7613745179442388,-0.8206446007285622,0.3141039543881774,1.4480374434794976,-0.37283233533449545
Unai Núñez,Defensa central,-1.805239239199098,1.177480902667859,-0.9721968623881871,-1.0972665946207807,0.731477016048134,-0.8814170074335412,-0.6354752436883593,0.12543243925347328,-0.010490441137403276
Federico Gattoni,Defensa central,-3.464778026075367,-3.156888491413246,1.2202188242910583,0.9508266161039258,-0.4955676931990409,-0.3937652038498604,-0.1606365689107618,0.0593027276220884,-0.3844781523855768
Abdel Abqar,Defensa central,0.1912624896256024,3.424696523176566,-0.8010313819233358,2.1468158420503265,-0.7543974319609342,0.07440314570038685,0.5046855135198826,1.123277892040411,0.13765053917867803
Jorge Herrando,Defensa central,-1.7121751572099602,0.3017844432879458,-0.7919596467832852,2.2119081629740425,0.7967253553457829,-0.0004068903778732498,1.1701212145551099,0.46507909512114703,0.0708803249934569
Carl Starfelt,Defensa central,-2.2321173298380446,1.9708074083594485,3.175429634744782,-0.8106158092251186,-2.0081928862871035,1.0716456901041846,1.2978056959702557,-0.3150786940692235,-2.20296030204118
Antonio Rüdiger,Defensa central,1.5860155469912305,-2.944857512212074,1.3598160533027615,0.39519704086212265,-0.5363905816894708,0.004737394615011801,-1.6525475719663587,0.48357933985580587,1.2488585435178912
Dani Calvo,Defensa central,-2.8976640999681655,-1.214664912031181,0.6908455580621542,0.47574200005863904,-0.295620510473396,0.25858966022735025,-1.3089874420568814,0.6424379685329793,0.5218322387180512
Zaid Romero,Defensa central,2.3573401869706743,2.7502812066592477,3.1360797437549763,-0.21565613463787298,-0.09905094317596326,-0.3780879493156931,0.5748791084556001,-2.277385693785063,0.06002058129445326
Eray Cömert,Defensa central,4.382791682386198,0.30774252023567705,0.78251133852453,1.1179503105533417,-1.0010762532845612,0.3588520286607762,0.5574231838724618,-0.8381521656616615,0.7291322618410474
Clemens Riedel,Defensa central,-0.5678316664387764,0.9792869116531023,-1.0760300003552434,1.2665164976568921,-0.526388710160946,-0.04650056507545497,-0.9165516515523245,2.0291124526883797,0.11310244403042974
Clément Lenglet,Defensa central,-1.311555084445739,3.0813225807174907,2.3873537566564433,2.506881151853433,-1.3286091448851824,-0.9197898807548428,1.5997404496024197,0.27831709387182196,-0.12456945758163462
Marc Pubill,Defensa central,3.412004095227597,0.28962571741434556,-1.415728115042839,0.49726978541497674,-0.21346881267287568,0.21951350075319195,-0.6833254445524414,-0.3528103784886186,0.6189960760641277
Aitor Paredes,Defensa central,3.1082561319400215,-1.1860262687323841,0.607186617449866,-0.8107348971444407,1.0634259137108228,-0.6590786402667004,1.277203373200051,0.22058020957021285,0.5122191723363311
Mouctar Diakhaby,Defensa central,4.474071788293027,0.003518985073071574,0.3211978144174515,-1.641165857941788,0.3795962404735583,-0.15926681433330092,0.6829852983187399,1.4080112037674553,1.2772395064309052
Yeray Álvarez,Defensa central,-2.978656995439228,-0.8817516199063112,-0.19281689582392797,0.5803904592358877,0.2990745456378283,0.888415974768001,0.48446832392912303,-1.6918866472173026,1.4974118812521295
John Donald,Defensa central,3.7683495728751932,0.552725248167014,0.34747994557258094,-1.281119107599854,2.2571975010878473,-0.8588660866258633,0.760885515725991,0.9381384256854407,-0.9034672791032476
Tanguy Nianzou,Defensa central,-2.197894588749728,2.2982894924451402,1.250549157890787,-0.43048068735950423,0.3879523138400972,-1.4833696766334605,-0.2378628681328805,1.1606185868732155,-1.353663004235626
Joseph Aidoo,Defensa central,-3.1511250545716147,-1.9970782179194437,0.5871021674994096,0.2721644971716869,-0.04388384199532137,-0.17956720437765342,1.4615942293821829,-0.4264263290066802,1.0534087260359215
Carlos Dominguez,Defensa central,-1.8024349525518655,-0.6941960711067798,-0.525308279273477,-1.2883378755246393,-0.11316401945711528,-1.1594326099829586,-0.516002233252079,-0.473239096413378,-1.075831777494138
Jorge Cabello,Defensa central,-3.1561888579504216,-0.8647669727419376,0.9196491108414543,0.5901273763487541,0.6365190780400116,-0.03845371191586172,-0.564395919210745,0.9578928264296689,-0.9719548953462269
Oier Luengo,Defensa central,-0.4440671861973663,0.34957972381147234,-1.2322165098672129,2.95216313311887,0.1965540838258089,-0.6031216644539137,0.8763110981918995,1.1014839907348624,-1.4918998966329997
Fábio Cardoso,Defensa central,-3.208306814619444,-0.5528525650892698,0.5528609602420205,0.31472475509815373,1.5059964193572812,-0.18243584023178805,1.2847628235635444,0.1993778147389546,0.35242179281241925
Ville Koski,Defensa central,-1.5535645611628552,-1.5660342533408806,-0.6555862497622953,-1.9744087638986474,-0.9799258027268073,-1.1838632742692148,1.340798231061781,-1.2166891169002938,-0.21051367055881504
Sebastián Boselli,Defensa central,-1.277916620573871,1.206778029602512,-1.209055299784922,-1.7575095271057544,0.5638029468258773,-2.1084574045483313,-1.7878441863724261,0.7470786442933381,-1.1254815088339432
Luiz Felipe,Defensa central,-1.619031918931711,-0.07515731015710077,-0.7223776450756499,-2.018158135558734,0.001879146631711296,-1.2738110979169384,1.2080224240460375,-0.3635363762232307,-0.14742757702256987
Jozhua Vertrouwd,Defensa central,-3.1607122014231637,-1.300909360571282,0.6074598961587693,-0.2049357329858783,-0.09525751503477603,2.340009231079846,0.7789069958096321,0.8421222067961632,-1.5716180832123248
Marash Kumbulla,Defensa central,-2.2572764709565862,-0.46457499349900205,-0.04652555669546771,0.3136604833279683,-1.128415918117649,0.5765850679905625,-2.8118406225815185,0.7362407474533068,1.2025962710982536
Miguel Ángel Rubio,Defensa central,4.475044659434075,-3.5020422345992475,0.8902831494542601,-0.41508795399867576,-0.27889308548061187,-1.034140428120921,0.0955454088205937,-0.41609168884453507,-1.0920030359134931
David Alaba,Defensa central,-1.7810749293786459,-1.682023926556695,-0.1454240231177839,-1.4619878694548398,-1.2505739351575615,-1.910684819568084,-0.3856865114014538,0.5043838880707002,-1.0677282211747243
Andreas Christensen,Defensa central,-0.9699816618903664,0.1825543934569896,-0.6258589636611543,-2.3185044071294856,-0.7154744111074806,-2.083168108465475,-0.10234479352109728,1.880560643053468,-1.4027975352359696
Moussa Diarra,Defensa central,-2.951674316643721,0.5679370609442063,0.4113545320693825,0.5761792781387857,1.6961602521863215,-0.39304104432315606,-1.153329613612955,1.3969264193729578,-0.542619125665165
Abdul Mumin,Defensa central,-3.112245226794576,-0.1690250465221477,0.39378522990632464,0.4461190182204489,1.2906781376226604,0.5967248864785908,1.8720387428874279,0.1291402176174927,1.1694693894960915
Willy Kambwala,Defensa central,-3.464778026075367,-3.156888491413246,1.2202188242910583,0.9508266161039258,-0.4955676931990409,-0.3937652038498604,-0.1606365689107618,0.0593027276220884,-0.3844781523855768
Unai Elgezabal,Defensa central,2.396015231406638,-2.237145922796795,1.7978595798484622,-0.4618123212635598,0.684932747936248,2.253366731887748,0.5600852108568144,1.413694190200967,-2.2363824287932434
Victor Valdepeñas,Defensa central,-2.9283442343665165,0.9606682433668613,-0.4114496915012649,0.7403979435698707,2.3066249221742785,0.3420746760528273,-2.0408344040307487,-0.9205354770243354,-1.038571312450869
Alan Matturro,Defensa central,3.266304081818403,-0.6565912120630848,1.200743070101903,2.245064086164798,-0.21240706209468643,-0.27307108351908405,0.23282063741913184,-1.5166068626367115,-1.7501395938999094
Éder Militão,Defensa central,4.288033988914856,-0.030302923044094852,-1.3307383625167848,0.2514186212237105,0.41534133971403925,-1.0355230236569963,0.0783452651431776,-0.09108618630915047,-1.6918446204779214
Pelayo Fernandez,Defensa central,-2.6957740874698652,-1.7541195882246343,0.524554516630091,-0.07481895757222881,-0.1301980538123368,-1.7884000123576353,0.09722946363764737,1.5397789454497335,-0.17905952064113634
Alejandro Francés,Defensa central,1.3756856115979277,3.1066203502188494,-2.2644997287893975,1.3623437171521604,-2.1453633992852152,-0.40974365318452166,-0.46283775558073015,-0.9468094537658138,0.37937742433837734
Marco Esteban,Defensa central,-3.464778026075367,-3.156888491413246,1.2202188242910583,0.9508266161039258,-0.4955676931990409,-0.3937652038498604,-0.1606365689107618,0.0593027276220884,-0.3844781523855768
Aleksa Puric,Defensa central,-3.0866937789723488,-0.0286109924599024,0.32453490839775473,0.4444528955791133,1.311147136389573,0.7557013909820814,1.8448047903260978,0.004069762929963258,1.174113514553988
Ronald Araújo,Defensa central,4.5901727853000045,-0.6934124977667596,-0.11227687974676841,-0.8493432535458261,1.5818425845869926,-1.2652270760834703,-0.5930022110985671,-0.3384790020971989,-0.8188099140824738
Javier Olaizola,Defensa central,-2.9849310919785053,-0.2514259992730874,-0.4666584735231552,0.8990601002691038,1.0475254328900199,0.8864042202693475,-2.66542919916876,-2.3490279921067474,-1.023454576940154
Yoel Lago,Defensa central,-2.6183442325159554,1.1162306365013668,0.6278040662800086,0.16307370320114706,0.9335251825953234,0.6479987755524543,-1.132688986261024,2.276072149831606,0.3502292868960923
Luken Beitia,Defensa central,-3.2136475099188417,-0.7773697194248621,0.7641462041663993,0.7675700146991483,1.0899654593589772,0.070686324930045,0.5161754469722896,0.8361027444773695,-0.08771244078766838
Ramón Martínez,Defensa central,-3.262139574878084,-1.5505150783571577,0.7704518069140085,0.8230225556553503,0.35447915005222813,0.32047024446587974,0.23838610052182652,0.023499458727987373,-0.09452686624480267
Bambo Diaby,Defensa central,-2.9635632995737455,0.7764392934917456,0.8474450840669232,0.44703242472904414,1.544899336606161,0.08152120761399838,0.29526023089613496,2.4100023340311667,-0.35515513470897564
Facundo Garcés,Defensa central,-0.5616456657454666,0.7175362632511457,-0.9659676033737024,-2.4798400786348087,-1.3651869967662182,-1.4134590544883319,-1.2676674612206102,1.9823140943061246,0.551842207821188
Aritz Elustondo,Defensa central,0.66769042940326,1.4638405075352117,-3.131958202827485,1.0065637454461238,-0.19865829722202635,-0.5757396171637648,0.5546772905183424,-0.9249334985128447,-0.7651799274341345
Manu Fernández,Defensa central,-2.931110019152524,-0.0016379709390730347,0.4405660291555072,0.10358683732501152,1.108817700072122,-0.04336883422309151,-0.16151774517122475,0.4923559478390162,-0.7214911658550985
Marcão,Defensa central,3.2728931302780278,2.680186671297027,4.016299555642787,0.24876400013059538,-1.2861260953753573,-0.7121949513096497,-1.2752564956749393,1.3983341204742112,-0.046737207284104965
Alvaro Cortes,Defensa central,-3.1974639140442727,-1.2168164841997267,0.37007429271528997,0.5092507735103643,0.514056997241676,0.6908494265488245,0.003327611485774012,-1.3325696003029261,-0.35661438654010275
Juan Foyth,Defensa central,-3.0412724300523375,-0.5598918903661544,0.3702941668335144,-0.15418810498020263,0.961067979889107,-0.11732164738714117,1.297564690155823,-0.37087382734860097,0.5441272719193428
Daniel Martinez,Defensa central,-3.192707833484851,-1.5297698436916263,0.28188901315836973,1.0014542301110299,0.48924065937337885,-0.10955287327927744,-0.5020002354505846,-0.5561223613919342,0.7886324087703764
David López,Defensa central,-1.2684272343501786,-1.730619388658919,-0.24452085680870642,-1.4369607133407345,-2.3739257452074565,-0.3464288031236596,-1.3494126006328544,0.4091119866129857,0.08216041512190603
Pau Navarro,Defensa central,-1.6730955240636576,0.7430280886470481,-0.5088665402591873,-1.9439193798459153,-0.19291997403764383,1.92620874591218,-0.33585440542817546,0.9778413158343546,-1.450504786429408
Dávid Hancko,Defensa central,-0.0747022466114324,-0.5295855141329352,-2.1224240127660625,1.0760906728983857,-2.0201914726309083,-0.7050689490353262,-1.6199064324054335,-0.365563328951853,0.33147809126245054
Florian Lejeune,Defensa central,2.840203454334986,0.44261211037327425,-1.3867769335013278,-0.8641163990185065,0.04017969752224437,-0.9419260655899381,0.29429945746311986,-0.00574860066280864,0.46669128210090327
Marc Bartra,Defensa central,1.5059955409508556,-1.2579993576265662,-0.15005623070023807,-1.8299965079684308,-0.4081499895254916,1.5022962773136261,1.1125988407103125,-0.4377459920794261,-0.8479279385154679
Ladislav Krejčí,Defensa central,-2.8501714990867395,-1.173302355041675,0.9861508153167317,0.03873846130968229,0.04748075646041405,-1.3087369475615844,0.0756176024444273,2.3503317964948702,-0.27309649918446943
Rafa Marín,Defensa central,1.4377760974548017,-2.1209396840968844,1.677853859512051,-0.482679143520834,0.06320486658252941,3.0678288680351056,-0.2618507043942139,0.4995136582739948,-0.11868479981324476
Enzo Boyomo,Defensa central,2.102515749394467,-0.17734160282741998,-0.6448715926135903,1.031098654228723,0.9461374637330074,-0.8817345792514987,-0.3816475477068812,0.3619969557222582,-1.4013330501389578
Marcos Alonso,Defensa central,-1.231377827461136,-0.36165258732785904,-0.7389442255078268,-0.4166069427185774,0.009241571966127186,-0.6569220158460012,-1.0103673669548436,-0.6240801317340505,0.062484989754313845
Pablo Martínez,Defensa central,3.2103247007743407,0.09988306752312623,-1.4692354741863476,2.0394255510456265,-0.7606456067382042,-0.15511723231434446,-1.230036248350831,1.1827765872465448,1.2158301882972327
Renato Veiga,Defensa central,-1.7583873775730432,-0.3276713903651455,1.0902242693902953,-0.540965356085357,-2.189959886710822,-0.5588125861682496,-0.4954656746015023,0.5465798221419169,0.9330009481478608
Natan,Defensa central,-2.6134275710762336,-0.6823991829167763,0.3380274479481737,-0.2946414485074863,0.2053103385596066,-0.5421555770609926,0.7498904422119931,0.7550444858711832,0.3891080976618174
Valentín Gómez,Defensa central,2.1177048596795682,0.46541532043771067,-0.4055019542314689,-1.3724443180967079,0.7483263308638152,-0.23467380304508273,-1.1110226618223447,0.04277786185154466,0.5703439000696854
Domingos Duarte,Defensa central,1.4836455251746188,-0.45309028157410475,0.25533546913908817,-0.21394056576137116,-0.9853847635198337,2.3217988024364855,0.4995752798121775,2.259920407888629,-0.3595720687831453
David Costas,Defensa central,1.2308760614626868,-1.5166795567879123,1.4955579998907702,0.04914479759382353,0.8009261932406864,1.1885618608114008,-0.5416193872709424,-0.07069719971171862,1.5634112474084445
Antonio Raillo,Defensa central,-1.2278330487222213,-0.2989580294701124,-0.8242777814173459,1.4457069859526868,-0.9785360882606887,-0.2712994570456182,-1.0460140079582867,1.2282612907010122,0.10928150587268054
Kike Salas,Defensa central,3.149718271532255,0.370531238475668,-0.8363349859254311,-1.4721607486574257,0.6095097401236415,0.21470558394530723,-0.5647713457747845,-1.0704178942547669,1.320028276364108
Igor Zubeldia,Defensa central,-1.5552640512812137,0.40417191761028143,-0.38432551844727086,0.999328573395199,0.63012258221504,-0.9741664426794845,1.3190937840556258,1.9275482945717923,-0.6596985610923194
Víctor Chust,Defensa central,1.690615129796077,2.951783245229437,3.0449344402701897,-0.20478557502157685,-0.07105984665517893,-0.6171889454338556,-1.563016895019592,-0.4525765522473252,-0.25884574073941113
Gerard Martín,Defensa central,-1.5027929724392046,0.3746885839353073,-1.1402393840158844,-1.6439527831092065,0.08257406332046706,-0.6855895553441875,-0.13341097306622232,-1.1078464991991788,-0.06454703725532612
Duje Ćaleta-Car,Defensa central,1.1934359029694368,0.03539416714083595,1.8373347140507161,-1.026169197571272,-0.9021826671602474,1.6046253227977383,0.9851514216595049,1.1722932165533015,-0.06733723216166557
Fernando Calero,Defensa central,-2.419234595704513,-0.7046816890275173,-0.1278559446156701,-0.5532389133877036,-0.07686481612214809,-0.521828999459086,0.560098503111381,-0.18757127292889003,0.6127454362804444
Pedro Bigas,Defensa central,2.8427031154503086,2.8142607471636363,1.530654055008493,2.1784109756127026,-0.8663067727820916,-0.39273604421326613,0.5471533289639964,-1.7405600527392462,-0.5890009309584054
Vitor Reis,Defensa central,1.2636089339546865,0.6366420476261889,0.9071671918909203,0.048037557619658076,-0.8733993094423104,1.6475544945027545,0.9221310902778399,1.1158397722930762,-1.195214089491605
David Affengruber,Defensa central,1.693232714583735,1.8267532382180154,0.06317802020981396,0.43149082940362476,0.022811639141011083,0.6383911540780562,-0.03264884419702224,-0.9544081754382474,0.76483910249406
Martin Valjent,Defensa central,-1.5558649243059104,-0.7935814604364925,-0.5124070580746475,-1.5897902060755102,-0.549461922972355,-1.5095793805391462,-0.2635777817304145,0.18857968382560603,-1.1193747124552331
Catena,Defensa central,3.465406929586,0.30797879545539425,1.4270763918940235,1.3973109902911733,-0.1231768990971036,-0.19718778144660806,0.14799401594695774,1.464351329936312,0.39765207947768855
Aymeric Laporte,Defensa central,-0.32545704015141674,-0.44440914349026667,-1.616810003994894,-0.06190200386757625,-2.074548161019311,-0.4977514451950578,0.11748147407950088,0.0702514668625258,0.5338498508661634
Dean Huijsen,Defensa central,3.6663436029973995,0.1798762921565285,0.751401394615768,1.3269047478670706,-1.2269386339147754,-0.7349767906795934,-0.032925149136006436,0.8784165293261776,-0.394640626489257
Jon Martin,Defensa central,2.6286918031993247,-1.355615591321462,0.7638171567311753,-0.9517617667406456,0.024745589341081505,-0.06303824315597344,0.7984657384031725,0.6013803851499662,1.1758519019585816
Matias Moreno,Defensa central,-2.330342652493769,1.1086803081460328,-0.20034295106987982,-0.3182722087342251,0.4038233568659261,0.8581173316071239,-0.41663783200563376,0.5263622977466891,1.8277153701414781
Djené,Defensa central,-2.6801669446428087,2.1000853452667854,1.0517471503482498,0.5554612595543567,0.7391372998348249,0.13737334961114137,0.15438092886082228,-0.47664638769837747,0.2882735787144724
Nobel Mendy,Defensa central,3.394189821234135,2.5541408855519614,3.872096660465135,0.14357914439123035,-0.5139484115462633,-0.48221586757674384,-0.26857597614772377,0.17844213446996904,0.6605697246939917
Daniel Vivian,Defensa central,1.6618893854383,1.6166450923767897,0.508965412820776,-1.1683965393585136,0.2345044710653472,-0.5173818437450957,-0.5636528139157277,-0.44705348009314794,0.27902563978529754
Javi Rodríguez,Defensa central,-1.2658523972460731,0.4942585759198013,-0.8993456981114634,1.2251780473517342,-0.28917797695302505,0.18202728067925425,-0.03386502181319729,0.9822630867343445,0.15807168167133362
Daley Blind,Defensa central,-2.502959154405939,-0.11437348556445774,-0.6657793409742326,-0.19325521294028503,0.708525085224998,0.40811638499811437,-0.3102630770038879,-1.9709992649135484,0.2847049682431009
Eric García,Defensa central,2.0016127022274635,1.1181890514044457,-1.604357758172924,-0.3312893733152092,0.3701768049959781,-0.03566481010822212,-0.018250126446732955,-0.6650069703511373,0.8712587450049363
Pau Cubarsí,Defensa central,0.37649544572082677,-1.9245533312296461,1.2613801072342115,-0.17972750145651734,1.1934215393197858,-0.18196075888543692,0.5193911825780606,-0.3532821095785728,-0.21629617274699547
Leandro Cabrera,Defensa central,2.582915520409791,-1.5647294555684417,-0.029656267706518965,-0.6714147139065088,-0.24707002179227713,-1.0563113227458008,-1.4089011877243223,0.22593670431079027,0.27485267990617307
César Tárrega,Defensa central,-2.520228954379657,-0.05612909001783849,0.16784461235389306,-1.0789655729878664,0.11451449622642905,1.4926977892643156,0.5429399808294187,1.6564391468070374,-1.6778798270290094
Robin Le Normand,Defensa central,2.353345359972443,-0.009505734910083724,0.41453166499784283,1.5122319272097988,1.3103574466760426,0.8676767247264611,-0.5244329382528602,0.769048852080403,0.4753558210522975
Copete,Defensa central,-2.1863665024265106,0.5087339341066823,-0.26791303614333245,-1.0312441662597405,-0.8475735573971451,2.468741196771233,-0.2780600974712993,1.456921606068528,0.9332136676811745
David Carmo,Defensa central,1.6823417193863366,1.6026542863731712,3.6966552739742085,-0.3479657327687342,-0.6874107580277677,-1.3959912451552412,0.5885777289868284,-0.5301721309664975,-0.6080236416638899
Adrián de la Fuente,Defensa central,3.065323102321776,0.29357826717513935,-1.389477544126389,-0.38106338177062693,-0.6212741346701353,2.0249789399260427,0.30965157938052146,0.1549345236689091,0.4309790678788808
Pedro Felipe,Defensa central,-0.7925566629285403,-0.1775555725171846,-1.1814778721097041,3.6998920153193753,0.40627512332460514,0.3679177478066718,2.509337142567956,0.2820128218406827,0.0008347088578059514
Christian Kabasele,Defensa central,3.7289078535872324,-0.0019701951382778186,1.8904582100716913,-0.5259179777201523,0.05395293208745458,0.12945686113041635,1.0201874040681107,0.21335968456133636,0.4733564399373485
Sebastian Otoa,Defensa central,-1.0975755656702328,0.10395459862078109,-1.0940335308969416,-2.4114221102291427,-2.1186142776218544,2.9646438598989726,-1.0223521351153144,-0.14726225104611784,-0.831165339863019
Alessandro Bastoni,Defensa central,3.2391355269897053,1.4723922135501029,-2.241317186198635,0.8725566851086033,0.8215247733204376,-0.9469050751349896,-0.5982815839147533,-0.008561846497742408,-1.5352689923291187
Nils Zätterström,Defensa central,-3.345728070426709,-1.761326111464332,1.0121799039175936,0.6706153993584052,0.6502618144122793,-0.491159075556792,1.1001182393380853,0.8125202198270357,0.4184255921310068
Alberto Dossena,Defensa central,0.5946844034570417,1.613599067843492,-1.9266665884048262,0.47278014408658225,-1.2902703345684277,-0.4978671515520382,-0.08723517496710977,2.0716478719112734,-0.039224798858205345
Lautaro Valenti,Defensa central,-1.5871007837008777,1.0685086765445133,-1.223764744056651,-1.285381220869595,0.4809630230203973,-0.8357393407476427,-1.0363672621406574,-0.4240962093843229,-0.2719904470759517
Jhon Lucumí,Defensa central,1.1654534595540844,-0.8002177877177225,1.0373256236378077,-0.28800692138310624,1.0302235620755316,0.7359442005786315,-0.16134271714009502,0.1654873822215408,0.8263863996905272
Abdoulaye Ndiaye,Defensa central,-2.160433965521047,4.1397957914857235,3.115023120478323,-0.1708381797745694,-0.5537501912677847,-0.9447899639544568,0.9466429216651864,-0.12478873658719772,-0.479490514604429
Mateus Lusuardi,Defensa central,-2.313950781674713,0.48704156645453506,-0.1558499234051684,-0.38743972013087646,0.8882265602358137,-1.7223724645940763,-1.3324847921998595,1.747560657224858,-0.39158936822605755
Pablo Marí,Defensa central,-2.8013270208712546,1.2163651316834119,0.22441638279216333,-0.22822426470416513,1.8238123640469899,0.1951160283304764,1.6342322589167484,0.9694171595610339,0.7597897754541276
Francesco Folino,Defensa central,3.141282853067999,-1.4303128813600108,1.2533622667725899,0.32813120511157495,1.8221352595786409,0.13570818051777347,-0.6486769349481759,0.3180328172826812,-1.1765865557256743
Oumar Solet,Defensa central,2.8155386541067537,0.3445641742285223,-1.3518925948423424,-0.2981993882450417,-0.1810497370912992,2.5784134376222574,-0.2446468279648419,-1.0149357107075863,0.19364900067604718
Gaby Jean,Defensa central,-3.029777136819574,-0.024052307313102792,0.6132533625733719,0.23603876950565753,1.0561728738655989,0.1964522406204738,-0.7835592849645635,0.42849610034460195,-1.289919436729237
Odilon Kossounou,Defensa central,2.643650816800907,-0.9160388920344792,1.0392829920448146,0.09194687920138354,1.589735309326419,0.33810431916227485,-1.110594128661577,0.26666138649142507,0.9107650128453255
Yerry Mina,Defensa central,3.0175660283005232,1.7222971514443628,3.8856741623977724,0.1961997855213941,-0.946830799836648,0.4537532262664729,-0.3928324104921379,-0.24248025187837702,0.6814376218810807
Obite N'Dicka,Defensa central,2.861100014470181,-0.7112526118070092,0.34902939057610843,-0.5869457841930168,1.1785458844791232,-0.05064237266423818,0.9599633163488699,-0.2163168307876583,0.5257465500211915
Gleison Bremer,Defensa central,4.502779455121056,-1.383286654734263,-0.5663436917708402,0.6429075072912405,-0.2375515901600828,-0.9576691500301786,1.5793476279287295,0.3444348682362558,-0.2697904680338933
Gianluca Mancini,Defensa central,4.644146775924883,1.2401854872488878,-0.9205189776007271,0.5035834230406893,0.7185730623714666,0.6727979971553574,-0.5612392553145216,0.8524901806730635,1.3815777570260175
Guillermo Maripán,Defensa central,3.021059101571883,-0.5162853518924627,-0.13302089529355557,-1.5229940647140963,0.12959379111564015,-0.5268194482481182,-0.40065748096393955,0.21277727199896246,0.8696486834096133
Alessandro Circati,Defensa central,0.5445175332961539,-0.947319281469182,1.2709621816117174,0.3039234601968595,1.9810035236392547,0.3009610095587068,-0.5178381613136667,-0.027919473094759388,-0.2095899321117366
Matías Pérez,Defensa central,-3.2677527034174823,-2.423962322873818,0.4197872711705835,1.2772120520734958,-0.21421631030272784,-0.13275120056689352,-1.7354386278209575,-0.9285600608222312,0.023533009325304773
Filippo Terracciano,Defensa central,1.9235530595488106,-0.9082078138507538,0.1701615794150496,-0.9453805969209742,0.5087562032166834,2.8395997100677235,0.4734958420147241,-1.0861952164841255,-0.28688547131966685
Matteo Bianchetti,Defensa central,-0.9347269031232334,0.5433363710794902,-1.5002095798716792,2.1036080791666567,0.44544203895614637,-0.3650131553292778,-0.18538718237067525,0.04693379783349786,-1.2068845929785237
Branimir Mlacic,Defensa central,-2.437745408667045,1.5275536763978963,-0.38560784587712926,-0.5001714305660315,1.886943854354387,-0.9930963946399319,-0.3617387682210418,0.9193054507748936,0.2637512580924766
Alessio Romagnoli,Defensa central,-1.7983490861660218,-0.266490460608036,0.7087326102884292,-0.8390613510754945,-1.478906313310036,-0.9282839479201226,0.5253807394154535,-0.6321893400456107,-0.45269451609952843
Lloyd Kelly,Defensa central,1.3333661497364184,-0.2095510474822452,-0.21083151378244774,1.0378495818654427,0.2615460809579059,0.28785046980471246,-1.8819681732537357,0.6718133820675849,0.4372379959441965
Francesco Coppola,Defensa central,-2.5050907281318553,1.712316387255748,-0.31990690141034994,-0.0044564506921655,1.7174544618016623,0.05710645724776739,-1.0044506780714118,0.719586241461003,-0.23733344691056435
Mario Gila,Defensa central,-1.9876037841582246,0.6362526175334561,0.4795399316708187,-0.6928664962055473,-0.6076301070186745,-0.6345654795135821,-0.13445020427251156,-1.3539843779800216,-1.0573172127607025
Tobias Slotsager,Defensa central,-1.5184277719581505,-0.26973522650521053,-1.3577372070001859,-1.2712955176748084,-0.35789810805656525,-0.644391945487741,-1.721066912173588,-1.900917907170658,-1.242810191534403
Thomas Kristensen,Defensa central,3.495672343363407,-1.921763350044838,0.898495542873435,-0.5132465631790916,-0.1265811803208316,0.1568948008895568,-0.7175443098688766,0.4638689768137753,1.0560303561376871
Fali Candé,Defensa central,-2.3986101888255726,1.7535597885581307,-0.5443373120474007,-0.08926382166586036,1.854512651440631,-0.3913379261720394,-1.9699646095171561,0.5223068609054883,-0.9374068613639999
Manuel Akanji,Defensa central,2.016598733338029,-1.1803373601105842,0.334803846753894,-0.7650475465487686,-0.10421388931754914,0.08680750009298509,-0.40869345996072887,0.00386787929473293,1.2702140873618828
Raúl Albiol,Defensa central,-0.8604497246742183,-0.07807967529051081,-1.252012314436262,3.381484492586448,0.18020749626651153,-0.05911380900397095,1.4326782863518992,0.4883173701832369,0.08788823220788503
Giovanni Bonfanti,Defensa central,-1.47251841288981,1.3408835635367748,-1.5261869250517734,-1.4376315753456965,0.7317631733506151,-1.1352701023581748,-0.48648792423883047,-0.43947726587813696,0.43034000881631856
Eivind Helland,Defensa central,-2.9871092064672755,-0.2293622351482914,0.6069402131319135,-0.11454457953742181,0.9916671603046415,-0.3070901792404479,1.1655243365830779,0.8009108407139757,0.4331421509475835
Luca Ranieri,Defensa central,1.375022334601942,0.9836062164638052,1.0937016241247908,0.012444601829449472,-0.3967948189274029,0.39579499816990255,-2.3073225529776704,-0.26213077064521983,0.8213171797537027
Federico Ceccherini,Defensa central,1.419032547816071,2.534728864041524,-1.9114364596351077,1.4501151303021835,-1.9750058446394898,-1.3608225240059673,1.205560936883762,-0.3179250345953688,-0.6823398552340421
Saba Goglichidze,Defensa central,-1.1749663843831781,1.9581605333846974,-1.6170557990361836,-2.088970685695212,0.6877141918957067,-0.6639381657564752,0.06487032232739812,-0.6395806293144105,0.1219347789448218
Alessandro Buongiorno,Defensa central,-0.6857695385182073,1.023516687797021,-1.6186099823494815,0.5427135727227514,-0.237685791992329,0.1987926788293993,0.5606791714066144,0.24835272658861124,0.7622539930130574
Berat Djimsiti,Defensa central,-2.2510290219865445,-0.5598960395534741,-0.49773005502239326,-0.959042486545071,0.01975066855200475,-0.59494129528275,0.7799751641770537,-0.986310148912655,0.6204308350674956
Filippo Romagna,Defensa central,-2.7691778203971222,-1.7107393672201545,-0.19727158516730375,0.15731263573354923,-0.4790553588700712,-0.189094781975425,0.28425592078632955,-1.3255230889995921,1.385127599780068
Matteo Gabbia,Defensa central,-2.244723870361374,-1.5880180737734502,0.11744830747541453,-0.6087781502782175,-0.6793764743703359,-1.454292334179022,-0.3046951762887929,0.7385489909665096,-0.4883219046459134
Jacobo Ramón,Defensa central,2.2592707500305083,0.9465485555341403,0.5486235621975323,-0.9704299532071704,0.34810388319117735,-1.3260875481041763,0.19703351875790387,-0.527850075893973,-0.04791890536531068
Federico Baschirotto,Defensa central,2.423359344607038,-1.4623242492287578,0.6984503406014859,-0.37517574039760926,0.6335239480297716,-0.36733430207077905,-0.7104590468935441,0.5827698326136721,0.5359356285462513
Fikayo Tomori,Defensa central,-0.34283562853454547,3.32329541641638,1.157624696630818,1.882956139481561,-1.9020937446407187,-0.6953631326876434,-0.5126746317483812,-0.1421483301914847,0.03810948384501747
Daniele Rugani,Defensa central,-2.840598626370765,0.7180920497086439,0.4769345078744171,-0.4270703867955103,1.7336855855196156,-0.7090484170701555,1.518517357693282,1.5270386725945777,0.48984040452689975
Tommaso Macchioni,Defensa central,-2.475419673125495,-0.3724814371277586,0.3198731690592291,-0.7577625237163331,0.0165556383519494,-1.147221819131066,1.8656869003180143,1.6901621470715733,1.484565967569498
Strahinja Pavlović,Defensa central,4.205876429598407,-0.9024828816048615,-0.10851580825256814,1.1305584906687027,0.05143807458826494,0.4258511499536399,-1.9318449643258122,0.28243498636507786,0.5825169926895393
Patric,Defensa central,-2.787407776538131,-1.7495951408595687,0.7713144428497114,0.026623031968786827,-0.5822545751851345,-1.1015574602445923,-0.2630000320552236,1.407289775738554,-0.31868887074404145
Stefan de Vrij,Defensa central,-1.3456970789652796,-0.26908104930059445,-1.0056241960231374,-2.1068553065465756,-0.5577410793367527,-1.2527475791134624,0.010097018881093156,-0.775833410932443,-1.0678884830151203
Leo Skiri Østigård,Defensa central,4.775090087584942,-0.36832199636952095,-0.20761188849721504,-0.28415501281473726,-0.034190852641864604,-0.4068105164474839,0.07828475538632032,1.3550473960583964,0.3997199240351004
Adam Masina,Defensa central,-0.7154388412812845,0.9093813420850662,-1.5697545709765928,3.2698161927444076,1.3006074901793834,0.4799686291541055,2.666778621084434,-0.2746976468643125,-0.12974677467835644
Marc-Oliver Kempf,Defensa central,3.8982872254621457,-2.0004674799363857,0.40857632428588014,0.8989183180318209,0.28099376851589475,-0.7777957391938076,0.36260437187078526,0.7015804986245747,-1.1587577081975353
Daniel Denoon,Defensa central,-2.8785898309625604,1.6670523414297864,0.4543838944389074,0.08339646324503217,2.3692943799624633,0.09348413623297817,-0.30259769790703533,1.5948397058730042,-1.2186731558962742
Nicolò Casale,Defensa central,-2.646652228658826,-0.3999712507486674,-0.15908794503373844,0.264851937642909,0.6478825692560322,-0.5774086461080518,-0.4336585384641723,0.2791929520971858,0.3715062317152727
Matteo Palma,Defensa central,-3.092667061446354,-0.4994398238094223,0.04430211670383445,0.6563125096374904,1.2399184677054642,0.021072121897479954,1.0250284974384787,-0.36712657319949754,1.873852313790391
Marin Pongračić,Defensa central,-2.484048940775752,0.7143048137337576,0.15380710015323076,-0.2209106663106603,1.1793373358001673,-0.45261878879931594,0.3831392447989062,1.551267592488282,0.19377829415985853
Alessandro Marcandalli,Defensa central,-0.7815543918630278,-0.642434335292992,-1.372093458156561,1.6659940941287459,-0.636725948272675,-0.6184373943160502,-0.2950605592776725,-0.16758233210213752,-1.2986735663517484
Eddy Kouadio,Defensa central,-2.943909728242517,0.6063198502532817,-0.4363009502314775,0.7750930981380839,1.928726698821663,0.5290697951577834,-2.2354246138728633,-1.3971850247228241,-1.063410621931248
Jan Ziółkowski,Defensa central,-2.597019440477857,2.032028362606975,-0.04100707258634889,-0.5010403987765985,2.251674649266544,0.022534137800748342,0.5775341651958007,1.0086825986017212,-0.3231622422706911
Mattia Viti,Defensa central,-2.640931758331479,4.319934079381514,3.7149311485767087,0.531006097348405,0.2737549202364195,-0.450210076754603,0.6666115226797471,0.09554024769969487,-1.1354629821211462
Rosen Bozhinov,Defensa central,-1.037277934463149,3.7133681760063637,2.5610705578908695,-0.9991276873023757,-2.533437109436745,-0.995264243771658,0.15502033890473538,0.27176029686484265,1.942524304284174
Luca Marianucci,Defensa central,-2.80035780366374,0.836557899671771,-0.11175586877281445,0.35257673630760017,1.5821955398330794,0.022742489467317748,-0.2987975385004488,0.36272615571927275,0.7615310776654505
Tarik Muharemovic,Defensa central,2.8731472700755267,-0.6385165621832201,-0.7804873644791019,-0.3187034008993322,-0.6103468901669075,1.8841320010652174,1.9273775786740983,0.3301110917515498,-1.2675306079596314
Mikayil Ngor Faye,Defensa central,-2.181630508168,1.9533932082788408,-1.2443557498343167,-0.5770867372588916,1.3604975619811857,0.40286587049145867,-0.7492995748100119,-1.3306705133447958,0.7211256861648695
Kialonda,Defensa central,-1.9907363241495508,0.6645430249203559,1.2159732656174087,-0.06460974715518122,-1.820466918208859,0.1364961373953745,-0.993492238826429,0.6397254088160474,0.7990979990740424
Oliver Nielsen,Defensa central,-2.0285259913060196,-0.981598147859945,-0.19136082504511065,-0.7556373238351192,-0.5000290309654731,-0.7564684264229363,-0.12023700085453133,0.14966191812021035,-0.3111790110055659
Saúl Coco,Defensa central,1.1996272619975377,0.10326407999541645,-0.5985821244266702,0.5644556769719175,1.2138944612264453,0.05470328712125497,0.4875599515991654,-0.58005436105577,-0.31948303883195933
Koni De Winter,Defensa central,2.1412235092626,-1.0016098558878919,0.4331410580360206,1.859277633841177,1.0319383855649416,0.42430983382766024,-1.0392385852529304,0.42290545166136856,0.25768914168424345
Giorgio Scalvini,Defensa central,4.55264946975663,0.2009699005550547,-0.9658258349142481,0.15396022668112017,0.46326874098980236,0.07927182692814698,0.4871121496585052,-0.12370562572226815,1.675806107553564
Victor Nelsson,Defensa central,-2.541123170545151,0.48740001856196485,-0.5252619026441181,-1.0892682152083355,0.7422329938738343,2.092636249145145,1.4414157638115281,-0.6145438543641615,-0.2751639411463935
Sead Kolašinac,Defensa central,-2.547125205571589,1.1733479990198643,0.025033539148911224,0.1657282706228818,1.1618580732822923,0.4981964856447511,-1.66107384545484,1.0020353537952447,0.5841999595843684
Arturo Calabresi,Defensa central,-1.7912532001161265,2.0432138839356337,-0.6399849851325433,-0.4895089284565099,0.7850484480319951,0.5310026895733969,-1.4546280558422353,1.2138367325786779,1.0668505058353457
Ardian Ismajli,Defensa central,-0.09306530884648986,0.9944819615928467,-1.95483003611908,0.2291534487164263,-1.1174020983570707,0.18127265393573297,0.42616563343553127,0.23943998100297242,0.9938205137863012
David Odogu,Defensa central,-3.464778026075367,-3.156888491413246,1.2202188242910583,0.9508266161039258,-0.4955676931990409,-0.3937652038498604,-0.1606365689107618,0.0593027276220884,-0.3844781523855768
Yann Aurel Bisseck,Defensa central,4.518292648929851,-0.3801511405084805,-1.3322272222185927,0.15428387144694894,-0.8482358901564404,-0.0379578547777277,-1.0193414593716095,-0.21961895158482164,0.9262207032580155
Stefan Posch,Defensa central,4.350606334954927,0.3779205084107285,-0.6379001217366449,-0.6302852648086943,1.3625110556557254,-0.8690724482858976,-0.9890629201957747,0.29554252622657595,-0.6002648283669786
Nicolás Valentini,Defensa central,-0.2520128879936384,4.261802167129023,1.458786526264015,-2.0055229792038234,-2.4172310799497483,-1.9378633103187595,-1.18113371499577,-0.039825396047622086,0.14667895405471995
Honest Ahanor,Defensa central,-1.0538303656963768,2.4515859971943095,-0.4954484016533179,-1.8128523441638635,-0.36219016958689004,-1.0210163204429414,0.7253567678209446,-1.5149297173001077,-0.28146699912087797
Francesco Acerbi,Defensa central,-0.39084508325800427,0.6094203509178552,-1.3936806741215662,1.5174211451730595,-1.1463384667220637,0.6160617797797571,-0.1966927455279497,1.1192697648431498,1.094898399728347
Diego Carlos,Defensa central,1.6598262620623212,-0.18060705652156003,1.2249956789747871,-0.37088914461983336,1.3024494642274125,0.13213014856826535,-0.5226134703036757,1.924448314982392,1.1681055064932924
Martin Vitík,Defensa central,-1.879261800390671,0.35351530597682185,-0.5395857953481009,-1.197627364368734,0.7214167196271034,-1.4973859057449863,-0.6862876781256865,0.5197751715464781,-1.0780328982327654
Simone Canestrelli,Defensa central,0.5459031817810523,-0.7643439598305848,0.5081215028391591,0.010673242657931492,0.8262194993424847,0.17580076715023438,-1.124005830325908,0.1573837992438296,0.6941256125614294
Pierre Kalulu,Defensa central,2.922975379923229,1.127860928045412,2.0653720538051292,2.5601036089810543,-0.8193540265445017,-0.6007339871993694,-0.6341318542426115,-1.775283260756089,-1.3723265524975556
Isak Hien,Defensa central,1.5951343775071487,0.5794096609942707,0.2981645829315205,-1.8041330155966557,1.6527299749177367,2.093295864976237,1.5229607430428347,0.47332498796856604,-1.5212625163672755
Juan Rodríguez,Defensa central,2.5140419193778114,-0.2365512047150337,0.3891140278188144,-0.7263177647815529,2.2226671165876466,0.17692060565923448,-0.1919274528405077,-1.1159383097759812,-0.5421686498347459
Andrias Edmundsson,Defensa central,-2.1619057271819506,0.6007458852781722,-0.8523797868094721,-1.6428628013547817,0.2024554557726121,2.2761295092189107,1.048383377852221,-0.738048190012505,-0.6522315853689877
Armel Bella Kotchap,Defensa central,-2.82754505332827,0.8830062967112365,-0.008451974478979277,0.06920771860231135,1.5916887047697998,0.5077217285873562,1.1052883038588024,0.13020969241417002,0.8802565182171587
Tiago Gabriel,Defensa central,1.8428606704181931,-0.2702499240634323,0.41112753408185404,-1.1189822596432648,0.61549711647701,2.678625458112652,0.22663831734568,-0.08843563672503889,-0.3108620918503205
Mamedi Doucouré,Defensa central,-3.464778026075367,-3.156888491413246,1.2202188242910583,0.9508266161039258,-0.4955676931990409,-0.3937652038498604,-0.1606365689107618,0.0593027276220884,-0.3844781523855768
Johan Vásquez,Defensa central,0.9365336463693495,-0.0872099496539654,-0.71478200809328,-0.796507510779546,0.3286636555581135,0.5752785393042832,-1.19646912731762,-1.7738494849585333,0.9230826264718425
Nicolò Bertola,Defensa central,-0.10149545867046399,0.8172983313675063,-2.210441237422201,0.16521056309167872,-1.1333722663911423,-0.3259053126329642,-0.40880821274661494,-0.25474023828192405,0.6267440253005756
Enzo Ebosse,Defensa central,-1.4414794644863933,0.4430894901024523,-0.9065334601845214,3.1313148151388384,0.6106878141227328,0.10096490610080232,-0.2821397576558056,1.0552268816486718,-0.5402910910585556
Edoardo Goldaniga,Defensa central,-3.464778026075367,-3.156888491413246,1.2202188242910583,0.9508266161039258,-0.4955676931990409,-0.3937652038498604,-0.1606365689107618,0.0593027276220884,-0.3844781523855768
Daniele Ghilardi,Defensa central,-2.720576940478898,1.3969137076050047,-0.5911379418591376,0.025422916822106144,2.070823559081546,0.6457695048644307,0.43338911512451767,-0.9857441736902001,0.7168740867524211
Zé Pedro Figueiredo,Defensa central,-1.506440349346446,1.3594371470960958,-1.0711192360748785,1.7866156395365926,1.1021628107147996,-0.16943368073191825,0.1775808339671279,0.930247538848202,-0.31028691585705653
Federico Gatti,Defensa central,3.929522017696179,-0.5409592827552153,-0.04731998049415215,-1.1416167349746928,1.0027100041530213,-1.328671471977171,0.1700683906893731,0.5830315421225625,-0.5492553191613334
Jamil Siebert,Defensa central,1.7807966315161543,-1.1766570522631479,1.0124751997883452,-0.1808312181069353,0.8918109730622173,0.18233173670988026,-1.270863764812988,0.5423162908419553,0.5459376870459653
Pietro Comuzzo,Defensa central,1.2510196414737478,-1.3044066668940908,0.7754283807112143,-1.10818906409176,0.8544870200556905,1.7523344169693702,1.4741314563641617,0.29685720576642183,-0.6695822283303333
Sebastiano Luperto,Defensa central,1.6723318862608874,-0.9620426893393285,0.6817638500794381,-0.6602751422956048,1.1594303067059581,-0.20945409215346902,0.27324205153963377,0.16973407770384408,-0.498819807881454
Mario Hermoso,Defensa central,4.391321483850957,0.8974872006391451,-1.0077496140555884,0.7301820798321219,1.3810831751899704,-0.5435549935436331,0.6526684225609853,0.6368662931523507,-0.17320014695859343
Sam Beukema,Defensa central,3.424997354848463,-1.55556474093168,0.6165306247231976,-0.4637532804271182,0.5638662104860592,-0.1440841753085295,-1.2994668578359594,-0.05964288177885074,0.24805523990752454
Juan Jesus,Defensa central,-2.6796502447984203,3.3186719341196635,3.4121596287393845,0.28680937186781735,0.06055006133507873,-1.0272905263432857,1.4591093708468654,0.05465285898063615,0.08138188884994108
Amir Rrahmani,Defensa central,3.613182095190556,-1.0654648839103495,-0.1058273225636616,0.8221652418430628,-0.41614587709200035,0.3140288555713086,-0.005347846112509249,0.6574999005582902,1.0542902541892056
Torbjørn Heggem,Defensa central,-2.2249045750634378,0.14090504686938948,0.8092043392169042,-0.32934705050492635,-0.5617202840890069,-1.0118198143117656,0.6881795769516648,-0.8268975125810527,-0.244432454561919
Antonio Caracciolo,Defensa central,2.04026914207562,0.2719601205930347,0.09748746478254128,-1.8527685310080062,0.4294760729940627,1.8636031105789446,0.8261145159073797,0.9005800186187359,0.5151038445680209
Mariano Troilo,Defensa central,2.191157365792368,2.924139066285853,4.106481746826666,0.13586584643943558,-0.44744140051041614,-0.2718437237380529,-0.6626382061944435,0.343701996034724,-0.1895663010485395
Jay Idzes,Defensa central,-3.0018994743418954,-1.2551681779872075,0.6452914711803562,0.5005905539659936,-0.023348858808570124,0.3350935166504783,0.19606729146875418,0.43808957883194155,1.2573462355705773
Kevin Diks,Defensa central,2.8329034499398125,-0.5112632435685164,-0.6112949125869722,-1.4813000047503129,-0.4227979209183991,-0.5182333485672513,-1.2753510626667734,-0.3629590788550109,-0.31139215942396536
Anthony Jung,Defensa central,-3.0059190002182308,-0.5903967695888418,0.662179619363421,0.10764798064108423,0.4414210882009866,0.15208631284204568,1.517232165251697,0.7104120252632934,1.0443332202827318
Ozan Kabak,Defensa central,4.060611415558145,-0.39352684957325673,-0.18852724085018752,-1.1598039799590218,1.055132585102005,-1.2367512516410848,1.0804422934621813,0.3768785698249175,0.08699454436706226
Konstantinos Koulierakis,Defensa central,4.298577725903964,-0.3523288338184434,-1.2096313861946797,-0.6813032500068872,-0.06546875494415283,1.24584128203961,0.8065575539561376,-0.2921954369628911,-1.210522828510433
Chrislain Matsima,Defensa central,2.4067426774908807,-1.0545591505701506,0.22999602407957784,1.5388748706251352,0.9421058532958779,0.21835912489811346,1.270945364323884,-0.1490524192390817,0.9176566332726912
Aboubaka Soumahoro,Defensa central,-2.673170186498384,0.16764201182745048,0.7993804849769954,0.7345892120463933,0.26225485263733345,-0.01215538353227438,-2.1430179893691856,3.0221596153665056,1.3884404381412738
Benedikt Gimber,Defensa central,-2.057974378045781,1.9551083243968808,-0.6511765652766561,-0.6640779863515633,1.7304268633557807,-0.10587865222799257,-0.9141031738863052,0.3993298989835125,-0.8536576306616803
Maxim Leitsch,Defensa central,-2.5817587407443376,-0.10582362551144466,-0.7154150391638093,0.0906090083407006,0.6276471806846449,0.05514142210476988,0.3105037661001874,-1.2425644197034214,1.7461156468260912
Niklas Süle,Defensa central,0.8064605126892375,1.416156891910498,-2.53510117945115,1.4556677424255013,-0.21936832885672022,-1.3052981266175,0.6567428548619179,1.0017642519846885,-0.8364235705359838
Max Rosenfelder,Defensa central,-2.796879159908087,-1.1759215565044439,0.3871172671080012,-0.3643832152227237,-1.3885495174591043,3.6813207833747574,-0.604695711669636,0.26765735890856296,-0.2136703892982433
Marvin Friedrich,Defensa central,-3.1312064344517605,-0.1509143378655078,0.30924828457965986,0.444003936592585,1.5767972974964775,0.33782942780186004,-0.506348123503802,-0.5480441585579254,-1.1979830551563013
Noahkai Banks,Defensa central,3.160988187876833,1.4614850525343674,-1.0007666882032922,-0.16338650337763755,0.36915300721953764,0.1178232611521307,-1.0660211705974556,1.2543061260886488,0.01522310348930583
Julián Malatini,Defensa central,-2.6523915456591594,0.8615731335752196,-0.16175623049683635,-0.011945699284367903,1.484891697922608,-0.5458778535359543,-0.6953047991693154,0.5875709490637399,0.2778066766002815
Luca Reggiani,Defensa central,3.8599505212000107,-1.112915321907819,0.815002112299763,-0.29090712086114495,1.7313720347511101,-0.6260197931177658,-0.9841026280101011,-0.0841995945582735,-1.409607735885457
Filippo Mane,Defensa central,-2.932557099208996,0.333918351317412,1.1467443041143288,1.2756563488645856,-0.5039650833006446,0.7305591275656679,-0.11091799048198943,-2.320403680420689,0.671961749782575
Cedric Zesiger,Defensa central,-1.595944682083489,1.0350341591649679,-1.2471106764429454,-1.81949983332301,-0.22399494243226267,1.4487438664224983,-1.1888685941447457,0.05455982118526792,-1.8241782040150996
Axel Tapé,Defensa central,-1.0307853953055641,0.8168156307553965,-0.6721244206047977,-2.0367830938620233,-0.31608260803943933,-1.8031618611300928,-0.2565367860065524,2.254057280393345,-1.3294250005825161
Loïc Bade,Defensa central,-1.4529817463973644,-0.3533369111829775,-1.0810795662110853,-2.478074521235843,-1.251918622084922,0.9990174714286806,0.4053636962285813,-0.2596639709245453,-1.3179278824447849
Cenk Özkacar,Defensa central,-1.327391462669193,-0.45982882559786914,-1.0257565118636403,-1.786427075757988,-1.1676188108779761,-0.529977456943906,-0.5566124126154687,-0.9367316806815355,0.8246818599527186
Hauke Wahl,Defensa central,3.064440604306241,-1.2813502431607957,-0.1718127505197861,0.6450429039801592,-0.17914886130823318,0.9304289638760482,-1.1740313235758757,-1.1339605251450544,0.9930401925061106
Warmed Omari,Defensa central,-0.9667615270776145,0.06954496996640433,-1.7618956253318079,1.2523092661725497,0.0025477320670465077,0.17037875820961654,1.1567323566033685,-1.5586192747108816,-0.047071158691801285
Kim Min-jae,Defensa central,2.7032241904632777,-1.5968108688805267,-0.372369731702995,0.4539233377104791,0.37117506170080944,0.011870905466790736,1.9340367150547015,-1.6324240263206293,0.14775484733152494
Dayot Upamecano,Defensa central,2.149477465836601,-0.7403309429285705,-0.199833838141681,1.1313541236776632,1.185085179619651,-0.12259703803904738,-0.007349868945781012,-0.7596606203368069,-0.41807234329962156
Piero Hincapié,Defensa central,-1.0178989247094414,-0.9146749758715239,-1.0018877102318196,-2.572726696741752,-1.134256258728798,-2.1484068937252654,2.342695853046637,0.3295502679310129,0.8853169934669305
Edmond Tapsoba,Defensa central,4.816208871669282,-1.072166784703901,-0.49358632366637306,0.9050571817866645,-0.6807406130493237,-0.8646436374280783,-0.8500798341330754,1.4897704569664645,0.41528001934535813
Moritz Jenz,Defensa central,1.5556729097489865,1.7404103761526615,4.628479448784357,-0.15827739308822172,0.1291496461565414,1.3281191985607335,0.4859471706107505,0.5569712406832685,-2.48318632879813
Aurèle Amenda,Defensa central,-1.8863370271131952,0.7742241598499275,-0.8375536193625848,-1.6634009713685625,-0.20246913102650851,1.7317996579100663,0.9081857894342694,0.6254421633169179,-0.3500729504370447
Leopold Querfeld,Defensa central,2.0304586171708814,0.41711538122470354,-0.5026627778747546,-1.5580490711494677,0.9569239945925289,-0.9940382398818065,0.34777159148991865,0.35762176451843203,-0.371093940234071
Ramy Bensebaini,Defensa central,5.208340513635717,0.9968110093863244,-1.2194494268392972,0.5919870017654953,0.3765420235151406,-0.2466897764055014,-0.6209395458238656,1.2654952526286136,0.33597301631593407
Ameen Al-Dakhil,Defensa central,-3.089048635235425,-1.49579551228303,0.7594285620624088,0.10936173182684379,0.07691933635187047,-0.35158878755232403,0.920225556667862,0.32158239156770135,0.48531807760230844
Dominique Heintz,Defensa central,-3.1276114942589714,-1.2147665822549392,0.1416931201478178,0.8690111021188021,0.2764720695327239,0.8224885075563241,-0.2238975344146432,-1.300419414291301,0.6244287420103551
Thomas Keller,Defensa central,-2.294737789309036,0.7897820932239795,-0.20500472931873717,-0.02055809516539176,0.7199885584726567,-0.8740999310979232,-1.7191975785022195,1.6715740409882982,-0.45368758007119003
Nico Schlotterbeck,Defensa central,4.762546268451163,0.6828197833417046,-0.9461876433152311,0.35723357456899485,0.8935965130664322,-0.09454640125708168,-1.6372963937749971,0.05732479968606626,-0.24080381330857392
Finn Jeltsch,Defensa central,-1.3215112603559618,0.41710481768919355,-0.9235940524570313,2.300339678764392,-0.5997100243594959,1.2663637724712018,-0.6641740963797301,0.5116016800743298,1.3003291984980858
Amos Pieper,Defensa central,-1.4555878769161792,1.1691408844946036,-1.198612597322604,-1.2979303293376798,-0.4286244637367448,0.6188814876442463,-1.2089749690344522,-0.7609291356829321,1.7002306136812717
Nnamdi Collins,Defensa central,3.127375349689705,1.057157022167253,-0.5126597789622251,1.8637299871793633,2.5475371324062612,0.9177825874540199,0.8250838649870705,-0.5706216984420193,-0.3752769318355675
Lukas Klostermann,Defensa central,1.1876160767696615,-2.3271626681479485,-2.2824488703605965,1.167597466749325,-3.2915871341182203,-2.1345919441990002,1.6188671402224213,0.09818207023536289,-1.0729108855224603
Kōta Takai,Defensa central,-0.9039900206453213,0.20313942984913547,-1.1092765801950937,-2.6362135658940353,-0.7992751506571204,-1.4698129580027022,0.3583129159454255,0.05362342163639925,-0.9939895474363531
Marco Friedl,Defensa central,1.3133598289300104,0.26485378505903484,1.687243643960209,0.13273156117417131,0.2536426382566038,0.5967872241467871,-0.7843138709491495,-0.8649981909978237,0.9049676487894429
Adam Kölle,Defensa central,5.298120385880242,1.0660072044011701,-0.4228173150144836,-1.0946219204340741,2.131717336236915,-0.8903521226417752,-0.7320608646211353,0.6058612271765698,-0.7442022807983874
Dan-Axel Zagadou,Defensa central,-1.3611517187156572,0.5770560846861971,-1.3427019283343915,-2.328862701641245,0.3519958179659667,-1.478945753917164,1.7558601644547602,-0.7040834846322742,0.49715922378488864
Aaron Anselmino,Defensa central,4.30268952184487,-0.17799927695888842,-0.14374595628401618,-0.4160409490493558,2.628290005851801,0.4552566250969086,0.6119456104559029,-2.1027592098229824,-0.0066598884780166324
Luka Vušković,Defensa central,4.367706447249328,-0.3537172123791799,0.06546836022073517,-0.8660298758803509,0.5096044421478559,0.03227738314699927,0.41603977166408823,0.43011250306661963,1.1244454101218548
Denis Vavro,Defensa central,2.570958991205195,-1.7159826006550236,-0.20979297350853296,-1.0546352330527304,-0.2812824338256087,-1.1038583597130336,-0.03291672336303266,-0.5077278232480217,0.04444689635233127
Ifechukwu Ogbus,Defensa central,-1.716578024982939,-0.3521029340204284,-1.0332498121731504,-1.219618791509849,-0.26043310553584476,-0.32104621923541027,-0.7727605571858722,-1.7682348061414481,-0.7674583882990527
Keven Schlotterbeck,Defensa central,-0.3128083893908798,3.968721853675892,1.077874185031953,0.6854102296992125,-2.1272185337317446,-0.5077509100429805,0.35056335741235317,-0.716879594893624,0.4530384454421344
Arthur Chaves,Defensa central,-2.46765680072792,2.2396430397693265,-0.6540476247427393,-0.1504286689347296,2.275082597785302,0.09714769377637882,-0.946110830807047,0.11006355682740322,-0.10489904589781598
Robin Hranáč,Defensa central,1.1201112296808557,-1.3568024530360046,0.8108245690513955,-0.3239509869907506,1.0097721351180557,-0.47426514503074974,-0.5027402081601883,0.24991221821287635,-0.4870590232984037
Jeffrey Gouweleeuw,Defensa central,1.0354598178899195,1.0387927555465506,-2.7355294165586406,0.3110080395735048,-1.951463774196085,-0.5143496562538563,-0.008524553254159968,0.32103953111333805,0.8674381772566078
Andreas Hanche-Olsen,Defensa central,0.9769743968521024,0.8684813832290985,-2.075790255008436,-0.4997526210746641,-2.8648376901267243,1.8110447182187541,1.8124727380477792,2.7808199074943474,-0.2968477810467364
Shafiq Nandja,Defensa central,-3.464778026075367,-3.156888491413246,1.2202188242910583,0.9508266161039258,-0.4955676931990409,-0.3937652038498604,-0.1606365689107618,0.0593027276220884,-0.3844781523855768
Jonas Adjetey,Defensa central,-2.2472326971931307,0.6834265752547071,-0.29305175889212093,-0.28774241486776586,0.8597621212577312,-1.6526499843350526,-1.2874691540487027,1.8643855747109073,0.18760261030401898
Jahmai Simpson-Pusey,Defensa central,-1.059363424145646,0.5353174020040509,0.04477499210234766,-1.737492529106126,-2.025257998931203,-1.4753386022128583,0.35249510702471104,-1.6015606045031936,-0.3678639825729033
Stanley N'Soki,Defensa central,4.100790773944185,0.24494456173762535,-0.8362565941159029,1.8829555502845399,1.6189984358416643,0.8557038667920883,0.6736604680557581,-1.222324131308053,0.24641992058454837
Daniel Elfadli,Defensa central,-1.9050642215085996,3.782271928129962,2.935525561661203,-0.5611541523308781,-0.7526527264471989,-0.8056255626311601,1.485225110163562,-0.41114111828554967,-0.48782389872681514
Jeanuël Belocian,Defensa central,-1.4140319983168643,1.0785544666188258,-1.2692742571844498,2.271198295519029,1.129286224501821,0.06763168618511527,0.4514245850813919,0.12482653357381197,-0.29523711542891745
Nico Elvedi,Defensa central,-1.561615786424483,-0.48476317424415266,-0.7293246652416915,2.0347761632621997,-0.5065695028781659,0.4736193194052349,0.5822704107305771,0.0126028882878376,0.6297564254175492
Ramon Hendriks,Defensa central,-0.9745101974154198,0.14126946233120316,-1.6011509491321458,3.492567815534358,0.013633534133124185,0.5451705574218375,-0.33859420982825034,-0.4550037899245939,-0.40231056365134094
Jonathan Tah,Defensa central,3.4006401987782193,-0.8600129083520803,0.2003911562688547,0.19485631515920554,0.8949454209735686,-0.7446745836709239,1.2855107374180788,0.8554122756299484,-0.6098995379580852
Maximilian Wöber,Defensa central,-2.9463690307584067,0.7521987058775149,-0.5967598354661671,0.19663224320561404,2.2624506535402777,0.18823137940722887,0.5212615517083939,-1.594879804107738,1.2953534939225266
Mick Schmetgens,Defensa central,-3.142736419731243,-1.664993546303229,-0.06820396334512378,0.7904424227918458,0.06506167197674088,0.48053073940596763,0.357935635446878,-1.8699790847309612,1.9445960858380977
Nicolás Capaldo,Defensa central,3.4062763906181033,2.6476932077255166,-2.383045464488508,0.5690556774951179,0.36138387036875413,0.32915288220876454,-0.46690946604447947,0.35176811372501404,0.9123204924749422
Luca Jaquez,Defensa central,-1.2753319418042475,-1.337606371892009,-1.0113441826629683,2.743251318683225,-0.7765625398355239,-0.32403005752699543,0.9733624779272374,-0.22147514258101758,0.0073512992859900116
Kacper Potulski,Defensa central,2.7602085163042216,0.4973030575203104,-0.6594209477527953,-1.8147760682405707,1.2772652213494313,-1.1672835358704627,0.9612090156815627,-0.15807458175000472,0.19161388570035875
Joël Schmied,Defensa central,-2.601839480720618,0.7754272253725271,-0.04546683649126365,0.13100807904372314,1.1936038101817108,-0.39330194214835157,-0.8536577005858864,1.0523415303207861,0.025688047813320774
Tim Siersleben,Defensa central,-0.8003730036840789,1.7281155797365892,-1.8576627236630567,-2.0291921596782054,-0.3064714259067235,0.3232807857462083,-0.971502688265761,-1.0542233670835712,1.3515446874970691
Tim Oermann,Defensa central,-3.167476550573584,-0.8592568502009575,0.28501555414173246,0.5379698691035867,0.8499744443799686,0.6718669664099459,-1.129944900595118,-1.4493373142646757,-1.5028761431157367
Arthur Theate,Defensa central,1.8364604648663354,0.027040758062697994,-0.5752040981158969,-1.646145878566963,-0.21041729352047336,-0.13675886586428015,-0.6227243136234591,-0.3498207047913329,1.1619946351730979
Abdoul Coulibaly,Defensa central,1.339020922323672,0.8309060831231277,4.131949621470683,0.27240621400686266,-1.4518104517120265,2.3480223258429995,-0.49822517802495897,-0.5638911841959763,-0.22385549695040324
Danilho Doekhi,Defensa central,3.5557368115218675,-1.2315071255506183,-0.02183633714486277,-0.6670952954996843,0.2855449587208226,-0.36937649162763636,-0.1467653426189329,-0.5520592693780078,0.952975915558208
Patrick Mainka,Defensa central,2.6745854247577507,-1.5478902545981041,-0.6659683671823361,0.5037810053623737,-1.4702176914721778,-0.10808590899472166,0.08829306111208166,-0.09350001748129427,0.7060545534969278
Stefan Bell,Defensa central,4.973233873879552,0.17077548848320673,-0.7820901194056527,0.1837891492304328,-0.40527930356238856,-0.20012284203742117,0.9824269398179206,1.552044097484601,1.3818694197425516
Hiroki Ito,Defensa central,3.795040337358435,-1.4908781580454804,-1.3274307965986183,1.46204710400542,-0.4094095006015211,-0.8295459763938958,0.8361850942582231,-0.7939952863802616,0.3397119243300075
Rav van den Berg,Defensa central,-1.3268674555449953,-0.32169233870151137,0.5761499540664582,3.2171910879765737,-2.0370823781197944,0.31277045604226555,0.6128687397506565,-0.36573958571634085,1.0008240377679354
Castello Lukeba,Defensa central,1.0966232992591018,-1.8583171006763046,1.025058470812528,-0.07274050971529483,0.2347567837106706,0.742110982676896,-0.17306826649837226,-0.4707506762138657,1.4522765994684723
Danny da Costa,Defensa central,3.4669141241415136,-0.5664274145608569,-1.1282026326542445,0.8847096236018698,-0.6276180899426134,2.5227663872834554,-0.641388417840718,-0.4816437348551636,-1.02673900236039
Julian Chabot,Defensa central,-1.1832502803799632,0.6592470074344374,-1.3218460321564196,-2.709077611537634,-0.7416207107170333,1.3320038120797553,1.5143555559810498,0.06919412682168476,-0.9689503224141078
Jordan Torunarigha,Defensa central,-2.442128798753198,-0.039700572108576734,-0.3809034701910086,-0.47703374714396635,0.6836255157290358,0.04498218852513744,0.4299362336691245,-0.9594791097812988,0.3133650026871588
Emre Can,Defensa central,1.345444607491492,2.063650441810357,-1.831385850438449,-2.0383978970544128,0.8119142259388903,-0.8399902109903233,0.6394682593897245,-0.15641862251184369,-0.14602137889140948
Guilherme Ramos,Defensa central,-0.8856046847902975,-0.5126633503239427,-0.9745847794583001,-2.1222478152499984,-1.1079637876728226,-1.8389425919907818,-0.25420923882998636,0.8057151152492413,-1.4306975758148184
Dominik Kohr,Defensa central,3.1172182045031493,4.000090566885574,2.7917084356843533,-0.276625431254701,0.26259449230132853,0.1381188935016647,-0.27514968969879133,-1.1581804162915579,0.7189442346699202
El Chadaille Bitshiabu,Defensa central,-3.218509058058475,-2.3075137404628565,0.7309564162573379,0.4061502506677598,-0.05576709207066,-0.48083324989438503,0.20721174910675777,-0.39456129342614255,-0.1670272534234517
Karol Mets,Defensa central,1.438238252539789,-1.2587185690881664,1.021554587295678,0.24807536860835416,1.1162613010129865,0.9260629559640244,-1.2691303233025188,-0.7271801743256584,0.9635818965358535
Albian Hajdari,Defensa central,2.2265690469842077,1.8572256749883176,-1.5214437508499339,0.733949082802766,1.6740113098452563,-0.21416401446178152,0.5042920021097479,-0.028447019192648908,0.03757472270821943
Robin Koch,Defensa central,3.4389657346937783,0.7267523345048418,2.8632526761846178,0.9365171103541258,-0.7088505944108353,-0.6378276838700357,1.7806778462724318,-1.744251050220947,-0.1491236349011713
Kevin Akpoguma,Defensa central,-3.0999627423705354,0.48473984071435533,1.6945558522671313,0.424321238420788,0.5226962862315596,-0.45474974101763105,1.797743303163768,-1.3388808798645082,0.20700309313193338
Matthias Ginter,Defensa central,3.9678287336934557,-1.7381691282243836,-0.5914444167803681,1.5199067245536673,-1.101817537692882,0.14401453457564237,-1.297791360105465,-0.08811942479497667,0.210206674886189
Waldemar Anton,Defensa central,2.0281447298093376,-0.9459164775300405,-0.06604826762301673,-0.844316869114665,1.151374837380638,-0.3199234792560355,-0.5677888491932499,-1.567624135698207,-0.4669852417082422
Diogo Leite,Defensa central,-1.9767698086273622,1.0459190458752983,-0.7956767682667288,-1.2226310018333093,-0.4045523377380128,2.7879746466414645,0.32674322144696794,0.44780297173093214,0.8732159772290422
Fabio Chiarodia,Defensa central,-1.9948619160658663,-0.24621395644016544,-0.4992723564504376,-1.532947986396035,0.25731187401484545,-1.007885298634268,1.6612305182294944,-0.4046489477250692,0.4859862038336663
Eric Smith,Defensa central,3.808023854994323,0.40637578350696296,-0.012249949592651788,1.5504658656433812,-0.9002536971266066,0.41919301460055786,-1.3165890180925006,-1.4995221338378577,-0.3200834603673391
Philipp Lienhart,Defensa central,2.673691032764844,1.6410564409040493,3.6271749387842642,0.31865572327035635,-1.8175720845150378,-0.04020955154885944,-2.005483513304132,-1.120511442978972,0.7042344069130658
Adam Dźwigała,Defensa central,3.369364831278353,0.6931798315360782,-0.4422608979031146,0.5091050887506464,2.026011659601998,-0.028108751209535567,1.5795759789766515,-0.04377606617764543,-0.26678068398446503
Koki Machida,Defensa central,-3.055632787968941,0.1694126354947207,0.935822661648901,0.036814072626656286,1.3994090264128722,-0.46973432869550363,2.2775847694189615,2.257832998976753,1.313129685520292
Niklas Stark,Defensa central,-1.3609843890879116,4.632988251232913,2.3439244592463133,-1.1542535831587877,-0.8234647179198579,-1.0668432094408193,1.0271552775463413,-1.1037076703660391,-0.5184079521415037
Tomoya Ando,Defensa central,-0.30303098937217676,1.1098539076398846,-2.279481038873015,0.9366618041196619,-0.11151656248959295,-0.538058018437134,-0.3628831951298857,-0.6667571844820529,-1.0317455824947832
Jarell Quansah,Defensa central,4.324340905846635,-0.2786883198050462,-0.07077950851788871,-0.7728826873550455,0.5549655883487697,0.07677352994640589,-1.458296479695749,-0.08186801391542278,0.3803739573942376
Chema,Defensa central,4.695257175453661,0.1792050603221383,0.1551636227715649,-1.5656411127225556,0.8732221075186929,-0.3022160849840337,1.175547404598405,0.9892475230235671,1.3104643708336734
Timo Hübers,Defensa central,-2.9974789826263786,0.32391670052688987,-0.23191406328212535,0.3698308047511355,1.578345765242756,0.8767383430986587,0.1940941674452336,-1.4744947565404158,0.2944895048614456
Willi Orban,Defensa central,2.398748419418176,-0.6215690479484639,-0.4175476646129169,-1.3612096431767429,-0.18192743672407743,0.28387971649554494,-0.5755457485127954,-1.1207615201417296,1.1288579382008999
Noham Kamara,Defensa central,-3.464778026075367,-3.156888491413246,1.2202188242910583,0.9508266161039258,-0.4955676931990409,-0.3937652038498604,-0.1606365689107618,0.0593027276220884,-0.3844781523855768
Moussa Niakhate,Defensa central,-1.5777960016312051,0.2589039951166054,-1.0211036089773942,2.7519337667125345,0.6194669185268162,0.41283409462506965,0.4027176917659998,0.064175548100373,-0.3100034609707171
Dimitri Lucea,Defensa central,-2.9908775688359923,0.8455548406516781,-0.1775956258513314,-0.028962783482256067,2.075594272807717,0.895150732470778,1.4083420674870228,-1.2686912523363034,0.47676509793620825
Formose Mendy,Defensa central,-2.716181973554948,1.7907374345787777,-0.25679079174917535,0.29886239483397425,1.8716145715535988,0.8264663320767308,0.16858403835407218,0.3350865316974196,1.0714770867175103
Clinton Mata,Defensa central,-2.889161073115851,0.1542853073213697,-0.10267789339510598,0.11961010635280743,0.5495030871029737,2.3976400884713716,-0.8384604703414277,0.27465984854199677,-1.2038099195098608
Sékou Doucoure,Defensa central,-2.838257224033643,-2.0043671729797596,0.2501123119200131,-0.22075150360780377,-0.5229635071140685,-0.560368994698893,1.9397503398745586,-0.4717705832320437,1.6961899985339006
Maxima Goffi,Defensa central,-3.072261205010083,-0.015906613841839782,-0.10560817728702766,0.6958282489214218,1.979906798536558,-0.4351641901463368,-1.6269641306592308,-0.6427771344893001,-0.6607668721867859
Christopher Wooh,Defensa central,-3.3002622075942236,-1.1040288493985266,2.5357250895865855,1.2408664978625314,-0.5522980873630521,-1.0414243149738867,0.45204566437486,0.34980410108509863,-0.7028631299382185
Gabriel Osho,Defensa central,-3.0027015075164125,0.2483559056633361,-0.28845741858600144,0.7622737341276689,1.8365002721666672,0.18870638213886345,-2.0112148624861206,-1.1620263166132816,-0.8970955875616548
Amadou Cissé,Defensa central,-3.2683714113961853,-0.7398231230757379,0.6980943092582319,0.3795937744103669,1.7056714386060199,-0.7042099571061322,-0.049070307021763716,0.38342481282890634,-1.0520619259552528
Jordan Lefort,Defensa central,-0.8458206828546134,0.13966361612967046,-1.7665716669292817,1.5698384121626412,-0.869113736844455,0.655049893532813,-0.34423876843258266,-1.008948170850796,1.2711026190099608
Moustapha Mbow,Defensa central,-1.06211249424835,0.21313941447821216,-1.1916166398565848,0.3059672171890333,-0.5570069138209981,-0.042372434461667385,0.48043560995982054,-0.056104664446326474,0.3811808552182622
Ousmane Camara,Defensa central,0.927222456856949,-1.4264412617486424,0.24294982665358086,-1.049158181079645,-0.04989722579078094,-0.23285880027601386,-0.16093504870494538,-0.5678479688603791,0.6200830166657283
Youssouf Ndayishimiye,Defensa central,-3.1611813878866295,-0.0984571116693997,2.0453816142025727,0.7311268718330959,-0.024866322578523222,-0.511916469675191,2.6495157921985655,-0.30873690004783516,1.2188356987488465
Derek Cornelius,Defensa central,-3.176690683922222,-1.3391382875788198,0.38932975375759077,0.5985934238175733,0.10695670277514081,1.0941040371466997,1.1140556364869345,-1.1808359177829029,0.904590875136851
Malang Sarr,Defensa central,-0.8477058896411741,0.672637631325989,-2.1503632546773765,-0.042302410697355415,-0.26893398847305927,-0.2730121343521011,0.7612830456602468,-1.743961686992671,0.39046416979941884
Brad Mantsounga,Defensa central,-3.1726846885767275,-0.8967776268521562,0.2995263572024211,0.5412943713779675,0.8317488811732733,0.6495816779485525,-1.1128222802992476,-1.428761895460948,-1.4863513754895399
Uroš Radaković,Defensa central,-2.560622298999035,0.02312437266063316,-0.3668688027336108,-0.9016979280900619,1.1569824492376688,-0.898911592516671,1.8942344158131326,-0.516121664495576,1.0754879928871848
Ousmane Toure,Defensa central,-3.3397952896149827,-2.3943319201335567,0.7326152173061953,0.4552367734841042,-0.21506491867522462,0.22512699213623874,1.972070455276705,-0.8859220073345035,1.5575113132461662
Ismaël Doukouré,Defensa central,-0.1438457451992489,0.7177591254340873,-0.5207554585345662,1.0492567648012172,-2.6411641598176616,1.6123461205344796,1.6041208044791304,0.02134186421030131,-2.369489075426185
Mohammed Salisu,Defensa central,2.7422423822670283,-0.41437992144052194,0.7730997795511849,-1.7299503835566872,-0.010679114910117686,2.4388885102095847,1.2505332959064246,1.895162204617822,0.8557739463961138
Antoine Mendy,Defensa central,1.8908851480090025,0.930185898358196,-0.8504056756601276,-1.5117797188523998,0.6734345669392168,-0.3319300314315382,-2.084745142574471,-0.16647765691098199,-0.1859973766932057
Marquinhos,Defensa central,-3.0998664559643077,-1.8040462713125407,0.23771803458460744,-0.05792035698928864,-0.5273841967407029,2.0709801655216316,-0.4313448840024665,-0.2236502290678341,-1.4209767499465331
Sinaly Diomande,Defensa central,3.998161792315849,1.9289334408446406,2.7925153794287243,1.407109532621008,-1.595904589675323,0.21791524490823797,1.3448885747461266,-0.17154865750267526,0.46827954280956646
Wout Faes,Defensa central,-2.2608612830986803,-0.08614268408212807,-0.1416612305263416,-0.8110586230141315,0.5307961230911996,-0.9095536150740001,0.40489072002633975,0.4469671594881445,-0.020162920320157155
Leonardo Balerdi,Defensa central,-0.39187236856636654,1.2104436604308642,-2.0534057036805153,-0.2930084453873362,-0.24419220631537866,-0.932366886793217,0.584834753811273,-0.10398263510389799,-0.6455762255127458
Ismaëlo Ganiou,Defensa central,3.5815334562057606,2.451102464150383,2.7552942284294577,0.15068685661591147,0.26363168100640877,-0.5186669351125556,-0.14464936738347187,-2.2788779092054314,-0.16625229704133115
Christian Mawissa,Defensa central,-1.7821422000499854,1.2647169626898571,-0.9454749713668542,-1.1828963566911843,0.98443244642879,-0.017219633311225137,-0.6053407884732328,-0.8457973012673478,-0.7307588813508785
Alidu Seidu,Defensa central,-0.15458050115114097,1.9025039956618242,-2.4240798805039017,1.6102962158418708,-0.2733124717482335,1.0722736091735068,-0.987552532471475,-0.5718039316995618,1.085768499315901
Diego Coppola,Defensa central,0.29387692726060144,-1.8083887874504077,-1.6224351013480214,1.459582640377928,-2.1494637452740415,-1.4304650204510383,0.9702995187004562,0.22528763616503927,-1.7686793235581055
Samir Chergui,Defensa central,2.769808660808668,-0.8241989236548471,-0.3399521069099064,-1.0006512414942095,-0.07763136935282862,-0.5282639366536145,-1.1680574037754645,-0.180740750952246,1.0972318316152967
Francisco Sierralta,Defensa central,2.7669745351536377,-1.88154058603867,0.9824945919904123,-0.5753995634386674,0.6302315148617762,-0.7624082896693725,0.4928470547396429,0.5006856514334028,-0.4334620753525359
Dante,Defensa central,-0.11357747064994483,-0.6252921990279061,-1.3915777917603964,1.6729229480058139,-2.0557934089532797,-0.3568895482490183,0.8740396459607831,1.3314105608240323,1.1569525862583065
Nathaniel Adjei,Defensa central,-1.2428194153344327,-0.801428966781748,-0.8557961198442748,-2.2436004468502873,-2.3831063702159714,2.2875946880817213,-0.4663883447735086,0.25839934360633204,-0.5064987003871007
Lilian Brassier,Defensa central,-1.1387336182782792,0.3684759302746216,-1.7280463469372624,1.1794721467062101,-0.1186784494435356,-0.041727174493733726,0.5024563400939766,-0.7549506827194662,0.6857481496338532
Bryan Okoh,Defensa central,4.414043773898467,-0.9392750873369154,0.5037939887331045,-0.8376278537512349,1.4596272815231088,-0.2825852816779142,1.9794375411219145,-0.17793053425392058,0.41248191530375367
Chancel Mbemba,Defensa central,-1.2392854731425489,-0.07539308721570673,-0.7926012164061951,-2.953775765981972,-1.403212648722988,1.078987069327085,1.522360544947862,1.052101962638845,-1.55431702036764
Lucas Beraldo,Defensa central,3.683595742355767,-1.1426477413959126,-0.5196858212555553,0.6160839388121434,0.6094783285754298,-0.6741512944385455,0.4903633559158039,-0.7516697695648932,-0.677804677926662
Junior Diaz,Defensa central,-2.306030249942427,-0.036557559854924634,-0.3723498408773032,-0.7953153661336779,0.2771625625982659,-0.10707898111816351,0.5794583916504217,-0.7124365474609663,0.35067987611785534
Samson Baidoo,Defensa central,3.4512543453213516,-1.2244751001743994,-0.07440045056251869,0.4509857826220309,0.07990542722346931,-0.2606597907391088,0.8867196329331352,0.1784992983387509,0.7302231601789575
Anthony Rouault,Defensa central,1.4663807542357346,-1.2287834225783758,0.976852617064368,-0.7669770930528381,1.0703948624327644,-0.8626341620346696,0.689596831371665,1.012828496868804,-0.4837646643807753
Tylel Tati,Defensa central,-2.8972588648434625,0.8610402431402756,1.73497955512544,0.7604394644197405,0.2802000346900384,-0.4286547194364357,-0.1220976647864249,0.6282314896914424,-0.7592780503592365
Jérémy Jacquet,Defensa central,-1.2395184575976614,3.1210082418119747,2.5773753815102047,-1.1179966190767119,-2.4001406246268506,-0.9096940672920708,0.251025449514482,0.04346453941472533,0.24166435584824653
Lucas Høgsberg,Defensa central,-2.146846624478524,1.2294412601760105,3.5703577015271186,0.2965697222037849,-2.6893696655389787,-0.5258401514048497,-0.4449699076418538,0.13789136302467317,-0.18131973896788517
Abdoulaye Faye,Defensa central,-1.640400507133021,2.2901395520040113,-1.2277069582232207,-2.2393846656802157,0.7821595423012198,1.9020909051734833,0.9110277220971661,0.4974717952531894,-0.9292492765483548
Terry Yegbe,Defensa central,-1.045444815546961,-0.8542915482667345,-1.1263503603293585,1.2451853956185552,-0.8408176076338872,-0.6544087705907977,0.5027093936518658,0.10418046535417876,-0.3498501680217096
Bamo Meïté,Defensa central,-0.07327354339628922,1.1298514504312427,-1.7096949641095656,2.8171294580167237,-0.6795114989080353,0.35160888853244626,-1.3974977778653497,1.650129139424862,0.09586078381858226
Jaydee Canvot,Defensa central,-2.6223400854459933,-1.527140521024453,0.7055301156280491,-0.2962523767916505,-0.6232438634402424,-1.5420926957825172,-0.3949132352191487,1.8075282441193081,-0.4549963313037696
Soumaïla Coulibaly,Defensa central,-1.532106213465231,0.8354213495065733,-0.5286949147837914,-1.82839169230777,-0.829668171246271,2.229609282603476,-0.4818292782852995,1.7477046758159351,-0.9428356514690774
Otavio Ataide,Defensa central,1.883950099300695,1.9678642339851964,0.923778667005868,-0.5624086079163928,0.5901621946135555,0.380343224770702,-0.7529911323027355,-0.726822527989731,0.5707367938868501
Willian Pacho,Defensa central,-2.3268264650974615,-1.200752412668956,-0.04032981726315088,-0.6098470061579617,-0.8828672948057203,0.33716164044519986,-0.15607354480327823,-0.7309020215181382,1.374232290615778
Abdelhamid Ait Boudlal,Defensa central,4.372399215386355,0.05002777335632417,0.753369407012807,0.9552177492990451,-1.2858454438400309,-0.2553013695581638,0.21432039643850664,-0.16505347104611115,0.5547930277816111
Benjamin Pavard,Defensa central,2.9271687456602415,0.21639235705084067,-0.866744599975699,0.8399594124344585,-1.0182108430777361,2.7605613890401464,-0.43153002469941343,1.5049088801762334,0.26180119614074726
Sadibou Sané,Defensa central,3.4314322552879957,1.1977199813609822,1.0256473997740294,0.5429804889019361,0.6079872180430353,2.527634258062789,1.8238457129601835,-1.2026419836880753,-1.4357254027650515
Facundo Medina,Defensa central,-0.6088885002808199,2.06845769255806,-2.0096157380820734,0.5739835852832605,0.29051886203322197,2.0915082448977325,1.3441140981410828,0.8558494649914198,-1.1180811561629025
Clément Akpa,Defensa central,-2.312596065604233,2.679499215115898,2.4337035911108207,0.16952381385320126,-2.3637732439615404,3.040125661420504,-1.2011663307664808,-1.4260042566503952,-0.5288581925183092
Andrew Omobamidele,Defensa central,2.327523525851819,-1.5864264290088004,1.1215413622361363,-0.751266333142117,0.7347129437999214,-0.26698758715865456,0.8446816823656422,0.6097680668039307,-0.49231184120594434
Abdulai Juma Bah,Defensa central,-1.8170857924226718,0.3325126998265508,0.07471653786921452,-1.2182901506548103,-0.42192349385560646,-0.11590667135447298,0.48684352607641196,1.7300524898094218,1.6780403958601429
Jonathan Gradit,Defensa central,-2.575781089703676,2.793756762063457,0.743398577007049,0.27031656857668146,1.238294120450151,0.2134452353611593,0.5468490299025675,-1.1884912008805675,0.36661345689697217
Raphael Le Guen,Defensa central,-1.6545207814794758,-1.2598249484289787,-0.7376061779710534,-1.8540463769982425,-0.9232309892869232,-1.4566471637312632,2.0130210240416235,-0.6346821610641453,1.050423467627754
Charlie Cresswell,Defensa central,4.036741979290184,-0.3973676757790357,-0.6812457859335669,0.33831074018683555,-1.0734634770414473,-0.5369121136848998,0.04537736514247004,1.8852629155384766,1.040410236309995
Brendan Chardonnet,Defensa central,2.5515877935094005,-0.2286875934916393,-1.1936958926320216,1.0821709959898658,-0.01857058101284764,-0.3726999116830353,0.8250097401979057,0.03879184699841156,-0.4830817764682433
Julien Le Cardinal,Defensa central,4.537709554730118,-0.8397007122511865,0.12836887854112047,-1.1635947583243982,0.8308207174807071,-0.7292377359837859,-0.14518471632597868,-0.2747830216123462,-1.5161749960462945
Telli Siwe,Defensa central,-1.3977109327540898,-1.077718820373091,-0.9342208166231222,-2.2668118850693606,-0.7936291553238469,-1.4367441773993346,1.4851515580587367,-1.1740508957724833,0.0056832372576741085
Emmanuel Biumla,Defensa central,-2.6680275467748795,0.5038790112527803,-0.3825798438320038,0.2453244100091828,1.473702996390314,-0.1294971599585385,-1.3609181656541083,-0.3948136337640542,-0.8041711944046146
Jean-Philippe Gbamin,Defensa central,1.9669168803908845,-0.3751548238401303,0.139798019768037,0.26457094071012777,-0.8758291307456434,-1.182884759920829,0.4786449267256829,-1.3634118014764478,-1.0495715306290152
Etienne Youte Kinkoue,Defensa central,-3.211312524181902,-1.3459526503848285,1.1952455619589897,0.504732499947585,0.3424235273708518,-0.5090829885329331,-0.21439738711408557,1.485625614802424,-0.6662289859520178
Mark McKenzie,Defensa central,-0.8459035390176632,1.5225640682768256,-0.1029834457655107,2.0453996248536637,-0.7238891590232476,-0.352802722497356,-0.02528837347615663,0.6177993467961241,-0.42676931029438947
Kyllian Antonio,Defensa central,0.025724041708399842,2.162359442976106,-2.65525061924636,2.8580194791545193,0.5645646840751918,0.7252568110402097,0.5633935119345402,-0.9619786959851405,0.08350567974820483
Rasmus Nicolaisen,Defensa central,0.9637073141871926,-0.8407066119290848,0.20778302172393645,-0.9705015309238841,-0.012688238578171137,0.08079404800910948,0.3041232811912465,0.07653145313778874,1.1588978043560647
Ayumu Seko,Defensa central,-1.2324034628940244,0.3055243018353649,-1.043593794426106,-2.345726019174606,-1.4106706133594709,1.537488578243919,0.04775373389401642,0.5383904506968192,-0.39207849988735183
Moïse Bombito,Defensa central,-2.9891896114921113,0.6224612444768286,0.7549947042160727,0.1447136356167715,1.5858101803230011,-0.09223316186084714,1.199797967728184,1.917224540086282,0.36249354680989515
Abdoulaye Bamba,Defensa central,-0.913221652612701,2.245261848243233,-1.8227987720000716,-2.4016186794929073,0.7291735569501729,-0.28504252974508065,0.2767011864429768,-1.0599960419177743,-0.19348549612907046
Montassar Talbi,Defensa central,-1.5302247996406775,-1.2524720153930342,-0.9372977891537253,1.090533011640654,-0.9906657595245999,-0.5748390208357106,-0.050898791559760535,-0.4681305241981254,-0.3186298124669269
Chidozie Awaziem,Defensa central,2.442702241554969,-0.3978506547829598,-0.5367127888387195,0.4613641268540823,-0.9938589173170822,2.0796092878737555,0.03358679978749768,1.5268615858774002,-1.5565743913292651
Arouna Sangante,Defensa central,2.326507991758003,1.812366582169635,0.08344053575068895,0.5554349827423255,0.3875466863688307,-0.13456140373511788,0.8967438346160718,-1.3355232431639392,-0.6708647910718332
Eric Dier,Defensa central,3.530303542442175,-1.7543534706015662,0.41692839824699185,-0.4220390631267868,1.0563271993341108,-0.20205944784448293,0.7519002780507347,-0.8845190788355111,0.3549915003020118
Timothée Kolodziejczak,Defensa central,-1.89991398372462,-0.6216265915722912,0.09771160770697275,-1.3776023060751144,-0.048670521934777285,-1.2075181035854772,0.7898108283644927,0.9991646312403828,-0.8076818366011167
Ruben Kluivert,Defensa central,4.154082406459035,-0.1516045448079237,0.051317353758116316,1.5983479721468101,1.7200065441942052,-0.14954228967423336,0.5945679959076292,0.7947071702135554,-1.3580593574278865
Michel Mboula,Defensa central,-1.5267303437445667,1.7775432142620038,-1.514344059084432,-2.1629218435064446,0.29931615483019824,2.6871920219934085,0.46311395269752775,-0.7386408886019985,-1.131918653735372
Thilo Kehrer,Defensa central,-1.6172992739189977,3.8564079152739987,2.2619195802019827,-0.38137879022191207,-1.5726456950672087,-0.19627959258643862,-0.9256047131657243,-0.796542169476482,0.6257992047769302
Seny Koumbassa,Defensa central,3.4047038432488317,-3.2976747209304826,1.2763779312262804,-0.049141326165335154,0.7260947201282644,-0.6316977547332583,0.1911339073787322,-0.9626327269817657,-0.9410611246721259
Alexsandro Ribeiro,Defensa central,-0.9462447607668218,2.4388844789163877,-0.6885111040417099,-1.9167137515390067,-0.5276549944581753,-1.107477754605785,0.8439505751204378,-2.275709726498733,-0.0812232885689333
Stephan Zagadou,Defensa central,3.6470884290554597,-1.6310354004088552,2.787332833179274,0.42585705664893997,0.5574718118252772,-0.8939723710995013,0.5908124859918776,-0.7815835252529086,-1.7368775426711218
CJ Egan-Riley,Defensa central,-3.0051013546720386,0.3644621327112955,1.6182221997693162,1.0116733111130862,-0.0771295891583451,-0.10123754331331918,-0.9960267445124757,-1.1760543307961846,-1.1900160100156425
Nidal Čelik,Defensa central,-1.6385674533074015,1.0686929669419258,-0.7144120126596191,-1.7463778969729413,1.0949790915633224,-0.9932404025640875,0.8649402056726649,0.2445751925492734,-0.2771101033785292
Nicolas Cozza,Defensa central,-0.9534770512808812,0.4570293383274174,-1.8694516114708282,1.01049687769969,-0.08549834312195627,-0.1549381876506097,-1.0521091640112017,-1.1167693796579197,-1.043198579128811
Illia Zabarnyi,Defensa central,1.2005462424320241,-2.1169381726384673,1.454877736780591,-0.5842326853979719,0.7633127295344504,-0.3937521719840265,0.21294312692828005,0.37857210335121816,-1.0000771941574762
Gautier Lloris,Defensa central,2.12493711069785,0.39429068782445426,0.34230419849371196,0.018049311400827436,-1.5767124580314933,2.3854805994342847,1.3218994439765617,-0.4333486234810425,0.03615623939493745
Aïssa Mandi,Defensa central,1.3224906137319647,-0.19527455898508198,-0.02259683943452284,-0.8729720408147621,0.25457375258565423,0.37613299600926725,-0.3019404432436084,-0.25178992485588564,1.5540833030290282
Kojo Peprah Oppong,Defensa central,1.2499277859401814,0.0941389458161618,0.26017121264995596,-0.4961202058534971,1.2704732041794444,0.6978876349607663,-0.8002384384527077,-0.30988271007346213,0.5329377444576429
Nathan Ngoy,Defensa central,2.331891517763796,0.6722827950495351,-0.1317066740781582,0.750935469052073,-0.9302016284576545,-1.0540104863562927,1.1970155885742386,-0.3911531072892015,-0.08942412481921647
Javier Castro,Defensa central,3.328221163004639,-0.5888971294219341,-0.24541724191959283,0.8172614148771528,0.2425713003151389,0.3422035835173873,-0.2664558622039264,0.23493146309887708,0.6584490307982188
Facundo González,Defensa central,1.3590600864138718,-1.0814272453082252,1.0395337751933469,-0.06724113928948808,0.5954117802554719,0.2977327457563827,-0.7493149405823386,0.8554364398750354,0.666067646882844
Manu Hernando,Defensa central,2.799255876642806,-1.6206657540565996,-0.9434814693787715,0.5975620584084773,-1.5548834985847622,-0.6246040261107839,1.2199286302110266,0.16337775023752432,1.1168100443972329
Pablo Ramon,Defensa central,-2.26088433807765,0.6184091911174517,-0.4155597094968175,-0.4934695066037525,0.6499624854681813,-0.1454626195143188,-0.13975586401721535,0.07768932307310568,0.26505685423533243
Conor Bradley,Lateral derecho,-1.351491004123031,2.6681515425681965,0.8355524199833015,-1.843713551895089,-0.13324187600202814,-0.22385651503326898,0.031147706264441334,0.6434638760793348,
Ben White,Lateral derecho,-0.5658299798652443,-0.1356318416572583,-1.365170738578845,-0.8747783515974316,1.1010604774576584,-1.2214522917278547,1.7817106484300425,-0.08303342949258011,
Malo Gusto,Lateral derecho,3.347004781087518,1.3179874481206002,-0.4887381322839804,3.4201331028685615,-3.0471798574854443,1.1255781338695046,2.447787804656559,-0.06316666426992137,
Matt Doherty,Lateral derecho,-3.269342480043029,0.6775322837027473,1.1780410410955564,-0.1617284187523799,-0.9694665608277541,-0.32945880458443305,-1.229428769310962,0.42718938812187196,
Nicolò Savona,Lateral derecho,3.0440832472381656,-2.2195759722442197,0.22247369527026212,0.6190832115562676,-0.4023608958858415,0.4966723942301073,-1.3401695918783454,-0.7674980785555113,
Jeremie Frimpong,Lateral derecho,-0.6641629003468342,-0.04572730148661,-1.6438305860131932,-0.759664316469264,1.7025437068611577,0.6669545603184075,1.1037225549262968,1.7723823591393397,
Kevin,Lateral derecho,2.870111782238792,-0.46179528200816555,-0.5590367331222019,-0.3495782722344762,2.0480893994682745,0.8069835084168534,-0.1293874403990645,1.260451531754395,
Joël Veltman,Lateral derecho,1.789224010607385,-0.1568844123562409,2.997895939539992,0.11722842009683614,-0.5948786870428832,-1.167193913226783,-0.2175635777320334,-0.11605761498015155,
Noussair Mazraoui,Lateral derecho,-3.1577232665700046,0.6757193635420823,1.6248044086638502,0.03176799791707035,-0.4111184212826872,-0.5210975871213481,-0.18785461164510076,0.4883057938480205,
Aaron Hickey,Lateral derecho,-2.5486855173225083,-0.5472873188175581,0.9777683732881729,0.7600952343919748,0.7509734889739761,-0.7424570441691566,0.14998247578693477,1.3602711761004844,
Ki-Jana Hoever,Lateral derecho,-1.633958176718683,-0.5480357452425164,-0.3834781646853516,0.8390864525376239,2.4841243569067846,0.16524240209102167,1.0969906103536284,-1.801583261529881,
Rico Lewis,Lateral derecho,-0.9600937205571802,1.804519571893487,0.5745531980714292,-2.078075891662099,-1.3326244469883266,-1.951938264219357,0.7301354680725073,2.0787270530602897,
Jurriën Timber,Lateral derecho,3.2438195965426937,-0.2003279818224496,0.6356940509685407,-0.8289427523007376,-0.6582784444430646,-0.15499508405054174,-0.8738502158504625,0.42824834841900744,
Joshua Acheampong,Lateral derecho,3.0095319919768975,-1.994639950178146,1.9245268145241037,0.9703565472215518,0.42340066135739557,-1.9217255577692944,0.5915958750813929,0.17257432682513812,
Daniel Muñoz,Lateral derecho,4.180219571683356,0.14077279533169887,0.35157724371080856,-0.482146191629027,0.9454951253146769,-0.07459969576101919,-0.2035564144210446,-1.0949477992249292,
Nathaniel Clyne,Lateral derecho,-1.7309067002786733,0.1418712622700846,-1.3124904618391458,-1.5053105484065683,-1.1309289923653223,-1.0644688235848807,0.7954638770933098,-0.9528172947164468,
Adam Smith,Lateral derecho,-1.7368331634639393,1.008336759331729,-0.2722322768123813,-1.7925860087376508,-2.0800196272878244,-0.9462381597643419,-0.20432983717950007,0.735585911152864,
Timothy Castagne,Lateral derecho,-1.5187243600154456,-0.07977280570233691,0.3316636600385149,0.7996156829869575,2.2590412279357803,-0.6049615388825745,0.43732872396482014,-0.518321053538322,
Jackson Tchatchoua,Lateral derecho,-1.8123271448294198,-0.9960120624517818,-1.8666179776008782,-0.3471881031433639,0.2899588916207248,0.008514922504152733,0.6339157399036144,-0.1295079959721709,
Kieran Trippier,Lateral derecho,-2.3975668002183386,0.2509070732498523,-1.2219092660241164,-1.3264860649550867,-0.670287056728554,1.1262417296782745,-0.6099688312704884,0.8370259297875093,
Ola Aina,Lateral derecho,-2.7219999547528877,0.040978490804998435,0.8483865258183677,0.15694273831530295,0.7799626658953217,-0.6756637377737114,0.20844518514960678,0.036229823283843755,
Lutsharel Geertruida,Lateral derecho,-2.2797114245463415,-0.921292149355166,0.36112385912686723,1.0601228359794477,1.1012797946718211,-1.2139145854026263,0.599592926197138,-0.5250436216482843,
Kenny Tete,Lateral derecho,0.45245595966527574,0.08381777816392375,2.4967037368582097,0.37541542939069905,0.8097670994084539,-0.12475984294683083,-0.6926035244480939,-0.3046753034957008,
James Justin,Lateral derecho,2.411750238035678,-0.24062895530559847,1.4559951065551773,0.0707257243561417,0.9656014983545179,-0.7172298834631449,0.5571726618190507,0.0903207528517857,
Aaron Wan-Bissaka,Lateral derecho,-2.262333875258272,0.4440451537320275,-0.1723117809666434,-1.32313163041154,-1.0019461540168226,-1.6192463152561933,0.42118212427424917,-0.6210124323886239,
Kyle Walker-Peters,Lateral derecho,1.3293977080394335,-1.4476696476712476,1.9030755556970314,1.3087954050450057,0.13784646108655918,-0.046090388046180666,-0.036622324832175146,-0.05407879010112687,
Mats Wieffer,Lateral derecho,3.210535582023023,0.920817538799544,1.542002019831612,-0.6079035409951028,0.06728004736016038,-0.9591483603431149,-0.13567016663331058,-0.33914343932459207,
Tino Livramento,Lateral derecho,-2.2863071578923404,-0.7567365272648322,-1.4339762973884669,-0.7733516740892276,-0.5880223190774203,0.13363928344130024,0.8301553427269909,0.8099649703964106,
Reece James,Lateral derecho,3.2830129392253875,0.6947663968755897,0.09849355581498141,-1.3824839570384542,0.8095976486052714,0.05354922641786064,-0.230645237373341,-0.5468733253392825,
Séamus Coleman,Lateral derecho,-3.5818889935896037,-1.5626455021802623,-0.9959489251536406,-0.13906297351228863,-0.4992251426622129,1.5173498730506227,-0.1969177468741023,2.0033943010244872,
Jake O'Brien,Lateral derecho,0.6142300671549811,-1.0660069454762355,-1.0695353499045497,2.21338671047418,-0.502226664414126,-0.5167248110121099,0.2267382752802701,0.014004001387122083,
Kyle Walker,Lateral derecho,-2.512037454873088,0.27356785210235063,0.29588816031557724,-0.838509428619712,-1.1627890133251044,-1.704375627092887,0.3878164879154282,0.12015183377040362,
Nordi Mukiele,Lateral derecho,2.736180943777435,-0.11324454970631051,1.6984372996749908,-0.755109051120189,-1.4258055481586251,2.0590536931113053,2.029765230544831,-1.1674825296186746,
Matheus Nunes,Lateral derecho,1.728840246659846,-0.8616427132932523,-0.14928374371189704,-0.9205599921880085,-1.2295383367867465,-0.9109723909194453,0.6959600113643298,-0.28358900660461817,
Emil Krafth,Lateral derecho,-3.7970157601266625,-1.3703025522426664,-0.8651081347592736,0.10056317491472443,-1.0658371581007924,0.8541907989157822,-1.756668188204904,-0.21117160258848744,
Trai Hume,Lateral derecho,1.410471716672466,-0.16082227753714673,1.6672217938002243,0.24363582017049187,-0.37046413187200994,2.626762020527098,2.2915354282630815,-0.12141535742630737,
Jayden Bogle,Lateral derecho,0.963574328631037,0.27727106180645716,0.6076777940575829,-0.5032538352474395,0.42253079811848193,-0.1513394164645257,-0.09449329506437185,-0.46918909341932274,
Pedro Porro,Lateral derecho,1.0822260492987101,0.7262289526004223,0.15295845837372649,-0.5495008233177467,1.211912082449689,0.7408363304164568,-0.35522088762661763,-0.5151492972005333,
Andrés García,Lateral derecho,-3.651520271277562,-0.7748034849032766,-0.8124629199777302,0.12580998843076832,-0.36334506221859364,1.3414883523214294,-0.7150330574874413,-2.255645086476959,
Matty Cash,Lateral derecho,2.8263651730347017,-0.20669161333889652,-0.3739788076206044,-0.6974679502645713,0.6180558057549347,0.7702097114815295,-0.8119977178551724,0.39273663491257793,
Michael Kayode,Lateral derecho,0.4469530159232345,-0.7434856642684252,2.553505389627564,0.5205160939139459,-1.7906321618752843,1.3167610163353858,2.573777087754272,-0.07405578875116847,
Nathan Patterson,Lateral derecho,-1.316638117763658,-0.9475169195441444,-0.35320958977428296,1.338200433476832,2.6866880392893333,-0.05960373388046669,1.1950669957291338,-0.8473139279354135,
Diogo Dalot,Lateral derecho,1.2629482731202124,-0.6487793620927457,-0.6489895181091354,-0.44206190089879993,0.4256492642297639,-0.6799275880165835,0.3466196741679083,-0.16865639130165525,
Oliver Sonne,Lateral derecho,3.767926659790242,-2.452622902191355,-0.28365309251719545,0.2781332414559307,-0.0016456970422845936,1.0900138816236637,-2.621707379113316,-0.3829388278688411,
Pedro Lima,Lateral derecho,-1.748479116859079,0.507606444564145,0.4603008131205031,0.5674937455198231,2.873148018831209,0.6530846105233619,-0.8363252330435338,-1.6223657982778767,
Hugo Rincón,Lateral derecho,1.3052965507882706,0.031585507044716604,1.6427299246284126,-0.13515660144723163,-0.8542913482320975,0.9333980938523377,-1.1263659815602411,0.4103870560257864,
Miguel Calatayud,Lateral derecho,-3.1282380177397457,-0.9327794232307374,-0.8394844588270728,0.24721540017386362,0.4065199630679224,1.2536371124750838,-1.8330035093385229,0.37854916527511756,
Jesús Areso,Lateral derecho,-2.360482725625463,0.5062285304540047,-0.9446401322637286,-1.443931331104012,-0.3950459853045441,-0.09671350498730898,-0.2842252071026257,-0.8577202269355763,
Adrià Altimira,Lateral derecho,-3.8154358831031963,-1.7271034643375707,-0.08830706082175276,1.0057714477067996,-0.9890430151633601,-0.5543224901781463,0.5170985900461688,-1.7043039222755314,
Álvaro Núñez,Lateral derecho,-1.789082679002761,-0.12544396909635616,-1.5890656380953114,-1.5549776356546663,-0.6845899438613186,-0.3399553182189741,0.8016049796183443,0.5921698902884346,
Nahuel Molina,Lateral derecho,3.992717377625985,-0.18003402146672592,-0.3952341991916578,-0.9510070852918083,0.3814678904065258,-0.1486500957324364,-0.0672030708728981,-1.6177320046996089,
Javi Rueda,Lateral derecho,4.131510889030445,0.518096341578261,0.7870502297673583,-1.72484897308655,-0.895132602436965,-1.0432747533812594,-0.5320939872724046,1.0040186278096168,
Andoni Gorosabel,Lateral derecho,-1.8303802135145841,0.7603689696652897,-0.18857863750844378,-0.8512645239344057,0.12237962123739485,-0.19978948557520515,0.35092939299586856,-0.7644385710205897,
Thierry Correia,Lateral derecho,-0.5772298159019281,2.4535859056345717,0.14017264372627744,-1.8560955718313907,0.3172098403887157,-0.28783048648603077,0.4192495721294919,0.25139087217564343,
Dimitri Foulquier,Lateral derecho,-3.0288353684192373,-1.1077742688694823,0.14714843411541254,0.6978303080636169,-0.07735717346082216,-0.24058376884349508,-0.6465875908441007,0.5383900608298537,
Iván Balliu,Lateral derecho,-3.0150618556982005,1.1824732969548424,1.7784444557409436,-0.18043207016282747,-0.03898678199301048,-0.8084697553167934,-0.5948398619646692,-0.37322153526347945,
Xavi Espart,Lateral derecho,-3.307184769859372,-0.9883597494111046,1.2317635073697109,0.2771681442495653,0.021701751735834843,-1.522568929640225,0.7876551922836539,1.8640780536255295,
Buba Sangaré,Lateral derecho,-3.031835144802039,2.203487352203988,2.2799094453183844,-0.588682343568038,-0.20341606144252014,-0.10974933271702661,-1.0436100171784923,-0.6289286108104806,
Allan Nyom,Lateral derecho,0.2990265476301624,2.765005593383727,-1.4996826728667236,0.5050665671966142,-0.335685485022136,-0.1700477402397203,0.3034227666444981,1.6030732690042933,
Iñigo Arguibide,Lateral derecho,-3.4355034685636703,0.47648810016317905,-1.309893045314279,1.8770747447416598,-1.0403452763395789,0.7353811686020104,-1.1068681107426084,-1.6902286747529827,
Ángel Ortíz,Lateral derecho,-3.3196850598312655,0.7302580023625532,0.768079806000736,-0.17739695422993573,-0.29125290099077056,1.528891174987442,-0.9214588992409384,-0.25822169030362135,
Nacho Pérez,Lateral derecho,-3.4614342695132883,-0.28079637052190676,1.0767396827719249,0.02780060571862691,-1.3690529366782274,-1.9072981852294795,0.14683504453302962,0.5043571011791284,
Iñigo Lekue,Lateral derecho,-2.0361303401064097,1.644860379347545,-0.8954728417998273,2.1753206535346052,0.3484156909087119,0.8393760139011254,-1.109925362778194,-1.4718250133817983,
Renzo Saravia,Lateral derecho,-3.127403475087944,1.2373336840005358,2.5962747733499905,-0.18693458559370815,-0.6213226698053953,-1.4707374151331982,0.13535762071372062,1.0486334412721812,
Alex Freeman,Lateral derecho,-3.507568408814314,-0.6285810167672162,1.37029946632216,0.554868966225172,-0.23405433914710674,-1.5507887456107818,0.815719442332161,-1.0126762347073313,
Javier Boñar,Lateral derecho,3.27280546515155,-3.7295498769197146,0.1359510910631481,1.197879759724733,-0.986847251331059,-0.16386301247671523,-0.8364009040511649,0.32395174527972936,
Héctor Fort,Lateral derecho,4.820549996661383,-2.1471418170505916,-1.2599970666918514,-0.3780488827775135,0.5691300679531546,-1.1825946297629626,0.34306250045378806,-0.06394985192566967,
Álvaro Odriozola,Lateral derecho,3.575818201382411,-3.622592084839696,0.46169929751934613,1.0072922219217761,-0.9464518725486905,-0.2526615198247657,-0.6406115315311369,1.4592048999077138,
Trent Alexander-Arnold,Lateral derecho,0.05473860883494701,0.75942077183556,-2.550989151313607,-2.20215424227346,-0.17433358978406427,-0.28572053100047007,0.48215753945765494,0.2959296794614662,
Ismael Bekhoucha,Lateral derecho,-0.09574755527230148,3.821292731927261,0.44865311025700727,-3.175096624653615,-0.7275623436415893,-0.3526609548486966,-0.01778227036131868,0.37841216123165566,
Mateu Morey,Lateral derecho,2.8489838794623363,-0.8041259112346684,1.7001650148697667,0.44296138421570763,0.05122812300950287,0.3685701181670424,-1.5652336773563973,0.4366519611293587,
David Jiménez,Lateral derecho,-1.4620425253611018,-1.9759585962299437,-1.687333209733152,1.6947906129186698,2.8196255161239234,1.1542408131701136,0.37393421481627476,-0.5746933170214049,
Dani Carvajal,Lateral derecho,-1.9263597685983016,-1.1194426225036613,-0.7712164241403001,-0.0005105485865147309,-0.3935676575798947,-0.7644871093471416,0.8377662742455033,0.6804248044595872,
João Cancelo,Lateral derecho,4.589635549315551,-0.1346450745045374,0.1309949588600748,-0.9358784054036511,1.0156485467940515,0.06501413846136282,0.31120402992499346,-0.37123663928330736,
Lucas Ahijado,Lateral derecho,-0.8905198398598531,1.2660382125117648,0.2984194967321445,-0.41617109656488976,1.3161404261752276,-1.5434211901562884,0.9762069552140559,-1.643942711362241,
Víctor García,Lateral derecho,3.902643718842674,-0.7223876200824575,-0.7546152463437222,-0.40713065136064497,1.6761508670472633,1.0882338355113135,-0.29283531976680205,-0.05090475800211795,
Rubén,Lateral derecho,-0.5494282631081137,1.6353608834946685,-0.7186205658801857,-1.624338861674467,1.2308449069295988,0.11851706587391535,0.5553716661528688,0.7232217461669446,
Nahuel Tenaglia,Lateral derecho,0.9553217671638703,-1.2675896870981112,1.813496637504898,1.003507611158174,0.9529276082329566,-1.2549979732640697,0.2569696942916458,0.15025658758680605,
Santiago Mouriño,Lateral derecho,1.5578506351784942,3.637633606951585,0.874395423375415,3.061900623937094,-2.208474914031586,-0.979950426308299,-0.9393376858464043,0.004858054962739311,
Jeremy Toljan,Lateral derecho,1.0813152732230848,-0.6932426798483969,0.9587861599074439,-0.7820387252396586,-2.8822611603837944,1.6307855924308399,2.103516179714256,-1.009933442331992,
Iglesias,Lateral derecho,0.49829431187448425,0.7509494453364713,2.139506305458425,-0.21256389375458473,-0.5061115727259542,3.34360678698375,1.608978287016464,-0.2787829759193334,
Óscar Mingueza,Lateral derecho,2.1562726776645174,-0.8634752705760986,-1.1411370453963212,-0.8126359805453129,-0.20937429734374666,0.3666307203867533,0.2334974337540349,1.23615397136641,
Jon Aramburu,Lateral derecho,0.3465589975866523,1.4310512908139164,2.9261165365148196,0.11133669052671384,0.9196650200762707,-0.38995574155907686,-0.7875326244122846,-0.40845235381629785,
Omar El Hilali,Lateral derecho,-2.1930332443064353,1.6849831708595613,0.7691931647093541,-1.1871375004064388,-0.5137035170045475,-0.847610033910917,0.052547578266305794,-1.091131932243987,
Andrei Ratiu,Lateral derecho,0.23292128817481958,1.2491107438133606,-1.0128560997715004,-1.0061147121294935,1.923565229840052,-0.7313132560924059,1.4324643479907813,-0.41291181236197255,
Marcos Llorente,Lateral derecho,0.8255595723930608,3.6342946524400013,-2.8829479638905005,2.8079957915705314,-0.3988336041356313,-0.623291099292789,0.7149060092141853,-0.4415196888874521,
Nacho Vidal,Lateral derecho,-2.3548338102898976,0.03048317016496011,0.9773860673517561,0.5005673354381844,1.04011495275316,-0.6064404024607521,0.3061935344023622,0.3906570324174673,
Kiko Femenía,Lateral derecho,1.3185958219785512,-0.5733757931137191,0.8689529855998053,-0.11694778746499561,-0.004027888701394949,-1.362427594725308,0.024968920938357266,-0.9938536778062601,
Juanlu Sánchez,Lateral derecho,-0.08179893440881249,4.287110397771929,-2.1162498055737156,2.201085722221709,-1.202333907236207,-0.0353387655363538,0.7466061733028424,0.8272427968084561,
Jonny Castro,Lateral derecho,-2.4023117690292257,0.08563161854980114,1.3567792263454836,0.6674958068203706,0.5202176261339079,-1.1627186588884424,0.2517681452424561,0.03736385667672315,
Jules Koundé,Lateral derecho,1.5370717395105464,-0.24720648516870453,0.4695471991043164,-0.724188349622966,-0.43834717711857946,-1.264998259051249,0.23151375574202668,0.4975857807927752,
Valentin Rosier,Lateral derecho,1.0225730752178999,2.198162698815931,-0.20959502191785725,3.1777956100365565,-1.4590235601382773,-1.3374053445510705,-0.6031895816121501,-0.24637173696429526,
Arnau Martinez,Lateral derecho,2.1181456847883826,-0.3247812786683936,0.9520445682402224,-0.6489075676176713,-0.456112885708666,-1.153633110726957,0.2785085404795065,-0.1587109047689207,
Carmona,Lateral derecho,1.4779193179368504,1.6597276705598483,1.8045700110293912,-1.3456344211032418,-0.3187538163392296,-0.8535895336453146,-0.3749049010454358,0.2720539603869264,
Pablo Maffeo,Lateral derecho,0.7345755858506868,-0.34416190398440194,1.8228616055611484,-0.6180932186455785,-2.9050419066325364,2.0078867028241447,1.7218148755204847,-0.869632658314198,
Sergio Carreira,Lateral derecho,1.4733853927921112,-2.1862364301493993,0.6491274936247721,0.7474952588737366,0.00728573151484721,-0.9085288403246542,0.15217305594643135,1.176153572961435,
Héctor Bellerín,Lateral derecho,3.1975166560379447,-2.4921596822255294,-0.8456285393906038,-0.002713041375696897,-0.9577921531562125,-1.055345603127416,0.046528393158706355,-0.4507997793431147,
Zachary Athekame,Lateral derecho,4.736648900481401,0.2573889937375441,-0.5873711941952939,-1.4610423849390985,0.34981147091509307,1.3232629094683919,-1.1677013060706665,1.120030494915484,
Enrico Delprato,Lateral derecho,1.0919186539456323,-2.6243390175847483,0.16055480562682364,1.4330357565480916,0.5350876883168809,-1.080141218986691,0.20409316964675742,-0.1216066977501982,
Giovanni Di Lorenzo,Lateral derecho,1.8301986728551711,-1.5084668852783822,0.22043306549489827,0.6721440412669829,0.6727493337959614,0.4812267762881381,-0.8056266174248953,0.781138048052015,
João Mário Lopes,Lateral derecho,2.2116641254606217,-2.267299695513875,1.6967600188845504,0.7875210271776539,-0.32033582631712276,-0.5720527189845938,-0.5824477931351753,1.5838648287095414,
Tariq Lamptey,Lateral derecho,-3.697042756727292,-1.3763354638267735,-0.9985096343678486,0.3813620207652617,-0.4575299984625815,0.8078238137903498,0.0701244832541784,-2.1206352201356666,
Danilo Veiga,Lateral derecho,-1.7397141182068798,1.3175329211031637,0.7378984122313229,-0.46620274811719337,0.40206934141604456,0.22736968773705554,-0.10084868236896405,0.017485982276995726,
Ali Dembélé,Lateral derecho,-3.255568857896076,-2.4443292276273754,-1.0047614706058514,1.035633074025025,0.05493915516032734,-0.39947900589603813,0.1262439556823882,0.8590812510810636,
Marcus Pedersen,Lateral derecho,1.1401807743306998,-1.1043568425252774,-1.4599782823329948,-0.8207468832871335,-0.24586636742376347,1.0141009867258088,-1.2119820159868133,-0.4324632972687038,
Elseid Hysaj,Lateral derecho,-3.792435983470443,-2.0894906838478096,-0.13854206342595987,0.47859425627307783,-1.0205453460713885,-1.3642529264875407,0.329136403570134,0.3928450612959778,
Stefano Sabelli,Lateral derecho,-2.9610188707287604,-0.6600474349584534,1.1771702330569047,0.6236663803197101,-0.6316416842476615,3.444523714936671,2.933373214123309,0.6716601880170108,
Manuel Lazzari,Lateral derecho,-2.1035598720730624,-0.5862810619000751,0.7298799326693997,1.0537290865109195,0.8214202094386803,0.06961653378309339,0.04720158717947723,1.839114547577129,
Ignace Van Der Brempt,Lateral derecho,-1.7871238890709458,1.441341768070503,0.5189795939579713,-1.2872384819877147,-0.8280174408434857,-0.5042370261420719,0.04965742670772605,0.639057685695749,
Brooke Norton-Cuffy,Lateral derecho,2.285301460408176,1.1353565254092834,-1.5860858961257682,3.868268576525006,-1.662147301693669,0.5332363110260305,-1.2041251827091144,-0.1307000665322203,
Álex Jiménez,Lateral derecho,-3.3940056758104777,-0.5195811941333891,0.1831568591641158,-0.06902276264984411,-1.3806702114447256,0.26134249174045127,-0.03865360758389452,2.4632451839393705,
Wesley,Lateral derecho,4.1095248028825,2.315083816398162,0.006072424601134798,3.980720301649132,-0.28457736363772096,0.8274335641575353,-1.4206166927316937,0.585829598706012,
Zeki Çelik,Lateral derecho,0.7572604621872434,0.30593268998792955,-0.9888735787359916,1.0604169038400941,-0.09676440173408352,0.1856976060755409,-0.31439868846449126,-0.7150924652096162,
Lorenzo De Silvestri,Lateral derecho,-3.4373513096072443,0.4032723506967112,1.1387375030300706,-0.3620506189968527,-1.168432995939782,-1.0488626696036587,-1.1187680112745504,0.2166265769038613,
Pasquale Mazzocchi,Lateral derecho,1.082157413571852,0.26242492292539904,-4.435357710247257,0.4622265386755504,1.0074425180753772,-1.20911237535259,1.9541964651260582,-0.3433668148925013,
Adam Marušić,Lateral derecho,0.8309509588195917,-1.1394958530868298,-0.9212522890517109,1.9632023351230719,-0.27541608777593224,-1.3532836450358583,0.38097819752606543,0.4492820524106742,
Fallou Cham,Lateral derecho,-0.5726427725303223,1.5931028564925072,1.2429862638865083,0.511743248589607,4.5516381582885925,0.8368346139956632,0.26955465559113256,-0.2940089211392754,
Emil Holm,Lateral derecho,4.250250983011691,3.9600430511578444,-0.6702200247118699,1.9581224918030113,-2.755171041414501,0.24394520120546195,-1.3853278786047478,0.6425752191323464,
Christ-Owen Kouassi,Lateral derecho,-3.6526277210855533,-1.0243530475302753,0.7883169422837824,0.7382213879446388,-0.7176120917990624,-0.2707283621006307,0.6088233643949703,-0.18259935703459623,
Sebastian Walukiewicz,Lateral derecho,-2.7462143582928094,-0.08019922871975196,-0.22694585781720564,-0.4900532631463144,-1.0624673765008485,-0.6850874538693664,-0.13343305489545287,-0.310175753777123,
Alessandro Di Pardo,Lateral derecho,-3.01552279466425,-0.9401104039000631,0.75982447604627,1.0175291692492838,0.5738217468731728,0.11548827840018043,0.7741309435376589,1.2935966204820684,
Daniel Oyegoke,Lateral derecho,-1.7115427447548075,1.365562090263014,0.40103131902178524,-0.13575253432720708,1.7759318114033749,0.8023998354285915,-0.6583420913776048,-0.8717189001084008,
Matteo Darmian,Lateral derecho,-3.113007562434443,-0.575167204460773,-0.2791170882297765,0.038234353695907435,0.0016277168398428914,0.4169144691710362,-0.39823846448284805,-0.277133710000898,
Alessandro Zanoli,Lateral derecho,2.23027038529803,-1.5638352209011446,-0.7454142498102756,-0.7442445249354817,-1.5454101666096836,0.28400560320858664,-0.8042227236270161,-1.3909305562738354,
Devyne Rensch,Lateral derecho,3.274527503512324,-1.0623308555409245,0.006998777272643069,-1.0203532091386693,-0.7389699540641792,-1.578201449926226,1.171460534676319,0.3627005916124903,
Marco Palestra,Lateral derecho,1.5122873928559855,0.023277579768362287,-0.5307403739906023,-0.90620856578398,0.8885714673757866,0.7687177185731123,0.11832888853560374,1.518607671016984,
Romano Floriani,Lateral derecho,-1.5037632569238764,0.2853248431004793,-1.20584605691343,-0.7304040637086011,0.19293823699702478,0.24886015038264062,-0.23137098744462217,-0.49613081271158055,
Dodô,Lateral derecho,0.37920649722213956,-0.6142728337884089,-0.20284641919376353,-0.7257104860095487,0.012624745100604755,0.41145592342939546,-0.14567281380765978,1.479954082116613,
Nadir Zortea,Lateral derecho,-1.504722012591452,0.5279917909752343,-1.0244834400291312,-1.3718382689238433,0.12901910252525836,0.19818732657562196,-0.2390798108720787,0.4604524838389425,
Kingsley Ehizibue,Lateral derecho,1.7464429216946278,-0.48119589433683513,2.1985929608504686,0.23045705446258483,-0.8767760172958312,0.4188473527749023,-1.576465554017975,-0.4319735130617682,
Gabriele Zappa,Lateral derecho,-1.0433932824703045,-0.314302898753624,-1.7133523388974858,-1.140006893224629,-0.3847624248659604,-1.0557884029817162,0.7333771113885243,-0.18630140172852022,
Mërgim Vojvoda,Lateral derecho,3.443834962707635,-1.4560782961030447,-1.3340329545890546,-0.5233661672687652,1.0089835752890908,0.19223835451886048,-0.0321030127654644,0.4741462467956125,
Rafik Belghali,Lateral derecho,1.9394304262051079,-1.2649520020869331,0.05848509548013182,0.37829701312604846,1.0209413810019503,0.23428642911506983,-0.7580429487762486,-0.00533181545269606,
Othniel Raterink,Lateral derecho,-3.9347575398450094,-2.7883735085655412,-0.9777333254585394,0.8511577424873703,-1.4467782688681543,-0.7381120811321782,0.06955952718507218,0.23696455631802885,
Denzel Dumfries,Lateral derecho,3.687628182870241,-1.2481697452196012,-0.266858588704903,-0.4665335238362743,0.17766679941024816,0.6893276481981238,-1.2257070887742645,0.8931876015173081,
Ivan Smolčić,Lateral derecho,-1.171250826830851,1.3981662864466957,1.056124820540667,-0.1508254787156599,0.9134728208661012,-0.7383754363721982,-0.08272695722655744,0.31340159109271243,
Woyo Coulibaly,Lateral derecho,-2.786720339949321,0.06290013870046643,1.2316271308159732,0.5336028401484064,0.2007662634008881,-0.33322958882346343,-0.39045332044036485,0.5330601850421336,
Tommaso Barbieri,Lateral derecho,-1.3647046157907723,2.160353316060885,0.2470399236582841,-1.0919016784850222,1.0280434479914502,1.23986826726096,-0.7255981480463425,0.5571685059827596,
Sascha Britschgi,Lateral derecho,-0.8976821847744221,2.332554699278135,-2.57488155494223,3.245829215376359,-1.797756342645074,-0.2770975716060304,0.052955684867986075,1.8029885315658085,
Christopher Trimmel,Lateral derecho,-1.155105472546361,1.1253315685773642,-1.7767662609494583,-1.84792414524937,-0.8936282727884248,0.7523820908743296,-0.5396528378567064,-0.49918555527140407,
Anthony Caci,Lateral derecho,-2.270261356397893,1.7280124236993297,-0.049050203210139524,-0.6340011820794428,1.2689538311809399,1.526349549112677,-0.8620090460850695,-1.108974787692033,
Cenny Neumann,Lateral derecho,-3.724711150569081,-0.8034800342400561,0.831615100593025,0.3530652746739103,-0.7716154432048129,-1.3842412622026785,-0.4110862507380383,-1.4342770726636374,
Lucas Vázquez,Lateral derecho,4.391140413356555,-0.24326509974514132,-0.6162712635092858,-1.7262415543165612,-1.0065987016893365,0.7861223464195317,-0.7306215546608755,1.4051399525020412,
Elias Baum,Lateral derecho,-3.615263603462757,-0.4422318041529453,-0.4852123659281855,-0.6461125226827119,-0.33545645911542765,0.5032130588919247,-1.8255440778997598,-1.004408965559195,
Aurélio Buta,Lateral derecho,-2.9690661622208716,1.532451963007892,1.6427448544370697,0.04457197798811912,-0.344130034667096,0.8437418384417762,-1.0322359505799645,0.22989129898505603,
Sacha Boey,Lateral derecho,-2.795311709953587,0.9888742715123279,1.8790479665308486,-0.17787823253936,0.508385414883965,-0.4538375266983021,-0.8901044725115774,1.7245111913586493,
Marnon Busch,Lateral derecho,2.1792823531307928,-0.28949529633436744,-0.6183713698368275,-1.5161616811838083,-0.741075778528856,-1.179758740976776,0.16539231200618512,-1.0357609008913706,
Josha Vagnoman,Lateral derecho,2.6693685989148372,-0.775546921715723,-0.9475268943894117,-0.15318351408351522,0.8055950612609069,0.17656858206596773,0.24804767184047002,0.9644873788603715,
Benjamin Henrichs,Lateral derecho,3.621091462849117,-2.2968751050789633,1.3361875201395927,1.1837353264390367,0.4224072583544764,-1.1587883256971974,-0.5247115634720891,-1.4871860012260512,
Lukas Kübler,Lateral derecho,3.48422157661729,-0.06541942487786839,0.7627195739500414,-0.6278707514545717,0.7978152786918342,-1.2931949121451871,0.22620931054638424,-1.011987486958972,
Jan Bürger,Lateral derecho,-1.684997724349712,-0.5809149758617653,0.22377473247566404,1.2549924847938596,2.1391277514903613,1.557324719243362,-0.6005577423377247,1.55104622882318,
Sael Kumbedi,Lateral derecho,-0.8483648644939235,0.9566464800792024,-1.3446142155028544,-2.013810289451804,-0.8385863279928845,-0.6357420587230905,1.1360056539471564,-0.46337768143124763,
Pascal Stenzel,Lateral derecho,-1.0840690975464027,1.4554600966129791,1.0576048669507991,0.06402785215814759,2.7352177784074283,0.5856184670641834,-0.8905543304480718,1.996217648590777,
Joe Scally,Lateral derecho,2.759563375215203,-0.41151978663410843,1.5063609395502893,0.15279737065373683,-0.9983955404145936,2.081335696781285,2.5562422378209733,1.120563891218457,
Arkadiusz Pyrka,Lateral derecho,-2.1789946252186554,-0.7773867288676181,-0.23372797146749089,0.06876084473327092,0.17384149075352973,-0.5339252632656017,0.5646810212296572,1.3862177340125357,
Silvan Widmer,Lateral derecho,2.502027181958611,-0.8389920580776489,0.44554538928467624,-0.14494380538858517,0.15706716750893143,-0.5364430692781972,-0.04217156549818088,-0.6744483425220081,
Josip Juranović,Lateral derecho,4.175955504672607,-1.3656880970510854,-1.3262810381635255,-1.1190769240165002,-0.9522456435695633,1.0794762414156485,-0.5562457327813144,0.4837878983638418,
Josip Stanišić,Lateral derecho,3.2556576709145104,-2.3239091437754076,-0.6309336652690588,-0.1723169177892604,-0.715377602886675,-1.1635766235820635,0.5972549921732468,-0.5546044979730296,
Ridle Baku,Lateral derecho,2.2866960402301775,-0.2827236049569803,0.1251068224996091,-0.631125749638926,0.5639759687511949,-0.6315332682247127,0.43048315329135356,-0.49574572540137574,
Sebastian Sebulonsen,Lateral derecho,-1.9443625156398499,-0.8585293206583982,-0.9908308527519911,0.6097950409850987,1.793675664099854,0.08033833704918923,0.5586592103992276,-0.04429517891507721,
Omar Traoré,Lateral derecho,-0.8043434062746082,0.584015631089395,-0.8616277916938789,-1.2146120661901048,0.5051723475183053,-0.4167437845469996,0.37633899093476386,1.171353151476952,
Kosta Nedeljković,Lateral derecho,-3.810053940972131,-2.256409919088133,-1.1874465458326262,0.3807765888152814,-0.9979123317763591,0.06780309740050013,-0.18714370719765547,0.09015915561576647,
Leonidas Stergiou,Lateral derecho,-3.560072145036363,-0.9049853662372105,0.34592414961727547,0.5791170345622271,-0.5493590821498713,-0.030373045701895175,-0.6801445339155809,-0.5569855252728387,
Rasmus Kristensen,Lateral derecho,3.3262115131082703,2.594392527922775,0.08940823627670301,4.323379026179871,-0.3940502094262252,-0.42116824790172397,-1.15014568439262,-1.1964620240872708,
Timothy Chandler,Lateral derecho,-3.7779754190040182,-2.319509820718287,-2.171941240065874,0.029111662611177754,-0.7434021295568515,1.0583870402192672,-0.516815053822663,-0.3237343439235558,
Kilian Fischer,Lateral derecho,-3.359139258908456,-0.3059883373489875,1.8852100115505537,0.38371148343018013,-1.3452165203151996,1.6331545021340643,2.5220991488426474,-1.8650021734396836,
Julian Ryerson,Lateral derecho,0.10117796613674017,1.2693807112266215,-2.7367921497859156,-2.7935840438545654,-0.6872608241169297,0.2898783605701184,0.566607292181145,0.7663484635576764,
Konrad Laimer,Lateral derecho,4.456303877597707,-0.1902852138938882,-0.38621681157926097,-0.9687893836526316,-0.3514621999918903,-0.6286154348090653,-0.3618144404921744,-0.46960744345459743,
Jusuf Gazibegović,Lateral derecho,-3.8158068356338632,-2.4326463022405944,-1.883779701506332,0.2274708094954561,-0.9131263023837086,0.624893052700589,-0.3753232755748569,-0.1884380895729183,
Marius Wolf,Lateral derecho,3.0861257110116838,-0.32117403893288177,-0.9394329716942031,-0.6483446920626998,1.4162680378234203,-0.3221351888653906,0.03154043778974025,-0.612071660056287,
Manolis Saliakas,Lateral derecho,3.2073230292864774,0.12833292084633754,-1.026611698865298,-1.4326805418937452,0.6215420476070921,-0.5041486209838737,1.0052177107002527,-0.9750523915084544,
Finley Stevens,Lateral derecho,-3.8158068356338632,-2.4326463022405944,-1.883779701506332,0.2274708094954561,-0.9131263023837086,0.624893052700589,-0.3753232755748569,-0.1884380895729183,
Lorenz Assignon,Lateral derecho,-1.0585251308575532,1.9198581126589882,-0.5424043595447382,2.062495497532761,2.2813842424415745,0.2983815877856802,-0.34541230696391445,-0.4678187916377884,
Philipp Treu,Lateral derecho,1.165490428806808,-1.2756943489618098,0.10766839740699495,0.2700819253701449,0.12956137838918352,-0.020366627612598658,0.31128498102283514,1.3211224969319542,
Vladimír Coufal,Lateral derecho,1.7577944926618119,0.18003139337642238,-0.946746422974946,-1.6915749670651181,0.14886749228518223,0.09566036489169745,0.1475733097218956,0.6181626682643708,
Giorgi Gocholeishvili,Lateral derecho,0.932794452385698,4.541664887256097,-2.320517460338924,2.385525012228072,-0.4555039579580376,-0.5109068451116922,0.8439960628121391,1.6373612559737785,
William Mikelbrencis,Lateral derecho,1.1623413147329265,0.9463183994147725,-2.572748782611968,-1.1752098333543006,1.7880557541421243,0.307065266648344,1.0312819763866,-0.8417021856647166,
Yukinari Sugawara,Lateral derecho,0.725578995927232,0.4155036139211163,-3.577159796413369,0.7401786531664265,1.1036541134158302,-0.23547127377892563,1.122555880293906,0.5647063960667768,
Valentin Gendrey,Lateral derecho,5.031283917690877,-0.8256957204776292,0.32361682662887037,-1.0608471179181878,0.3202956303196757,0.11651150442416407,-1.4322896541422647,1.3820473323683644,
Steeve Kango,Lateral derecho,-3.569550183850911,-0.7424078246180956,-0.6622462244764528,-0.19670999573703038,-0.37365375506293746,1.8084098116446186,-0.9492514920015999,0.22960132566988908,
Kenny Lala,Lateral derecho,-1.925683753880472,-0.5020547283076602,-1.539381742176368,-1.0938097680859882,-0.684912384788758,-0.21454519220437906,0.4569946446074695,0.4159956294221271,
Cléo Melieres,Lateral derecho,-3.4103965918704926,0.347616387602538,-0.9612513121680806,-0.8210181048841205,-1.1153507362546233,1.7614006469519636,-2.3693858294400885,-0.28779027036817034,
Souleymane Touré,Lateral derecho,-3.9347575398450094,-2.7883735085655412,-0.9777333254585394,0.8511577424873703,-1.4467782688681543,-0.7381120811321782,0.06955952718507218,0.23696455631802885,
Ilane Touré,Lateral derecho,-3.7035808659663134,-1.039937261179536,-1.5179753609279245,-0.39077531597577175,-0.6586582029828373,1.925528992895599,-2.172503369529306,-0.5430706301015147,
Frederic Guilbert,Lateral derecho,-1.5673193567558548,0.9962402416104076,1.7176997676052412,0.6030118469310234,2.659072917002889,-0.09352710625083584,0.35736545519471286,0.37232334182767124,
Guéla Doué,Lateral derecho,3.218944521859991,0.2240875665076859,0.7721397401245972,-1.1248188073349947,-0.7346189751677815,-0.19107775832756482,-0.8491583475652847,-0.624861402960804,
Igor Carioca,Lateral derecho,0.7199831499136086,-1.5477583465940505,1.79067172141244,0.5413454033880493,-0.49898539012138005,-0.37695125603832363,-0.27420395982876195,-0.06610967983109554,
Przemysław Frankowski,Lateral derecho,2.71427349208436,0.4375965641482164,-0.4373697258287317,-1.1050863140730212,0.0300196559954614,0.6961728007510187,-0.2549562414676341,-0.9802151476045029,
Carlens Arcus,Lateral derecho,-1.3763700913825938,1.5884614009981246,0.20967383965151526,-1.548123962396209,-0.8295550923112887,-1.1533159630856638,-0.0664907383779876,-0.21147764055069118,
Hamari Traoré,Lateral derecho,-1.9699652526563547,1.9249196410667235,0.49516477031003114,-1.4717515392734242,-0.4422872134585126,-0.9057179623908467,-0.12381745002954105,-1.538826969059061,
Bouna Sarr,Lateral derecho,-1.2467635547909708,0.7058391880268999,0.6377861518847262,0.400203937737888,3.223037924183719,0.5931994640485214,0.5355552892321827,0.9162007691308602,
Djibril Sidibé,Lateral derecho,3.3140326632111936,-1.2468262077104424,-0.5430834327130466,-0.5662747161973828,-0.41212325077997164,-0.1407006406854946,-0.24613365199088075,-1.0819806539783998,
Warren Kamanzi,Lateral derecho,2.6097847009840653,-1.314790130066772,0.15190039348751597,-0.23995424728281178,-0.21017429955206998,-0.5942534400481814,0.03046834459424972,0.377144759813943,
Michael Amir Murillo,Lateral derecho,3.804979858279321,0.33913423182700464,0.8380274815753296,-1.1200876019405563,-0.5672198195704747,0.8524088678749495,-1.4309873410907001,0.6035516002421903,
Fodé Doucouré,Lateral derecho,4.181132644322623,-0.8717048026349431,-0.7068672284386307,-0.28604204154002694,1.2011089173986582,0.8730123369619888,-0.5568041576730137,-1.803980360142403,
Lamine Sy,Lateral derecho,-2.0364131814404804,0.9139024969758047,0.8619627569821544,0.021449221700342132,2.175846032970712,-0.035728982143997515,0.03170675239483392,-1.1067675600981612,
Ruben Aguilar,Lateral derecho,3.75018422775077,2.937851783746963,-1.247045281120893,2.4020784512320765,-1.6002815725591273,-0.34767183136381186,-1.0967156206218818,-0.8792050490459413,
Abdoul Ouattara,Lateral derecho,1.8066864855093137,-2.3733897201379337,0.5327993865299688,1.3287382835123764,1.1919830455481515,-0.9553595818216026,-0.054952108945602554,0.5495823657015116,
Maxime Colin,Lateral derecho,-2.7342919626638973,-0.99409268159034,0.821348175523342,1.0979518345852903,0.6098360914228458,-1.6054663860350378,0.8286469597398864,-1.2894161458281261,
Marvin Senaya,Lateral derecho,0.9669285605119287,0.5451519347259554,2.4847819966316544,0.40859477100360664,1.3620681520980469,-0.21821666337684562,-0.5975886658442336,-0.004701539478834267,
Kelvin Amian,Lateral derecho,-1.9048290208481586,-0.5439553067868955,-0.6431971086733149,-0.035295956741705846,-0.00495263728717843,-0.24070801202442216,0.2517157092523918,0.9710655291761371,
Lilian Raolisoa,Lateral derecho,3.0827354819216612,-0.3242107405399376,-0.6297109006485825,-1.1024323503294722,-0.16612617474078406,0.8659692978383303,-0.7174975114629437,-0.6434873904222462,
Thomas Meunier,Lateral derecho,2.5566628262587776,-1.0895149756589844,-0.5710859785673567,-0.5232568272519588,-0.020351628259687782,0.11993870497369229,-1.1232259335559098,-0.5626430112707967,
Achraf Hakimi,Lateral derecho,3.8756871469792853,0.0632459823417032,-1.8294007396500638,1.0816752864394676,0.654707355178958,-0.13213920444342495,0.6497164170853043,1.1885337766465698,
Saud Abdulhamid,Lateral derecho,4.162054399445762,1.238603906277041,-0.8238018586507654,0.2901758099383121,-1.3864713439341843,0.6313111786708921,-1.041621827796702,-0.4936051793002266,
Timothee Pembele,Lateral derecho,-0.9207505285227728,-0.21294093085715965,0.3849256901013547,1.3364101031212248,2.7887194978508827,-0.34789113620107454,1.1779039034968493,0.9821853463242372,
Jonathan Clauss,Lateral derecho,1.8443695273652303,-0.3157327185353536,-1.015063426132849,-1.3222292035399992,0.684184322989025,-0.42249387884845346,0.45078562348509865,-1.019677059903947,
Mathieu Acapandié,Lateral derecho,-3.75549000836848,-1.7822043849396296,-1.0910216157990211,0.059358633626784105,-0.744363663202701,0.05597020092289748,-0.5471060150688434,-0.569433024150113,
Ainsley Maitland-Niles,Lateral derecho,2.3701984528258397,2.40367099608016,-1.2490183243109756,3.008307213947085,-1.5415235365175308,-1.3908659348830097,-0.40298797736978914,-0.7026603474858953,
Jordan Teze,Lateral derecho,1.3835766086087444,0.44766005678297344,0.8519020120091987,-0.3913112165750157,0.30592471861348325,-0.30615068804224654,-0.1014439788021953,-0.7364736982683685,
Pol Lirola,Lateral derecho,-3.398263087983444,0.43145303510639926,0.9222434055153151,-0.8715155127699243,-0.008855003343325755,0.5964916025477413,-1.3782670689902985,1.210505081238659,
Luck Zogbé,Lateral derecho,-2.907146536262652,0.9232713788868842,0.9933133130682442,-0.27636872928967976,1.111762844444156,1.4266856309401352,-1.128275334610842,0.21789361475689487,
Loïc Nego,Lateral derecho,-2.1495687130934824,-0.018444673571592737,0.08883595466948678,0.22288078315659246,1.7456818563862373,-0.3052364492614875,0.7222398961967318,-0.83408564383237,
Koffi Kouao,Lateral derecho,2.651573028311585,0.8151602813538725,2.488477186010869,0.23775385861007378,0.2665243944459388,2.36255342501194,2.380356299353475,-0.603017256881972,
Hans Hateboer,Lateral derecho,-2.0307814789491943,0.6208151094417785,-1.1932141976710435,2.027134674802469,1.4586275666207345,-0.27235252752171174,0.29901600639217796,-1.0059897640486306,
Fabien Centonze,Lateral derecho,4.53527847521617,0.7541890913176816,2.0749199905048203,-0.5299179715196997,0.8935246312927803,0.10756129841395091,-1.301681634679211,-1.3118984382121914,
Tiago Santos,Lateral derecho,-2.8793908461069675,0.30790945907603884,0.33733412017658493,-0.26296736461328246,1.0521806087604793,1.8444528645539922,-1.2021277245770652,1.5946817041189068,
Marius Louer,Lateral derecho,-3.403532915545662,-0.07302035827724322,1.6834539047589385,0.5992465161482887,-2.0847910660730693,2.656302513173523,2.2419172799410014,-1.684311351059183,
Rafik Messali,Lateral derecho,-3.2423773378914826,1.4820676380631392,2.2359913134760565,-0.597968133115931,-0.7065923671256474,-0.7148026240371628,-0.935649405538736,0.7208603349173457,
Vanderson,Lateral derecho,-0.7212288676507042,2.990021985330731,-0.6700071500651191,-3.1040270910257677,-1.1198822804890243,-0.5803607298381239,-0.43362474550158736,-1.9364495871659235,
Clément Michelin,Lateral derecho,1.7865181688374965,3.0947465644349736,-2.63640743629396,0.43381489814731766,2.1842749125806504,0.8759483422008215,1.2056049829020508,0.17490308474429958,
Mantilla,Lateral derecho,2.739790702210665,-0.12972331729420875,2.190750028883802,0.04698908229014658,-1.689667703860106,1.629897234119609,1.838678808639452,0.4796714653047066,
Marco Sangalli,Lateral derecho,5.249241880225822,0.8015643668588773,0.9854969371902846,1.3207755397371757,-1.310013493680239,1.383210315897856,2.895304296448622,1.2156745799586461,
Angel Gomes,Mediocentro ofensivo,-3.227731788726383,0.6297790640256382,0.2838367159706023,0.34232026697665485,0.5267559647960465,-0.34822885331442727,-0.517195379876683,0.6859814027073168,
Chris Rigg,Mediocentro ofensivo,-0.1684315470940296,-0.8773000865926092,-1.1458938896311452,0.13057977377608262,-0.600973305401261,-0.03312197154875061,0.8731745905320671,0.20678989951566665,
Justin Devenny,Mediocentro ofensivo,-2.697703789362529,-0.502650877546787,0.4440477897301421,-0.38093687328509146,-0.45206198588192037,-0.5864933633090549,-0.8188138751116564,-0.04649783011100586,
Mason Mount,Mediocentro ofensivo,0.9131540120893756,-0.37064152797327266,-2.429854833616228,1.1644204539971577,0.13883582355745663,-0.6210947336577721,-0.8278373526033368,-0.6160776065059924,
Justin Kluivert,Mediocentro ofensivo,0.2596270379744624,0.1151872308714852,-1.5977701470128485,0.19581994330095484,0.5928328386415962,-1.1514046481467841,0.014562808626150153,0.7088541217737081,
Brenden Aaronson,Mediocentro ofensivo,1.01015694523982,-0.3760571088411846,-0.14309547914935208,0.47909997054345493,-0.3121855094148792,0.34888928915189327,0.41004999490051536,0.2200547447601793,
James Mcatee,Mediocentro ofensivo,-1.6564966561231589,0.9802168607096239,0.6069297161258728,1.9421654349492488,-1.608004566977249,0.7140124459573826,2.179876440943113,0.9398241903475015,
Merlin Röhl,Mediocentro ofensivo,-0.8640873936999593,-0.7705881670072802,-2.254296398593917,0.860931731497012,-0.4560443585638162,-1.4017747538866776,-0.5845832090478323,-0.39731360013990097,
Florian Wirtz,Mediocentro ofensivo,0.9336355410729519,-1.225912447701538,-0.7583576034229063,-0.311770905158226,-0.5088103656486463,-0.0806194968109092,-0.2555240386349804,-0.3067280432992862,
Lucas Paquetá,Mediocentro ofensivo,0.9169316149449871,6.1341058452884285,-2.305117552802996,-2.7332564522596847,-1.050958507613089,0.353957842716722,-0.46707884389063814,-0.14778715071198084,
Eberechi Eze,Mediocentro ofensivo,2.7165402043464146,-1.3297197253537871,-0.7290795204869445,-0.43608417211123957,1.1524148031186827,0.36799701148459196,-0.06920676671685597,-0.9293698488620507,
Omari Hutchinson,Mediocentro ofensivo,0.25205233343257294,0.1251874920303978,1.598053469713532,-0.19675979143794523,-1.1032510014905654,0.19548737123063775,1.1342416310271566,1.3990642317920712,
Rayan Cherki,Mediocentro ofensivo,2.2770761301008355,-0.572631688909532,1.337009696183509,0.36085076410352124,0.49467850584327344,1.1102317520807938,1.013303092500539,-1.5341133100729425,
Mateus Mane,Mediocentro ofensivo,0.26965445975493657,-0.21499430737781738,1.3617389900681935,-0.8643425839795574,0.8447252035613936,-0.42489757308787796,-0.9765668103027426,0.15616013208422097,
Fer López,Mediocentro ofensivo,-1.4531556430614208,0.8364456535103925,1.2038932536488103,0.6445845387270885,2.0320709258448413,0.6100774630235237,2.3116087143862423,0.28044498217553177,
Hannibal Mejbri,Mediocentro ofensivo,0.08186945099050535,1.4306828892600334,0.2689180060898899,2.2170951361086666,0.4842609152001879,0.08394819794246586,1.4462507639696085,0.599897430172885,
Phil Foden,Mediocentro ofensivo,3.1996632439633825,-0.44443512073710184,0.5838609225388393,-0.20376380381394277,0.03661123777107989,0.2891793935351327,0.4656498495054267,-0.17528172399328656,
Mikkel Damsgaard,Mediocentro ofensivo,1.6017992391066296,-0.8607666978300045,-0.5780145753010101,0.9174938059287675,-2.0024011510588564,0.29872950513382923,-0.10799262996699989,-0.4511741394366081,
Emile Smith Rowe,Mediocentro ofensivo,-0.35318904904205234,-1.3693636305022292,-1.7091278128377962,-0.1282370270464651,-1.5153540197510298,-0.08909628523365389,-0.4528015876800815,0.1162779641445015,
Daichi Kamada,Mediocentro ofensivo,-3.4163429101907683,0.43135132747667226,-0.49915400455692494,1.2580685954973774,-1.0005314921016475,-0.2686504124235213,-0.3962345883017726,0.37671930073423304,
Martin Ødegaard,Mediocentro ofensivo,0.5229071807278308,-1.4574741761228736,0.5795446446352334,-0.6461237074512566,-0.865172348501222,1.1009316313654371,1.8279792337145608,0.03478303471165142,
Cole Palmer,Mediocentro ofensivo,2.3351145173187935,-0.42312242479185197,0.20370449429411458,-0.7312617661478136,0.5888589056998118,0.0844651049684597,-0.32686623751622607,0.49274342417989947,
Xavi Simons,Mediocentro ofensivo,0.38030804825914594,2.543327827051232,-0.15647062587137656,0.3860255741752836,-0.058190125732594626,1.6586660042037529,0.7950411964598229,-1.3732066803814156,
Marcus Tavernier,Mediocentro ofensivo,1.362920467770938,-0.08045484109973908,0.6303649815574158,-0.24458228338578322,-0.24000125243440548,-0.006930124441420723,0.22326592903411757,0.5484851657497821,
Fabio Carvalho,Mediocentro ofensivo,3.544200513749356,-2.008356753467116,-0.5832596759047732,-0.818262524430717,-0.6541911039639162,-0.47788446126570144,-1.9400528587444588,-1.8138027146092155,
Harry Howell,Mediocentro ofensivo,-3.6517400924180836,-1.73316632852098,0.36538840248752236,-2.3466964168502935,-1.4429090667674995,0.022496052800764152,1.3210411727086928,1.0459228833656002,
Bruno Fernandes,Mediocentro ofensivo,2.35736049449604,-0.25341584075855444,1.5000447221004531,0.6824644116533862,-1.057428596027568,1.1118611539743062,1.0597361717946332,-0.8724049140545322,
Enzo Fernández,Mediocentro ofensivo,2.3975804948493904,-0.005482808512341333,-0.048037689855894114,0.028142575346952407,0.2548191416206347,-0.12165304669146258,-0.12287613412180544,0.6063928819399643,
Morgan Gibbs-White,Mediocentro ofensivo,3.476424572715283,-1.5717760122525448,-0.5155687695045307,-1.1931367208609291,0.7594285493820764,-0.11098488523050798,0.17451919715800268,-0.22236865546679654,
Harvey Elliott,Mediocentro ofensivo,-3.4786855325712036,-1.2669924021702335,1.3473443387379616,-1.8877898652091494,0.9229624633127828,0.8190297947620563,-0.18116512496971438,-1.0828538940470163,
Jack Fletcher,Mediocentro ofensivo,-4.046943952311374,-0.7170303769886831,-1.5154432128601079,0.6369042516173552,-0.40542180766522745,0.09258061769154541,0.2893438895959195,-0.19448799491596303,
James Maddison,Mediocentro ofensivo,-3.595375412697482,0.7671284671459456,2.0503652464839157,0.706634991121558,0.7620290253299594,-0.5297984298413643,-1.8984451589813132,-1.8055380299082897,
Bernardo Silva,Mediocentro ofensivo,-0.6845719689542674,-0.02939882327314307,-1.1431762933659737,0.8041539878086276,-1.1264976451800766,-0.010507029885263886,1.2536749238351903,0.9614529559861377,
Antoni Milambo,Mediocentro ofensivo,-4.2976002487569405,-1.7313266447122488,-1.0731909357094431,-0.3870939341043556,-1.1131798655820881,0.28793315625746446,-0.20056051469444663,-0.9868191934706355,
Facundo Buonanotte,Mediocentro ofensivo,-4.244756404629448,-2.225170023879532,-1.0466968704960984,-1.8777782364819742,0.023504417663277155,0.6368180158520621,1.0754582068053546,-0.1057036752747665,
Mike Trésor,Mediocentro ofensivo,-4.086175430966561,-1.1558298900917308,0.4031992905408842,-0.3623798428778062,-1.8868724455152095,0.37143758465406385,-0.6316860926956853,-1.127728628894697,
Tawanda Chirewa,Mediocentro ofensivo,-4.432734010194434,-0.24886337876275744,-0.6765225436014888,-0.18185051312461004,2.7622074566341,-0.2791911410269042,0.7435194022687418,0.019424439393853646,
Divine Mukasa,Mediocentro ofensivo,-4.4317314869077515,-1.144190591279694,-1.2142474275458157,-0.9740833874369373,1.0865850534383066,-0.5256377271823358,0.9532300540259484,0.242463199431251,
Morgan Rogers,Mediocentro ofensivo,2.5676192778239533,-0.38421403999212383,-0.30120012233143506,-0.24202170543884732,1.0964402880703854,-0.2769526428336785,0.2886656446148916,0.29556601115379355,
Dominik Szoboszlai,Mediocentro ofensivo,1.4514793725386927,1.9442313979656816,-0.3392948177033095,-0.42429534197407065,-1.3297792746123587,0.8775870102406398,0.5465149161423029,-0.5774507435941703,
George Earthy,Mediocentro ofensivo,-4.244756404629448,-2.225170023879532,-1.0466968704960984,-1.8777782364819742,0.023504417663277155,0.6368180158520621,1.0754582068053546,-0.1057036752747665,
Jamaldeen Jimoh,Mediocentro ofensivo,-4.233626508991918,-1.3325572657636955,-0.4572713990583743,-1.0844988703846172,1.756728796730998,0.9778474483802659,0.8578319256364612,-0.36838248483602976,
Alexis Sánchez,Mediocentro ofensivo,2.1842791696251496,-0.09920399846665379,-0.6041811950998449,0.3165524804301922,0.11552871626988957,-0.5036089750712399,0.6368251323373159,0.8824059822827741,
Moi Gómez,Mediocentro ofensivo,-2.547259380951208,0.8000348770108822,0.13205925288274623,1.4013828818377638,-0.00790014416149955,0.8433360055960943,1.3841523863519491,0.5759006860406884,
Thomas Lemar,Mediocentro ofensivo,1.3879122739689835,0.27693972270386513,-1.0182245820786298,0.8030485387824811,0.4114669960426886,-0.656209740976031,-0.7773807036118635,0.3152705516871232,
Pablo Torre,Mediocentro ofensivo,2.622228983650796,0.8059944910476415,0.11435533404069277,1.2718350549994821,0.6159979220580772,-0.3323664456335887,0.11119995688833967,0.43129978349913833,
Iván Corralejo,Mediocentro ofensivo,-4.4251056884727,-0.24109811764475242,-0.6382801114342773,-0.1728081942302019,2.816206821370349,-0.21703107811330227,0.736316327117921,-0.007894308825272785,
Denis Suárez,Mediocentro ofensivo,-0.3791217413314986,0.5973015492503378,-0.6912210486787583,0.9239948945355195,0.4571921683256389,-0.01870598477682501,0.39814089240330713,0.9667238012260858,
Pablo Marín,Mediocentro ofensivo,-2.613267251658526,0.1543463045615498,-0.18871895619591883,0.6204364042669346,-0.8809676087970923,-0.22941819133860572,0.7545533411300861,1.202796903460937,
Antoine Griezmann,Mediocentro ofensivo,4.412345160467786,-1.2453821666584455,1.2013217926262407,-1.56021143874586,-1.0830745166633773,-0.018937134023706927,0.2601567955469409,0.5327496688815375,
Brais Méndez,Mediocentro ofensivo,2.939982007755157,2.633356835320239,-0.6367129796535476,-0.7230058860920126,0.27839161703227966,-0.6561517138956056,-0.21590222808270929,0.28470604511034703,
Jano Monserrate,Mediocentro ofensivo,-1.8541753185390661,1.378878324726094,3.2277236394611504,0.12889808470386838,0.7891067161370654,-1.3635600966365464,-3.533107481467454,-0.3044256739285521,
Giovani Lo Celso,Mediocentro ofensivo,1.0131789212970133,0.4291813318861445,1.2437103611131104,0.11820439974880452,-0.02338859523619972,0.3097806509672186,0.48786487243665816,0.890607964410009,
Dani Raba,Mediocentro ofensivo,-1.4383766070736834,0.31388841587204314,1.7045886467588662,1.715806318535515,-1.4198286459861555,0.9424020466464031,0.31992844345414106,-1.5167893328793542,
Ali Houary,Mediocentro ofensivo,-3.9831597289502345,-0.01479252765113591,-1.0657605106465047,1.4613289634832751,0.05903404378535244,-0.2644799866562092,-0.5141931282558618,-0.7278749038733376,
Rayane Belaid,Mediocentro ofensivo,-3.302267834893144,-1.7089501743255873,0.46469519468223713,-2.4870054757672424,-0.21673244872799166,-0.20560033092193117,0.7889718991027456,0.489691465689528,
Claudio Echeverri,Mediocentro ofensivo,0.8188589367823893,0.7247191606702261,1.3217901599025634,-0.0703295394931356,0.9610221873507777,-0.36678823009764666,-0.07021233281908636,0.7293663635101109,
Óscar Trejo,Mediocentro ofensivo,-0.1303087603901765,2.2134931228216006,2.493924678483315,2.245741254251269,0.901957854849043,0.3191802207471407,0.7886618366341814,0.5343940701680842,
Isco,Mediocentro ofensivo,0.11282969019475181,0.22354667987599,1.9002673307132005,1.315593477559585,0.867399137481128,1.569039038562593,1.0381629410061028,-1.7714906304005702,
Randy Nteka,Mediocentro ofensivo,4.152651786465725,0.1955029160152661,-0.8871507839506889,-0.3703765253956965,2.0187031264818946,-2.32219575993165,-0.7715463750105805,1.1179020838277915,
Arsen Zakharyan,Mediocentro ofensivo,-2.2434648737611997,1.080072230750388,1.3036853407938402,-0.05895485265116058,-1.4727122799247114,-1.4311538768839287,-0.5731385900765397,1.623043710759365,
Domingos André Ribeiro Almeida,Mediocentro ofensivo,-2.318333317599702,0.1896705967091891,1.2877166909876074,1.0833356134578316,-0.8011258588853155,1.1843841747563781,0.35478642650514747,-0.4353080415598256,
Dani Rodríguez,Mediocentro ofensivo,-4.007283196253627,-0.6259504316478897,0.6195324921148373,-0.02751516588274607,0.38700612563877573,0.7135471037298386,-0.6070690369756593,-1.314804536240276,
Alejandro Mestanza,Mediocentro ofensivo,-3.611521481282588,0.08270582011137675,1.214986095424296,-0.1178313784114635,-0.3897589047025439,-0.5943108926808108,-0.19054356137564082,0.13962330639960455,
Mikel Goti,Mediocentro ofensivo,-3.715561157925581,-0.20934592666770294,0.9669073786824746,-0.21516801751663617,-0.07987034814279569,-0.8687098699572162,-1.229918102281564,-1.2572011510736787,
Peque,Mediocentro ofensivo,1.0390509704849666,0.6970096509945715,-0.4519529246031572,0.4080732473711589,1.7256476737148767,-0.6909627681536192,0.03696122324597353,1.0068077088822598,
César Palacios,Mediocentro ofensivo,-3.68579429658324,0.5909484522915355,-0.390319465646797,2.1259731894555856,0.1587831068520841,-0.03591018575698445,-1.0921142931663532,-1.1387339030243984,
Toni Fernández,Mediocentro ofensivo,-4.244756404629448,-2.225170023879532,-1.0466968704960984,-1.8777782364819742,0.023504417663277155,0.6368180158520621,1.0754582068053546,-0.1057036752747665,
Adam Boayar,Mediocentro ofensivo,4.438185172753236,-1.7781357233038588,-0.5854120010697608,-0.5421075125035476,-1.6856851253350948,-0.613861834893542,-1.6356725007638124,-0.8200006798363046,
Calebe,Mediocentro ofensivo,-3.4859101231129452,1.389400420120643,-0.8155323048645317,2.4228353191521306,-0.15345821607510718,-0.21181398161827103,-0.4276765944345809,0.4364645876544536,
Luka Ilić,Mediocentro ofensivo,0.25755176148276376,5.586269662463599,-3.8737734945475277,-3.5763669441412866,-1.3054264213132483,0.19753746746276057,0.06347275753885512,0.9342034514942945,
Unai Gómez,Mediocentro ofensivo,-0.38948950271096194,-0.6015549487203627,0.6606625838148619,-0.9873834993088624,-0.7460670514760072,-0.5520303001231733,0.28662197387047056,0.7599183245399473,
Iker Losada,Mediocentro ofensivo,2.319239871001397,-1.2757541392556113,-1.9023270606035314,0.6510161357546512,-1.7410464735204376,0.01839843233877707,0.40894382824842623,-0.3604789494207517,
Pablo Agudín,Mediocentro ofensivo,-3.9783678583429145,-0.5429612128609578,0.2916954997317051,-0.9820538904058591,1.4803603171360735,-0.43353353217549073,0.19868649736989072,-0.31459940368764416,
Jude Bellingham,Mediocentro ofensivo,3.033913224214233,0.4662270501073943,0.12426964325519795,1.2937288957100066,0.463333659075248,-0.5726929491518761,-0.7106958759277627,0.1275650534302032,
Carlos Álvarez,Mediocentro ofensivo,0.22261037952808646,-0.08677204266402032,-0.44907755888691286,0.07018112520946285,0.4422711901364567,-0.05682673855756597,-0.01820458929428679,0.7082197493097555,
Dani Olmo,Mediocentro ofensivo,3.1444632454449946,-0.5493939300736658,0.31763575847314557,0.5925486469293263,0.3926164197462868,0.27246749248153546,0.5548235175983129,-0.8489785034639555,
Aimar Oroz,Mediocentro ofensivo,-2.897074361675888,0.7354772664793396,0.104195697316748,0.8078711415489714,1.109980179789539,0.2285040667772983,1.0512451571109318,0.722486534329347,
Arda Güler,Mediocentro ofensivo,2.342275356804025,-0.11435887702000042,1.9028091974134038,0.4432570989747362,-0.7162472424508959,0.46589849977257897,0.10369998481480174,-0.6369128978483385,
Isaac Palazón Camacho,Mediocentro ofensivo,-0.45133100113491964,2.699961747027832,0.606082224395821,-1.5013349219557148,0.6764976984795482,0.24732815815463585,0.9465931408196976,0.5894517187403534,
Fermin López,Mediocentro ofensivo,3.3866877418365875,0.08634539360588207,1.0015934981691925,0.39796755432104125,0.3271382513768893,-0.5077509466533412,0.3458506832748733,-0.04253149685038865,
Oihan Sancet,Mediocentro ofensivo,-0.6493040603193709,1.7821383594137077,-0.864524242928258,-1.8065206471464008,1.1063738931061657,-0.021314048561130134,-0.645134513947943,-0.570469917758918,
Albert Guðmundsson,Mediocentro ofensivo,0.3482002681299863,1.6446363344672992,-0.07568299075784143,-2.078208813677122,0.27379336100945745,0.2967921360892259,1.2380138748135991,0.5338264003939526,
Darryl Bakola,Mediocentro ofensivo,-0.11622982450611344,0.19402335705746113,2.1701190281509324,1.151221664620027,0.4744458838158164,1.634337200756029,1.3250335796731607,-0.9300901994603559,
Giovanni Fabbian,Mediocentro ofensivo,-3.294000808724042,0.2409484922962129,-0.36937917228842326,-0.3384523151419066,1.3308307062026399,-0.04616519516949501,0.500370201976299,1.1732454235679965,
Gaetano Oristanio,Mediocentro ofensivo,-1.0700694756511313,-0.265585419619795,0.033337719677111695,-0.776786253343216,1.0066588415010078,-0.8084500818829213,0.029562208839132527,0.5479071643878816,
Isaac,Mediocentro ofensivo,-4.289715739113315,0.012553384686482535,0.22492168487917719,-0.22385711811887174,2.2933836200371944,-0.08490076417300875,0.4966166254934133,-0.11428102004355951,
Nicolò Zaniolo,Mediocentro ofensivo,1.9552522976427251,1.1878742352325706,1.6616597288532766,0.6252409533470369,1.3916917985952646,-0.5569862004091358,0.41953982142847124,0.3403827509068892,
Giacomo Raspadori,Mediocentro ofensivo,2.91584148227313,-1.5121647459092762,1.2438040037911178,-1.9915911167995066,0.13040774803264665,-0.17550787877146976,-0.5290377659559502,-0.495554056111541,
Nikola Vlašić,Mediocentro ofensivo,0.04931358969651986,0.20632066828123402,-0.7172992629728645,0.8869718696489738,-0.39488188887421777,-0.3236501148988162,0.12620881331137446,0.6842138060115851,
Omri Gandelman,Mediocentro ofensivo,0.43811247442050594,-1.9952143466585484,-2.4799542323162664,-0.626908906796509,0.15357526982572603,-0.29175836274249095,0.8395831540064238,-0.2615994437453795,
Sebastiano Esposito,Mediocentro ofensivo,1.877392552668153,0.5838557710007949,-0.19399655003159572,1.5955275365330444,-0.10701977232140192,-0.18257629491536936,0.26809523307064936,-0.1896793240943908,
Charles De Ketelaere,Mediocentro ofensivo,0.5587221157014648,-0.28951563723029883,0.5847820210535394,-0.44896845338320696,0.6150244939855434,0.2335668312857406,1.0045825575357676,0.6150673544026235,
Nicolae Stanciu,Mediocentro ofensivo,-3.29354823543804,-0.6118058242428169,0.5595678511575048,0.5497060595224377,-2.0911865740011826,0.8950637741693667,-1.1001796615028727,-1.399072256308699,
Abdelhamid Sabiri,Mediocentro ofensivo,-3.64626435047466,0.909106311801911,2.0095589284265696,0.9150183893250845,0.8973025245780916,-0.5694949114088765,-1.9231216904343613,-1.8037010902534014,
Vasilije Adžić,Mediocentro ofensivo,3.3159148064986463,-0.7196770519441864,-0.4135749291661892,0.2449443904561255,-0.014711100159146317,-0.6666452315443113,-2.2302433318608226,-0.9807139554901791,
Lorran,Mediocentro ofensivo,3.3901983617319646,-1.2257291295407002,-1.0296902827199803,1.0964986741617344,-0.4770595497396257,0.5171963358257943,-1.8554669802281114,-2.4774337590332602,
Tomáš Suslov,Mediocentro ofensivo,-2.3834338372883463,3.443816357774078,0.9252607696217404,-0.8757114409845771,0.523847559238055,-0.11873613526802052,-1.5850927545965552,-0.4611798897768466,
Faustino Anjorin,Mediocentro ofensivo,-2.9565821221331396,0.7589019175248499,-1.327879241558719,1.3910945193020583,-1.8272180489152994,-1.1351641693506964,0.2052968246383902,1.8822657214564207,
Albert Grønbaek,Mediocentro ofensivo,-2.378462587930247,0.4959513550172068,0.09821593878076385,-0.06878270886535343,-0.37872044406520394,-0.8614370528214497,-1.3188773525152875,1.5825063192916016,
Valentin Carboni,Mediocentro ofensivo,-2.9265333020914603,1.4260429032451356,-0.21104159739566375,1.5547183750034046,-0.08885167398246331,-0.9685647648829007,-1.0414577512969327,0.8892604783967446,
Tommaso Baldanzi,Mediocentro ofensivo,1.4878368010862197,0.9160997258597195,-0.14659940582227657,-0.07927179165254526,1.3114890155372751,-1.3178038268051073,-0.4123376463955794,1.9023159556236744,
Calvin Stengs,Mediocentro ofensivo,-1.7101661278957787,-0.3083563071039046,3.305272914635757,-2.3542553677025553,1.041797402233917,0.27034293989900293,-1.9164482100189224,0.18481795668567394,
Nicolás Paz,Mediocentro ofensivo,3.305307017424844,0.3596754529808004,0.2053583114138786,1.5492171528251666,0.16023324072893,-0.21968017474987087,-1.1252913429604405,-0.9624001704866026,
Nicolò Cavuoti,Mediocentro ofensivo,-4.404012956752784,-0.5938551342739017,-0.7591380552849761,-0.4790618901173614,2.262976807965468,-0.1514580475931262,0.8043495992864234,0.01118627049316856,
Daniel Maldini,Mediocentro ofensivo,2.034482537068157,-0.4113920986983467,-0.8875379457686781,0.8895825029692438,0.8396455032857169,-0.7716440183317499,-0.1015641652237959,-0.4140867825867167,
Antonio Vergara,Mediocentro ofensivo,1.3811363710049496,1.072467299245569,-0.5409809229359229,2.2876922937712054,0.6563178657206289,-0.33445664835872996,1.1530891468797335,0.34356096469235764,
Lazar Samardzic,Mediocentro ofensivo,0.8517881455993717,-0.07943520627519353,0.5055347453220164,0.03214750855265266,-0.8224552527682615,-0.2443772265494915,-0.5174917230112394,0.2867295615385846,
Franco Vázquez,Mediocentro ofensivo,0.9905333898359995,0.9451768470505053,0.2880551786239916,2.143763479093471,0.39707784885954567,0.11787629188437215,-0.7322280158857086,-0.8318398469331176,
Dominic Vavassori,Mediocentro ofensivo,-4.431949789905611,-0.1859692548846766,-0.6349912095706464,-0.12595549003915935,2.8843316676253212,-0.2551619669192258,0.7281853011565705,0.0009159053868268876,
Adrian Przyborek,Mediocentro ofensivo,-3.5896902603009657,-2.1481964360593246,0.16488514524471867,-2.406522274937221,0.30568526882615027,0.5580396600688892,0.17749943583266956,-0.8597530864034535,
Martin Baturina,Mediocentro ofensivo,2.4886894216148465,-1.1165346016255717,-0.33300012147941366,0.2719841669875632,1.2449621912562256,0.658809781230656,0.011951259303702654,-1.896743572730299,
Mattéo Tramoni,Mediocentro ofensivo,-0.5907827232508059,0.0018576660573319918,0.12525380188637414,0.7078081376036297,-1.8398614488699825,0.2623224881221269,0.09226325880713081,0.4341012639084019,
Paulo Dybala,Mediocentro ofensivo,2.0595433179456126,-0.29385987010756104,3.2168101651653966,-0.8934193386103528,0.3825570673663754,0.9357714198532943,0.540521843678844,-0.1713527059625136,
Jens Odgaard,Mediocentro ofensivo,2.5915460903396914,-0.43438097584233765,-0.5765468860192204,-0.30656206209404885,1.4401147673223018,-1.2982402180423778,-0.34694735574519003,0.29851017718212075,
Filippo Carbone,Mediocentro ofensivo,-4.2913026810484745,-0.7935541675575158,-0.48618822539742335,0.542501695632253,0.5160999330118681,0.5970586635720023,-0.5348728736406082,-1.3300719884716392,
Lorenzo Pellegrini,Mediocentro ofensivo,1.224731858358362,0.38973888385895183,1.155752386312487,-0.024203391146820522,-0.17006344063621257,0.07704871513587572,0.37287651110725367,1.123501235735556,
Elif Elmas,Mediocentro ofensivo,-0.9631450319034887,-0.6075201389103773,0.015307474909195363,-0.4805024254701838,-0.5894653273587831,0.2738577742277284,1.0637973352883408,0.7946447374344566,
Cristian Volpato,Mediocentro ofensivo,1.7575167410704173,0.5217427639160903,0.05315348785717218,1.3806973782794998,0.24427394632997856,0.26331746361629593,0.9407878935255743,-0.18838209821880658,
Kevin De Bruyne,Mediocentro ofensivo,2.040910992754984,-1.0067922124109394,1.092307841042014,-1.3928560717764957,-1.1332217799025188,-0.003951095511760259,0.3899500969118496,0.6916519271815667,
Gio Reyna,Mediocentro ofensivo,-0.10993070773105888,-0.577015539669586,-2.390036516203224,0.9185932284223949,0.16936628304544044,-0.050150434299988896,-0.5461977524851693,-0.3983746167685948,
Léo Scienza,Mediocentro ofensivo,2.1678457552121766,-1.313122940391879,-0.2657329495218098,-0.25538731871999887,1.4527311528267468,0.17443990244197063,-1.2175371959696741,-2.503639801429448,
Anton Kade,Mediocentro ofensivo,2.4191426197385333,-0.8102398351013265,-0.9615179769813522,-0.9556913492588803,-0.4811353280294103,-1.1978256264365945,-0.835881242370914,1.2536351602676974,
Mert Kömür,Mediocentro ofensivo,1.156785683881707,0.16366391848137885,1.6591768369427995,0.043291521094582085,-0.1630788218057014,-0.09988583654435909,0.1022917090291075,0.26923538213846565,
Fares Chaïbi,Mediocentro ofensivo,1.0936767881696097,-0.3519224274918227,1.0043553988247633,0.8560289938489533,-1.527237290955147,1.094572798129487,1.6113133915119258,-0.417956322583272,
Bilal El Khannouss,Mediocentro ofensivo,2.563741989358752,0.05198467466338716,0.30638196530915607,0.7372993816785584,-0.8450964678558633,0.13217686932136688,0.3422585096996191,-0.02769064164737657,
Julian Brandt,Mediocentro ofensivo,3.87544258729073,-2.175133970984364,-0.1929899637155985,-1.8747763876023353,-0.3261725833464107,-0.11828438640265343,0.6345968156310527,0.1586623133203713,
Yuito Suzuki,Mediocentro ofensivo,1.7117984663567174,-0.8067968473425976,-0.9129247287764269,-0.44655887457934684,-0.183280807582994,-0.38053259239489684,0.1972928898273097,0.6143393942520988,
Muhammed Damar,Mediocentro ofensivo,-1.3050631953858194,0.025232381334202844,2.8871855986981063,-1.7413165231860355,-1.626806193379784,-1.2725576592162149,-2.123203810598486,1.2840676080040756,
Florian Kainz,Mediocentro ofensivo,3.8287788057798786,0.7918880786096885,0.9280649981846,0.9089006674085831,0.37058252744322534,0.18688023280310662,0.03638529657728928,0.2593271767201077,
Christoph Baumgartner,Mediocentro ofensivo,4.087998686982812,0.37547836254477307,-0.9077348030361553,1.4190926499626946,0.34020680885428517,-0.8177188061938915,-0.06494342422434489,0.30302345111671597,
Samuele Inácio,Mediocentro ofensivo,1.3119072912043412,0.7771688814366119,-0.09894863720531519,-0.14053662173591613,1.799554737706655,-0.9873357917223876,-1.268922177716736,1.183640456277535,
Ibrahim Maza,Mediocentro ofensivo,1.1343746701816073,0.01945662148649391,1.099268453583885,0.6803833745750872,-0.740815435067252,0.46333057291933794,-0.12285404314208985,-0.3733525047799971,
Malik Tillman,Mediocentro ofensivo,2.5046051416925654,-0.5919834857074329,-1.7510053651328863,1.1623064860853638,-0.30978736259473927,-0.28906598291292274,-0.9699002905396816,-0.5419047473943991,
Patrice Čović,Mediocentro ofensivo,1.324804104119023,-0.15495860112810364,-2.7479553999639705,1.3506585418045396,-0.741216223050102,-1.0360923104959914,-1.2473209564413192,0.22779665749884828,
Andrija Maksimović,Mediocentro ofensivo,-3.8816499139243805,-0.8728917089946999,0.5915444921325004,-1.2126457725746551,1.5016141566886017,0.46049758460525686,0.22616419597215032,-0.6152156677623953,
Wael Mohya,Mediocentro ofensivo,2.993895649992198,-0.5895380632291197,-0.7389333322229374,0.4855814305134444,1.0900144196353503,0.21568357690730375,-0.46497522768538396,-0.7465648363354382,
Jeong Woo-yeong,Mediocentro ofensivo,2.395825618364517,-1.3592495596888379,-0.9102654000729892,-0.6453093194182307,0.04965239341548311,-0.21828948041350335,0.2633409462293831,0.049746455937037665,
Mario Götze,Mediocentro ofensivo,-3.705689108097387,-0.38717399388095197,-0.307503497277205,-0.05067219395098093,-0.6935974355399653,0.1873004138599249,0.531338486815029,0.44982543072872017,
Immanuel Pherai,Mediocentro ofensivo,-3.2131027223577937,7.441518309361576,-0.6415455397979587,-2.0779164078047767,0.2727541069936201,0.8379130650691679,-1.2065476589444655,-2.2520646916181146,
Can Uzun,Mediocentro ofensivo,4.3936285790513185,-0.06454224023142809,0.42307618173248973,0.13956551455423338,2.0986953369256733,0.10971561614355536,-0.06336726299511887,-0.567823914133039,
Romano Schmid,Mediocentro ofensivo,0.2256843552526616,-0.3038785836404523,1.4588293540221975,-0.33492517086004486,-1.2663146333918134,0.5632499707656325,0.6695448808743522,0.5406257221370958,
Adrian Beck,Mediocentro ofensivo,-0.475039608601489,-0.053634101721727716,-0.6827904647943306,0.8954143692183932,-0.16266433431516306,-0.5525493046885684,-0.2960194991677356,0.10260634437367193,
Brajan Gruda,Mediocentro ofensivo,3.840202742546672,-0.35161302670391087,1.151828779267253,-0.33352244131781833,0.9331101428235293,-0.281069885349077,-0.026006029402702757,-0.3987679670380467,
Maximilian Philipp,Mediocentro ofensivo,-4.494333528437827,-0.5822645282168525,-1.2481937200164663,0.6402862081951617,-0.08364345181098067,-0.9364513073634794,-0.40607320168638056,-0.6811595442740825,
Bence Dárdai,Mediocentro ofensivo,-4.1138858746559634,-0.43087884540253024,-1.9156300394818637,1.701567536579938,-1.5368048586011638,-0.2638568703144097,-0.32452523842398795,-0.4857882799309831,
Serge Gnabry,Mediocentro ofensivo,4.531507694632871,-1.6223084985242677,0.2476244108747351,-1.1016001863990144,-0.242218494517159,0.016970414352469272,0.8458380541081286,-0.3868696271543625,
Alexis Claude-Maurice,Mediocentro ofensivo,1.5288027191247515,0.10232353034329031,1.5536850378743303,0.09997256917718562,0.3940757916062972,0.12803143762900382,-0.6797945925795207,-0.4836060556849842,
Arijon Ibrahimović,Mediocentro ofensivo,0.22597084155954797,-0.19348300489361528,1.4931563493173303,-0.27204946845159317,-1.8478002601280599,0.5812194082793862,0.11751238497194617,0.8881427272436814,
Jonas Hofmann,Mediocentro ofensivo,1.405495794051362,-0.5999766899020653,0.21058864690891538,-0.40783374540846923,-0.5451534587916381,0.13836406534610182,0.7787444789280947,0.20553195761133727,
Fabio Vieira,Mediocentro ofensivo,2.669806126080406,4.467395269417381,-1.8894460089456624,-3.655041761224152,-0.2392095971847947,2.433833444840437,0.8169513517220566,-2.173453641587695,
Andrej Kramarić,Mediocentro ofensivo,4.081851274488773,-1.4704961465874573,0.9133867948494406,-1.7838040470029075,-0.22574436109193774,0.13005794511586258,0.4002599356265704,0.2216828490644442,
Paul Nebel,Mediocentro ofensivo,1.119289491865473,1.4146585310728959,-1.8259764278710693,-0.5917985396518349,-1.3931203716068874,0.18786441370852103,-0.10215332624854992,-1.4058362816543228,
Danel Sinani,Mediocentro ofensivo,0.6881097573464484,0.6405482845880726,1.6538947298236673,-0.4580709948279228,-0.01986742192457102,-0.9018376721806525,0.24228099782347728,1.3421426228676732,
Lee Jae-sung,Mediocentro ofensivo,0.7178331085827181,-0.8885505766070493,-2.097458804797094,0.4106045616888358,-1.3445321154739085,-0.1480421741482684,0.8387617965587797,0.8100370370053994,
Kevin Stöger,Mediocentro ofensivo,-1.1466796654778713,1.0614734260147531,-0.009262082904746572,1.9317515314160143,-0.2601742053009329,0.0489692969141654,-0.5877027355741475,-0.07885154353069851,
Fabian Rieder,Mediocentro ofensivo,0.9493966388811445,0.2601747248871593,-0.3459194379988372,0.6944042940408982,0.43898068320587047,-0.46118558774073487,0.15215346467550517,0.23783652485497417,
Armindo Sieb,Mediocentro ofensivo,2.040904483617327,-0.5205651042079288,-0.32927383097642793,-1.4383688070571874,0.8457840588268873,-2.109936603254107,-0.6290172726938312,0.8871710179627046,
Lovro Majer,Mediocentro ofensivo,0.5555379658027884,0.7273573020716,-0.6386695325170337,1.6199129884968435,0.0794394875904684,-0.5050645839613859,1.0424757761297379,0.5100136370801212,
Christian Eriksen,Mediocentro ofensivo,-0.11939177978106787,-0.26782274514916676,1.5952251569875164,0.031162022320355275,-2.0789649641358094,1.222915058357582,1.5469893963962835,0.6995252262237558,
Love Arrhov,Mediocentro ofensivo,-4.142345551108709,1.0157874458453684,-1.2726469556272706,1.6109627021455368,1.001648975945877,-0.9558972883076434,0.008739957731160859,0.42428390745817396,
Jamal Musiala,Mediocentro ofensivo,2.9061509385285236,-0.709030679596247,0.7830534160217719,0.09129932001863705,1.729960355721269,1.322686278950782,0.8791721624005044,-1.3615548690377826,
Lennart Karl,Mediocentro ofensivo,4.087786927824635,-0.9973258540003206,0.7118053478662363,-0.2241362977963299,-1.4518850326182458,0.34076780873132784,0.0051892273025031495,-0.093438775931562,
Ismaël Guerti,Mediocentro ofensivo,-3.7888138624068644,-1.0514252733731253,-0.7575189800664819,0.9080661839776002,-3.1187243752416345,0.8968804206231793,-0.5321116801112307,-0.9314018020907033,
Gabin Bernardeau,Mediocentro ofensivo,-2.042452314127679,0.261987782203297,2.744868660045923,-0.7384530969805798,-0.6871109873141366,-0.8875666932508434,-2.055435872119833,0.17840730571790023,
Mathis Saka,Mediocentro ofensivo,-4.44307968554314,-1.078582013000513,-1.2244166810083705,-0.9192348561365162,1.1511072885576004,-0.5961913994474293,0.9458115823254644,0.2635947149480904,
Mathis Jangeal,Mediocentro ofensivo,-4.44307968554314,-1.078582013000513,-1.2244166810083705,-0.9192348561365162,1.1511072885576004,-0.5961913994474293,0.9458115823254644,0.2635947149480904,
Sofiane Boufal,Mediocentro ofensivo,0.4463052347446042,1.2491322888020275,1.3080194671754999,1.8133633980117108,0.28332326361404503,-0.18120792600441954,1.270393251955893,0.033217436151235326,
Himad Abdelli,Mediocentro ofensivo,-1.8184460814535826,0.26817113693101613,-0.7238373947899307,1.045280792835345,-1.311330253187821,-0.6305646481714875,-0.9594740218524664,1.0116406419859758,
Adam Karabec,Mediocentro ofensivo,-0.27350493217773186,0.6552407320443302,0.3171583701245048,-0.7831276694931402,0.5503498018245377,-1.2246985959231014,-0.16973114489038343,2.317131304642058,
Pavel Šulc,Mediocentro ofensivo,4.37088187693033,-0.6370732848175268,-0.8641544009904706,-0.30575700043864906,0.7641353289380699,-1.1278511614301476,0.3651519799950326,0.5414810709581265,
Lee Kang-in,Mediocentro ofensivo,2.0253815767550947,0.03894622333680065,1.795322299584309,-0.8569453830916272,0.20366710073908445,-0.10294611858636926,0.5854118840363414,0.815425667683172,
Julio Enciso,Mediocentro ofensivo,1.322976705484822,-0.2438468178720763,2.16992580780149,-0.86560181783419,0.25275419855023956,0.42947297318895167,0.8116449149651515,0.40840872509681464,
Jean-Victor Makengo,Mediocentro ofensivo,1.2331451588607356,-1.846018191873999,-2.2295794883067495,0.953465068030187,2.3796208538512595,10.41279535629444,-6.040367087808956,5.411182437121952,
Kamory Doumbia,Mediocentro ofensivo,2.6306053276075683,0.21918690530604076,-1.1315972845665307,1.7902662230158473,-0.38263064507656813,-0.17829550147604653,0.2352089537890548,-0.15803206817274687,
Aleksandr Golovin,Mediocentro ofensivo,3.5922668502145836,5.329132248293503,-2.5066231099721743,-2.3792764172664658,-1.4434998323744757,1.3401840557577345,0.2679780443165095,-1.1027575866071129,
Louis Mouton,Mediocentro ofensivo,-0.8432221671255761,1.073121256626565,-1.6222267674482225,-1.0235728973141291,-1.5996610061908123,0.37075294789294994,0.15841630655646266,-0.7042850153804474,
Louis Leroux,Mediocentro ofensivo,-1.366064331113258,-0.8081704457693372,-1.2546883708498937,0.4166986456546149,-0.8246619138746307,-0.05534880938633692,0.13123409371094324,-0.3123757621380615,
Wesley Saïd,Mediocentro ofensivo,3.96195751767173,-0.9542967800763849,-0.6929362038215535,-0.8626365938347543,0.3397808738705766,-1.3872991716626468,-0.14102676994430352,0.6542070211894657,
Dermane Karim,Mediocentro ofensivo,-0.9095658329587142,0.29400436278251346,-1.6030584346280452,2.010616253556611,0.8002411726619397,0.39023979239433637,0.6476106957222173,-0.4476491733123846,
Ethan Nwaneri,Mediocentro ofensivo,4.139543150930073,-0.7922394599889307,-0.9979371385705624,0.24005233217112318,0.23935247967315548,0.5044037336938442,0.9623143983100396,-0.4431099492485872,
Kendry Páez,Mediocentro ofensivo,0.9752937823039443,-0.788865652864621,-0.09264881507750972,-0.7591488741245623,-1.009366469813276,-1.1360488168352851,-1.4246705401642614,0.38888315645856697,
Stanis Idumbo,Mediocentro ofensivo,3.652112383143643,-1.1325913358256967,-0.14933568025605184,0.45077024563006973,1.4813844166450076,-0.16112408398179778,-0.3711364404946238,-2.3321984931090856,
Hong Hyunseok,Mediocentro ofensivo,-2.1438702374711536,-0.6198950249520881,0.9994862940204621,-0.562637160785324,-3.41654575818874,-0.40096406599207907,-1.4306490120828308,1.0771458234839884,
Reda Khadra,Mediocentro ofensivo,-2.17066485004205,0.1704505140645881,2.3092508478065574,-0.8210908776932736,-0.8253504094396108,-1.1669957139964617,-2.6806668225141177,0.03129006772243219,
Hákon Haraldsson,Mediocentro ofensivo,2.058026823846471,-0.44744287868254845,-0.9609479373214297,0.01921234380747696,1.1478742869837104,0.03712411405588959,0.037778395863282306,-0.2048588498432864,
Dro Fernández,Mediocentro ofensivo,-0.6530619306930666,-1.222134384636175,-2.2231838544999776,0.2490758822541203,0.22616003144949107,0.14462550755166892,-0.418248712178717,-0.3190246450487069,
Rémy Cabella,Mediocentro ofensivo,0.9439128593808469,0.11750798942005174,0.14908867627373595,-0.12575713075811118,-1.2092501036344678,-0.7152897036959845,-1.1384509316967268,1.4051668459571038,
Sebastian Szymański,Mediocentro ofensivo,1.5461795527929332,0.9324621794824393,1.3342368385715493,0.9726884738071053,-0.7366979378165349,-0.31939882979915485,1.0083662848222783,1.1193032894310104,
Noah Nartey,Mediocentro ofensivo,1.5135950708435009,-1.7439360989810804,-2.4602640571283314,-0.43453714213699446,0.1524942304062554,-0.9123094700183163,-0.5604633482397507,-0.25113478831774744,
Félix Lemaréchal,Mediocentro ofensivo,-1.8011934461732018,0.36740815028272317,0.9078671501027294,1.1984500360889292,-0.27005836520361765,0.9382713263520358,1.4339843327407167,-0.31804138313326175,
Romain Faivre,Mediocentro ofensivo,-1.2039835218106916,-0.5239900379811808,1.373916263190972,0.07593223705203199,-1.1849327026713472,1.3349277199428933,1.8559574953652707,0.3776062813708878,
Diego Fuentes,Mediocentro ofensivo,1.3829325279308273,1.2878432360427978,5.021632111102084,0.47168839966939025,0.1160022228680166,-0.06245707555252649,-0.15028902995400995,-0.06833731495668163,
Diego Diaz,Mediocentro ofensivo,-3.505091764646767,-1.2314862870211862,1.1376022277650595,-0.8037651430074961,-1.4308739280541674,0.2449489393150815,-1.466877514150696,-1.8875139608556153,
Peio Canales,Mediocentro ofensivo,2.01317619528102,1.0918414998362984,-1.491960370998536,-0.49221662021088003,-0.2765833880564113,1.2909651480615734,1.634276541204356,-0.8225359387336771,
Sávio,Lateral izquierdo,3.954864924107171,0.12532432680408526,-0.38051204175018954,0.3753256294056315,-1.8194075016282687,-0.1614181216626753,-0.8950097874301995,-1.8835385315143747,
Milos Kerkez,Lateral izquierdo,2.109509191962551,-1.4875451422626758,0.33744800532736285,-0.6611440095806457,-0.20486963933560132,-1.1406722897852,1.8526372414350407,-0.6141114684853742,
David Møller Wolfe,Lateral izquierdo,-1.6146606634676117,-1.5104773214594625,2.482858057344155,1.7000177845695366,0.3409520536983643,0.9963987851113778,-0.06813045829760027,-0.2451788045432853,
Lewis Hall,Lateral izquierdo,1.2818164443161166,-0.28488576497558527,-1.1734969500474999,0.03044848895880289,-0.17028778014961715,0.4657743195286829,0.03504582170167237,0.18656919422727647,
Rayan Aït-Nouri,Lateral izquierdo,-0.09243299269399541,1.7054254541122442,0.20247672911258094,1.6890586435366302,1.3205442160405998,0.6671975223865257,-0.5358963113419954,-0.08114400209798574,
Dennis Cirkin,Lateral izquierdo,-3.1434769677120875,0.7000701605003807,-0.2766468517257243,-0.688932073729227,2.485761227188657,0.31275198959342293,0.4650566478483866,0.025191104879295795,
Oleksandr Zinchenko,Lateral izquierdo,-0.8855893685099597,-0.8400945359556412,-2.5260521934364686,0.3968715858600224,-2.2766890717615773,-0.8147422880889893,-2.005984652377924,0.9579338142564139,
Hugo Bueno,Lateral izquierdo,1.9144073141253142,-0.48396484708135173,-1.021213577206306,0.8426018986936219,-0.3476395168382123,-0.15362831019496695,0.33858855919161707,0.7595318189925686,
Oliver Scarles,Lateral izquierdo,-2.523482413064291,1.4503486604163658,-1.3740430070535263,0.701550728523226,0.5243524986240915,-0.7872569664974376,1.4010523110882367,1.1314522189825247,
Ryan Sessegnon,Lateral izquierdo,3.3231124563068413,-1.1151052321310735,-0.5092068428374241,-0.3526126838178725,1.1446566636733688,-1.6149436790641183,0.9236761142566385,0.7861172298148867,
Quilindschy Hartman,Lateral izquierdo,0.19482796576018724,-0.2159806001315648,0.6812569405267483,2.906256029739564,0.796285536607733,0.8120335900548458,-0.5744884013213081,1.4794659783192734,
Lucas Digne,Lateral izquierdo,0.9245466267168927,0.08375786477650349,0.7750366898677525,2.968004118027987,-1.124373301933189,0.5798883544168155,-1.1942831992598983,0.36085988235457,
Antonee Robinson,Lateral izquierdo,-1.3969674435640251,0.8173587735878721,-1.3972263274526797,0.4140531102534229,0.9731533471761584,-0.4561794727183534,0.7688143586318563,1.3595706310822055,
Ian Maatsen,Lateral izquierdo,-0.6965858588263593,0.7741410009541397,-1.3573660385068231,0.9527756182574415,-0.6461414653667957,-0.014168497865022563,-0.9647612866317133,0.26148041453914395,
Riccardo Calafiori,Lateral izquierdo,2.347727530875927,0.13222495735234913,0.09291974092186023,-0.31015243466796905,0.41828545758011443,-0.4721970305901636,-1.110796906708577,-1.2397039245487083,
Maxim De Cuyper,Lateral izquierdo,4.359849429698442,-0.6751559874025895,0.37363328917937794,0.6144913220788409,-0.6534054842543799,0.4692617256905777,-0.033886291677846264,-1.2679302887425985,
Andrew Robertson,Lateral izquierdo,1.8057317602162257,-2.9360134579651773,-0.7498905411143637,-0.8369897894199044,-1.245186178119535,-1.2097781723290073,-0.3165132077561555,0.44802031073660775,
Djed Spence,Lateral izquierdo,-1.2111931698615996,0.6239843919289267,-1.7654665110951573,-0.7359270634418718,-0.7166100870638812,-0.540644089708693,-1.2731917658463572,-1.4239224698707886,
Jorrel Hato,Lateral izquierdo,-3.180713973652606,0.5930212557919481,-0.2928787395922832,-0.744520420637516,2.8194564575845544,0.2621051089075509,0.2356833514687429,0.32073558892996723,
Lucas,Lateral izquierdo,-1.3607917852150233,0.9799361959731343,-1.2287106624044224,-0.6325091296420534,-1.136989016364401,-1.4697514327305021,-1.601995069945627,1.9034351384327222,
Reinildo Mandava,Lateral izquierdo,-2.2320825004708045,2.2864692928462116,1.484451796009304,-0.7913267027483751,1.0389987699281689,-0.394077330352597,0.874443337331305,-0.6639639753979459,
Rico Henry,Lateral izquierdo,-2.1514555125204615,-0.3438406098961468,1.36098815094453,0.436982821673573,-0.6520449365488948,-0.574738367430233,0.7160399466389622,-1.6420305547852956,
Destiny Udogie,Lateral izquierdo,-1.3763547338208528,1.0305324992807467,0.31781050288413704,0.4737304001211565,-0.35185942894042943,-0.7643007040178544,0.6062691599353406,-1.5266449804422535,
Borna Sosa,Lateral izquierdo,-2.666486930267175,1.149896768223481,-0.6797757372907867,-0.1475790880125502,1.588460127370731,1.0813484333707242,-0.5434689079231086,0.057734791090929376,
Tyrell Malacia,Lateral izquierdo,-3.6013795683703047,-2.489798988343002,0.1568650731323124,-0.3525250656972033,0.7111137282670077,-0.5631983143672853,0.10937956854326235,1.41352581412859,
Ferdi Kadioglu,Lateral izquierdo,1.1891591866944629,-0.6859314728168245,-1.7205695435823924,-0.8174625113861288,-1.1757524507135382,-0.6475354653659604,-0.6842218417461159,-0.5587495003715243,
El Hadji Malick Diouf,Lateral izquierdo,-0.3710992457927196,0.34721095320122974,1.1657155412019304,1.8568858942951647,-0.13516729504627245,0.9815337662182388,-0.560543622302764,-0.7763411019084637,
Marc Cucurella,Lateral izquierdo,2.059640929747243,1.4594188198186204,1.0148348897833555,-0.6702998682205423,0.5426545060898547,-0.9311529257079048,-0.10626836838672109,-0.4560414164239196,
Vitaliy Mykolenko,Lateral izquierdo,-2.036764647651398,-0.326845587999335,-0.2170722787344497,-0.7383336137844738,-1.0551567596484674,3.840742579258099,1.86626266267772,-0.31168406357706924,
Rio Cardines,Lateral izquierdo,-2.861276688973037,-1.844228279012121,-0.22575290253964958,-0.010650231553789045,-1.6622442782077942,0.0632848566826031,-0.5290379700003228,0.08394659032952291,
Julio Soler,Lateral izquierdo,-3.250167452664981,-0.40415961533725275,0.17932596569331097,-0.08088936362450774,-1.3169528867558038,-0.19868132520267748,1.36341741057039,-1.5489346871366454,
Souza,Lateral izquierdo,-1.1801654864450954,1.7312641243482454,-1.6925959899127159,-1.359815752978636,0.8512278895577097,1.3050949610608864,-1.7218674210260676,-2.596777141636803,
Nico O’Reilly,Lateral izquierdo,4.039133747571057,-0.6673715600518688,-0.07643794261414616,-0.6652737296195858,1.191856673016748,0.02918337284400986,-0.8776445433765421,-0.792261552091479,
Tyrick Mitchell,Lateral izquierdo,1.1947767688178001,-0.6434498344937812,-0.9143169765079935,0.10306830561740525,0.08566355675617768,-0.6798228941441095,0.22424832064995748,0.5677176197665577,
Adrien Truffert,Lateral izquierdo,1.6418537082753488,-0.36766894027390934,-0.046217431607587484,0.8176356081949807,1.0915539630768432,0.59181951836039,0.4513849995146227,0.3900298114428561,
Gabriel Gudmundsson,Lateral izquierdo,-1.758525591237887,3.2389077162427036,0.6942595814850709,-3.6317599822404434,-3.2659606061802613,2.243025087030591,1.8312483304996108,2.2201839079450196,
Alex Murphy,Lateral izquierdo,-3.671363567431745,-2.342385535243866,0.6316971356676451,-0.6244805748957578,1.4765332412015206,0.3719319642552914,0.07206350899618334,0.17018909770487023,
Neco Williams,Lateral izquierdo,2.9580462957169207,1.2210524332993085,-0.9146212055203571,-0.07932410024673694,-0.7458391751931851,-0.47727880945462087,-0.699271325286167,0.9539679267713973,
Sam Byram,Lateral izquierdo,-3.1871060789491623,-0.4422655052733613,-0.23976953270541718,-0.4240078536632207,0.4696700176539674,-2.6404078784537157,1.0687875678350143,0.32108674218778177,
Luke Shaw,Lateral izquierdo,0.4711414510514946,-0.49586113991551145,-0.24911352210736512,-1.2823779998584175,2.574340310822829,0.09933829443624645,0.7907983283371194,-0.2809423962164941,
Jorge Montes,Lateral izquierdo,-3.281795780755453,-0.6781397991576983,-0.7720548948361549,0.5689651284283771,0.35118394923996543,-0.6722787497042387,0.8407629517003821,1.8908773711149145,
Javi Galán,Lateral izquierdo,-2.8262010869871204,0.29402679685806127,-0.5133599271140284,0.3450059311072232,-1.500830986801334,-2.1435516173470024,2.1134346794654433,-0.6200972904464302,
Rahim Bonkano,Lateral izquierdo,-2.9130063288199346,-0.702325853108527,-0.32151906612175374,0.4643294838045683,-0.1848246177907133,-1.1024093799861658,0.9873620697461003,0.7344899206549959,
Javi López,Lateral izquierdo,-1.6334840019104626,2.1051342648784828,0.6544524386395046,-0.144689209052095,-0.5366889178712444,-0.9644356879046744,0.5314309639252777,0.004661905300975383,
Alfonso Pedraza,Lateral izquierdo,2.950501264144526,1.6811517339718145,-0.20669987480522475,1.0982571896899256,1.0621549290835997,-0.5829728123866603,1.593167000697733,-0.06768662112007764,
Léo Pétrot,Lateral izquierdo,-2.941656975656153,0.33245473025042827,0.7338036411210258,-1.4030369203287674,0.2625163212816986,-1.4291547734822785,-0.21917273915639918,0.9555404945710002,
Omar Falah,Lateral izquierdo,-3.77934682991916,-3.2805423381544703,1.2019685202532764,-0.8854769717493962,0.12495201902804319,0.16560384903461503,-0.43408422459454576,-0.36513605279551464,
Joaquín Martínez Gauna,Lateral izquierdo,4.598794714997482,-1.0102080836216631,-0.2537753788437836,1.2987426177004684,-1.675817496533351,-0.5706907296845345,-0.24948738613029237,0.06942618311274425,
Manuel Serrano,Lateral izquierdo,-3.77934682991916,-3.2805423381544703,1.2019685202532764,-0.8854769717493962,0.12495201902804319,0.16560384903461503,-0.43408422459454576,-0.36513605279551464,
Alfonso Espino,Lateral izquierdo,3.2882640264578264,0.8603699177474882,-2.31114686424838,-0.8559866786068786,-0.5792487733109967,-1.6869631839274368,0.3399872812219959,-0.6120516199250718,
Ricardo Rodríguez,Lateral izquierdo,-2.8461368053621245,-2.3883793430823337,1.610176624510904,0.23379129076403543,0.3361399541536888,0.27803675581053855,-0.12974417765195023,-0.19943984119227712,
Youssef Lekhedim,Lateral izquierdo,-0.9276975305568086,1.281638394658681,-0.22213642196920128,0.4699312916291625,0.23172783308155848,1.4021125659912896,-1.2314823131483135,-1.3120418712951316,
Jairo Izquierdo,Lateral izquierdo,-3.4847136198010125,-2.9737967864852943,0.5082127722913754,0.39585997861000655,-1.0712124695115646,0.536951640321368,-0.1225269573673949,0.9291464522639632,
Abel Bretones,Lateral izquierdo,2.318113839527274,0.08660544867339921,1.8653158018956628,-1.3484658826000444,0.29316246109314564,-0.0023847098428921906,-0.24385085993828806,-0.67721809541533,
Toni Lato,Lateral izquierdo,-1.4921595665702945,0.48332993968277316,1.6752008864031152,1.8481854144564478,1.4934615987094337,1.164030301828013,0.5421859724491428,0.3246411578895672,
Diego Pampín,Lateral izquierdo,-2.936896315926405,0.7963820751013431,-0.00350771927909261,-0.7529393536440249,0.7195532287284132,0.49448874944140603,0.3188993800066356,-1.4514432191232673,
Juan Cruz Armada,Lateral izquierdo,-3.5021919888860396,-1.629523033620327,0.952949943041489,-1.0051724177015777,1.003692280421729,0.6923615185416132,-0.3930914079857321,-0.7355450954463164,
Mihailo Ristić,Lateral izquierdo,-3.462029255980266,-2.444255880272935,0.725093363424754,-0.6975686426102089,-0.20196145814819472,0.20086350585422774,-0.16743199549263357,-0.6604618611687911,
José Salinas,Lateral izquierdo,-2.864365888938899,1.555639201307731,-0.6867052285948918,-1.883372386065042,-0.32472542779524227,3.730069844604014,3.0103750015604955,-1.4144646744996205,
Julio Diaz,Lateral izquierdo,-0.3965123099082295,1.5603574570798,2.5582085596880684,2.0540291678322666,1.0712516796671856,-0.02372814505679311,0.9895574982449737,-1.5301425080097297,
Ferland Mendy,Lateral izquierdo,-3.6611448694688775,-2.068367874063784,0.7778883103514687,-0.8547790830571541,0.7354413528024888,-0.01091483204671828,0.1881173367126609,-0.64005447853903,
Jesus Vazquez,Lateral izquierdo,-1.8741437838182797,0.3493348045929438,-0.9464184078892361,-0.6895166355549033,-0.8305838417806632,-0.7543105712266039,-0.9455638349084475,-1.3523007667454487,
Adrià Pedrosa,Lateral izquierdo,2.9118360085951274,0.8421761502298227,-0.8279706640243211,0.25228083915210714,1.462939647016786,-0.14027388941867194,0.33648416753691646,0.557859868016049,
Jofre Torrents,Lateral izquierdo,-3.3223059128427694,-2.204201906243901,-0.4951358835417695,0.8631147308844365,-0.4325790792818822,-0.20367030008878648,0.4015793768890145,2.6313085161972185,
Davinchi,Lateral izquierdo,-1.6357489065996036,1.040972888997051,-2.130290893238385,-0.5694272355546461,1.505484091965322,0.3497465269281904,-1.3394905541303792,0.35480247305477997,
Adama Boiro,Lateral izquierdo,-3.125851452950574,-0.27737708237625147,-0.43789404702294155,0.08216848429685639,0.6329306167244092,0.13974361705854169,1.1430216692558328,0.2361770547100245,
Junior Firpo,Lateral izquierdo,-1.416459494819674,1.1390878603761243,0.7677020932871936,1.3016559148922333,0.8959272398117809,-0.40071286696266073,0.7652341076889598,-0.17791271987534735,
Luis Orejuela,Lateral izquierdo,-2.8397884724006808,-0.5681936076865217,-0.15338423779102803,-0.5554520542074871,-0.939816954431847,0.005015795972138357,0.07615046086343816,-1.5674884395714597,
Fran Garcia,Lateral izquierdo,3.391345274433641,0.9044861195920199,3.4280951074018806,-3.10425876851134,-1.6648280628985996,-0.4510888245469176,-0.0033746083752247877,1.6801148725719501,
Aihen Muñoz,Lateral izquierdo,2.155125068976869,-2.3913248203522603,-1.021830165335793,-1.2575127393865906,1.0590430104143291,-0.2871109180202619,-0.06566518018038316,1.271285914732249,
Álvaro Carreras,Lateral izquierdo,3.0675245478767392,-0.009632981616746653,1.7491962383962492,-1.332797206810909,0.6310911626280881,-0.9539820857847101,1.112285037882298,-0.7858834872683526,
Carlos Romero,Lateral izquierdo,3.932092900752458,-0.8918680082987145,-0.5346398848092547,-0.13677257600532494,1.3563897870133783,-0.23434690890859264,-0.09962231584121385,0.7515585194837168,
Sergi Cardona,Lateral izquierdo,2.7916083958748854,0.807511462815652,-0.10524909511379352,1.1286999494513343,1.1205436151798818,0.28669925080147424,0.4838593502236677,0.05494024404194004,
Alejandro Balde,Lateral izquierdo,-1.3813901337354009,-0.6130685870621562,1.226824485430251,0.8827879605776683,-1.2207454360453258,-0.6848382292145367,0.1768778524003581,-1.3417200958453144,
José Luis Gayà,Lateral izquierdo,1.4760075742829326,0.5402158935346998,0.6061423189287942,-0.7929213523520836,0.4524420394089982,-1.0888031351347434,0.6276722235479534,1.202481652518538,
Manu Sánchez,Lateral izquierdo,1.128646969008429,-0.03964079130947292,-0.5128005028695799,-0.30380460369673207,1.7853325282949164,-0.31695252018616255,0.6811516006873047,0.382865484740245,
Gabriel Suazo,Lateral izquierdo,-0.7770858136052843,1.7370373072230023,-0.6792601669444484,1.503105923550344,1.2758224818457853,0.148109653743203,0.2666869559341178,0.6181979588822952,
Victor Parada,Lateral izquierdo,-0.5559085034209094,2.3758640887754807,4.338421789642812,-2.1399315572863498,-1.2883280630965455,0.09278431284102279,-1.6017040905929858,0.2678457904722611,
Johan Mojica,Lateral izquierdo,-0.797962033482302,1.0929532156619721,1.6360333789899753,1.0154804431937279,-0.8813544435506114,0.21615195391289346,-0.39249993379921744,0.29094145784034936,
Yuri Berchiche,Lateral izquierdo,0.019115517081451813,0.6442633287208577,1.0728399467540126,1.8080407091063806,-0.22492599858928236,0.4787372954605088,-0.5420515796051415,-1.0917682164314781,
Álex Moreno,Lateral izquierdo,-0.46252768526832627,0.6852072280198246,0.28620133882393944,1.061784635259382,-0.21194399627068622,-0.350542290464013,-0.626605897126248,-1.028020205904331,
Sergio Gómez,Lateral izquierdo,-0.6464585684205764,1.8764208014951476,1.8049085932479134,2.0534395225683326,0.2921569919623093,-0.6789682974643186,0.6367439706948956,1.8425123685817595,
Matteo Ruggeri,Lateral izquierdo,-0.44936757645257536,0.5952854443696797,0.5266843761991545,1.8326176850936635,0.9872853556852067,0.8344329787036162,-0.5100119406287398,0.19374278002522644,
Diego Rico,Lateral izquierdo,-2.274174200358554,1.4957284210920614,-1.4670722775726106,0.18936759569265887,0.3116013369114604,-0.2836148593521696,0.9055818560120589,-0.05176703332042023,
Pep Chavarría,Lateral izquierdo,1.2329742618375634,1.773566377324192,2.769844560426052,-2.678178612152797,-1.0160188964305648,-0.5247133582274871,0.47733716832971207,1.6051909720051498,
Luís Balbo,Lateral izquierdo,-3.267421036075509,-0.8207866361932654,-0.29590509113179697,-0.050803180379780766,-0.47077918570247745,-0.75004653936563,1.4246869587793143,0.050658124853484116,
Emanuele Valeri,Lateral izquierdo,-1.0040178743878692,-0.3031827537028744,-0.45463427250426697,1.5561373299771157,-1.7791378424474455,0.022651293805589324,-0.5734255240255407,0.31395827248632957,
Riyad Idrissi,Lateral izquierdo,4.212069769043922,-0.18920403658660692,-1.4687672873619886,-1.0299228714717792,1.3609976152125394,-0.4490279404804601,-0.10320651087359627,0.16523758465795016,
Aarón Martín,Lateral izquierdo,2.588099248740477,-0.7226885825235175,0.7052503644012732,1.395421951778554,-0.29608382706283476,0.5851278198160902,0.6259813001043409,-0.20114814362287664,
Antonino Gallo,Lateral izquierdo,-1.576145349932708,-1.6975846788671936,1.3660627592024515,1.7281096848382647,-0.17254053064871405,0.9277479130217214,-0.31916303452902756,0.7327452935084291,
Federico Dimarco,Lateral izquierdo,4.979391072930416,-0.23929938719428256,-0.12590422014176975,1.3172559350782487,-0.5864244157497369,-0.15873918810390236,-0.31979442434705474,-0.038389612341138656,
Juan Miranda,Lateral izquierdo,1.9717094395541668,0.10296666979677195,-0.27319716427710466,0.8405197396327266,-0.10696849072318536,0.15945752188806495,0.8024154902639239,-0.25719168970143147,
Mathias Løvik,Lateral izquierdo,-2.6996725603516447,-0.7043874483792745,-0.9290771468839956,0.5615971193299786,-0.3276981576379786,-1.6059989354491093,0.6531136846614432,1.4743060950557845,
Giuseppe Pezzella,Lateral izquierdo,-2.0247614716549815,1.9082050987495003,1.152986829643631,-0.06699823635575644,-1.0908442804805907,-1.3507402555578225,0.9081347846875106,-0.17560496593432587,
Niels Nkounkou,Lateral izquierdo,0.8359581758917418,2.3187609095093973,-0.15449084977232197,2.8326086629184886,1.3160123892500724,1.6728967131012449,-0.9660923538044368,1.0568696401055346,
Juan David Cabal,Lateral izquierdo,4.876546022712964,-0.10196641223563799,-1.147974538804166,-1.275379582875652,1.7371825958394236,-1.2129540675012116,-0.32844427246096464,-0.05936445266342789,
Angeliño,Lateral izquierdo,-1.1374482739635354,0.8110338286461041,-2.3377389598280973,-0.3540407513095004,0.219606385833498,0.9859385007163528,-2.405583204537374,0.35969674826726056,
Adam Obert,Lateral izquierdo,-1.0438092060610762,2.6531776176690163,3.1122608744278213,-1.8637849219127796,0.8146761103996815,1.1618861551188862,-1.2024890640026893,1.674518648685595,
Andrea Cambiaso,Lateral izquierdo,3.908032322798389,-0.29519771527072713,-0.2693428052632441,-1.2964439005188568,-1.8106424549748306,3.0119215858035844,1.1295806351474724,1.392948142603683,
Kostas Tsimikas,Lateral izquierdo,-2.3735967089690506,0.6957262514883811,-0.8633382321644294,0.3540421121714814,-1.190188350787656,-0.5793146883524362,0.4479281909714793,-0.501591865175544,
Babis Lykogiannis,Lateral izquierdo,0.12350924476468872,1.116068120593564,-0.40561684579507695,1.8771070345796044,0.5930036530236503,1.5817305824698773,-1.9245067678064283,0.8650316328375296,
Latif Ouedraogo,Lateral izquierdo,-3.006628758114646,1.0760681881024348,-1.2115174596647387,0.6099522495588288,0.42677593175919604,-0.6033696865493677,2.2584605628884673,0.467992208588683,
Corrie Ndaba,Lateral izquierdo,-3.5818214694984443,-2.8440573753428255,0.7854339842349775,-0.7295486771994316,0.21705323693007117,0.12319668440162769,-0.5361921657955908,-0.033784596728717024,
Niccolò Fortini,Lateral izquierdo,-1.4235675207601661,-0.02533664871843295,-2.2775367740751244,0.3176507676497611,-1.9884602953982464,0.13825060787180204,-1.0618402896645895,0.216606240090587,
Cristiano Biraghi,Lateral izquierdo,-3.0309771723732126,-0.260733858298131,-0.6333340901460289,0.4376024268303974,-0.792069346576452,-0.3430744364357394,1.0310573115259078,0.2761872458968024,
Davide Bartesaghi,Lateral izquierdo,1.8795206667293691,-1.4954275204780048,-2.1994579427328174,-1.5968007119038352,-2.17078456307819,2.2126389940297995,1.8471080985614294,1.3462303006340963,
Franco Carboni,Lateral izquierdo,-3.519706674548633,-0.7272154658150297,0.02476044510245485,-0.44057366958668426,1.819287230134146,-0.1095461041720437,0.636956173971028,0.10843765648243067,
Martin Frese,Lateral izquierdo,2.3721026725020846,1.153500725548775,-3.1205576746522605,-2.2254842441111053,-0.16922015945525626,2.1526406114961327,2.0393851804650818,0.45355895518731854,
Pervis Estupiñán,Lateral izquierdo,2.7459807110424657,0.7790029591306109,1.9179998492874226,-1.763520332793442,0.6847296408221413,-1.4716538389743996,0.4528680659205302,-0.4597671149285907,
Fabiano Parisi,Lateral izquierdo,2.35176191951233,0.4211568510227993,-1.1859261321236965,-1.6863143296094927,-1.5802985035384567,3.7027453600036577,1.4461912563629604,-1.3262422347267648,
Alberto Moreno,Lateral izquierdo,3.9543660545285877,-0.5312024377593526,0.14194331643608143,-0.842725864991855,0.1687559094196328,-0.6663072512453891,0.0911866927056117,-1.5156246708607883,
Álex Valle,Lateral izquierdo,2.078548509823461,-0.26733712727566383,1.0504933845827893,0.4520000547943291,1.731881040734306,-0.3987943042199937,1.3567990733171356,-0.2374340877361649,
Leonardo Spinazzola,Lateral izquierdo,3.9583949978039907,-2.624181287086146,0.832597607305139,0.2331074856809699,-0.7636679132661056,0.24896862462269062,-0.8480929597787439,-0.3273300508798452,
Josh Doig,Lateral izquierdo,-1.9998761503669307,-0.2079096098297161,-0.9819874147626846,-0.8214438272842634,0.3906880822888178,0.904016829548508,-1.2056343301753432,-0.9849753918426913,
Mathías Olivera,Lateral izquierdo,-1.977330882686032,0.2652677920325941,-1.4460152144597036,-0.9105376803600151,1.319572011545714,0.34504799868396213,-1.14570936793674,-0.3434717495422195,
Domagoj Bradarić,Lateral izquierdo,-0.8650721221916581,-1.1995587215779884,-0.6649751972068814,0.8783673120087603,-1.6195716637755924,0.49324751877111017,-1.7667858527052889,0.09120353820272159,
Miguel Gutiérrez,Lateral izquierdo,2.163469921309429,-0.7441685589357255,-0.8525338386479796,-0.18519452774711828,-1.0064458689917604,-0.6549113095198458,0.06715979066477709,-0.6714915919159019,
Hassane Kamara,Lateral izquierdo,-0.5365104131342785,0.24231950933364815,-0.2226939343645364,1.2086854066791886,0.4701914983220156,1.6192655562592342,-1.6262856524072482,0.11047491502583134,
Robin Gosens,Lateral izquierdo,3.6452446105356704,-0.7720455017887985,-0.42782510159859866,-0.9489563332074276,0.19379907127737672,-0.748312752982143,0.2907730846300145,-1.4459907469295625,
Luca Pellegrini,Lateral izquierdo,1.5878851856172955,0.0413470783210715,-1.412008213013905,-1.7646169083731427,1.6971683062850615,0.7116905797759348,-0.295881031396476,-0.9739194071206722,
Nuno Tavares,Lateral izquierdo,-1.7367588605492945,1.956075234817421,-1.6594590770280608,0.46031645953010136,-1.1033158853155522,-0.9301535637296481,0.44292183834866977,-0.3138096156883953,
Rafel Obrador,Lateral izquierdo,3.3184397953978912,-2.3249369159211954,1.4393105772658525,1.0818045164080596,0.10787658162574841,0.33894616198263067,0.3568134164249358,0.3087477382264141,
Matteo Cocchi,Lateral izquierdo,-3.77934682991916,-3.2805423381544703,1.2019685202532764,-0.8854769717493962,0.12495201902804319,0.16560384903461503,-0.43408422459454576,-0.36513605279551464,
Jordan Zemura,Lateral izquierdo,-1.2557170825956163,1.2443328722038844,0.23475221787949935,0.9049176273136272,-0.03640265735615586,-0.6362559491787143,0.37711480549414994,-0.8110623188230456,
Carlos Augusto,Lateral izquierdo,1.6332985327014633,0.002404003667964982,-0.7607463095505258,-0.8919421113762646,1.322814981288628,0.6692383138813144,-1.0007314444449893,-0.5731017986503042,
Dimitris Giannoulis,Lateral izquierdo,4.37478681490821,-0.33801688249506173,0.5986504673548493,0.8868736277072028,0.12799924132430898,0.35951313592739453,0.3279733990878715,-0.7106505208849883,
Nathaniel Brown,Lateral izquierdo,4.1123745558222655,-1.018581172745319,-0.0450208811338773,-0.11008127628319783,0.9734899956596132,-0.27334715790938013,0.46152206560547054,-0.21920758645109809,
Alphonso Davies,Lateral izquierdo,3.8668228149025934,-2.3404252591374357,1.8842642712042836,-0.026861850933195347,1.0192436380560246,0.5997411273039458,0.25208931472781293,-0.6116396494906022,
Daniel Svensson,Lateral izquierdo,2.397090961436186,-1.896223440462816,0.10575309874065743,0.020336612522049973,-0.20486359946284352,-0.4619316892926253,0.9534830187539941,0.013895906597760828,
Max Finkgräfe,Lateral izquierdo,4.886751893043944,-0.34041268073675257,-0.5836811963501793,1.00636970978893,1.6276769650630551,1.181295985383835,0.05376918586523383,1.5466903824851055,
Derrick Köhn,Lateral izquierdo,0.5323160849229664,1.8655152927983178,0.5606679243255538,0.3369012664280783,-1.7676828855423787,-0.762484871896892,-1.339162714394323,0.3174214715534507,
Deniz Ofli,Lateral izquierdo,-3.77934682991916,-3.2805423381544703,1.2019685202532764,-0.8854769717493962,0.12495201902804319,0.16560384903461503,-0.43408422459454576,-0.36513605279551464,
Aaron Zehnter,Lateral izquierdo,2.3457819471174166,-3.5357582075990446,-0.4870360116667257,-1.61279278437186,0.7397040211586026,0.4124687870146312,-1.0180180982548368,0.19612093542051842,
Leart Paqarada,Lateral izquierdo,-3.77934682991916,-3.2805423381544703,1.2019685202532764,-0.8854769717493962,0.12495201902804319,0.16560384903461503,-0.43408422459454576,-0.36513605279551464,
David Raum,Lateral izquierdo,3.920337720544217,0.1787412475983659,0.07820945034314232,1.658142307879968,0.15102366041040674,-0.01114606174125076,0.07316213310418287,0.5259519146711188,
Louis Oppie,Lateral izquierdo,1.2451298383443745,-1.7470738467886984,-1.1684457284091996,-0.838529696595191,-1.2738857990772454,-1.441445747139597,0.14822578142710105,-0.026273096635781205,
Mads Pedersen,Lateral izquierdo,-2.267793239048694,0.4383046876287592,-0.8577739322746252,0.26677663492473025,-2.468879524898285,-1.7528820482696896,0.5174657221822057,-0.9799236879960432,
Christian Günter,Lateral izquierdo,-0.9657936703932278,-0.728526341339256,1.9963814325086982,2.256541336802976,-0.9493947731626381,-0.06521954547955071,0.008163029982576975,-0.02317381301442114,
Álex Grimaldo,Lateral izquierdo,4.79520368128648,-0.8295545317327534,0.19808564862330547,1.29494358986459,-1.7120747604442306,0.030618363153876855,-0.6691894569682181,-0.44776038856983624,
Jordy Makengo,Lateral izquierdo,-2.157580206974935,-0.9068981996359318,1.3948319603412969,1.0846694673021278,-0.04556122940401031,-0.45220134935926504,0.8889965023019439,-0.3865947898043339,
Kristoffer Lund,Lateral izquierdo,-1.000678128870498,0.03714105475703692,-0.02132671908667523,1.416628519612899,-1.4143934532200901,-0.11528062594050552,-0.036231814320952176,-0.42850071441496956,
Olivier Deman,Lateral izquierdo,3.3395540054809816,0.46950310168956916,-0.27683293222618216,0.8859670896047271,0.17949767701516572,-0.896175982512526,0.7629513397525582,0.28056735440408626,
Felix Agu,Lateral izquierdo,-1.6952435843382818,1.0571583157351567,-1.752323061235017,-0.22604665530008164,-0.1666464825627944,-1.3792635578094496,0.6617583674219281,-0.766308000189063,
Joakim Mæhle,Lateral izquierdo,2.561344521772687,-1.402402256480952,0.27034120787805055,0.49436748190237734,1.7121684194977305,0.3271575067659997,-0.23037654131200552,1.1329686323089407,
Raphaël Guerreiro,Lateral izquierdo,4.950316890062198,-3.217002614207322,1.069856829855417,-0.28395527320643255,-0.17281681250248984,-0.229171088740168,-1.3148716102566465,-0.6013625569153306,
Tom Rothe,Lateral izquierdo,3.492151527247203,-0.07895359101316178,-0.6024474352278426,-1.621864838580875,0.10573542689345683,-1.4063533029223334,-0.5904165895767051,1.8580113039398893,
Almugera Kabar,Lateral izquierdo,-2.610471048226826,-1.7616742074077072,-1.2858659799478631,0.918987796178253,-1.242739474283368,-0.08431033538313178,-1.0067333048789968,2.8016577742377513,
Lars Ritzka,Lateral izquierdo,-2.3288155818677287,-0.061475962584341175,-1.3336621757130378,-0.11946428474091886,0.8139626222369365,-1.2883376681365244,0.0887467243531325,0.9109942557319464,
Phillipp Mwene,Lateral izquierdo,1.6700099060535842,-0.8698894468789451,0.8023171978432788,-0.018620639546331152,-0.4205907617527112,-0.6108640163102258,1.4935029765496597,-1.1338143298705499,
Maximilian Mittelstädt,Lateral izquierdo,4.273751160072277,0.03975211078878906,-1.0399623213832003,1.4801177715639122,-0.1515207911095364,0.3994141183629083,-0.44479054624010694,0.883064568686126,
Luca Netz,Lateral izquierdo,-1.5092542200968335,-1.41971971441785,2.4391020371260113,1.8902013399086806,0.7622233981127448,0.9129451614827929,0.020429133172430943,0.26347621308432045,
Hannes Behrens,Lateral izquierdo,3.283967637220321,-0.8643749627661329,-1.0002929359428838,-0.12960846623477157,-1.954556219276931,3.218151733234756,2.8596411233651033,0.4704518211394513,
Miro Muheim,Lateral izquierdo,0.450823752670725,2.8440295494446546,0.4456916728430355,1.1672633376155077,-0.985800115458368,0.5254490808075838,-1.0513696679759963,0.10057943791707398,
Isaac Schmidt,Lateral izquierdo,2.709622970829964,-0.9814048562238505,-1.037179586316868,-1.8644375896368952,2.790503246084448,0.22634235617114543,-0.10826700994170659,0.1408043686225899,
Lukas Ullrich,Lateral izquierdo,-2.125508745632178,0.5954559828813267,-1.3830035395179106,-0.19597244727566432,0.41747646324119375,-0.28670590822977304,-0.29001882487925035,-0.0669324154842558,
Bernardo,Lateral izquierdo,-2.929592582162066,1.3204737818204368,-0.6325438553237346,-0.6075327089448523,2.40624524511867,-0.6546866888837723,0.6890285589112186,0.0792631454509771,
Jonas Föhrenbach,Lateral izquierdo,0.8937426356119432,-1.896860576372204,0.21448626657337386,-0.5200180242718122,1.2281813730729216,-0.2957505303122893,1.6113389037787798,0.5811631317178896,
Justin Bourgault,Lateral izquierdo,-2.9756688125810755,-1.9260501597568374,-0.11421219426468486,-0.6357078698144011,0.7115779614801416,0.4783628610106456,-1.3583278560273708,0.2611604605475629,
Dan Sinaté,Lateral izquierdo,-2.9751412940348754,-2.744314793323226,0.1915768432901189,-0.4010881537953933,-1.0878298916044937,0.4154708917786985,-1.7299356228955205,0.2270711427133552,
Matthieu Udol,Lateral izquierdo,2.799887288522433,-0.4530943735818389,0.1356724644906137,1.2773033719204538,-0.1358226598359427,0.8443933716056277,-1.169474164015033,-0.4834036528836981,
Emerson Palmieri,Lateral izquierdo,-0.6796877001841134,0.37590525374827755,0.12832151299772485,2.3689351996769377,-0.13789603508675916,0.3138026214241109,0.03900443239624342,1.1095248541914218,
Ali Abdi,Lateral izquierdo,3.9660184694001064,1.9746676267732772,2.6275923037184072,-4.43385330134209,-0.9298151951243572,-0.5357404948106964,-0.39254861795136564,0.6664400816657946,
Thibault De Smet,Lateral izquierdo,-1.7612199503852477,2.493848051625952,4.540144451218684,-2.387591250156802,-1.1219201480736378,0.1629279798259481,-0.3069579413786592,1.1688624256560924,
Florent Hanin,Lateral izquierdo,-3.262358240517895,-1.1258184463351018,-0.11225832458059888,-0.05102292785490642,0.33966111909437097,0.12177206082446831,0.6414940272308447,0.11253608636608099,
Romain Perraud,Lateral izquierdo,4.291203226185725,0.5811688680448301,0.4648832709174527,0.2022528044657139,-1.292032268274233,-0.12347563500718262,-0.6061036936194508,0.5596163451106411,
Fodé Ballo-Touré,Lateral izquierdo,-2.141414688152766,1.2452559898189393,-1.1418730291810382,-0.5416853067455607,-0.29274120423663613,-1.0155579707706783,0.4238653103929283,-1.1390367916541724,
Jacques Ekomie,Lateral izquierdo,-1.9520550116723143,1.0657656551153927,-1.4497514232057473,-0.0586892251866617,-0.41728523813168583,-1.2166709140115002,0.6025304459408526,-0.6758313118568183,
Deiver Machado,Lateral izquierdo,-0.7175192735877983,2.063027620918874,-0.03152331104100429,1.0973901146239102,-0.5582470565009653,-1.248657011628927,0.6751117903191329,-1.3237246070727644,
Abner,Lateral izquierdo,3.539292842296612,-1.2154831915635274,1.109205764070742,-1.5096679540914555,0.31237656587525453,-0.18502545400101514,-1.1615236672725395,0.6028761319148898,
Kassoum Ouattara,Lateral izquierdo,0.16236978424501083,2.690994666041443,0.7538011417003497,3.039302324231864,0.961310028906579,0.22685519451439345,0.6531472238030908,0.5277309878892924,
Ulisses Garcia,Lateral izquierdo,-1.2466131743958904,1.7437097547793077,-0.3375391587350984,-2.653024423753149,-0.15555960508131134,0.42743363938083173,-2.9845323334498666,-1.2706619668515717,
Fredrik Oppegard,Lateral izquierdo,-1.9287385329430946,0.3275994442730735,-0.5519279117839951,-0.5717246759353081,-1.3387848809834393,-1.1833088067223818,-1.006861956520349,1.9797013532162833,
Ben Chilwell,Lateral izquierdo,-0.3141240041312639,0.8720664081825455,0.26283066276537964,0.9051703505249182,-0.030786105585895267,0.06672639005339154,-0.22380066976862575,-1.7052581352125395,
Lucas Hernández,Lateral izquierdo,-0.6016336238542261,0.5269931434169537,1.1832142998699844,0.841165343176676,0.9845770596028673,1.2531727034447742,-0.8051884084909412,-1.7052859248598802,
Nhoa Sangui,Lateral izquierdo,-2.696631632460651,-1.4343555446505563,-0.23625531136453098,-0.33076469869595615,-0.5477054293483352,-0.4580898690198565,0.16974072450309782,-0.650391240697132,
Daouda Guindo,Lateral izquierdo,2.028864970636855,1.7270557063072154,-0.2869907405973305,-1.2519125668103734,0.7152236313895589,-1.46619216817032,-0.26540995244156657,0.8305296751149635,
Darlin Yongwa,Lateral izquierdo,-0.9775280318741689,2.0781241533085533,0.520673037206175,-0.11432619299946827,-0.7110731185104628,-0.3983294477081695,-0.6038651081733452,0.40638784563433766,
Nicolás Tagliafico,Lateral izquierdo,0.22989134106709097,4.550300237141041,4.275464510018596,-1.4109750025889911,-1.1028051404669108,-0.046449571682085335,-0.7111908545201464,0.20469281440420345,
Dayann Methalie,Lateral izquierdo,2.9141293866157714,0.4348233316859606,-0.9345298931757126,-1.1137948640433741,2.190002802874264,-0.0002416972061250334,-0.25995821169150024,-0.5201726922215305,
Bradley Locko,Lateral izquierdo,-0.4537121682185425,0.015104499012056155,0.3135647962384933,1.8369576773903642,-0.7043316434149707,-0.6421504335991706,0.5260848467780589,-0.23598125608915732,
Nuno Mendes,Lateral izquierdo,5.036324159586046,-0.1915935322873159,-0.3971457014850594,1.1457450240673466,-1.0403049830656264,-0.611716207533706,-0.10456141850428893,-0.4647310067252627,
Mahamadou Nagida,Lateral izquierdo,-1.429007022383295,1.9413626603387768,-2.26550554358151,-0.5798192014726431,0.8144198696561217,0.4396863712013438,-1.090246455433262,-0.6605239083281524,
Quentin Merlin,Lateral izquierdo,2.6131495464612944,-0.2939325537157681,-0.1410095040810139,1.7614880188389777,-1.1209774616271837,-0.45007890783841087,0.28717144599551675,0.4584834420991621,
Enzo Koffi Vinette,Lateral izquierdo,-0.385760408326475,3.613562067209162,-3.509749748639447,0.31159463110387914,-0.3690257409362991,-0.5742070858824164,-0.40626857241339415,-0.38103131619715563,
Tuomas Ollila,Lateral izquierdo,-1.3818238676742571,0.1539227723290817,-1.555138278438208,-0.22141098143115812,-2.0952093645731464,-0.8779886221652001,-0.7927745359186802,-1.5067780084704818,
Thomas Delaine,Lateral izquierdo,-2.501780957787251,0.3750595895270909,-0.7076265972898063,0.15082977377110565,0.3455855368849147,1.2743523289168015,-0.8493123613109883,0.2950065478914198,
Arsène Kouassi,Lateral izquierdo,3.744577990929961,-1.212598249305675,1.1222687472486181,0.9052157938461637,-1.0802267864142108,-0.3419709248998321,1.2071310738288175,-1.3970245502164158,
Arthur Masuaku,Lateral izquierdo,-1.5427982822315711,-0.3194885554327831,-1.4753900626743706,-0.7026364958303944,0.2794453036821665,1.1782268796862592,-2.154010923292313,-0.27219146588106935,
Gideon Mensah,Lateral izquierdo,-1.949513684014785,1.3422824543495686,0.7894433005430501,0.8672095639624186,0.9126498986100555,-0.0266430499922966,1.3333487346355963,-0.7941089205786592,
Yanis Zouaoui,Lateral izquierdo,-0.21739703224872708,0.7858806414638319,-1.6884711771479521,-0.17260943990830502,-1.7752393316454942,3.9488302899020287,1.6001454087994558,0.5390499210206352,
Calvin Verdonk,Lateral izquierdo,-2.0854827185692173,2.009089923674049,-0.41937279945934586,-1.3282151845394643,1.49761908218312,0.41124790337456346,-1.0174602486264843,1.1537026328835303,
Melvin Bard,Lateral izquierdo,2.351385508459229,-0.5138877218969153,-0.7587481667008953,-0.6016189685753757,0.7941285763153658,-0.6064981734582456,1.0607382660497195,-0.2928875315842999,
Jorge Salinas,Lateral izquierdo,0.5729414798105735,2.916286630322145,1.3808090400224906,0.9277000173803391,0.9523471429821156,0.00998741413264314,-1.0372567629936424,0.11110022933433676,
Mario García,Lateral izquierdo,-0.6631399207966286,1.7354076521357122,0.17920882555975368,-0.2161309486343049,-0.33010193081898104,-0.19092844965208153,-1.2013058876658629,0.3932315911099018,
