Player,grupo_posicional,similar_1,score_1,similar_2,score_2,similar_3,score_3,similar_4,score_4,similar_5,score_5,similar_6,score_6,similar_7,score_7,similar_8,score_8,similar_9,score_9,similar_10,score_10,similar_11,score_11,similar_12,score_12,similar_13,score_13,similar_14,score_14,similar_15,score_15
Anton Stach,Pivote,Danilo Cataldi,0.9475,Hakan Çalhanoğlu,0.9471,Joshua Kimmich,0.9059,Rolando Mandragora,0.8866,Aleksandar Pavlovic,0.8841,Nabil Bentaleb,0.8665,Gianluca Gaetano,0.8592,Robin Fellhauer,0.8557,Pierre Højbjerg,0.8472,Youssouf Fofana,0.8418,Wouter Burger,0.816,Ryan Gravenberch,0.8138,Vitinha,0.8118,Raúl,0.8087,Tyler Morton,0.7917
Manuel Ugarte,Pivote,Vinicius Souza,0.9306,Nicolas Fonseca,0.922,Geoffrey Kondogbia,0.9161,Yves Bissouma,0.9115,Oumar Ngom,0.9012,Carlos Baleba,0.8922,Roméo Lavia,0.8794,Mikel Vesga,0.8129,Orel Mangala,0.7852,Rabby Nzingoula,0.7765,Marius Marin,0.758,Senne Lynen,0.7378,Fodé Sylla,0.729,Jean Onana,0.7245,Mohamadou Kanté,0.7171
Tomáš Souček,Pivote,Raúl,0.914,Kristijan Jakić,0.8815,Rani Khedira,0.8347,Julian Niehues,0.8309,Casemiro,0.8195,Martín Zubimendi,0.8135,Lohann Doucet,0.8018,Lesley Ugochukwu,0.8012,Baptiste Santamaria,0.7812,Máximo Perrone,0.7743,Wouter Burger,0.7719,Aleksandar Pavlovic,0.7638,Charles Pickel,0.7582,Kervin Arriaga,0.752,Samu Costa,0.7472
João Palhinha,Pivote,Marc Bernal,0.9425,Ryan Gravenberch,0.9226,Ibrahim Sangaré,0.9031,Yannik Engelhardt,0.847,Abdoulaye Touré,0.8427,Max Oyedele,0.8385,Pierre Højbjerg,0.8249,Rolando Mandragora,0.8084,Aleksandar Pavlovic,0.8076,Omar Mascarell,0.8073,Moisés Caicedo,0.8031,Amadou Onana,0.7933,Marc Roca,0.789,Hakan Çalhanoğlu,0.783,Boubacar Kamara,0.78
Lamare Bogarde,Pivote,Dario Essugo,0.9494,Yannik Keitel,0.944,Elisha Owusu,0.9024,Yvan Neyou,0.899,Salis Abdul Samed,0.896,Sofyan Amrabat,0.8831,Kwon Hyeokkyu,0.8805,Marius Marin,0.8503,Roméo Lavia,0.8386,Vinicius Souza,0.8215,Balthazar Pierret,0.8142,Sota Kawasaki,0.7934,Mohamadou Kanté,0.7838,Marc Casado,0.7759,Carlos Baleba,0.7359
Florentino Luís,Pivote,Charles Vanhoutte,0.8462,Cheikh Niasse,0.8187,Luca Lipani,0.7667,Sota Kawasaki,0.6443,Jean Onana,0.6409,Lennard Maloney,0.6257,Tom Krauß,0.604,Ibrahima Sissoko,0.5978,Marius Marin,0.5893,Idrissa Sabaly,0.5828,Fodé Sylla,0.5571,Nicolas Fonseca,0.5515,Adrien Tameze,0.5505,Lucien Agoume,0.5351,Junior Mwanga,0.5276
Soungoutou Magassa,Pivote,Ethan Ampadu,0.8484,Moisés Caicedo,0.8435,Marc Bernal,0.817,Adama Camara,0.7898,João Palhinha,0.7735,Max Oyedele,0.7729,James Sands,0.7577,Yannik Engelhardt,0.753,Ylber Ramadani,0.725,Batista Mendy,0.7104,André,0.7051,Benjamin André,0.6979,Abdoulaye Touré,0.6875,Oussama El Azzouzi,0.6867,Maguette Gueye,0.6863
Casemiro,Pivote,Kervin Arriaga,0.9564,Lesley Ugochukwu,0.8499,Raúl,0.8486,Charles Pickel,0.8474,Wouter Burger,0.8428,Pierre Lees-Melou,0.8291,Tomáš Souček,0.8195,Eric Martel,0.8124,Tyler Morton,0.7561,Adam Wharton,0.7542,Moisés Caicedo,0.716,Samu Costa,0.7132,Axel Witsel,0.6958,Hakan Çalhanoğlu,0.6776,Tyler Adams,0.6739
Adam Wharton,Pivote,Pierre Lees-Melou,0.9475,Marten de Roon,0.8537,Kervin Arriaga,0.8037,Eric Martel,0.8013,Tyler Morton,0.7806,Axel Witsel,0.7762,Lesley Ugochukwu,0.756,Casemiro,0.7542,Ezequiél Fernández,0.7181,Idrissa Gana Gueye,0.7092,Charles Pickel,0.6778,Al-Musrati,0.6644,Robert Andrich,0.653,Wouter Burger,0.6083,Raúl,0.5821
Roméo Lavia,Pivote,Vinicius Souza,0.9483,Mikel Vesga,0.9086,Elisha Owusu,0.8796,Manuel Ugarte,0.8794,Carlos Baleba,0.8676,Sota Kawasaki,0.865,Marius Marin,0.8599,Nicolas Fonseca,0.8569,Lamare Bogarde,0.8386,Geoffrey Kondogbia,0.8363,Benjamin Stambouli,0.8323,Yannik Keitel,0.8287,Sofyan Amrabat,0.8256,Oumar Ngom,0.8243,Salis Abdul Samed,0.8234
Sandro Tonali,Pivote,Kristjan Asllani,0.7353,Nahuel Estévez,0.7009,Niklas Dorsch,0.6872,Hans Nicolussi Caviglia,0.6549,Maxime Lopez,0.6157,Teun Koopmeiners,0.5999,Hamidou Makalou,0.5889,Johann Lepenant,0.5831,Santiago Colombatto,0.5605,Tochukwu Nnadi,0.5562,Cheikh Niasse,0.556,Assane Dioussé,0.5313,Jacopo Grossi,0.5202,Freddie Potts,0.5072,Iker Muñoz,0.5066
Lesley Ugochukwu,Pivote,Charles Pickel,0.9232,Kervin Arriaga,0.908,Axel Witsel,0.9003,Casemiro,0.8499,Robert Andrich,0.8272,Eric Martel,0.8124,Tomáš Souček,0.8012,Marten de Roon,0.7865,Raúl,0.7689,Pierre Lees-Melou,0.7561,Adam Wharton,0.756,Tyler Morton,0.745,Idrissa Gana Gueye,0.6754,Nemanja Matić,0.6314,Wouter Burger,0.6105
Yves Bissouma,Pivote,Carlos Baleba,0.9194,Manuel Ugarte,0.9115,Geoffrey Kondogbia,0.9017,Oumar Ngom,0.8496,Vinicius Souza,0.8426,Orel Mangala,0.801,Nicolas Fonseca,0.7824,Mathys De Carvalho,0.7801,Bahmed Deuff,0.7701,Nicolas Höfler,0.755,Roméo Lavia,0.7487,Lucas Torró,0.7455,Malthe Hojholt,0.736,Mohamadou Kanté,0.7239,Assane Dioussé,0.7008
Vitaly Janelt,Pivote,Benjamin André,0.8728,James Garner,0.8567,Granit Xhaka,0.7933,Hakan Çalhanoğlu,0.7886,Danilo Cataldi,0.7685,Joshua Kimmich,0.7517,Antonio Blanco,0.7315,Gianluca Gaetano,0.7274,Nabil Bentaleb,0.7238,Anton Stach,0.7119,Samu Costa,0.7097,Robin Fellhauer,0.7077,Marc Bernal,0.7063,Angelo Stiller,0.704,Rolando Mandragora,0.6864
Rodri,Pivote,Amadou Onana,0.8191,Ibrahim Sulemana,0.7804,Morten Frendrup,0.7394,Stanislav Lobotka,0.7345,James Sands,0.6887,Marc Aguado,0.6413,Yannik Engelhardt,0.6262,Maguette Gueye,0.6102,Ylber Ramadani,0.6014,Billy Gilmour,0.5967,Max Oyedele,0.5812,Ryan Gravenberch,0.5663,Soungoutou Magassa,0.562,André,0.5614,Nemanja Matić,0.5611
Rodrigo Bentancur,Pivote,Lucien Agoume,0.8327,Omar Mascarell,0.7712,Rani Khedira,0.7595,Martín Zubimendi,0.7297,Tyler Adams,0.7146,Benjamin André,0.6788,Patrick Osterhage,0.661,Vitaly Janelt,0.6489,Jordan Henderson,0.6401,José Luis García Vayá,0.6276,Soungoutou Magassa,0.6268,Marc Bernal,0.6031,Kristijan Jakić,0.603,Julian Niehues,0.6028,Nikola Moro,0.6027
Tyler Adams,Pivote,Rani Khedira,0.9004,Kristijan Jakić,0.8869,Baptiste Santamaria,0.8799,Samu Costa,0.8787,Máximo Perrone,0.8659,Marc Bernal,0.8398,Mario Martín,0.8371,Benjamin André,0.8353,Ibrahim Sangaré,0.8107,Max Oyedele,0.8014,Yannik Engelhardt,0.7941,Omar Mascarell,0.7902,João Palhinha,0.751,Lohann Doucet,0.75,Antonio Blanco,0.7474
Jefferson Lerma,Pivote,Mandela Keita,0.7233,Sander Berge,0.7181,Jon Gorrotxategi,0.6402,Philipp Sander,0.6278,Nicolai Remberg,0.5751,Jack Hinshelwood,0.5712,Rômulo,0.5409,Denis Zakaria,0.5179,Lucas Torró,0.4949,Nicolas Seiwald,0.426,Luca Lipani,0.3767,Aladji Bamba,0.3672,Johann Lepenant,0.3131,Rafael Gonçalves,0.3047,Tochukwu Nnadi,0.3018
Jack Hinshelwood,Pivote,Rômulo,0.9839,Máximo Perrone,0.6871,Kristijan Jakić,0.6607,Denis Zakaria,0.6561,Mohamed Bamba,0.6486,Philipp Sander,0.6467,Youssouf Fofana,0.646,Jon Gorrotxategi,0.617,Baptiste Santamaria,0.6156,Tyler Adams,0.6152,Raúl,0.6103,Rani Khedira,0.5972,Martín Zubimendi,0.5957,Tomáš Souček,0.5905,Aleksandar Pavlovic,0.5885
Amadou Onana,Pivote,Ibrahim Sulemana,0.8716,Rodri,0.8191,Ryan Gravenberch,0.8152,Maguette Gueye,0.8038,João Palhinha,0.7933,Billy Gilmour,0.7739,Max Oyedele,0.7715,Marc Roca,0.7659,Nemanja Gudelj,0.7505,Abdoulaye Touré,0.7416,Lohann Doucet,0.7176,Yannik Engelhardt,0.7119,Aleksandar Pavlovic,0.6926,Batista Mendy,0.6909,Pierre Højbjerg,0.6735
Carlos Baleba,Pivote,Geoffrey Kondogbia,0.9635,Vinicius Souza,0.9265,Yves Bissouma,0.9194,Manuel Ugarte,0.8922,Roméo Lavia,0.8676,Nicolas Fonseca,0.8525,Sofyan Amrabat,0.8443,Salis Abdul Samed,0.8043,Federico Redondo,0.7874,Oumar Ngom,0.7848,Orel Mangala,0.7734,Malthe Hojholt,0.7664,Marius Marin,0.7558,Lucas Gourna-Douath,0.7492,Mohamadou Kanté,0.7458
Boubacar Kamara,Pivote,Yannik Engelhardt,0.85,Pierre Højbjerg,0.8369,Ryan Gravenberch,0.7999,João Palhinha,0.78,Rolando Mandragora,0.7611,Angelo Stiller,0.7542,Marc Bernal,0.7497,Baptiste Santamaria,0.7073,Máximo Perrone,0.7056,Nabil Bentaleb,0.7048,Gianluca Gaetano,0.6952,Stanislav Lobotka,0.6949,Aleksandar Pavlovic,0.6813,Ibrahim Sangaré,0.6761,Samuele Ricci,0.6662
Freddie Potts,Pivote,Tom Krauß,0.9238,Ilia Gruev,0.7716,Aljoscha Kemlein,0.7408,Johann Lepenant,0.7309,Nahuel Estévez,0.7275,Nicolas Seiwald,0.6991,Nicolò Rovella,0.6613,Niklas Dorsch,0.6371,Ardon Jashari,0.6299,Charles Vanhoutte,0.6266,Mikel Vesga,0.6263,Wataru Endo,0.6055,Cheikh Niasse,0.5915,Andrea Ghion,0.5795,Oriol Rey,0.5692
Idrissa Gana Gueye,Pivote,Tyler Morton,0.929,Angelo Stiller,0.8227,Nabil Bentaleb,0.8187,Joshua Kimmich,0.8083,Raúl,0.79,Vitinha,0.7786,Gianluca Gaetano,0.7768,Ryan Gravenberch,0.7691,Danilo Cataldi,0.7298,Pierre Højbjerg,0.728,Adam Wharton,0.7092,Aleksandar Pavlovic,0.6963,Anton Stach,0.6929,Rolando Mandragora,0.6905,Lesley Ugochukwu,0.6754
Ibrahim Sangaré,Pivote,Marc Bernal,0.9292,João Palhinha,0.9031,Omar Mascarell,0.8956,Máximo Perrone,0.8752,Max Oyedele,0.8739,Aleksandar Pavlovic,0.8403,Tyler Adams,0.8107,Kristijan Jakić,0.81,Ryan Gravenberch,0.7877,Rani Khedira,0.7777,Yannik Engelhardt,0.7726,Ibrahim Sulemana,0.7725,Martín Zubimendi,0.7593,Anton Stach,0.758,Lohann Doucet,0.7512
Jordan Henderson,Pivote,Robin Fellhauer,0.7638,Nikola Moro,0.7564,Baptiste Santamaria,0.7376,Patrick Osterhage,0.6872,Martín Zubimendi,0.6665,Máximo Perrone,0.659,Rodrigo Bentancur,0.6401,Kaishū Sano,0.6345,Granit Xhaka,0.63,Lucien Agoume,0.6249,Vitaly Janelt,0.6165,Kristijan Jakić,0.6152,Aleksandar Pavlovic,0.6151,Rani Khedira,0.6115,Angelo Stiller,0.5854
Guido Rodríguez,Pivote,Sofyan Amrabat,0.8652,Skelly Alvero,0.837,Salis Abdul Samed,0.8008,Kwon Hyeokkyu,0.7985,Daren Mosengo,0.7893,Lucas Gourna-Douath,0.7736,Adrien Tameze,0.7317,Yvan Neyou,0.7101,Lamare Bogarde,0.698,Oriol Rey,0.6732,Carlos Baleba,0.6599,Santiago Colombatto,0.6576,Marius Marin,0.6467,Roméo Lavia,0.6459,Yannik Keitel,0.6311
Ilia Gruev,Pivote,Nahuel Estévez,0.8677,Wataru Endo,0.8403,Aljoscha Kemlein,0.8396,Hans Nicolussi Caviglia,0.7771,Freddie Potts,0.7716,Niklas Dorsch,0.7374,Oriol Rey,0.7126,Matteo Prati,0.6978,Tom Krauß,0.6941,Ardon Jashari,0.6911,Charles Vanhoutte,0.6898,Cheikh Niasse,0.6095,Granit Xhaka,0.606,Nicolò Rovella,0.5831,Maxime Lopez,0.5793
Christian Nørgaard,Pivote,Nicolas Höfler,0.8418,Bahmed Deuff,0.7232,Orel Mangala,0.7143,Oumar Ngom,0.7005,Jean Onana,0.673,Marius Courcoul,0.6456,Idrissa Sabaly,0.6325,Pablo Rosario,0.6194,Sadik Fofana,0.6115,Mathys De Carvalho,0.6055,Nouhoum Kamissoko,0.5824,Malthe Hojholt,0.572,Yves Bissouma,0.5701,David Daiber,0.5651,Kristjan Asllani,0.5639
Jerome Abbey,Pivote,Leon Avdullahu,0.8634,Abdoulaye Camara,0.7596,Adrien Tameze,0.7578,Tim Schnitzer,0.7425,Ben Winterburn,0.7425,Everton Pereira,0.7279,Skelly Alvero,0.7005,Daren Mosengo,0.683,Thomas Partey,0.6669,Jesper Karlström,0.6599,Ibrahima Sissoko,0.6509,Senne Lynen,0.6446,Salis Abdul Samed,0.6414,Daniel Boloca,0.636,Kwon Hyeokkyu,0.6261
André,Pivote,Ylber Ramadani,0.7171,Soungoutou Magassa,0.7051,Morten Frendrup,0.6452,Ethan Ampadu,0.637,James Sands,0.5666,Rodri,0.5614,Max Oyedele,0.5457,Jesper Karlström,0.5396,Yannik Engelhardt,0.519,Adama Camara,0.51,Batista Mendy,0.4776,Marius Marin,0.4764,Marc Bernal,0.4588,Dario Essugo,0.4568,Oussama El Azzouzi,0.4495
Ethan Ampadu,Pivote,Soungoutou Magassa,0.8484,Ylber Ramadani,0.7823,Adama Camara,0.7562,James Sands,0.6995,André,0.637,Benjamin André,0.5994,Aurélien Tchouaméni,0.5953,Manuel Locatelli,0.58,Moisés Caicedo,0.5652,Rodrigo Bentancur,0.5329,Vitaly Janelt,0.5292,James Garner,0.528,Marc Bernal,0.5062,Antonio Blanco,0.4907,Morten Frendrup,0.4705
Granit Xhaka,Pivote,Angelo Stiller,0.8887,Joshua Kimmich,0.8241,Vitaly Janelt,0.7933,Vitinha,0.784,Danilo Cataldi,0.7633,Nabil Bentaleb,0.7579,Gianluca Gaetano,0.7244,Samuele Ricci,0.7066,James Garner,0.7025,Idrissa Gana Gueye,0.6648,Boubacar Kamara,0.66,Rolando Mandragora,0.6511,Wataru Endo,0.6384,Jordan Henderson,0.63,Robin Fellhauer,0.6293
Sander Berge,Pivote,Jefferson Lerma,0.7181,Mandela Keita,0.6684,Jon Gorrotxategi,0.6343,Philipp Sander,0.5657,Denis Zakaria,0.5404,Leon Avdullahu,0.5148,Nicolas Seiwald,0.5103,Jerome Abbey,0.5074,Jack Hinshelwood,0.4446,Arthur Vermeeren,0.4212,Florentino Luís,0.4075,Rômulo,0.4068,Everton Pereira,0.3922,Malthe Hojholt,0.3869,Tomas Marques,0.3765
Moisés Caicedo,Pivote,Soungoutou Magassa,0.8435,Marc Bernal,0.837,João Palhinha,0.8031,Oussama El Azzouzi,0.7813,Eric Martel,0.7728,Max Oyedele,0.7667,Yannik Engelhardt,0.7423,Casemiro,0.716,Kervin Arriaga,0.7009,Abdoulaye Touré,0.6696,Ryan Gravenberch,0.6679,Tyler Adams,0.665,Maguette Gueye,0.6575,Omar Mascarell,0.6489,Benjamin André,0.6484
Dario Essugo,Pivote,Lamare Bogarde,0.9494,Elisha Owusu,0.89,Mohamadou Kanté,0.8864,Yvan Neyou,0.8682,Yannik Keitel,0.859,Marius Marin,0.8441,Vinicius Souza,0.8271,Salis Abdul Samed,0.7975,Nicolas Fonseca,0.7689,Sofyan Amrabat,0.765,Roméo Lavia,0.7588,Geoffrey Kondogbia,0.7442,Kwon Hyeokkyu,0.7272,Sota Kawasaki,0.724,Marc Casado,0.7209
Mohamadou Kanté,Pivote,Dario Essugo,0.8864,Sadik Fofana,0.882,Elisha Owusu,0.8342,Vinicius Souza,0.8105,Nicolas Fonseca,0.7938,Lamare Bogarde,0.7838,Marius Marin,0.7505,Geoffrey Kondogbia,0.749,Carlos Baleba,0.7458,Yvan Neyou,0.7243,Yves Bissouma,0.7239,Manuel Ugarte,0.7171,Roméo Lavia,0.7143,Yannik Keitel,0.7111,Sofyan Amrabat,0.7085
Martín Zubimendi,Pivote,Julian Niehues,0.9262,Kristijan Jakić,0.9186,Rani Khedira,0.9181,Aleksandar Pavlovic,0.9142,Robin Fellhauer,0.8907,Leander Dendoncker,0.8608,Billy Gilmour,0.8557,Omar Mascarell,0.8397,Tomáš Souček,0.8135,Máximo Perrone,0.8074,Ryan Gravenberch,0.7977,Nikola Moro,0.7939,Baptiste Santamaria,0.7932,Joris Chotard,0.7674,Ibrahim Sangaré,0.7593
Ryan Gravenberch,Pivote,João Palhinha,0.9226,Pierre Højbjerg,0.9199,Abdoulaye Touré,0.9051,Aleksandar Pavlovic,0.899,Rolando Mandragora,0.8572,Nabil Bentaleb,0.8545,Yannik Engelhardt,0.851,Kristijan Jakić,0.8484,Gianluca Gaetano,0.8286,Billy Gilmour,0.8187,Amadou Onana,0.8152,Anton Stach,0.8138,Hakan Çalhanoğlu,0.8115,Boubacar Kamara,0.7999,Martín Zubimendi,0.7977
James Garner,Pivote,Vitaly Janelt,0.8567,Gianluca Gaetano,0.8128,Hakan Çalhanoğlu,0.8124,Joshua Kimmich,0.8038,Danilo Cataldi,0.8032,Nabil Bentaleb,0.7971,Anton Stach,0.7805,Vitinha,0.7521,Manuel Locatelli,0.7314,Antonio Blanco,0.7309,Rolando Mandragora,0.7156,Granit Xhaka,0.7025,João Palhinha,0.6786,Idrissa Gana Gueye,0.6741,Benjamin André,0.6732
Ben Winterburn,Pivote,Tim Schnitzer,1.0,Simone Lottici Tessadri,0.9007,Abdoulaye Camara,0.8818,Jonas Meffert,0.8726,Tomas Marques,0.869,Alessandro Romano,0.867,Sergio Lozano,0.8628,Bane Diatta,0.8628,Daren Mosengo,0.8538,Kwon Hyeokkyu,0.7968,Balthazar Pierret,0.7688,Nouhoum Kamissoko,0.767,Jerome Abbey,0.7425,David Daiber,0.728,Andrea Ghion,0.722
Wataru Endo,Pivote,Ilia Gruev,0.8403,Aladji Bamba,0.8142,Matteo Prati,0.7569,Charles Vanhoutte,0.7373,Nicolò Rovella,0.7028,Tom Krauß,0.7021,Oriol Rey,0.6997,Nahuel Estévez,0.695,Francis Coquelin,0.6933,Granit Xhaka,0.6384,Marc Casado,0.6268,Alpha Touré,0.6099,Freddie Potts,0.6055,Aljoscha Kemlein,0.601,Reda Belahyane,0.5855
Sofyan Amrabat,Pivote,Kwon Hyeokkyu,0.9313,Salis Abdul Samed,0.9195,Lamare Bogarde,0.8831,Yvan Neyou,0.8726,Guido Rodríguez,0.8652,Carlos Baleba,0.8443,Yannik Keitel,0.8401,Roméo Lavia,0.8256,Daren Mosengo,0.7962,Vinicius Souza,0.7827,Lucas Gourna-Douath,0.7722,Dario Essugo,0.765,Malthe Hojholt,0.7625,Marius Marin,0.7615,Elisha Owusu,0.7599
Gerard Gumbau,Pivote,Tochukwu Nnadi,0.7909,Ardon Jashari,0.7702,Luca Lipani,0.7337,Maxime Lopez,0.7076,Rafael Gonçalves,0.6867,Hans Nicolussi Caviglia,0.6231,Francis Coquelin,0.613,Matteo Prati,0.5926,Aladji Bamba,0.5841,James Garner,0.5328,Charles Vanhoutte,0.4982,Antonio Blanco,0.4846,Wataru Endo,0.4837,Manuel Locatelli,0.4825,Wouter Burger,0.4777
Oriol Rey,Pivote,Marc Casado,0.9046,Alpha Touré,0.898,Matteo Prati,0.8806,Santiago Colombatto,0.8533,Niklas Dorsch,0.8245,Nahuel Estévez,0.7704,Aljoscha Kemlein,0.7637,Sofyan Amrabat,0.7345,Charles Vanhoutte,0.7228,Ilia Gruev,0.7126,Kwon Hyeokkyu,0.7005,Wataru Endo,0.6997,Lamare Bogarde,0.699,Yvan Neyou,0.6826,Guido Rodríguez,0.6732
Kervin Arriaga,Pivote,Casemiro,0.9564,Lesley Ugochukwu,0.908,Eric Martel,0.887,Pierre Lees-Melou,0.8598,Charles Pickel,0.8516,Axel Witsel,0.8038,Adam Wharton,0.8037,Raúl,0.8028,Wouter Burger,0.7701,Marten de Roon,0.7623,Tomáš Souček,0.752,Tyler Morton,0.7331,Robert Andrich,0.7039,Moisés Caicedo,0.7009,Idrissa Gana Gueye,0.6714
Tomas Marques,Pivote,Alessandro Romano,1.0,David Daiber,0.892,Olaf Gorter,0.8705,Tim Schnitzer,0.869,Ben Winterburn,0.869,Yannik Keitel,0.8467,Jonas Meffert,0.8443,Bane Diatta,0.8336,Sergio Lozano,0.8336,Kwon Hyeokkyu,0.8322,Simone Lottici Tessadri,0.7882,Junior Mwanga,0.7816,Elisha Owusu,0.7798,Nouhoum Kamissoko,0.7616,Sadik Fofana,0.7531
Sergio Lozano,Pivote,Bane Diatta,1.0,Jonas Meffert,0.9965,Nouhoum Kamissoko,0.8952,Olaf Gorter,0.8829,Andrea Ghion,0.8763,Junior Mwanga,0.8634,Ben Winterburn,0.8628,Tim Schnitzer,0.8628,Balthazar Pierret,0.8339,Tomas Marques,0.8336,Alessandro Romano,0.8324,Benjamin Stambouli,0.8218,Salih Özcan,0.7761,Yannik Keitel,0.7712,Abdoulaye Camara,0.7499
Leander Dendoncker,Pivote,Martín Zubimendi,0.8608,Julian Niehues,0.8336,Billy Gilmour,0.7564,Ibrahim Sulemana,0.7534,José Luis García Vayá,0.7457,Bryan Cristante,0.7361,Nemanja Gudelj,0.729,Aleksandar Pavlovic,0.7233,Rani Khedira,0.7227,Nikola Moro,0.7215,Kristijan Jakić,0.7128,Tomáš Souček,0.6887,Robin Fellhauer,0.6697,Omar Mascarell,0.6563,Joris Chotard,0.6328
Batista Mendy,Pivote,Maguette Gueye,0.9164,Max Oyedele,0.7271,Soungoutou Magassa,0.7104,Amadou Onana,0.6909,Nemanja Gudelj,0.6779,Lohann Doucet,0.6459,Moisés Caicedo,0.6442,Abdoulaye Touré,0.6325,Ylber Ramadani,0.6317,João Palhinha,0.6193,Manuel Locatelli,0.6173,Ibrahim Sulemana,0.6057,Marc Bernal,0.5978,Ngal'Ayel Mukau,0.5856,James Sands,0.5804
Federico Redondo,Pivote,Roméo Lavia,0.7885,Carlos Baleba,0.7874,Vinicius Souza,0.7823,Ellyes Skhiri,0.7744,Alberto Grassi,0.7692,Geoffrey Kondogbia,0.7585,Salis Abdul Samed,0.7521,Rabby Nzingoula,0.7302,Yannik Keitel,0.6996,Manuel Ugarte,0.6965,Skelly Alvero,0.6958,Lamare Bogarde,0.6958,Mikel Vesga,0.6931,Nicolas Fonseca,0.6881,Sofyan Amrabat,0.6817
Damián Rodríguez,Pivote,David Daiber,0.8165,Teun Koopmeiners,0.7918,Everton Pereira,0.7443,Lennard Maloney,0.7362,Niklas Dorsch,0.7243,Malthe Hojholt,0.7024,Ibrahima Sissoko,0.6943,Alessandro Romano,0.6933,Alpha Touré,0.693,Tomas Marques,0.6926,Sota Kawasaki,0.6915,Santiago Colombatto,0.6892,Sofyan Amrabat,0.6861,Jacopo Grossi,0.684,Junior Mwanga,0.653
Carlos Benavídez,Pivote,Ezequiél Fernández,0.7234,Al-Musrati,0.6991,Charles Pickel,0.6733,Pierre Lees-Melou,0.6447,Marten de Roon,0.6145,Ellyes Skhiri,0.597,Axel Witsel,0.5791,Rabby Nzingoula,0.5395,Arthur Vermeeren,0.5132,Federico Redondo,0.5086,Adam Wharton,0.5051,Eric Martel,0.4914,Bahmed Deuff,0.4389,Robert Andrich,0.4346,Alberto Grassi,0.4346
Mikel Vesga,Pivote,Roméo Lavia,0.9086,Adrien Tameze,0.8948,Senne Lynen,0.8514,Benjamin Stambouli,0.8378,Sota Kawasaki,0.8242,Manuel Ugarte,0.8129,Vinicius Souza,0.8096,Daniel Boloca,0.8087,Fodé Sylla,0.803,Idrissa Sabaly,0.7905,Marius Marin,0.7871,Rabby Nzingoula,0.7788,Nicolas Fonseca,0.7778,Oumar Ngom,0.7686,Jean Onana,0.7645
Yvan Neyou,Pivote,Lamare Bogarde,0.899,Kwon Hyeokkyu,0.8744,Sofyan Amrabat,0.8726,Dario Essugo,0.8682,Salis Abdul Samed,0.8669,Yannik Keitel,0.831,Marc Casado,0.7973,Lucas Gourna-Douath,0.7497,Mohamadou Kanté,0.7243,Elisha Owusu,0.7192,Guido Rodríguez,0.7101,Carlos Baleba,0.6907,Oriol Rey,0.6826,Daren Mosengo,0.6779,Marius Marin,0.6688
Marc Casado,Pivote,Oriol Rey,0.9046,Matteo Prati,0.8495,Yvan Neyou,0.7973,Lamare Bogarde,0.7759,Sofyan Amrabat,0.7546,Alpha Touré,0.7546,Kwon Hyeokkyu,0.7373,Dario Essugo,0.7209,Francis Coquelin,0.716,Santiago Colombatto,0.6931,Yannik Keitel,0.6891,Balthazar Pierret,0.6403,Aljoscha Kemlein,0.6352,Mohamadou Kanté,0.6289,Nahuel Estévez,0.6289
Nicolas Fonseca,Pivote,Vinicius Souza,0.9525,Geoffrey Kondogbia,0.9315,Manuel Ugarte,0.922,Marius Marin,0.9219,Roméo Lavia,0.8569,Carlos Baleba,0.8525,Sota Kawasaki,0.8028,Mohamadou Kanté,0.7938,Elisha Owusu,0.793,Yves Bissouma,0.7824,Mikel Vesga,0.7778,Dario Essugo,0.7689,Fodé Sylla,0.7457,Oumar Ngom,0.7343,Rabby Nzingoula,0.7212
Iker Muñoz,Pivote,Assane Dioussé,0.8854,Lucas Gourna-Douath,0.8801,Nicolai Remberg,0.8459,Lucas Torró,0.739,Teun Koopmeiners,0.7104,Bahmed Deuff,0.6969,Carlos Baleba,0.6218,Ibrahima Sissoko,0.6031,Geoffrey Kondogbia,0.5915,Santiago Colombatto,0.5913,Yves Bissouma,0.5745,Mathys De Carvalho,0.557,Guido Rodríguez,0.5335,Sofyan Amrabat,0.5267,Lennard Maloney,0.5254
Raúl,Pivote,Tomáš Souček,0.914,Hakan Çalhanoğlu,0.8746,Wouter Burger,0.8631,Tyler Morton,0.8583,Casemiro,0.8486,Pierre Højbjerg,0.8444,Rolando Mandragora,0.8436,Kristijan Jakić,0.8427,Gianluca Gaetano,0.8205,Nabil Bentaleb,0.8108,Máximo Perrone,0.8101,Anton Stach,0.8087,Mohamed Bamba,0.8082,Samuele Ricci,0.8057,Samu Costa,0.8055
Marc Bernal,Pivote,João Palhinha,0.9425,Ibrahim Sangaré,0.9292,Max Oyedele,0.9104,Omar Mascarell,0.868,Yannik Engelhardt,0.8584,Tyler Adams,0.8398,Moisés Caicedo,0.837,Soungoutou Magassa,0.817,Ryan Gravenberch,0.7889,Máximo Perrone,0.7624,Benjamin André,0.757,Samu Costa,0.7544,Boubacar Kamara,0.7497,Maguette Gueye,0.7455,Kristijan Jakić,0.7364
Baptiste Santamaria,Pivote,Kristijan Jakić,0.9393,Máximo Perrone,0.9193,Tyler Adams,0.8799,Samu Costa,0.8773,Rani Khedira,0.8716,Mohamed Bamba,0.8392,Yannik Engelhardt,0.8131,Robin Fellhauer,0.8017,Raúl,0.7965,Benjamin André,0.7965,Martín Zubimendi,0.7932,Samuele Ricci,0.7907,Aleksandar Pavlovic,0.7881,Mario Martín,0.7812,Tomáš Souček,0.7812
Charles Pickel,Pivote,Lesley Ugochukwu,0.9232,Kervin Arriaga,0.8516,Casemiro,0.8474,Axel Witsel,0.8202,Pierre Lees-Melou,0.771,Tomáš Souček,0.7582,Marten de Roon,0.7566,Eric Martel,0.7558,Robert Andrich,0.7505,Adam Wharton,0.6778,Carlos Benavídez,0.6733,Raúl,0.6655,Wouter Burger,0.597,Tyler Morton,0.5884,Al-Musrati,0.5748
Thomas Partey,Pivote,Malthe Hojholt,0.9241,Orel Mangala,0.8849,Senne Lynen,0.848,Everton Pereira,0.84,Daniel Boloca,0.828,Simone Lottici Tessadri,0.8053,Hamidou Makalou,0.7997,Kristjan Asllani,0.7829,Jacopo Grossi,0.7801,Benjamin Stambouli,0.7627,Oumar Ngom,0.709,Pablo Rosario,0.707,Abdoulaye Camara,0.674,David Daiber,0.6689,Jerome Abbey,0.6669
Nemanja Gudelj,Pivote,Lohann Doucet,0.8669,Maguette Gueye,0.8232,Ngal'Ayel Mukau,0.812,Ibrahim Sulemana,0.8067,Amadou Onana,0.7505,Tomáš Souček,0.7411,Leander Dendoncker,0.729,Kristijan Jakić,0.7106,Billy Gilmour,0.6845,Julian Niehues,0.6792,Abdoulaye Touré,0.678,Batista Mendy,0.6779,Bryan Cristante,0.6776,Marc Roca,0.6646,Tanner Tessmann,0.6599
Axel Witsel,Pivote,Lesley Ugochukwu,0.9003,Robert Andrich,0.8577,Eric Martel,0.855,Marten de Roon,0.8481,Charles Pickel,0.8202,Kervin Arriaga,0.8038,Adam Wharton,0.7762,Al-Musrati,0.7638,Pierre Lees-Melou,0.7563,Ezequiél Fernández,0.7236,Casemiro,0.6958,Nemanja Matić,0.6613,Ellyes Skhiri,0.653,Carlos Benavídez,0.5791,Tyler Morton,0.5243
Marc Aguado,Pivote,Omar Mascarell,0.8553,Yannik Engelhardt,0.786,Martín Zubimendi,0.7101,Stanislav Lobotka,0.7088,Aleksandar Pavlovic,0.6955,Ryan Gravenberch,0.6849,Nemanja Matić,0.683,Morten Frendrup,0.6739,Amadou Onana,0.6569,Boubacar Kamara,0.65,Rodri,0.6413,Julian Niehues,0.6347,Angelo Stiller,0.6225,Max Oyedele,0.6188,Billy Gilmour,0.6133
José Luis García Vayá,Pivote,Nikola Moro,0.8144,Leander Dendoncker,0.7457,Jesper Karlström,0.7237,Julian Niehues,0.6308,Patrick Osterhage,0.6304,Martín Zubimendi,0.6304,Bryan Cristante,0.6285,Rodrigo Bentancur,0.6276,Robin Fellhauer,0.6105,Rani Khedira,0.609,Tanner Tessmann,0.6043,Jordan Henderson,0.577,Laurent Abergel,0.5464,Joris Chotard,0.5068,Kaishū Sano,0.5067
Jon Gorrotxategi,Pivote,Mandela Keita,0.8613,Denis Zakaria,0.8241,Philipp Sander,0.7195,Rômulo,0.6478,Jefferson Lerma,0.6402,Sander Berge,0.6343,Jack Hinshelwood,0.617,Marc Aguado,0.6045,Omar Mascarell,0.5882,Tyler Adams,0.5142,Boubacar Kamara,0.4771,Rodrigo Bentancur,0.4728,Yannik Engelhardt,0.4517,Marc Bernal,0.45,Max Oyedele,0.404
Santiago Colombatto,Pivote,Alpha Touré,0.9892,Oriol Rey,0.8533,Matteo Prati,0.8297,Cheikh Niasse,0.7895,Niklas Dorsch,0.7583,Lucas Gourna-Douath,0.7399,Marc Casado,0.6931,Damián Rodríguez,0.6892,Tochukwu Nnadi,0.6844,Ibrahima Sissoko,0.6834,Guido Rodríguez,0.6576,Maxime Lopez,0.6498,Sofyan Amrabat,0.6451,Nicolai Remberg,0.6436,Yvan Neyou,0.6174
Lucas Torró,Pivote,Bahmed Deuff,0.8733,Yves Bissouma,0.7455,Iker Muñoz,0.739,Mathys De Carvalho,0.7209,Malthe Hojholt,0.717,Nicolas Höfler,0.7064,Assane Dioussé,0.6938,Nicolai Remberg,0.6783,Orel Mangala,0.6649,Pablo Rosario,0.6198,Carlos Baleba,0.6097,Kristjan Asllani,0.6092,Thomas Partey,0.5591,Lucas Gourna-Douath,0.5368,Christian Nørgaard,0.5289
Omar Mascarell,Pivote,Ibrahim Sangaré,0.8956,Marc Bernal,0.868,Yannik Engelhardt,0.8615,Marc Aguado,0.8553,Max Oyedele,0.85,Martín Zubimendi,0.8397,Aleksandar Pavlovic,0.8133,João Palhinha,0.8073,Tyler Adams,0.7902,Kristijan Jakić,0.7893,Máximo Perrone,0.7721,Rodrigo Bentancur,0.7712,Ryan Gravenberch,0.7708,Rani Khedira,0.7633,Oussama El Azzouzi,0.7269
Antonio Blanco,Pivote,Samu Costa,0.8743,Benjamin André,0.869,Hakan Çalhanoğlu,0.8239,Mario Martín,0.7661,Tyler Adams,0.7474,Rani Khedira,0.7436,Vitaly Janelt,0.7315,James Garner,0.7309,Wouter Burger,0.7265,Mohamed Bamba,0.7201,Abdoulaye Touré,0.6923,Gianluca Gaetano,0.6764,Manuel Locatelli,0.6704,Rolando Mandragora,0.6589,Kristijan Jakić,0.6378
Marc Roca,Pivote,João Palhinha,0.789,Amadou Onana,0.7659,Anton Stach,0.7628,Ryan Gravenberch,0.7513,Manuel Locatelli,0.7466,Ibrahim Sangaré,0.7147,Pierre Højbjerg,0.7,Hakan Çalhanoğlu,0.6988,Maguette Gueye,0.6768,Bryan Cristante,0.6763,Youssouf Fofana,0.6692,Rolando Mandragora,0.6653,Abdoulaye Touré,0.6648,Nemanja Gudelj,0.6646,Aleksandar Pavlovic,0.6631
Mario Martín,Pivote,Samu Costa,0.8976,Tyler Adams,0.8371,Mohamed Bamba,0.8257,Benjamin André,0.8135,Baptiste Santamaria,0.7812,Antonio Blanco,0.7661,Lohann Doucet,0.7555,Máximo Perrone,0.7536,Rani Khedira,0.7445,Kristijan Jakić,0.7256,Maguette Gueye,0.6895,Ngal'Ayel Mukau,0.6823,Marc Bernal,0.6681,Hakan Çalhanoğlu,0.6518,Max Oyedele,0.6496
Lucien Agoume,Pivote,Rodrigo Bentancur,0.8327,Benjamin André,0.7081,Tyler Adams,0.6789,Mario Martín,0.6395,Jordan Henderson,0.6249,Rani Khedira,0.6074,Vitaly Janelt,0.6023,Baptiste Santamaria,0.5451,Antonio Blanco,0.5442,Patrick Osterhage,0.5434,Florentino Luís,0.5351,José Luis García Vayá,0.5062,Samu Costa,0.485,Omar Mascarell,0.4779,Máximo Perrone,0.4629
Aurélien Tchouaméni,Pivote,Adama Camara,0.8563,Ylber Ramadani,0.7766,James Sands,0.7514,Mathys De Carvalho,0.6337,Manuel Ugarte,0.5995,Ethan Ampadu,0.5953,Batista Mendy,0.5751,Soungoutou Magassa,0.567,Morten Frendrup,0.5473,Yves Bissouma,0.54,Oumar Ngom,0.5096,Boubacar Traoré,0.4853,Assane Dioussé,0.4822,Amadou Onana,0.481,Hamidou Makalou,0.4776
Samu Costa,Pivote,Mario Martín,0.8976,Benjamin André,0.8975,Mohamed Bamba,0.8792,Tyler Adams,0.8787,Baptiste Santamaria,0.8773,Hakan Çalhanoğlu,0.8759,Antonio Blanco,0.8743,Kristijan Jakić,0.8734,Rani Khedira,0.858,Abdoulaye Touré,0.8531,Rolando Mandragora,0.8496,Máximo Perrone,0.8408,Raúl,0.8055,Lohann Doucet,0.7997,Samuele Ricci,0.7793
Mandela Keita,Pivote,Jon Gorrotxategi,0.8613,Philipp Sander,0.8214,Denis Zakaria,0.7757,Jefferson Lerma,0.7233,Sander Berge,0.6684,Rômulo,0.563,Marc Aguado,0.562,Jack Hinshelwood,0.5122,Morten Frendrup,0.4404,Nicolas Seiwald,0.4268,Omar Mascarell,0.3586,Boubacar Kamara,0.3305,Stanislav Lobotka,0.3188,Amadou Onana,0.3135,Nemanja Matić,0.2977
Oumar Ngom,Pivote,Manuel Ugarte,0.9012,Orel Mangala,0.8865,Yves Bissouma,0.8496,Senne Lynen,0.8451,Marius Courcoul,0.8347,Roméo Lavia,0.8243,Benjamin Stambouli,0.8201,Vinicius Souza,0.8166,Everton Pereira,0.8049,Malthe Hojholt,0.7994,Carlos Baleba,0.7848,Fodé Sylla,0.7828,Jean Onana,0.7792,Sadik Fofana,0.7758,Mikel Vesga,0.7686
Al-Musrati,Pivote,Ezequiél Fernández,0.8944,Axel Witsel,0.7638,Marten de Roon,0.704,Carlos Benavídez,0.6991,Atakan Karazor,0.6745,Adam Wharton,0.6644,Ellyes Skhiri,0.6589,Pierre Lees-Melou,0.6386,Arthur Vermeeren,0.6217,Charles Pickel,0.5748,Eric Martel,0.5683,Kervin Arriaga,0.5391,Lesley Ugochukwu,0.5364,Reda Belahyane,0.5121,Robert Andrich,0.4801
Malthe Hojholt,Pivote,Thomas Partey,0.9241,Orel Mangala,0.9029,Everton Pereira,0.8697,Oumar Ngom,0.7994,David Daiber,0.7915,Senne Lynen,0.7743,Simone Lottici Tessadri,0.7673,Carlos Baleba,0.7664,Benjamin Stambouli,0.764,Sofyan Amrabat,0.7625,Marius Courcoul,0.7493,Yves Bissouma,0.736,Lucas Torró,0.717,Kwon Hyeokkyu,0.7108,Damián Rodríguez,0.7024
Billy Gilmour,Pivote,Julian Niehues,0.8723,Joris Chotard,0.8563,Martín Zubimendi,0.8557,Abdoulaye Touré,0.8203,Ryan Gravenberch,0.8187,Aleksandar Pavlovic,0.8092,Amadou Onana,0.7739,Robin Fellhauer,0.7635,Leander Dendoncker,0.7564,Kristijan Jakić,0.7453,Nikola Moro,0.7216,Rani Khedira,0.7202,Anton Stach,0.7072,Tomáš Souček,0.705,Ibrahim Sulemana,0.7
Cheikh Niasse,Pivote,Florentino Luís,0.8187,Santiago Colombatto,0.7895,Alpha Touré,0.7697,Luca Lipani,0.7285,Charles Vanhoutte,0.7255,Niklas Dorsch,0.7214,Ibrahima Sissoko,0.6993,Oriol Rey,0.6491,Tochukwu Nnadi,0.6219,Ilia Gruev,0.6095,Tom Krauß,0.6015,Freddie Potts,0.5915,Leon Avdullahu,0.5823,Maxime Lopez,0.5822,Nicolò Rovella,0.5718
Jacopo Grossi,Pivote,Abdoulaye Camara,0.8968,Simone Lottici Tessadri,0.8707,Daniel Boloca,0.7852,Thomas Partey,0.7801,Salih Özcan,0.7389,Andrea Ghion,0.7362,Nouhoum Kamissoko,0.733,Leon Avdullahu,0.7254,Niklas Dorsch,0.7188,Ben Winterburn,0.718,Tim Schnitzer,0.718,Benjamin Stambouli,0.7126,Hamidou Makalou,0.6853,Damián Rodríguez,0.684,David Daiber,0.6616
Marten de Roon,Pivote,Adam Wharton,0.8537,Pierre Lees-Melou,0.8486,Axel Witsel,0.8481,Robert Andrich,0.8444,Eric Martel,0.8091,Lesley Ugochukwu,0.7865,Kervin Arriaga,0.7623,Charles Pickel,0.7566,Al-Musrati,0.704,Ezequiél Fernández,0.6809,Casemiro,0.6588,Arthur Vermeeren,0.6213,Carlos Benavídez,0.6145,Oussama El Azzouzi,0.5729,Tyler Morton,0.5677
Manuel Locatelli,Pivote,Marc Roca,0.7466,James Garner,0.7314,Antonio Blanco,0.6704,João Palhinha,0.6415,Batista Mendy,0.6173,Ethan Ampadu,0.58,Hakan Çalhanoğlu,0.5771,Soungoutou Magassa,0.5701,Abdoulaye Touré,0.5468,Marc Bernal,0.5444,Rolando Mandragora,0.5408,Maguette Gueye,0.5374,Johann Lepenant,0.5275,Anton Stach,0.5269,Gianluca Gaetano,0.5267
Nemanja Matić,Pivote,Stanislav Lobotka,0.7163,Robert Andrich,0.6946,Eric Martel,0.6859,Marc Aguado,0.683,Idrissa Gana Gueye,0.675,Axel Witsel,0.6613,Lesley Ugochukwu,0.6314,Boubacar Kamara,0.619,Yannik Engelhardt,0.566,Rodri,0.5611,Angelo Stiller,0.5384,Moisés Caicedo,0.529,Kervin Arriaga,0.5234,Ryan Gravenberch,0.4903,Tyler Morton,0.4795
Hans Nicolussi Caviglia,Pivote,Ardon Jashari,0.8758,Nahuel Estévez,0.8404,Rafael Gonçalves,0.8256,Ilia Gruev,0.7771,Vitinha,0.7076,Aljoscha Kemlein,0.7047,Sandro Tonali,0.6549,Granit Xhaka,0.6245,Gerard Gumbau,0.6231,Maxime Lopez,0.6152,Joshua Kimmich,0.5959,Matteo Prati,0.5858,Wataru Endo,0.5762,Danilo Cataldi,0.5627,Niklas Dorsch,0.5599
Ibrahim Sulemana,Pivote,Amadou Onana,0.8716,Maguette Gueye,0.8356,Max Oyedele,0.8223,Nemanja Gudelj,0.8067,Lohann Doucet,0.7947,Rodri,0.7804,Ibrahim Sangaré,0.7725,Leander Dendoncker,0.7534,Aleksandar Pavlovic,0.7473,João Palhinha,0.7243,Omar Mascarell,0.7134,Kristijan Jakić,0.7009,Billy Gilmour,0.7,Martín Zubimendi,0.6984,Ryan Gravenberch,0.6811
Olaf Gorter,Pivote,Junior Mwanga,0.9242,Elisha Owusu,0.8994,Sergio Lozano,0.8829,Bane Diatta,0.8829,Jonas Meffert,0.88,Sadik Fofana,0.874,Alessandro Romano,0.8714,Tomas Marques,0.8705,Fodé Sylla,0.8442,Yannik Keitel,0.8273,Nouhoum Kamissoko,0.8094,Sota Kawasaki,0.7895,Marius Courcoul,0.762,David Daiber,0.7578,Benjamin Stambouli,0.7416
Youssouf Fofana,Pivote,Pierre Højbjerg,0.881,Vitinha,0.879,Nabil Bentaleb,0.8708,Joshua Kimmich,0.8631,Gianluca Gaetano,0.8572,Danilo Cataldi,0.8567,Anton Stach,0.8418,Rolando Mandragora,0.8329,Raúl,0.8005,Aleksandar Pavlovic,0.7917,Hakan Çalhanoğlu,0.7891,Samuele Ricci,0.7772,Angelo Stiller,0.7623,Robin Fellhauer,0.749,Ryan Gravenberch,0.7454
Daniel Boloca,Pivote,Senne Lynen,0.9119,Benjamin Stambouli,0.8949,Hamidou Makalou,0.8836,Idrissa Sabaly,0.8378,Salih Özcan,0.83,Thomas Partey,0.828,Adrien Tameze,0.8185,Andrea Ghion,0.811,Mikel Vesga,0.8087,Orel Mangala,0.787,Jacopo Grossi,0.7852,Abdoulaye Camara,0.768,Everton Pereira,0.7266,Kristjan Asllani,0.7219,Nouhoum Kamissoko,0.7103
Balthazar Pierret,Pivote,Daren Mosengo,0.8743,Yannik Keitel,0.8498,Kwon Hyeokkyu,0.8444,Jonas Meffert,0.8354,Bane Diatta,0.8339,Sergio Lozano,0.8339,Lamare Bogarde,0.8142,Roméo Lavia,0.7827,Ben Winterburn,0.7688,Tim Schnitzer,0.7688,Skelly Alvero,0.766,Elisha Owusu,0.7457,Sofyan Amrabat,0.7398,Benjamin Stambouli,0.729,Salis Abdul Samed,0.6997
Sadik Fofana,Pivote,Marius Courcoul,0.8822,Mohamadou Kanté,0.882,Olaf Gorter,0.874,Elisha Owusu,0.839,Junior Mwanga,0.8224,David Daiber,0.8155,Nouhoum Kamissoko,0.7997,Oumar Ngom,0.7758,Nicolas Höfler,0.7742,Benjamin Stambouli,0.7603,Alessandro Romano,0.7544,Roméo Lavia,0.7538,Tomas Marques,0.7531,Salih Özcan,0.7488,Vinicius Souza,0.7403
Máximo Perrone,Pivote,Kristijan Jakić,0.9312,Baptiste Santamaria,0.9193,Aleksandar Pavlovic,0.8776,Ibrahim Sangaré,0.8752,Tyler Adams,0.8659,Rani Khedira,0.8617,Samu Costa,0.8408,Mohamed Bamba,0.8402,Lohann Doucet,0.8328,Hakan Çalhanoğlu,0.8238,Raúl,0.8101,Pierre Højbjerg,0.8082,Martín Zubimendi,0.8074,Robin Fellhauer,0.8011,Wouter Burger,0.7961
Ardon Jashari,Pivote,Rafael Gonçalves,0.9234,Hans Nicolussi Caviglia,0.8758,Gerard Gumbau,0.7702,Aljoscha Kemlein,0.7472,Nahuel Estévez,0.7333,Ilia Gruev,0.6911,Freddie Potts,0.6299,Francis Coquelin,0.6031,Johann Lepenant,0.6031,Matteo Prati,0.6014,Wataru Endo,0.5846,Aladji Bamba,0.5721,Reda Belahyane,0.5693,Tom Krauß,0.5624,Nicolas Seiwald,0.5183
Nicolò Rovella,Pivote,Tom Krauß,0.7923,Wataru Endo,0.7028,Freddie Potts,0.6613,Ezequiél Fernández,0.659,Charles Vanhoutte,0.6395,Aladji Bamba,0.624,Atakan Karazor,0.6215,Arthur Vermeeren,0.59,Ilia Gruev,0.5831,Cheikh Niasse,0.5718,Rabby Nzingoula,0.4876,Adam Wharton,0.4876,Florentino Luís,0.4754,Marius Marin,0.4685,Oriol Rey,0.4408
Jean Onana,Pivote,Idrissa Sabaly,0.9726,Senne Lynen,0.8176,Oumar Ngom,0.7792,Fodé Sylla,0.7717,Mikel Vesga,0.7645,Benjamin Stambouli,0.7591,Lennard Maloney,0.7564,Junior Mwanga,0.7358,Manuel Ugarte,0.7245,Sota Kawasaki,0.7146,Daniel Boloca,0.7081,Rabby Nzingoula,0.7068,Salih Özcan,0.705,Everton Pereira,0.6981,Orel Mangala,0.6886
Stanislav Lobotka,Pivote,Rodri,0.7345,Nemanja Matić,0.7163,Marc Aguado,0.7088,Boubacar Kamara,0.6949,Angelo Stiller,0.6275,Yannik Engelhardt,0.602,Amadou Onana,0.5964,Pierre Højbjerg,0.5823,Ryan Gravenberch,0.5393,Ibrahim Sulemana,0.5264,Aleksandar Pavlovic,0.5247,Youssouf Fofana,0.4601,Billy Gilmour,0.4291,Baptiste Santamaria,0.4276,Julian Niehues,0.427
Reda Belahyane,Pivote,Arthur Vermeeren,0.8119,Francis Coquelin,0.656,Rafael Gonçalves,0.5994,Wataru Endo,0.5855,Ardon Jashari,0.5693,Aladji Bamba,0.5622,Matteo Prati,0.56,Adam Wharton,0.5543,Ilia Gruev,0.5536,Marten de Roon,0.5506,Hans Nicolussi Caviglia,0.5255,Atakan Karazor,0.5219,Aljoscha Kemlein,0.5179,Al-Musrati,0.5121,Pierre Lees-Melou,0.5005
Rolando Mandragora,Pivote,Pierre Højbjerg,0.9629,Gianluca Gaetano,0.944,Nabil Bentaleb,0.9291,Hakan Çalhanoğlu,0.9176,Anton Stach,0.8866,Samuele Ricci,0.8799,Danilo Cataldi,0.8599,Ryan Gravenberch,0.8572,Abdoulaye Touré,0.8514,Samu Costa,0.8496,Raúl,0.8436,Joshua Kimmich,0.8356,Youssouf Fofana,0.8329,Aleksandar Pavlovic,0.8167,João Palhinha,0.8084
Alberto Grassi,Pivote,Federico Redondo,0.7692,Ellyes Skhiri,0.7416,Skelly Alvero,0.7332,Thomas Partey,0.6313,Carlos Baleba,0.6199,Guido Rodríguez,0.6114,Daren Mosengo,0.5983,Atakan Karazor,0.589,Mathys De Carvalho,0.5751,Rabby Nzingoula,0.5681,Malthe Hojholt,0.5506,Yves Bissouma,0.5385,Kristjan Asllani,0.534,Orel Mangala,0.5268,Hamidou Makalou,0.5197
Andrea Ghion,Pivote,Salih Özcan,0.8878,Bane Diatta,0.8763,Sergio Lozano,0.8763,Jonas Meffert,0.8753,Benjamin Stambouli,0.8745,Junior Mwanga,0.8709,Abdoulaye Camara,0.8507,Nouhoum Kamissoko,0.8256,Daniel Boloca,0.811,Aljoscha Kemlein,0.7765,Jacopo Grossi,0.7362,Idrissa Sabaly,0.7286,Ben Winterburn,0.722,Tim Schnitzer,0.722,Adrien Tameze,0.7135
Jesper Karlström,Pivote,Laurent Abergel,0.8184,Patrick Osterhage,0.7654,Nikola Moro,0.7274,José Luis García Vayá,0.7237,Jerome Abbey,0.6599,Kaishū Sano,0.5672,Rodrigo Bentancur,0.5605,André,0.5396,Julian Niehues,0.5322,Adama Camara,0.515,Leander Dendoncker,0.5113,Jordan Henderson,0.4733,Ibrahima Sissoko,0.4611,Ngal'Ayel Mukau,0.4491,Lucien Agoume,0.4375
Teun Koopmeiners,Pivote,Damián Rodríguez,0.7918,Lennard Maloney,0.7458,Iker Muñoz,0.7104,Assane Dioussé,0.6984,Ibrahima Sissoko,0.6326,Thomas Partey,0.6101,Kristjan Asllani,0.602,Sandro Tonali,0.5999,Malthe Hojholt,0.5973,Lucas Gourna-Douath,0.5959,Bahmed Deuff,0.5949,Everton Pereira,0.5922,Luca Lipani,0.5821,Orel Mangala,0.5678,Jacopo Grossi,0.5547
Matteo Prati,Pivote,Alpha Touré,0.8856,Oriol Rey,0.8806,Marc Casado,0.8495,Santiago Colombatto,0.8297,Wataru Endo,0.7569,Tochukwu Nnadi,0.7467,Nahuel Estévez,0.7356,Francis Coquelin,0.733,Maxime Lopez,0.7198,Ilia Gruev,0.6978,Niklas Dorsch,0.6858,Aljoscha Kemlein,0.6572,Charles Vanhoutte,0.6404,Aladji Bamba,0.6074,Ardon Jashari,0.6014
Marius Marin,Pivote,Nicolas Fonseca,0.9219,Sota Kawasaki,0.8927,Vinicius Souza,0.8905,Roméo Lavia,0.8599,Lamare Bogarde,0.8503,Dario Essugo,0.8441,Elisha Owusu,0.8417,Geoffrey Kondogbia,0.8214,Salis Abdul Samed,0.8129,Mikel Vesga,0.7871,Yannik Keitel,0.763,Sofyan Amrabat,0.7615,Manuel Ugarte,0.758,Carlos Baleba,0.7558,Mohamadou Kanté,0.7505
Danilo Cataldi,Pivote,Joshua Kimmich,0.978,Anton Stach,0.9475,Vitinha,0.9265,Hakan Çalhanoğlu,0.9207,Nabil Bentaleb,0.9138,Gianluca Gaetano,0.9049,Robin Fellhauer,0.882,Rolando Mandragora,0.8599,Youssouf Fofana,0.8567,Angelo Stiller,0.8333,Samuele Ricci,0.8243,Aleksandar Pavlovic,0.8215,Pierre Højbjerg,0.8176,James Garner,0.8032,Tyler Morton,0.799
Bryan Cristante,Pivote,Boubacar Traoré,0.7366,Leander Dendoncker,0.7361,Anton Stach,0.6822,Nemanja Gudelj,0.6776,Marc Roca,0.6763,Ibrahim Sulemana,0.655,Ibrahim Sangaré,0.645,José Luis García Vayá,0.6285,Wouter Burger,0.6191,Rani Khedira,0.5981,Aleksandar Pavlovic,0.5879,Martín Zubimendi,0.581,Lohann Doucet,0.5717,Hakan Çalhanoğlu,0.5658,Máximo Perrone,0.56
Abdoulaye Camara,Pivote,Jacopo Grossi,0.8968,Ben Winterburn,0.8818,Tim Schnitzer,0.8818,Leon Avdullahu,0.8756,Andrea Ghion,0.8507,Simone Lottici Tessadri,0.8343,Daniel Boloca,0.768,Jonas Meffert,0.763,Niklas Dorsch,0.7616,Jerome Abbey,0.7596,Sergio Lozano,0.7499,Bane Diatta,0.7499,Aljoscha Kemlein,0.7398,Benjamin Stambouli,0.7357,Salih Özcan,0.7297
Simone Lottici Tessadri,Pivote,Ben Winterburn,0.9007,Tim Schnitzer,0.9007,Jacopo Grossi,0.8707,David Daiber,0.8534,Nouhoum Kamissoko,0.8471,Abdoulaye Camara,0.8343,Thomas Partey,0.8053,Pablo Rosario,0.7936,Tomas Marques,0.7882,Alessandro Romano,0.7864,Malthe Hojholt,0.7673,Jonas Meffert,0.7445,Bane Diatta,0.7395,Sergio Lozano,0.7395,Everton Pereira,0.706
Gianluca Gaetano,Pivote,Nabil Bentaleb,0.9911,Rolando Mandragora,0.944,Pierre Højbjerg,0.9177,Joshua Kimmich,0.9119,Hakan Çalhanoğlu,0.9052,Danilo Cataldi,0.9049,Samuele Ricci,0.8995,Vitinha,0.8937,Anton Stach,0.8592,Youssouf Fofana,0.8572,Angelo Stiller,0.8568,Ryan Gravenberch,0.8286,Raúl,0.8205,James Garner,0.8128,Abdoulaye Touré,0.8055
Samuele Ricci,Pivote,Gianluca Gaetano,0.8995,Rolando Mandragora,0.8799,Nabil Bentaleb,0.8724,Mohamed Bamba,0.8629,Pierre Højbjerg,0.8351,Danilo Cataldi,0.8243,Hakan Çalhanoğlu,0.8175,Raúl,0.8057,Joshua Kimmich,0.797,Baptiste Santamaria,0.7907,Vitinha,0.7813,Samu Costa,0.7793,Youssouf Fofana,0.7772,Angelo Stiller,0.7706,Robin Fellhauer,0.749
Ylber Ramadani,Pivote,James Sands,0.884,Ethan Ampadu,0.7823,Aurélien Tchouaméni,0.7766,Adama Camara,0.7707,Soungoutou Magassa,0.725,André,0.7171,Morten Frendrup,0.6365,Batista Mendy,0.6317,Rodri,0.6014,Geoffrey Kondogbia,0.5648,Manuel Ugarte,0.5466,Carlos Baleba,0.5204,Nicolas Fonseca,0.4972,Mikel Vesga,0.4902,Mathys De Carvalho,0.4863
Alessandro Romano,Pivote,Tomas Marques,1.0,David Daiber,0.8923,Olaf Gorter,0.8714,Ben Winterburn,0.867,Tim Schnitzer,0.867,Yannik Keitel,0.8469,Jonas Meffert,0.8432,Sergio Lozano,0.8324,Bane Diatta,0.8324,Kwon Hyeokkyu,0.8316,Simone Lottici Tessadri,0.7864,Junior Mwanga,0.782,Elisha Owusu,0.781,Nouhoum Kamissoko,0.7607,Sadik Fofana,0.7544
Adrien Tameze,Pivote,Mikel Vesga,0.8948,Sota Kawasaki,0.8737,Senne Lynen,0.8583,Daniel Boloca,0.8185,Benjamin Stambouli,0.8118,Roméo Lavia,0.8018,Salis Abdul Samed,0.7904,Leon Avdullahu,0.7783,Jerome Abbey,0.7578,Everton Pereira,0.7574,Idrissa Sabaly,0.7542,Fodé Sylla,0.7497,Marius Marin,0.7377,Guido Rodríguez,0.7317,Ibrahima Sissoko,0.7292
Kristjan Asllani,Pivote,Hamidou Makalou,0.9194,Mathys De Carvalho,0.8625,Orel Mangala,0.8433,Thomas Partey,0.7829,Sandro Tonali,0.7353,Johann Lepenant,0.7278,Daniel Boloca,0.7219,Assane Dioussé,0.6992,Senne Lynen,0.697,Malthe Hojholt,0.6606,Jacopo Grossi,0.6585,Lucas Torró,0.6092,Teun Koopmeiners,0.602,Salih Özcan,0.5965,Benjamin Stambouli,0.5851
Hakan Çalhanoğlu,Pivote,Anton Stach,0.9471,Danilo Cataldi,0.9207,Rolando Mandragora,0.9176,Gianluca Gaetano,0.9052,Nabil Bentaleb,0.8809,Wouter Burger,0.8787,Samu Costa,0.8759,Raúl,0.8746,Joshua Kimmich,0.8583,Pierre Højbjerg,0.856,Robin Fellhauer,0.8307,Antonio Blanco,0.8239,Máximo Perrone,0.8238,Samuele Ricci,0.8175,Aleksandar Pavlovic,0.8151
Nikola Moro,Pivote,Patrick Osterhage,0.874,Julian Niehues,0.8732,José Luis García Vayá,0.8144,Robin Fellhauer,0.8013,Martín Zubimendi,0.7939,Kaishū Sano,0.7829,Laurent Abergel,0.7588,Jordan Henderson,0.7564,Jesper Karlström,0.7274,Billy Gilmour,0.7216,Leander Dendoncker,0.7215,Tanner Tessmann,0.6952,Rani Khedira,0.6827,Joris Chotard,0.6596,Kristijan Jakić,0.6588
Luca Lipani,Pivote,Florentino Luís,0.7667,Gerard Gumbau,0.7337,Cheikh Niasse,0.7285,Tochukwu Nnadi,0.7235,Lennard Maloney,0.677,Maxime Lopez,0.6275,Santiago Colombatto,0.5992,Alpha Touré,0.5982,Charles Vanhoutte,0.5873,Teun Koopmeiners,0.5821,Assane Dioussé,0.5497,Ibrahima Sissoko,0.5386,Matteo Prati,0.4656,Damián Rodríguez,0.4634,Antonio Blanco,0.4622
Nahuel Estévez,Pivote,Ilia Gruev,0.8677,Aljoscha Kemlein,0.8605,Hans Nicolussi Caviglia,0.8404,Niklas Dorsch,0.8321,Oriol Rey,0.7704,Matteo Prati,0.7356,Ardon Jashari,0.7333,Freddie Potts,0.7275,Sandro Tonali,0.7009,Wataru Endo,0.695,Abdoulaye Camara,0.6529,Alpha Touré,0.6328,Marc Casado,0.6289,Jacopo Grossi,0.6092,Santiago Colombatto,0.5922
Morten Frendrup,Pivote,Oussama El Azzouzi,0.7399,Rodri,0.7394,Soungoutou Magassa,0.6835,James Sands,0.6764,Adama Camara,0.6753,Marc Aguado,0.6739,Amadou Onana,0.6622,Max Oyedele,0.6555,André,0.6452,Ylber Ramadani,0.6365,Omar Mascarell,0.6058,Ibrahim Sulemana,0.5972,Boubacar Traoré,0.5506,Aurélien Tchouaméni,0.5473,Yannik Engelhardt,0.5101
Atakan Karazor,Pivote,Ezequiél Fernández,0.7418,Ellyes Skhiri,0.7147,Al-Musrati,0.6745,Oriol Rey,0.643,Nicolò Rovella,0.6215,Marc Casado,0.6044,Federico Redondo,0.6006,Alberto Grassi,0.589,Arthur Vermeeren,0.5817,Guido Rodríguez,0.5817,Matteo Prati,0.551,Yvan Neyou,0.5296,Kwon Hyeokkyu,0.5249,Reda Belahyane,0.5219,Alpha Touré,0.5191
Vinicius Souza,Pivote,Nicolas Fonseca,0.9525,Roméo Lavia,0.9483,Geoffrey Kondogbia,0.9475,Manuel Ugarte,0.9306,Carlos Baleba,0.9265,Marius Marin,0.8905,Elisha Owusu,0.8756,Yves Bissouma,0.8426,Dario Essugo,0.8271,Lamare Bogarde,0.8215,Sota Kawasaki,0.8184,Oumar Ngom,0.8166,Salis Abdul Samed,0.8156,Mohamadou Kanté,0.8105,Mikel Vesga,0.8096
Yannik Engelhardt,Pivote,Omar Mascarell,0.8615,Marc Bernal,0.8584,Ryan Gravenberch,0.851,Boubacar Kamara,0.85,João Palhinha,0.847,Max Oyedele,0.8373,Kristijan Jakić,0.8151,Baptiste Santamaria,0.8131,Abdoulaye Touré,0.8039,Tyler Adams,0.7941,Marc Aguado,0.786,Ibrahim Sangaré,0.7726,Aleksandar Pavlovic,0.757,Soungoutou Magassa,0.753,Benjamin André,0.7453
Nicolas Seiwald,Pivote,Hamidou Makalou,0.7153,Freddie Potts,0.6991,Daniel Boloca,0.6918,Oumar Ngom,0.6288,Benjamin Stambouli,0.6264,Senne Lynen,0.6192,Idrissa Sabaly,0.6148,Andrea Ghion,0.5796,Tom Krauß,0.5646,Johann Lepenant,0.5592,Orel Mangala,0.5519,Rafael Gonçalves,0.55,Mikel Vesga,0.5489,Aljoscha Kemlein,0.5469,Salih Özcan,0.5458
Philipp Sander,Pivote,Denis Zakaria,0.8694,Mandela Keita,0.8214,Jon Gorrotxategi,0.7195,Jack Hinshelwood,0.6467,Rômulo,0.6346,Jefferson Lerma,0.6278,Sander Berge,0.5657,Joris Chotard,0.538,Nicolas Seiwald,0.4757,Marc Aguado,0.4692,Adama Camara,0.44,Omar Mascarell,0.4338,Rodrigo Bentancur,0.4288,Martín Zubimendi,0.4276,Marc Roca,0.4186
Robin Fellhauer,Pivote,Aleksandar Pavlovic,0.8983,Martín Zubimendi,0.8907,Danilo Cataldi,0.882,Anton Stach,0.8557,Kristijan Jakić,0.852,Rani Khedira,0.8451,Joshua Kimmich,0.8433,Hakan Çalhanoğlu,0.8307,Julian Niehues,0.8101,Baptiste Santamaria,0.8017,Nikola Moro,0.8013,Máximo Perrone,0.8011,Raúl,0.8001,Nabil Bentaleb,0.7921,Angelo Stiller,0.7794
Lennard Maloney,Pivote,Ibrahima Sissoko,0.8254,Everton Pereira,0.8059,Jean Onana,0.7564,Teun Koopmeiners,0.7458,Damián Rodríguez,0.7362,Senne Lynen,0.721,Idrissa Sabaly,0.7045,Nicolas Fonseca,0.6945,Luca Lipani,0.677,Sota Kawasaki,0.6604,Oumar Ngom,0.6399,Adrien Tameze,0.636,Manuel Ugarte,0.6348,Geoffrey Kondogbia,0.6307,Assane Dioussé,0.6289
Jonas Meffert,Pivote,Sergio Lozano,0.9965,Bane Diatta,0.9965,Nouhoum Kamissoko,0.8859,Olaf Gorter,0.88,Andrea Ghion,0.8753,Ben Winterburn,0.8726,Tim Schnitzer,0.8726,Junior Mwanga,0.8662,Tomas Marques,0.8443,Alessandro Romano,0.8432,Benjamin Stambouli,0.839,Balthazar Pierret,0.8354,Yannik Keitel,0.7918,Fodé Sylla,0.7788,Salih Özcan,0.7741
Tim Schnitzer,Pivote,Ben Winterburn,1.0,Simone Lottici Tessadri,0.9007,Abdoulaye Camara,0.8818,Jonas Meffert,0.8726,Tomas Marques,0.869,Alessandro Romano,0.867,Sergio Lozano,0.8628,Bane Diatta,0.8628,Daren Mosengo,0.8538,Kwon Hyeokkyu,0.7968,Balthazar Pierret,0.7688,Nouhoum Kamissoko,0.767,Jerome Abbey,0.7425,David Daiber,0.728,Andrea Ghion,0.722
Aleksandar Pavlovic,Pivote,Martín Zubimendi,0.9142,Ryan Gravenberch,0.899,Robin Fellhauer,0.8983,Kristijan Jakić,0.898,Anton Stach,0.8841,Máximo Perrone,0.8776,Pierre Højbjerg,0.8676,Ibrahim Sangaré,0.8403,Danilo Cataldi,0.8215,Joshua Kimmich,0.8182,Rolando Mandragora,0.8167,Hakan Çalhanoğlu,0.8151,Rani Khedira,0.814,Omar Mascarell,0.8133,Billy Gilmour,0.8092
Ellyes Skhiri,Pivote,Federico Redondo,0.7744,Alberto Grassi,0.7416,Atakan Karazor,0.7147,Ezequiél Fernández,0.7067,Al-Musrati,0.6589,Axel Witsel,0.653,Robert Andrich,0.6065,Carlos Benavídez,0.597,Marten de Roon,0.5622,Rabby Nzingoula,0.5595,Skelly Alvero,0.5438,Jerome Abbey,0.5242,Arthur Vermeeren,0.523,Daren Mosengo,0.4967,Adrien Tameze,0.4506
Salih Özcan,Pivote,Benjamin Stambouli,0.9549,Andrea Ghion,0.8878,Junior Mwanga,0.8728,Nouhoum Kamissoko,0.8491,Daniel Boloca,0.83,Bane Diatta,0.7761,Sergio Lozano,0.7761,Idrissa Sabaly,0.7747,Jonas Meffert,0.7741,Sota Kawasaki,0.7579,Orel Mangala,0.757,Mikel Vesga,0.7546,Sadik Fofana,0.7488,Roméo Lavia,0.7458,Jacopo Grossi,0.7389
Eric Martel,Pivote,Kervin Arriaga,0.887,Pierre Lees-Melou,0.8658,Axel Witsel,0.855,Robert Andrich,0.8327,Lesley Ugochukwu,0.8124,Casemiro,0.8124,Marten de Roon,0.8091,Adam Wharton,0.8013,Moisés Caicedo,0.7728,Charles Pickel,0.7558,Ezequiél Fernández,0.7028,Nemanja Matić,0.6859,Oussama El Azzouzi,0.6353,Idrissa Gana Gueye,0.6029,Tyler Morton,0.5698
Sota Kawasaki,Pivote,Elisha Owusu,0.907,Junior Mwanga,0.8981,Marius Marin,0.8927,Adrien Tameze,0.8737,Roméo Lavia,0.865,Fodé Sylla,0.8496,Yannik Keitel,0.8444,Salis Abdul Samed,0.8431,Mikel Vesga,0.8242,Vinicius Souza,0.8184,Benjamin Stambouli,0.8072,Nicolas Fonseca,0.8028,Lamare Bogarde,0.7934,Olaf Gorter,0.7895,Salih Özcan,0.7579
Kristijan Jakić,Pivote,Rani Khedira,0.9506,Baptiste Santamaria,0.9393,Máximo Perrone,0.9312,Martín Zubimendi,0.9186,Aleksandar Pavlovic,0.898,Tyler Adams,0.8869,Tomáš Souček,0.8815,Samu Costa,0.8734,Julian Niehues,0.8595,Robin Fellhauer,0.852,Ryan Gravenberch,0.8484,Lohann Doucet,0.847,Raúl,0.8427,Abdoulaye Touré,0.8262,Yannik Engelhardt,0.8151
Angelo Stiller,Pivote,Joshua Kimmich,0.9114,Nabil Bentaleb,0.9093,Granit Xhaka,0.8887,Vitinha,0.8821,Gianluca Gaetano,0.8568,Danilo Cataldi,0.8333,Pierre Højbjerg,0.8303,Idrissa Gana Gueye,0.8227,Aleksandar Pavlovic,0.7971,Ryan Gravenberch,0.7908,Rolando Mandragora,0.7886,Robin Fellhauer,0.7794,Samuele Ricci,0.7706,Youssouf Fofana,0.7623,Boubacar Kamara,0.7542
Nicolas Höfler,Pivote,Marius Courcoul,0.8692,Christian Nørgaard,0.8418,Bahmed Deuff,0.8241,Sadik Fofana,0.7742,Yves Bissouma,0.755,Oumar Ngom,0.7339,Lucas Torró,0.7064,Pablo Rosario,0.7025,Orel Mangala,0.6951,Malthe Hojholt,0.6794,David Daiber,0.6522,Mohamadou Kanté,0.6242,Nouhoum Kamissoko,0.6154,Mathys De Carvalho,0.5939,Manuel Ugarte,0.5875
Yannik Keitel,Pivote,Lamare Bogarde,0.944,Elisha Owusu,0.9438,Salis Abdul Samed,0.9259,Kwon Hyeokkyu,0.9248,Dario Essugo,0.859,Balthazar Pierret,0.8498,Alessandro Romano,0.8469,Tomas Marques,0.8467,Sota Kawasaki,0.8444,Sofyan Amrabat,0.8401,Yvan Neyou,0.831,Roméo Lavia,0.8287,Olaf Gorter,0.8273,Jonas Meffert,0.7918,Vinicius Souza,0.779
Tom Krauß,Pivote,Freddie Potts,0.9238,Nicolò Rovella,0.7923,Charles Vanhoutte,0.7869,Aladji Bamba,0.7102,Wataru Endo,0.7021,Johann Lepenant,0.6964,Ilia Gruev,0.6941,Mikel Vesga,0.6193,Aljoscha Kemlein,0.6167,Florentino Luís,0.604,Cheikh Niasse,0.6015,Nicolas Seiwald,0.5646,Ardon Jashari,0.5624,Marius Marin,0.5583,Nahuel Estévez,0.5454
Robert Andrich,Pivote,Axel Witsel,0.8577,Marten de Roon,0.8444,Eric Martel,0.8327,Lesley Ugochukwu,0.8272,Oussama El Azzouzi,0.7591,Charles Pickel,0.7505,Kervin Arriaga,0.7039,Nemanja Matić,0.6946,Adam Wharton,0.653,Pierre Lees-Melou,0.6514,Casemiro,0.6356,Ellyes Skhiri,0.6065,Moisés Caicedo,0.5619,Tyler Morton,0.5431,Idrissa Gana Gueye,0.5214
Senne Lynen,Pivote,Daniel Boloca,0.9119,Idrissa Sabaly,0.8805,Orel Mangala,0.8743,Everton Pereira,0.8707,Adrien Tameze,0.8583,Benjamin Stambouli,0.8536,Mikel Vesga,0.8514,Thomas Partey,0.848,Oumar Ngom,0.8451,Jean Onana,0.8176,Hamidou Makalou,0.815,Malthe Hojholt,0.7743,Roméo Lavia,0.7469,Manuel Ugarte,0.7378,Lennard Maloney,0.721
Rani Khedira,Pivote,Kristijan Jakić,0.9506,Martín Zubimendi,0.9181,Tyler Adams,0.9004,Baptiste Santamaria,0.8716,Máximo Perrone,0.8617,Samu Costa,0.858,Robin Fellhauer,0.8451,Julian Niehues,0.839,Tomáš Souček,0.8347,Aleksandar Pavlovic,0.814,Hakan Çalhanoğlu,0.8105,Benjamin André,0.8099,Ibrahim Sangaré,0.7777,Abdoulaye Touré,0.7723,Raúl,0.7704
Patrick Osterhage,Pivote,Laurent Abergel,0.8947,Nikola Moro,0.874,Julian Niehues,0.8447,Jesper Karlström,0.7654,Baptiste Santamaria,0.7587,Rani Khedira,0.7224,Martín Zubimendi,0.7193,Kristijan Jakić,0.7155,Ngal'Ayel Mukau,0.7033,Kaishū Sano,0.6946,Jordan Henderson,0.6872,Yannik Engelhardt,0.6676,Rodrigo Bentancur,0.661,Robin Fellhauer,0.6368,José Luis García Vayá,0.6304
Skelly Alvero,Pivote,Daren Mosengo,0.9243,Guido Rodríguez,0.837,Kwon Hyeokkyu,0.7816,Balthazar Pierret,0.766,Alberto Grassi,0.7332,Sofyan Amrabat,0.7144,Salis Abdul Samed,0.7112,Adrien Tameze,0.7041,Jerome Abbey,0.7005,Federico Redondo,0.6958,Ben Winterburn,0.6622,Tim Schnitzer,0.6622,Thomas Partey,0.6595,Roméo Lavia,0.6588,Yannik Keitel,0.6378
David Daiber,Pivote,Alessandro Romano,0.8923,Tomas Marques,0.892,Simone Lottici Tessadri,0.8534,Damián Rodríguez,0.8165,Nouhoum Kamissoko,0.8159,Sadik Fofana,0.8155,Everton Pereira,0.8019,Malthe Hojholt,0.7915,Olaf Gorter,0.7578,Marius Courcoul,0.7345,Ben Winterburn,0.728,Tim Schnitzer,0.728,Junior Mwanga,0.7017,Jonas Meffert,0.6821,Sergio Lozano,0.6766
Joshua Kimmich,Pivote,Danilo Cataldi,0.978,Vitinha,0.9689,Nabil Bentaleb,0.9382,Gianluca Gaetano,0.9119,Angelo Stiller,0.9114,Anton Stach,0.9059,Youssouf Fofana,0.8631,Hakan Çalhanoğlu,0.8583,Robin Fellhauer,0.8433,Rolando Mandragora,0.8356,Pierre Højbjerg,0.8307,Granit Xhaka,0.8241,Tyler Morton,0.8184,Aleksandar Pavlovic,0.8182,Idrissa Gana Gueye,0.8083
Niklas Dorsch,Pivote,Leon Avdullahu,0.8734,Nahuel Estévez,0.8321,Oriol Rey,0.8245,Aljoscha Kemlein,0.8241,Alpha Touré,0.7751,Abdoulaye Camara,0.7616,Santiago Colombatto,0.7583,Ilia Gruev,0.7374,Damián Rodríguez,0.7243,Cheikh Niasse,0.7214,Jacopo Grossi,0.7188,Sandro Tonali,0.6872,Matteo Prati,0.6858,Adrien Tameze,0.6566,Freddie Potts,0.6371
Ezequiél Fernández,Pivote,Al-Musrati,0.8944,Atakan Karazor,0.7418,Pierre Lees-Melou,0.7324,Axel Witsel,0.7236,Carlos Benavídez,0.7234,Adam Wharton,0.7181,Ellyes Skhiri,0.7067,Eric Martel,0.7028,Marten de Roon,0.6809,Nicolò Rovella,0.659,Arthur Vermeeren,0.6121,Rabby Nzingoula,0.5336,Federico Redondo,0.5262,Kervin Arriaga,0.516,Robert Andrich,0.5002
Kaishū Sano,Pivote,Nikola Moro,0.7829,Patrick Osterhage,0.6946,Joris Chotard,0.6623,Julian Niehues,0.6528,Jordan Henderson,0.6345,Laurent Abergel,0.6051,Robin Fellhauer,0.597,Jesper Karlström,0.5672,Rodrigo Bentancur,0.5606,Martín Zubimendi,0.5463,José Luis García Vayá,0.5067,Billy Gilmour,0.4954,Angelo Stiller,0.4825,Jerome Abbey,0.4652,Tanner Tessmann,0.4508
Rômulo,Pivote,Jack Hinshelwood,0.9839,Máximo Perrone,0.7017,Kristijan Jakić,0.6993,Denis Zakaria,0.6752,Baptiste Santamaria,0.6663,Youssouf Fofana,0.654,Jon Gorrotxategi,0.6478,Philipp Sander,0.6346,Mohamed Bamba,0.6339,Raúl,0.6337,Martín Zubimendi,0.6313,Tyler Adams,0.6304,Aleksandar Pavlovic,0.6292,Tomáš Souček,0.6232,Pierre Højbjerg,0.6209
Aljoscha Kemlein,Pivote,Nahuel Estévez,0.8605,Ilia Gruev,0.8396,Niklas Dorsch,0.8241,Andrea Ghion,0.7765,Oriol Rey,0.7637,Ardon Jashari,0.7472,Freddie Potts,0.7408,Abdoulaye Camara,0.7398,Salih Özcan,0.7188,Hans Nicolussi Caviglia,0.7047,Leon Avdullahu,0.6998,Junior Mwanga,0.6641,Matteo Prati,0.6572,Charles Vanhoutte,0.648,Benjamin Stambouli,0.6477
Nicolai Remberg,Pivote,Iker Muñoz,0.8459,Lucas Gourna-Douath,0.8115,Lucas Torró,0.6783,Santiago Colombatto,0.6436,Assane Dioussé,0.6413,Guido Rodríguez,0.5902,Jefferson Lerma,0.5751,Alpha Touré,0.5732,Yvan Neyou,0.559,Geoffrey Kondogbia,0.5364,Carlos Baleba,0.5184,Atakan Karazor,0.5141,Sofyan Amrabat,0.5131,Cheikh Niasse,0.5088,Ibrahima Sissoko,0.493
Wouter Burger,Pivote,Hakan Çalhanoğlu,0.8787,Raúl,0.8631,Casemiro,0.8428,Anton Stach,0.816,Máximo Perrone,0.7961,Tyler Morton,0.7766,Tomáš Souček,0.7719,Kervin Arriaga,0.7701,Danilo Cataldi,0.7691,Rani Khedira,0.763,Samu Costa,0.7619,Mohamed Bamba,0.7583,Antonio Blanco,0.7265,Kristijan Jakić,0.7247,Rolando Mandragora,0.7094
James Sands,Pivote,Ylber Ramadani,0.884,Adama Camara,0.8828,Soungoutou Magassa,0.7577,Aurélien Tchouaméni,0.7514,Ethan Ampadu,0.6995,Rodri,0.6887,Morten Frendrup,0.6764,Abdoulaye Touré,0.5892,Amadou Onana,0.5887,Yannik Engelhardt,0.5875,Batista Mendy,0.5804,Moisés Caicedo,0.5766,André,0.5666,Billy Gilmour,0.5551,Laurent Abergel,0.5424
Julian Niehues,Pivote,Martín Zubimendi,0.9262,Nikola Moro,0.8732,Billy Gilmour,0.8723,Kristijan Jakić,0.8595,Patrick Osterhage,0.8447,Rani Khedira,0.839,Leander Dendoncker,0.8336,Tomáš Souček,0.8309,Robin Fellhauer,0.8101,Aleksandar Pavlovic,0.7761,Baptiste Santamaria,0.7519,Abdoulaye Touré,0.7167,Laurent Abergel,0.7126,Tanner Tessmann,0.7079,Ryan Gravenberch,0.7023
Leon Avdullahu,Pivote,Abdoulaye Camara,0.8756,Niklas Dorsch,0.8734,Jerome Abbey,0.8634,Adrien Tameze,0.7783,Jacopo Grossi,0.7254,Ben Winterburn,0.7198,Tim Schnitzer,0.7198,Andrea Ghion,0.7132,Aljoscha Kemlein,0.6998,Daniel Boloca,0.6618,Oriol Rey,0.635,Damián Rodríguez,0.6303,Benjamin Stambouli,0.6215,Tomas Marques,0.619,Alessandro Romano,0.6175
Everton Pereira,Pivote,Senne Lynen,0.8707,Malthe Hojholt,0.8697,Thomas Partey,0.84,Lennard Maloney,0.8059,Oumar Ngom,0.8049,David Daiber,0.8019,Benjamin Stambouli,0.7983,Orel Mangala,0.7945,Adrien Tameze,0.7574,Fodé Sylla,0.7516,Alessandro Romano,0.7476,Tomas Marques,0.7475,Damián Rodríguez,0.7443,Jerome Abbey,0.7279,Idrissa Sabaly,0.7276
Nouhoum Kamissoko,Pivote,Bane Diatta,0.8952,Sergio Lozano,0.8952,Jonas Meffert,0.8859,Benjamin Stambouli,0.8653,Salih Özcan,0.8491,Simone Lottici Tessadri,0.8471,Marius Courcoul,0.8349,Andrea Ghion,0.8256,Junior Mwanga,0.825,David Daiber,0.8159,Olaf Gorter,0.8094,Sadik Fofana,0.7997,Ben Winterburn,0.767,Tim Schnitzer,0.767,Tomas Marques,0.7616
Daren Mosengo,Pivote,Skelly Alvero,0.9243,Kwon Hyeokkyu,0.9164,Balthazar Pierret,0.8743,Tim Schnitzer,0.8538,Ben Winterburn,0.8538,Sofyan Amrabat,0.7962,Guido Rodríguez,0.7893,Yannik Keitel,0.7709,Salis Abdul Samed,0.7643,Abdoulaye Camara,0.7181,Jonas Meffert,0.704,Lamare Bogarde,0.7007,Simone Lottici Tessadri,0.6927,Tomas Marques,0.689,Alessandro Romano,0.6869
Idrissa Sabaly,Pivote,Jean Onana,0.9726,Senne Lynen,0.8805,Daniel Boloca,0.8378,Benjamin Stambouli,0.8246,Mikel Vesga,0.7905,Salih Özcan,0.7747,Adrien Tameze,0.7542,Oumar Ngom,0.7497,Junior Mwanga,0.7384,Orel Mangala,0.7301,Andrea Ghion,0.7286,Everton Pereira,0.7276,Fodé Sylla,0.7275,Hamidou Makalou,0.712,Lennard Maloney,0.7045
Rabby Nzingoula,Pivote,Mikel Vesga,0.7788,Manuel Ugarte,0.7765,Federico Redondo,0.7302,Nicolas Fonseca,0.7212,Jean Onana,0.7068,Senne Lynen,0.703,Idrissa Sabaly,0.6916,Roméo Lavia,0.6816,Vinicius Souza,0.6587,Geoffrey Kondogbia,0.6569,Oumar Ngom,0.6439,Orel Mangala,0.6427,Mathys De Carvalho,0.6402,Carlos Baleba,0.6356,Marius Marin,0.632
Bane Diatta,Pivote,Sergio Lozano,1.0,Jonas Meffert,0.9965,Nouhoum Kamissoko,0.8952,Olaf Gorter,0.8829,Andrea Ghion,0.8763,Junior Mwanga,0.8634,Ben Winterburn,0.8628,Tim Schnitzer,0.8628,Balthazar Pierret,0.8339,Tomas Marques,0.8336,Alessandro Romano,0.8324,Benjamin Stambouli,0.8218,Salih Özcan,0.7761,Yannik Keitel,0.7712,Abdoulaye Camara,0.7499
Joris Chotard,Pivote,Billy Gilmour,0.8563,Martín Zubimendi,0.7674,Robin Fellhauer,0.7484,Aleksandar Pavlovic,0.706,Joshua Kimmich,0.7031,Julian Niehues,0.6951,Anton Stach,0.6822,Danilo Cataldi,0.6658,Kaishū Sano,0.6623,Nikola Moro,0.6596,Idrissa Gana Gueye,0.6517,Vitinha,0.6511,Angelo Stiller,0.6502,Tyler Morton,0.6495,Ryan Gravenberch,0.6493
Pierre Højbjerg,Pivote,Rolando Mandragora,0.9629,Nabil Bentaleb,0.9214,Ryan Gravenberch,0.9199,Gianluca Gaetano,0.9177,Youssouf Fofana,0.881,Aleksandar Pavlovic,0.8676,Hakan Çalhanoğlu,0.856,Anton Stach,0.8472,Raúl,0.8444,Boubacar Kamara,0.8369,Samuele Ricci,0.8351,Abdoulaye Touré,0.8332,Joshua Kimmich,0.8307,Angelo Stiller,0.8303,João Palhinha,0.8249
Lohann Doucet,Pivote,Nemanja Gudelj,0.8669,Maguette Gueye,0.8572,Kristijan Jakić,0.847,Máximo Perrone,0.8328,Tomáš Souček,0.8018,Samu Costa,0.7997,Mohamed Bamba,0.7955,Ibrahim Sulemana,0.7947,Max Oyedele,0.7713,Pierre Højbjerg,0.7704,Baptiste Santamaria,0.7642,Mario Martín,0.7555,Ibrahim Sangaré,0.7512,Tyler Adams,0.75,Rolando Mandragora,0.7378
Pablo Rosario,Pivote,Simone Lottici Tessadri,0.7936,Thomas Partey,0.707,Nicolas Höfler,0.7025,Malthe Hojholt,0.6862,David Daiber,0.6702,Jacopo Grossi,0.6556,Lucas Torró,0.6198,Christian Nørgaard,0.6194,Nouhoum Kamissoko,0.6053,Marius Courcoul,0.5993,Tanner Tessmann,0.5686,Orel Mangala,0.5677,Bahmed Deuff,0.5658,Kristjan Asllani,0.5351,Ben Winterburn,0.504
Fodé Sylla,Pivote,Elisha Owusu,0.8642,Sota Kawasaki,0.8496,Junior Mwanga,0.8474,Olaf Gorter,0.8442,Roméo Lavia,0.8216,Mikel Vesga,0.803,Vinicius Souza,0.7972,Oumar Ngom,0.7828,Jonas Meffert,0.7788,Benjamin Stambouli,0.7746,Jean Onana,0.7717,Everton Pereira,0.7516,Adrien Tameze,0.7497,Bane Diatta,0.7495,Sergio Lozano,0.7495
Denis Zakaria,Pivote,Philipp Sander,0.8694,Jon Gorrotxategi,0.8241,Mandela Keita,0.7757,Rômulo,0.6752,Jack Hinshelwood,0.6561,Marc Aguado,0.5992,Omar Mascarell,0.5744,Rodrigo Bentancur,0.5561,Sander Berge,0.5404,Oussama El Azzouzi,0.5181,Jefferson Lerma,0.5179,Martín Zubimendi,0.4962,Tyler Adams,0.461,Joris Chotard,0.4495,Julian Niehues,0.4342
Vitinha,Pivote,Joshua Kimmich,0.9689,Danilo Cataldi,0.9265,Nabil Bentaleb,0.9177,Gianluca Gaetano,0.8937,Angelo Stiller,0.8821,Youssouf Fofana,0.879,Anton Stach,0.8118,Granit Xhaka,0.784,Samuele Ricci,0.7813,Idrissa Gana Gueye,0.7786,Pierre Højbjerg,0.7725,Hakan Çalhanoğlu,0.7673,Rolando Mandragora,0.7623,Tyler Morton,0.76,James Garner,0.7521
Ibrahima Sissoko,Pivote,Lucas Gourna-Douath,0.8341,Lennard Maloney,0.8254,Salis Abdul Samed,0.7478,Adrien Tameze,0.7292,Cheikh Niasse,0.6993,Damián Rodríguez,0.6943,Santiago Colombatto,0.6834,Sota Kawasaki,0.6781,Jerome Abbey,0.6509,Marius Marin,0.648,Everton Pereira,0.6358,Teun Koopmeiners,0.6326,Alpha Touré,0.6276,Guido Rodríguez,0.6226,Leon Avdullahu,0.6128
Arthur Vermeeren,Pivote,Reda Belahyane,0.8119,Al-Musrati,0.6217,Marten de Roon,0.6213,Ezequiél Fernández,0.6121,Nicolò Rovella,0.59,Atakan Karazor,0.5817,Adam Wharton,0.5564,Aljoscha Kemlein,0.5453,Charles Vanhoutte,0.5288,Ellyes Skhiri,0.523,Carlos Benavídez,0.5132,Ilia Gruev,0.5012,Tom Krauß,0.4989,Pierre Lees-Melou,0.4932,Nicolas Seiwald,0.4927
Aladji Bamba,Pivote,Francis Coquelin,0.8573,Wataru Endo,0.8142,Tom Krauß,0.7102,Charles Vanhoutte,0.7071,Nicolò Rovella,0.624,Matteo Prati,0.6074,Gerard Gumbau,0.5841,Ardon Jashari,0.5721,Reda Belahyane,0.5622,Marc Casado,0.5575,Ilia Gruev,0.5272,Oriol Rey,0.4992,Freddie Potts,0.4932,Johann Lepenant,0.4896,Manuel Locatelli,0.4516
Salis Abdul Samed,Pivote,Kwon Hyeokkyu,0.9284,Yannik Keitel,0.9259,Sofyan Amrabat,0.9195,Lamare Bogarde,0.896,Yvan Neyou,0.8669,Elisha Owusu,0.8539,Sota Kawasaki,0.8431,Roméo Lavia,0.8234,Vinicius Souza,0.8156,Marius Marin,0.8129,Carlos Baleba,0.8043,Guido Rodríguez,0.8008,Dario Essugo,0.7975,Adrien Tameze,0.7904,Daren Mosengo,0.7643
Adama Camara,Pivote,James Sands,0.8828,Aurélien Tchouaméni,0.8563,Soungoutou Magassa,0.7898,Ylber Ramadani,0.7707,Ethan Ampadu,0.7562,Morten Frendrup,0.6753,Billy Gilmour,0.6583,Joris Chotard,0.5764,Rodrigo Bentancur,0.5608,Abdoulaye Touré,0.5528,Amadou Onana,0.5486,Oussama El Azzouzi,0.54,Laurent Abergel,0.5399,Rodri,0.5253,Moisés Caicedo,0.5229
Benjamin Stambouli,Pivote,Salih Özcan,0.9549,Daniel Boloca,0.8949,Junior Mwanga,0.8822,Andrea Ghion,0.8745,Nouhoum Kamissoko,0.8653,Senne Lynen,0.8536,Jonas Meffert,0.839,Mikel Vesga,0.8378,Roméo Lavia,0.8323,Orel Mangala,0.8308,Idrissa Sabaly,0.8246,Sergio Lozano,0.8218,Bane Diatta,0.8218,Oumar Ngom,0.8201,Adrien Tameze,0.8118
Alpha Touré,Pivote,Santiago Colombatto,0.9892,Oriol Rey,0.898,Matteo Prati,0.8856,Niklas Dorsch,0.7751,Cheikh Niasse,0.7697,Marc Casado,0.7546,Damián Rodríguez,0.693,Tochukwu Nnadi,0.6905,Charles Vanhoutte,0.6656,Lucas Gourna-Douath,0.6645,Maxime Lopez,0.6541,Sofyan Amrabat,0.6382,Nahuel Estévez,0.6328,Ibrahima Sissoko,0.6276,Yvan Neyou,0.6221
Ngal'Ayel Mukau,Pivote,Nemanja Gudelj,0.812,Laurent Abergel,0.7732,Patrick Osterhage,0.7033,Tanner Tessmann,0.7023,Lohann Doucet,0.7001,Mario Martín,0.6823,Julian Niehues,0.6503,Tomáš Souček,0.6388,Samu Costa,0.6347,Kristijan Jakić,0.6276,Mohamed Bamba,0.6178,Maguette Gueye,0.6167,Rani Khedira,0.6102,Baptiste Santamaria,0.5989,Abdoulaye Touré,0.5952
Pierre Lees-Melou,Pivote,Adam Wharton,0.9475,Eric Martel,0.8658,Kervin Arriaga,0.8598,Marten de Roon,0.8486,Casemiro,0.8291,Charles Pickel,0.771,Axel Witsel,0.7563,Lesley Ugochukwu,0.7561,Ezequiél Fernández,0.7324,Tyler Morton,0.6904,Robert Andrich,0.6514,Carlos Benavídez,0.6447,Al-Musrati,0.6386,Wouter Burger,0.6361,Idrissa Gana Gueye,0.6249
Charles Vanhoutte,Pivote,Florentino Luís,0.8462,Tom Krauß,0.7869,Francis Coquelin,0.7724,Wataru Endo,0.7373,Cheikh Niasse,0.7255,Oriol Rey,0.7228,Aladji Bamba,0.7071,Ilia Gruev,0.6898,Alpha Touré,0.6656,Marius Marin,0.6634,Sota Kawasaki,0.6614,Aljoscha Kemlein,0.648,Matteo Prati,0.6404,Nicolò Rovella,0.6395,Freddie Potts,0.6266
Lucas Gourna-Douath,Pivote,Iker Muñoz,0.8801,Ibrahima Sissoko,0.8341,Nicolai Remberg,0.8115,Guido Rodríguez,0.7736,Sofyan Amrabat,0.7722,Salis Abdul Samed,0.7637,Yvan Neyou,0.7497,Carlos Baleba,0.7492,Santiago Colombatto,0.7399,Geoffrey Kondogbia,0.7195,Assane Dioussé,0.7183,Alpha Touré,0.6645,Kwon Hyeokkyu,0.6312,Lennard Maloney,0.6135,Damián Rodríguez,0.6121
Junior Mwanga,Pivote,Olaf Gorter,0.9242,Sota Kawasaki,0.8981,Benjamin Stambouli,0.8822,Salih Özcan,0.8728,Andrea Ghion,0.8709,Jonas Meffert,0.8662,Bane Diatta,0.8634,Sergio Lozano,0.8634,Elisha Owusu,0.8538,Fodé Sylla,0.8474,Nouhoum Kamissoko,0.825,Sadik Fofana,0.8224,Alessandro Romano,0.782,Tomas Marques,0.7816,Yannik Keitel,0.7692
Nabil Bentaleb,Pivote,Gianluca Gaetano,0.9911,Joshua Kimmich,0.9382,Rolando Mandragora,0.9291,Pierre Højbjerg,0.9214,Vitinha,0.9177,Danilo Cataldi,0.9138,Angelo Stiller,0.9093,Hakan Çalhanoğlu,0.8809,Samuele Ricci,0.8724,Youssouf Fofana,0.8708,Anton Stach,0.8665,Ryan Gravenberch,0.8545,Idrissa Gana Gueye,0.8187,Raúl,0.8108,Abdoulaye Touré,0.805
Maxime Lopez,Pivote,Tochukwu Nnadi,0.9702,Matteo Prati,0.7198,Gerard Gumbau,0.7076,Alpha Touré,0.6541,Santiago Colombatto,0.6498,Luca Lipani,0.6275,Sandro Tonali,0.6157,Hans Nicolussi Caviglia,0.6152,Samuele Ricci,0.596,Niklas Dorsch,0.5837,Mohamed Bamba,0.5832,Cheikh Niasse,0.5822,Ilia Gruev,0.5793,Nahuel Estévez,0.5148,Teun Koopmeiners,0.505
Boubacar Traoré,Pivote,Bryan Cristante,0.7366,Maguette Gueye,0.6849,Ibrahim Sulemana,0.6706,Nemanja Gudelj,0.6583,Max Oyedele,0.6345,Oussama El Azzouzi,0.601,Leander Dendoncker,0.5923,Batista Mendy,0.574,Morten Frendrup,0.5506,Ibrahim Sangaré,0.5304,Marc Roca,0.5207,Amadou Onana,0.5058,Aurélien Tchouaméni,0.4853,Soungoutou Magassa,0.4843,Lohann Doucet,0.4656
Tanner Tessmann,Pivote,Julian Niehues,0.7079,Ngal'Ayel Mukau,0.7023,Nikola Moro,0.6952,Nemanja Gudelj,0.6599,Billy Gilmour,0.6306,Leander Dendoncker,0.626,Robin Fellhauer,0.6173,Tomáš Souček,0.6151,Youssouf Fofana,0.6126,Laurent Abergel,0.6073,José Luis García Vayá,0.6043,Pablo Rosario,0.5686,Teun Koopmeiners,0.5366,Martín Zubimendi,0.5259,Patrick Osterhage,0.5239
Marius Courcoul,Pivote,Sadik Fofana,0.8822,Nicolas Höfler,0.8692,Nouhoum Kamissoko,0.8349,Oumar Ngom,0.8347,Olaf Gorter,0.762,Malthe Hojholt,0.7493,David Daiber,0.7345,Benjamin Stambouli,0.7245,Sergio Lozano,0.7231,Bane Diatta,0.7231,Jonas Meffert,0.7167,Orel Mangala,0.7007,Yves Bissouma,0.6954,Roméo Lavia,0.6612,Alessandro Romano,0.6609
Tochukwu Nnadi,Pivote,Maxime Lopez,0.9702,Gerard Gumbau,0.7909,Matteo Prati,0.7467,Luca Lipani,0.7235,Alpha Touré,0.6905,Santiago Colombatto,0.6844,Cheikh Niasse,0.6219,Mohamed Bamba,0.6179,Samuele Ricci,0.5963,Sandro Tonali,0.5562,Hans Nicolussi Caviglia,0.5395,Ilia Gruev,0.5355,Wataru Endo,0.5068,Niklas Dorsch,0.4928,Antonio Blanco,0.4682
Hamidou Makalou,Pivote,Kristjan Asllani,0.9194,Daniel Boloca,0.8836,Orel Mangala,0.8189,Senne Lynen,0.815,Thomas Partey,0.7997,Mathys De Carvalho,0.7668,Nicolas Seiwald,0.7153,Idrissa Sabaly,0.712,Benjamin Stambouli,0.6973,Jacopo Grossi,0.6853,Johann Lepenant,0.6786,Salih Özcan,0.6607,Mikel Vesga,0.653,Oumar Ngom,0.6278,Malthe Hojholt,0.6168
Max Oyedele,Pivote,Marc Bernal,0.9104,Maguette Gueye,0.8788,Ibrahim Sangaré,0.8739,Omar Mascarell,0.85,João Palhinha,0.8385,Yannik Engelhardt,0.8373,Ibrahim Sulemana,0.8223,Tyler Adams,0.8014,Soungoutou Magassa,0.7729,Amadou Onana,0.7715,Lohann Doucet,0.7713,Moisés Caicedo,0.7667,Oussama El Azzouzi,0.7537,Batista Mendy,0.7271,Kristijan Jakić,0.7232
Oussama El Azzouzi,Pivote,Moisés Caicedo,0.7813,Robert Andrich,0.7591,Max Oyedele,0.7537,Morten Frendrup,0.7399,Omar Mascarell,0.7269,Soungoutou Magassa,0.6867,Marc Bernal,0.6674,Eric Martel,0.6353,Rodrigo Bentancur,0.6016,Ibrahim Sangaré,0.6012,Boubacar Traoré,0.601,Marc Aguado,0.5962,Ibrahim Sulemana,0.5926,Amadou Onana,0.5924,João Palhinha,0.5791
Tyler Morton,Pivote,Idrissa Gana Gueye,0.929,Raúl,0.8583,Joshua Kimmich,0.8184,Danilo Cataldi,0.799,Anton Stach,0.7917,Adam Wharton,0.7806,Wouter Burger,0.7766,Vitinha,0.76,Casemiro,0.7561,Nabil Bentaleb,0.755,Hakan Çalhanoğlu,0.7464,Lesley Ugochukwu,0.745,Aleksandar Pavlovic,0.7392,Robin Fellhauer,0.7389,Kervin Arriaga,0.7331
Assane Dioussé,Pivote,Iker Muñoz,0.8854,Mathys De Carvalho,0.8003,Bahmed Deuff,0.7443,Lucas Gourna-Douath,0.7183,Yves Bissouma,0.7008,Kristjan Asllani,0.6992,Teun Koopmeiners,0.6984,Lucas Torró,0.6938,Geoffrey Kondogbia,0.6773,Carlos Baleba,0.6696,Orel Mangala,0.6458,Nicolai Remberg,0.6413,Lennard Maloney,0.6289,Manuel Ugarte,0.6083,Johann Lepenant,0.5692
Mathys De Carvalho,Pivote,Kristjan Asllani,0.8625,Johann Lepenant,0.8113,Orel Mangala,0.8053,Assane Dioussé,0.8003,Yves Bissouma,0.7801,Hamidou Makalou,0.7668,Lucas Torró,0.7209,Bahmed Deuff,0.71,Manuel Ugarte,0.6984,Oumar Ngom,0.6479,Carlos Baleba,0.6406,Rabby Nzingoula,0.6402,Aurélien Tchouaméni,0.6337,Christian Nørgaard,0.6055,Thomas Partey,0.5944
Bahmed Deuff,Pivote,Lucas Torró,0.8733,Nicolas Höfler,0.8241,Yves Bissouma,0.7701,Assane Dioussé,0.7443,Christian Nørgaard,0.7232,Mathys De Carvalho,0.71,Iker Muñoz,0.6969,Orel Mangala,0.6483,Mohamadou Kanté,0.6178,Malthe Hojholt,0.6159,Carlos Baleba,0.5964,Teun Koopmeiners,0.5949,Pablo Rosario,0.5658,Sadik Fofana,0.5496,Kristjan Asllani,0.5426
Orel Mangala,Pivote,Malthe Hojholt,0.9029,Oumar Ngom,0.8865,Thomas Partey,0.8849,Senne Lynen,0.8743,Kristjan Asllani,0.8433,Benjamin Stambouli,0.8308,Hamidou Makalou,0.8189,Mathys De Carvalho,0.8053,Yves Bissouma,0.801,Everton Pereira,0.7945,Daniel Boloca,0.787,Manuel Ugarte,0.7852,Carlos Baleba,0.7734,Salih Özcan,0.757,Roméo Lavia,0.7434
Mohamed Bamba,Pivote,Samu Costa,0.8792,Samuele Ricci,0.8629,Máximo Perrone,0.8402,Baptiste Santamaria,0.8392,Mario Martín,0.8257,Raúl,0.8082,Hakan Çalhanoğlu,0.8008,Lohann Doucet,0.7955,Rolando Mandragora,0.7874,Kristijan Jakić,0.7827,Wouter Burger,0.7583,Pierre Højbjerg,0.7381,Tyler Adams,0.7321,Tomáš Souček,0.732,Antonio Blanco,0.7201
Benjamin André,Pivote,Samu Costa,0.8975,Vitaly Janelt,0.8728,Antonio Blanco,0.869,Tyler Adams,0.8353,Mario Martín,0.8135,Rani Khedira,0.8099,Baptiste Santamaria,0.7965,Hakan Çalhanoğlu,0.7665,Abdoulaye Touré,0.7579,Marc Bernal,0.757,Yannik Engelhardt,0.7453,Kristijan Jakić,0.7431,Lucien Agoume,0.7081,João Palhinha,0.7054,Soungoutou Magassa,0.6979
Francis Coquelin,Pivote,Aladji Bamba,0.8573,Charles Vanhoutte,0.7724,Matteo Prati,0.733,Marc Casado,0.716,Wataru Endo,0.6933,Reda Belahyane,0.656,Mohamadou Kanté,0.6154,Oriol Rey,0.6138,Gerard Gumbau,0.613,Ardon Jashari,0.6031,Dario Essugo,0.6015,Alpha Touré,0.5453,Tom Krauß,0.5287,Aljoscha Kemlein,0.5102,Sadik Fofana,0.5037
Elisha Owusu,Pivote,Yannik Keitel,0.9438,Sota Kawasaki,0.907,Lamare Bogarde,0.9024,Olaf Gorter,0.8994,Dario Essugo,0.89,Roméo Lavia,0.8796,Vinicius Souza,0.8756,Fodé Sylla,0.8642,Salis Abdul Samed,0.8539,Junior Mwanga,0.8538,Marius Marin,0.8417,Sadik Fofana,0.839,Mohamadou Kanté,0.8342,Nicolas Fonseca,0.793,Kwon Hyeokkyu,0.7813
Laurent Abergel,Pivote,Patrick Osterhage,0.8947,Jesper Karlström,0.8184,Ngal'Ayel Mukau,0.7732,Nikola Moro,0.7588,Julian Niehues,0.7126,Tanner Tessmann,0.6073,Kaishū Sano,0.6051,José Luis García Vayá,0.5464,James Sands,0.5424,Adama Camara,0.5399,Billy Gilmour,0.497,Baptiste Santamaria,0.4666,Nemanja Gudelj,0.4646,Martín Zubimendi,0.4558,Leander Dendoncker,0.4516
Johann Lepenant,Pivote,Mathys De Carvalho,0.8113,Freddie Potts,0.7309,Kristjan Asllani,0.7278,Tom Krauß,0.6964,Hamidou Makalou,0.6786,Ardon Jashari,0.6031,Rabby Nzingoula,0.5983,Orel Mangala,0.589,Sandro Tonali,0.5831,Assane Dioussé,0.5692,Nicolas Seiwald,0.5592,Manuel Ugarte,0.5323,Mikel Vesga,0.5298,Manuel Locatelli,0.5275,Yves Bissouma,0.5167
Kwon Hyeokkyu,Pivote,Sofyan Amrabat,0.9313,Salis Abdul Samed,0.9284,Yannik Keitel,0.9248,Daren Mosengo,0.9164,Lamare Bogarde,0.8805,Yvan Neyou,0.8744,Balthazar Pierret,0.8444,Tomas Marques,0.8322,Alessandro Romano,0.8316,Guido Rodríguez,0.7985,Ben Winterburn,0.7968,Tim Schnitzer,0.7968,Skelly Alvero,0.7816,Elisha Owusu,0.7813,Roméo Lavia,0.7526
Abdoulaye Touré,Pivote,Ryan Gravenberch,0.9051,Samu Costa,0.8531,Rolando Mandragora,0.8514,João Palhinha,0.8427,Pierre Højbjerg,0.8332,Kristijan Jakić,0.8262,Billy Gilmour,0.8203,Gianluca Gaetano,0.8055,Nabil Bentaleb,0.805,Yannik Engelhardt,0.8039,Hakan Çalhanoğlu,0.7987,Rani Khedira,0.7723,Aleksandar Pavlovic,0.7601,Benjamin André,0.7579,Raúl,0.7561
Rafael Gonçalves,Pivote,Ardon Jashari,0.9234,Hans Nicolussi Caviglia,0.8256,Gerard Gumbau,0.6867,Aljoscha Kemlein,0.6179,Vitinha,0.6035,Reda Belahyane,0.5994,Nicolas Seiwald,0.55,Youssouf Fofana,0.5445,Nahuel Estévez,0.5255,Ilia Gruev,0.5185,Joshua Kimmich,0.4998,Danilo Cataldi,0.4834,Christian Nørgaard,0.4792,Francis Coquelin,0.464,Arthur Vermeeren,0.4392
Geoffrey Kondogbia,Pivote,Carlos Baleba,0.9635,Vinicius Souza,0.9475,Nicolas Fonseca,0.9315,Manuel Ugarte,0.9161,Yves Bissouma,0.9017,Roméo Lavia,0.8363,Marius Marin,0.8214,Federico Redondo,0.7585,Mohamadou Kanté,0.749,Salis Abdul Samed,0.7464,Dario Essugo,0.7442,Sofyan Amrabat,0.7438,Oumar Ngom,0.7381,Lucas Gourna-Douath,0.7195,Lamare Bogarde,0.7106
Maguette Gueye,Pivote,Batista Mendy,0.9164,Max Oyedele,0.8788,Lohann Doucet,0.8572,Ibrahim Sulemana,0.8356,Nemanja Gudelj,0.8232,Amadou Onana,0.8038,João Palhinha,0.7706,Marc Bernal,0.7455,Ibrahim Sangaré,0.7159,Abdoulaye Touré,0.7093,Mario Martín,0.6895,Soungoutou Magassa,0.6863,Boubacar Traoré,0.6849,Marc Roca,0.6768,Samu Costa,0.6765
Estêvão Willian,Extremo derecho,Dango Ouattara,0.9166,Andrés Martín,0.8891,Ferran Jutglà,0.8765,Ayoube Amaimouni,0.8673,Karim Adeyemi,0.8652,Antoine Semenyo,0.8637,Federico Chiesa,0.8633,Jorge de Frutos,0.8624,Musa Al-Taamari,0.8613,Sulei Camara,0.8607,Nicolas Pépé,0.8529,Kike Barja,0.8436,Ansgar Knauff,0.843,Bukayo Saka,0.8413,Michael Olise,0.8409
Bukayo Saka,Extremo derecho,Michael Olise,0.9534,Federico Chiesa,0.9103,Ayoube Amaimouni,0.8995,Nicolas Pépé,0.8971,Kike Barja,0.8967,Nathan Tella,0.8948,Lamine Yamal,0.8839,Andrés Martín,0.863,Ilan Kebbal,0.8625,Estêvão Willian,0.8413,Takefusa Kubo,0.8202,Sulei Camara,0.8164,Florian Thauvin,0.8137,Karim Adeyemi,0.8107,Rodrygo,0.7948
Dango Ouattara,Extremo derecho,Andrés Martín,0.9543,Antoine Semenyo,0.9507,Harry Wilson,0.9403,Nicolas Pépé,0.9361,Karim Adeyemi,0.9296,Ayoube Amaimouni,0.9294,Ferran Jutglà,0.9279,Roberto Navarro,0.9236,Maghnes Akliouche,0.9184,Estêvão Willian,0.9166,Kike Barja,0.909,Ethan Mbappé,0.8974,Jorge de Frutos,0.8938,Musa Al-Taamari,0.8854,Ansgar Knauff,0.8793
Ismaila Sarr,Extremo derecho,Jorge de Frutos,0.9195,Mohamed Ali Cho,0.9055,Jim Allevinah,0.8887,Bryan Mbeumo,0.8866,Ferran Jutglà,0.8699,Riccardo Orsolini,0.8582,Jayden Addai,0.8432,Silas Katompa,0.8028,Tom Edozie,0.8007,Justin Njinmah,0.7909,Iker Luque,0.7843,Christian Pulisic,0.7841,Ibrahim Mbaye,0.7839,Antoine Semenyo,0.7729,Harry Wilson,0.7666
Mohamed Salah,Extremo derecho,Matìas Soulé,0.8866,Jamie Leweling,0.8819,Florian Thauvin,0.872,Musa Al-Taamari,0.8698,Harry Wilson,0.8606,Mohamed Ali Cho,0.8595,Noni Madueke,0.8471,Iñaki Williams,0.8428,Jarrod Bowen,0.8208,Bryan Mbeumo,0.7978,Andrés Martín,0.789,Christian Pulisic,0.7884,Mason Greenwood,0.7733,Federico Bernardeschi,0.7711,Ilan Kebbal,0.7696
Federico Chiesa,Extremo derecho,Kike Barja,0.9483,Bukayo Saka,0.9103,Karim Adeyemi,0.9035,Nicolas Pépé,0.8974,Michael Olise,0.8884,Ayoube Amaimouni,0.8833,Dango Ouattara,0.8755,Harouna Djibrin,0.8754,Estêvão Willian,0.8633,Tiago Tomás,0.856,Antoine Semenyo,0.852,Maghnes Akliouche,0.847,Andrés Martín,0.8426,Gabriel Strefezza,0.8402,Lamine Yamal,0.835
Tyler Dibling,Extremo derecho,Kareem Tunde,0.9823,Antoniu,0.9699,Romain Esse,0.8936,Lasso Coulibaly,0.8906,Wilfried Gnonto,0.8591,Justin-Noël Kalumba,0.8481,Adnan Januzaj,0.8194,Santiago Pierotti,0.8178,Pontus Almqvist,0.8161,Oscar Bobb,0.8145,Joél Drakes-Thomas,0.8033,Cyriaque Irié,0.8016,Zakaria Aboukhlal,0.7917,Gessime Yassine,0.7766,Tiago Gouveia,0.7666
Bertrand Traoré,Extremo derecho,Johan Bakayoko,0.8123,Rayan Philippe,0.7055,Jesper Lindstrøm,0.7012,Jofre,0.6836,Justin Njinmah,0.6005,Silas Katompa,0.5969,Shea Lacey,0.5719,Pablo Garcia,0.5684,Amad Diallo,0.5661,Tiago Gouveia,0.5611,Konan N'dri,0.545,Jayden Addai,0.5214,Gaëtan Perrin,0.5078,Dapo Afolayan,0.5066,Romelle Donovan,0.4996
Amad Diallo,Extremo derecho,Nicholas Pierini,0.7352,Portu,0.7295,Gaëtan Perrin,0.7004,Edon Zhegrova,0.6943,Jan-Niklas Beste,0.6931,David Brooks,0.6417,Jesper Lindstrøm,0.6397,Pablo Garcia,0.6172,Francisco Perez,0.6075,Dapo Afolayan,0.6056,Yaser Asprilla,0.5815,Bertrand Traoré,0.5661,Ansgar Knauff,0.5628,Tay Abed,0.5253,Silas Katompa,0.5109
Wilfried Gnonto,Extremo derecho,Pontus Almqvist,0.983,Kareem Tunde,0.9344,Oscar Bobb,0.9178,Gessime Yassine,0.9016,Romain Esse,0.8616,Tyler Dibling,0.8591,Lasso Coulibaly,0.8274,Antoniu,0.8198,Younes Namli,0.7666,Adnan Januzaj,0.7582,Justin-Noël Kalumba,0.7555,Rachid Ghezzal,0.7449,Haissem Hassan,0.7004,Joél Drakes-Thomas,0.6974,Santiago Pierotti,0.6793
Dilane Bakwa,Extremo derecho,Gessime Yassine,0.7537,Daniel Yáñez,0.7146,Anthony Elanga,0.6666,Haissem Hassan,0.6453,Matteo Politano,0.642,Charles Herrmann,0.6405,Ben Gannon-Doak,0.6289,Miguel Ángel Sierra,0.5915,Bradley Burrowes,0.5911,Samuel Chukwueze,0.5885,Marius Broholm,0.584,Alexander Legendre,0.5828,Wilfried Gnonto,0.5809,Zito Luvumbo,0.5719,Pontus Almqvist,0.5704
Daniel James,Extremo derecho,Leon Bailey,0.9313,Ernest Nuamah,0.9134,Cole Campbell,0.9134,Yassine Benhattab,0.8975,Lorenzo Venturino,0.886,Anthony Elanga,0.8741,Jocelin Ta Bi,0.8643,Bendito Mantato,0.8554,Daniel Díaz,0.8554,Alysson Edward,0.8505,Bradley Burrowes,0.8425,Haissem Hassan,0.8366,Samuel Chukwueze,0.835,Erawan Garnier,0.8244,Hugo González,0.8214
Oscar Bobb,Extremo derecho,Wilfried Gnonto,0.9178,Romain Esse,0.8923,Gessime Yassine,0.884,Pontus Almqvist,0.8819,Kareem Tunde,0.8737,Justin-Noël Kalumba,0.8249,Tyler Dibling,0.8145,Joél Drakes-Thomas,0.8143,Badredine Bouanani,0.7946,Alysson Edward,0.7579,Anthony Elanga,0.7074,Daniel Yáñez,0.7015,Antoniu,0.7007,Lasso Coulibaly,0.6999,Haissem Hassan,0.6885
Evann Guessand,Extremo derecho,Mayckel Lahdo,0.9185,David Neres,0.899,Ernest Poku,0.8735,Samuel Amo-Ameyaw,0.8164,Godson Kyeremeh,0.815,Jonathan Ikone,0.8123,Sirlord Conteh,0.8087,Rayan,0.7842,Max Dowman,0.7636,Diego López,0.7591,Dodi Lukebakio,0.7591,Tiago Tomás,0.7493,Jim Allevinah,0.7407,Patrick Wimmer,0.7368,Matìas Soulé,0.7145
Yankuba Minteh,Extremo derecho,Ángel Pérez,0.944,Mehdi Léris,0.9375,Rubén García,0.8568,Josan,0.8082,Younes Namli,0.788,Bakery Jatta,0.7106,Luis Rioja,0.7024,Jan-Niklas Beste,0.6981,Dan Ndoye,0.6929,Mohammed Kudus,0.6586,Carlos Vicente,0.6367,Nicolas-Gerrit Kühn,0.578,Job Ochieng',0.5639,Abu Kamara,0.525,Santiago Pierotti,0.5233
Marcus Edwards,Extremo derecho,Daniel Yáñez,0.7336,Álex Sánchez,0.7109,Matteo Politano,0.6716,Mayckel Lahdo,0.5467,Václav Černý,0.5339,Charles Herrmann,0.5318,Samuel Chukwueze,0.5312,Bradley Burrowes,0.529,Jocelin Ta Bi,0.5199,Alex Sola,0.516,Emir Sahiti,0.4631,Franck Honorat,0.4626,Ernest Poku,0.4519,Patrick Roberts,0.4439,Cheveyo Muy,0.4405
Adama Traoré,Extremo derecho,Abu Kamara,0.902,Seydou Fini,0.8624,Job Ochieng',0.8604,Leon Bailey,0.8483,Noah Edjouma,0.8354,Lorenzo Venturino,0.8125,Yaser Asprilla,0.8012,Yassine Benhattab,0.7885,Joel Asoro,0.7775,Rachid Ghezzal,0.7709,Christian Conteh,0.7559,Yaya Diémé,0.7481,Daniel James,0.7283,Portu,0.724,Zakaria Aboukhlal,0.6958
Mohammed Kudus,Extremo derecho,Jarrod Bowen,0.8054,Takefusa Kubo,0.8015,Ángel Pérez,0.7447,Musa Al-Taamari,0.7359,Jamie Leweling,0.7259,Ayoube Amaimouni,0.6851,Josan,0.6745,Yankuba Minteh,0.6586,Florian Thauvin,0.6469,Kike Barja,0.6222,Nicolas Pépé,0.6194,Cyril Ngonge,0.6168,Franck Honorat,0.61,Mohamed Salah,0.6067,Carlos Vicente,0.6041
Chemsdine Talbi,Extremo derecho,Jones El-Abdellaoui,0.9059,Andreas Skov Olsen,0.8368,Loum Tchaouna,0.8262,Tom Edozie,0.8,Noni Madueke,0.7755,Rayan,0.7697,Dodi Lukebakio,0.7446,Ernest Poku,0.7338,Ibrahim Mbaye,0.7063,Eren Dinkçi,0.6915,Nicolas-Gerrit Kühn,0.6726,Mayckel Lahdo,0.6568,Bryan Mbeumo,0.6492,Mohamed Ali Cho,0.6427,Christian Pulisic,0.6218
Jacob Murphy,Extremo derecho,Noni Madueke,0.7845,Iñaki Williams,0.7575,Mohamed Salah,0.7278,Musa Al-Taamari,0.6601,Florian Thauvin,0.6111,Federico Bernardeschi,0.5974,Franck Honorat,0.5915,Mohammed Kudus,0.5872,David Brooks,0.5706,Matteo Politano,0.5688,Bryan Mbeumo,0.5519,Roony Bardghji,0.5481,Jarrod Bowen,0.5454,Viktor Tsyhankov,0.5142,Chemsdine Talbi,0.5139
Antoine Semenyo,Extremo derecho,Ansgar Knauff,0.9587,Ferran Jutglà,0.9539,Dango Ouattara,0.9507,Jorge de Frutos,0.9489,Karim Adeyemi,0.9161,Ethan Mbappé,0.9129,Andrés Martín,0.899,Roberto Navarro,0.8792,Estêvão Willian,0.8637,Luca Koleosho,0.8629,Iker Benito,0.8577,Nicolas Pépé,0.8547,Federico Chiesa,0.852,Jayden Addai,0.8483,Maghnes Akliouche,0.8449
Dan Ndoye,Extremo derecho,Mehdi Léris,0.7797,Ángel Pérez,0.7749,Lasso Coulibaly,0.7666,Younes Namli,0.76,Santiago Pierotti,0.7396,Abu Kamara,0.7167,Jhon Arias,0.6993,Grady Diangana,0.6949,Yankuba Minteh,0.6929,Job Ochieng',0.6913,Takuma Asano,0.67,Zakaria Aboukhlal,0.6666,Cyriaque Irié,0.613,Bakery Jatta,0.5723,Kareem Tunde,0.5666
David Brooks,Extremo derecho,Rodrygo,0.7529,Roony Bardghji,0.738,Francisco Conceição,0.6895,Edon Zhegrova,0.6838,Iñaki Williams,0.6643,Cyril Ngonge,0.6587,Amad Diallo,0.6417,Zito Luvumbo,0.6402,Solly March,0.6074,Nicholas Pierini,0.5915,Jan-Niklas Beste,0.5739,Jacob Murphy,0.5706,Dapo Afolayan,0.5698,Bukayo Saka,0.5696,Marius Broholm,0.5609
Noni Madueke,Extremo derecho,Bryan Mbeumo,0.8584,Mohamed Salah,0.8471,Roberto Navarro,0.8438,Harry Wilson,0.8396,Florian Thauvin,0.8263,Musa Al-Taamari,0.823,Federico Bernardeschi,0.8229,Viktor Tsyhankov,0.8177,Mohamed Ali Cho,0.7942,Jarrod Bowen,0.7888,Matìas Soulé,0.7881,Rayan,0.7849,Jacob Murphy,0.7845,Chemsdine Talbi,0.7755,Ibrahim Mbaye,0.7677
Rayan,Extremo derecho,Dodi Lukebakio,0.9762,Ernest Poku,0.959,Ibrahim Mbaye,0.9343,Roberto Navarro,0.9122,David Neres,0.8961,Matìas Soulé,0.8686,Mohamed Ali Cho,0.8588,Christian Pulisic,0.8303,Tom Edozie,0.83,Iker Benito,0.8293,Harry Wilson,0.8168,Bryan Mbeumo,0.8074,Mayckel Lahdo,0.7955,Maghnes Akliouche,0.7901,Noni Madueke,0.7849
Brennan Johnson,Extremo derecho,Jan Thielmann,0.917,Nicolas-Gerrit Kühn,0.8656,Sirlord Conteh,0.8252,Carlos Vicente,0.8236,Francisco Perez,0.7896,Tajon Buchanan,0.7756,Roberto Navarro,0.6936,Diego López,0.6852,Jones El-Abdellaoui,0.6528,Jonathan Ikone,0.6353,Bakery Jatta,0.6283,Noni Madueke,0.6118,Iker Benito,0.5973,Rayan,0.5831,Dango Ouattara,0.5741
Jhon Arias,Extremo derecho,Santiago Pierotti,0.9575,Bakery Jatta,0.8429,Kaïl Boudache,0.8095,Montrell Culbreath,0.7912,Joél Drakes-Thomas,0.7296,Tyler Dibling,0.7101,Job Ochieng',0.7034,Dan Ndoye,0.6993,Malick Mbaye,0.6992,Mehdi Léris,0.6751,Kareem Tunde,0.6528,Antoniu,0.631,Grady Diangana,0.627,Lasso Coulibaly,0.6256,Diego López,0.6162
Loum Tchaouna,Extremo derecho,Chemsdine Talbi,0.8262,Andreas Skov Olsen,0.7873,Jones El-Abdellaoui,0.7817,Tom Edozie,0.7256,Eren Dinkçi,0.6922,Justin Njinmah,0.6174,Rayan Philippe,0.605,Iker Luque,0.6035,Noni Madueke,0.5284,Cheveyo Muy,0.5051,Dodi Lukebakio,0.5024,Ibrahim Mbaye,0.5004,Johan Bakayoko,0.4969,Patrick Roberts,0.496,Bryan Mbeumo,0.4847
Anthony Elanga,Extremo derecho,Haissem Hassan,0.9523,Jocelin Ta Bi,0.944,Badredine Bouanani,0.9428,Bradley Burrowes,0.9359,Samuel Chukwueze,0.9302,Alysson Edward,0.9219,Erawan Garnier,0.8843,Hugo González,0.8815,Yassine Benhattab,0.8812,Daniel James,0.8741,Bendito Mantato,0.867,Daniel Díaz,0.867,Lorenzo Venturino,0.8428,Václav Černý,0.8257,Noah Edjouma,0.8237
Bendito Mantato,Extremo derecho,Daniel Díaz,1.0,Urko González,0.9526,Axel Camblan,0.9526,Emir Sahiti,0.9512,Yassine Benhattab,0.9404,Christian Conteh,0.936,Luis Guilherme,0.9347,Ernest Nuamah,0.9269,Cole Campbell,0.9261,Jocelin Ta Bi,0.9187,Hugo González,0.915,Erawan Garnier,0.9135,Badredine Bouanani,0.9134,Alysson Edward,0.8982,Patrick Roberts,0.8918
Bradley Burrowes,Extremo derecho,Samuel Chukwueze,0.9998,Jocelin Ta Bi,0.996,Václav Černý,0.9626,Alysson Edward,0.9471,Badredine Bouanani,0.9377,Anthony Elanga,0.9359,Alexander Legendre,0.9269,Alex Sola,0.901,Lorenzo Venturino,0.8937,Daniel Díaz,0.8808,Bendito Mantato,0.8808,Christian Conteh,0.8745,Emir Sahiti,0.8727,Ernest Nuamah,0.8552,Cole Campbell,0.8547
Luis Guilherme,Extremo derecho,Axel Camblan,0.9856,Urko González,0.9856,Emir Sahiti,0.9794,Daniel Díaz,0.9347,Bendito Mantato,0.9347,Christian Conteh,0.9309,Alysson Edward,0.9071,Badredine Bouanani,0.9066,Patrick Roberts,0.9008,Yassine Benhattab,0.8902,Hugo González,0.8866,Cheveyo Muy,0.881,Erawan Garnier,0.8797,Joél Drakes-Thomas,0.8589,Alex Sola,0.8465
Ben Gannon-Doak,Extremo derecho,Marius Broholm,0.9832,Rui Modesto,0.8093,Yeremi Pino,0.8049,Rodrygo,0.7302,Francisco Conceição,0.6787,Charles Herrmann,0.6546,Dilane Bakwa,0.6289,Josan,0.6176,Rubén García,0.5973,Daniel Yáñez,0.5855,Pontus Almqvist,0.5597,Brahim Díaz,0.5177,Álex Sánchez,0.5098,Désiré Doué,0.504,David Brooks,0.4902
Tom Edozie,Extremo derecho,Iker Luque,0.9539,Ibrahim Mbaye,0.9308,Christian Pulisic,0.9039,Bryan Mbeumo,0.8791,Dodi Lukebakio,0.8664,Mohamed Ali Cho,0.8431,Rayan,0.83,Nordan Mukiele,0.8257,Federico Bernardeschi,0.8165,Rayan Philippe,0.802,Ismaila Sarr,0.8007,Chemsdine Talbi,0.8,Gustav Isaksen,0.766,Mason Greenwood,0.7633,Jim Allevinah,0.7486
Jocelin Ta Bi,Extremo derecho,Bradley Burrowes,0.996,Samuel Chukwueze,0.9945,Alysson Edward,0.9531,Václav Černý,0.9502,Badredine Bouanani,0.949,Anthony Elanga,0.944,Daniel Díaz,0.9187,Bendito Mantato,0.9187,Lorenzo Venturino,0.91,Alexander Legendre,0.9045,Christian Conteh,0.8989,Emir Sahiti,0.8981,Alex Sola,0.8881,Ernest Nuamah,0.8844,Cole Campbell,0.8839
Solly March,Extremo derecho,Dapo Afolayan,0.844,Yeray Cabanzón,0.8417,Tay Abed,0.8325,Miguel Ángel Sierra,0.8185,Nicholas Pierini,0.7997,Jesper Lindstrøm,0.7871,Edon Zhegrova,0.7709,Ilias Akhomach,0.7633,Daniel James,0.7266,Romelle Donovan,0.6958,Roony Bardghji,0.6942,Yaser Asprilla,0.6469,David Brooks,0.6074,Portu,0.6012,Tiago Gouveia,0.5973
Alysson Edward,Extremo derecho,Badredine Bouanani,0.9868,Jocelin Ta Bi,0.9531,Samuel Chukwueze,0.9478,Bradley Burrowes,0.9471,Christian Conteh,0.9229,Anthony Elanga,0.9219,Emir Sahiti,0.9175,Václav Černý,0.9097,Luis Guilherme,0.9071,Alex Sola,0.906,Yassine Benhattab,0.8994,Alexander Legendre,0.8983,Daniel Díaz,0.8982,Bendito Mantato,0.8982,Urko González,0.8915
Romelle Donovan,Extremo derecho,Shea Lacey,0.9574,Miguel Ángel Sierra,0.9467,Ilias Akhomach,0.9012,Yeray Cabanzón,0.8853,Dapo Afolayan,0.8165,Youssoupha Niang,0.816,Jofre,0.762,Mathieu Cafaro,0.7363,Alexander Legendre,0.7124,Lazar Jovanović,0.7039,Solly March,0.6958,Edon Zhegrova,0.6581,Jesper Lindstrøm,0.6491,Tay Abed,0.6112,Václav Černý,0.6091
Shea Lacey,Extremo derecho,Romelle Donovan,0.9574,Youssoupha Niang,0.9016,Miguel Ángel Sierra,0.8754,Ilias Akhomach,0.8642,Yeray Cabanzón,0.836,Lazar Jovanović,0.8301,Jofre,0.8182,Alexander Legendre,0.7333,Mathieu Cafaro,0.6954,Dapo Afolayan,0.6853,Justin-Noël Kalumba,0.6437,Václav Černý,0.6434,Jesper Lindstrøm,0.5942,Bertrand Traoré,0.5719,Cheveyo Muy,0.568
Patrick Roberts,Extremo derecho,Cheveyo Muy,0.9989,Ernest Nuamah,0.9449,Cole Campbell,0.9448,Emir Sahiti,0.9421,Urko González,0.9393,Axel Camblan,0.9393,Luis Guilherme,0.9008,Daniel Díaz,0.8918,Bendito Mantato,0.8918,Václav Černý,0.8779,Joel Asoro,0.8624,Alex Sola,0.8542,Christian Conteh,0.8537,Jocelin Ta Bi,0.8396,Alysson Edward,0.8377
Romain Esse,Extremo derecho,Justin-Noël Kalumba,0.9826,Kareem Tunde,0.9118,Gessime Yassine,0.9067,Tyler Dibling,0.8936,Oscar Bobb,0.8923,Joél Drakes-Thomas,0.8655,Wilfried Gnonto,0.8616,Antoniu,0.8502,Alysson Edward,0.8407,Lazar Jovanović,0.8183,Alexander Legendre,0.8132,Badredine Bouanani,0.8085,Alex Sola,0.8037,Youssoupha Niang,0.7971,Pontus Almqvist,0.7957
Jarrod Bowen,Extremo derecho,Jamie Leweling,0.9491,Harry Wilson,0.9264,Florian Thauvin,0.9189,Ayoube Amaimouni,0.9184,Nicolas Pépé,0.9105,Musa Al-Taamari,0.9041,Viktor Tsyhankov,0.8846,Andrés Martín,0.8737,Kike Barja,0.8637,Matìas Soulé,0.8463,Maghnes Akliouche,0.843,Ritsu Doan,0.831,Dango Ouattara,0.8286,Roberto Navarro,0.8251,Ilan Kebbal,0.824
Bryan Mbeumo,Extremo derecho,Federico Bernardeschi,0.9682,Christian Pulisic,0.934,Mohamed Ali Cho,0.9298,Ibrahim Mbaye,0.9065,Ismaila Sarr,0.8866,Mason Greenwood,0.885,Ferran Jutglà,0.8837,Andrés Martín,0.8803,Tom Edozie,0.8791,Florian Thauvin,0.8791,Jorge de Frutos,0.8702,Harry Wilson,0.8692,Ethan Mbappé,0.8655,Noni Madueke,0.8584,Ilan Kebbal,0.8563
Pedro Neto,Extremo derecho,Gauthier Hein,0.992,Tyrhys Dolan,0.8616,Tijjani Noslin,0.8458,Aitor Ruibal,0.8032,Álex Sancris,0.8005,Romain Del Castillo,0.7844,Josué Casimir,0.761,Domenico Berardi,0.6174,Franco Mastantuono,0.4692,Morgan Guilavogui,0.3974,Franck Honorat,0.2617,David Neres,0.2425,Mohamed Salah,0.2178,Jamie Leweling,0.1925,Ernest Poku,0.1644
Max Dowman,Extremo derecho,Nordan Mukiele,0.8889,Junior Messias,0.8406,Tiago Tomás,0.8234,Dodi Lukebakio,0.8193,Désiré Doué,0.8183,Gustav Isaksen,0.8033,Pedro,0.7956,Iker Benito,0.7928,Harouna Djibrin,0.7919,Ibrahim Mbaye,0.7727,Iker Luque,0.7652,Evann Guessand,0.7636,Karim Adeyemi,0.7585,Jonathan Ikone,0.7564,Jim Allevinah,0.7441
Joél Drakes-Thomas,Extremo derecho,Romain Esse,0.8655,Luis Guilherme,0.8589,Justin-Noël Kalumba,0.8508,Alysson Edward,0.8343,Badredine Bouanani,0.8186,Oscar Bobb,0.8143,Tyler Dibling,0.8033,Kareem Tunde,0.7833,Emir Sahiti,0.7822,Axel Camblan,0.7776,Urko González,0.7776,Christian Conteh,0.7685,Hugo González,0.766,Alex Sola,0.7641,Erawan Garnier,0.7565
Harry Wilson,Extremo derecho,Jamie Leweling,0.9666,Andrés Martín,0.966,Florian Thauvin,0.9541,Nicolas Pépé,0.9451,Musa Al-Taamari,0.943,Ayoube Amaimouni,0.9415,Dango Ouattara,0.9403,Matìas Soulé,0.9323,Jarrod Bowen,0.9264,Roberto Navarro,0.9199,Ilan Kebbal,0.9116,Mohamed Ali Cho,0.8926,Ethan Mbappé,0.8835,Kike Barja,0.882,Lamine Yamal,0.8744
Ángel Pérez,Extremo derecho,Yankuba Minteh,0.944,Younes Namli,0.8752,Mehdi Léris,0.8742,Josan,0.8162,Rubén García,0.7846,Dan Ndoye,0.7749,Mohammed Kudus,0.7447,Luis Rioja,0.7289,Carlos Vicente,0.6212,Jan-Niklas Beste,0.601,Charles Herrmann,0.5498,Takefusa Kubo,0.5421,Franck Honorat,0.5379,Abu Kamara,0.5361,Lasso Coulibaly,0.5274
Iker Luque,Extremo derecho,Tom Edozie,0.9539,Ibrahim Mbaye,0.9001,Rayan Philippe,0.8939,Nordan Mukiele,0.8939,Gustav Isaksen,0.8816,Christian Pulisic,0.8716,Bryan Mbeumo,0.8396,Dodi Lukebakio,0.8358,Pedro,0.8048,Federico Bernardeschi,0.7928,Mohamed Ali Cho,0.7905,Luca Koleosho,0.7891,Ferran Jutglà,0.7883,Ismaila Sarr,0.7843,Jorge de Frutos,0.781
Roberto Navarro,Extremo derecho,Dango Ouattara,0.9236,Harry Wilson,0.9199,Maghnes Akliouche,0.9163,Rayan,0.9122,Ethan Mbappé,0.8866,Antoine Semenyo,0.8792,Viktor Tsyhankov,0.8775,Andrés Martín,0.8643,Iker Benito,0.8594,Dodi Lukebakio,0.8445,Noni Madueke,0.8438,Tajon Buchanan,0.8426,Ibrahim Mbaye,0.8407,Bryan Mbeumo,0.8401,Nicolas Pépé,0.8343
Francisco Perez,Extremo derecho,Carlos Vicente,0.8449,Jan Thielmann,0.8094,Brennan Johnson,0.7896,Ansgar Knauff,0.7546,Justin Njinmah,0.6401,Estêvão Willian,0.6258,Tajon Buchanan,0.6154,Amad Diallo,0.6075,Jorge de Frutos,0.5905,Antoine Semenyo,0.5862,Dango Ouattara,0.5807,Takuma Asano,0.5801,Sirlord Conteh,0.569,Silas Katompa,0.5596,Roberto Navarro,0.5287
Carlos Vicente,Extremo derecho,Sirlord Conteh,0.8507,Francisco Perez,0.8449,Jan Thielmann,0.8276,Tajon Buchanan,0.8257,Brennan Johnson,0.8236,Dango Ouattara,0.743,Estêvão Willian,0.7216,Maghnes Akliouche,0.7206,Ansgar Knauff,0.7034,Roberto Navarro,0.6772,Yankuba Minteh,0.6367,Ritsu Doan,0.6363,Antoine Semenyo,0.6334,Adam Daghim,0.632,Mehdi Léris,0.6316
Brahim Díaz,Extremo derecho,Arnaud Nordin,0.8478,Samuel Amo-Ameyaw,0.8449,Godson Kyeremeh,0.809,Gabriel Strefezza,0.8066,Nathan Tella,0.7732,Takefusa Kubo,0.7201,Kike Barja,0.6274,Daniel Yáñez,0.621,Tiago Tomás,0.6099,Lamine Yamal,0.6079,Désiré Doué,0.5867,Federico Chiesa,0.5832,Harouna Djibrin,0.5764,Rodrygo,0.5663,Bukayo Saka,0.5651
Hugo González,Extremo derecho,Erawan Garnier,0.9999,Yassine Benhattab,0.9641,Bendito Mantato,0.915,Daniel Díaz,0.915,Badredine Bouanani,0.9107,Haissem Hassan,0.9014,Luis Guilherme,0.8866,Anthony Elanga,0.8815,Alysson Edward,0.875,Christian Conteh,0.8517,Axel Camblan,0.839,Urko González,0.839,Emir Sahiti,0.8319,Daniel James,0.8214,Jocelin Ta Bi,0.8133
Álex Sánchez,Extremo derecho,Charles Herrmann,0.8932,Daniel Yáñez,0.8712,Marcus Edwards,0.7109,Yeremi Pino,0.663,Oscar Bobb,0.6615,Rui Modesto,0.6571,Luis Rioja,0.6265,Anthony Elanga,0.6014,Hugo González,0.5994,Erawan Garnier,0.5993,Haissem Hassan,0.5934,Badredine Bouanani,0.5774,Josan,0.5754,Franck Honorat,0.5749,Matteo Politano,0.5688
Alex Sola,Extremo derecho,Václav Černý,0.9395,Lazar Jovanović,0.9116,Samuel Chukwueze,0.909,Emir Sahiti,0.9061,Alysson Edward,0.906,Alexander Legendre,0.9046,Bradley Burrowes,0.901,Jocelin Ta Bi,0.8881,Justin-Noël Kalumba,0.8727,Urko González,0.871,Axel Camblan,0.871,Badredine Bouanani,0.87,Patrick Roberts,0.8542,Christian Conteh,0.8526,Luis Guilherme,0.8465
Takefusa Kubo,Extremo derecho,Nathan Tella,0.8747,Kike Barja,0.834,Federico Chiesa,0.826,Bukayo Saka,0.8202,Mohammed Kudus,0.8015,Ayoube Amaimouni,0.7881,Nicolas Pépé,0.7765,Gabriel Strefezza,0.776,Cyril Ngonge,0.7587,Jarrod Bowen,0.7427,Estêvão Willian,0.7295,Godson Kyeremeh,0.7252,Brahim Díaz,0.7201,Jamie Leweling,0.7181,Michael Olise,0.7178
Ferran Jutglà,Extremo derecho,Karim Adeyemi,0.9631,Jorge de Frutos,0.9631,Antoine Semenyo,0.9539,Dango Ouattara,0.9279,Andrés Martín,0.9217,Tiago Tomás,0.9098,Ilan Kebbal,0.8963,Lamine Yamal,0.8936,Ethan Mbappé,0.8871,Michael Olise,0.8849,Bryan Mbeumo,0.8837,Pedro,0.8829,Riccardo Orsolini,0.8825,Jayden Addai,0.8768,Estêvão Willian,0.8765
Daniel Díaz,Extremo derecho,Bendito Mantato,1.0,Urko González,0.9526,Axel Camblan,0.9526,Emir Sahiti,0.9512,Yassine Benhattab,0.9404,Christian Conteh,0.936,Luis Guilherme,0.9347,Ernest Nuamah,0.9269,Cole Campbell,0.9261,Jocelin Ta Bi,0.9187,Hugo González,0.915,Erawan Garnier,0.9135,Badredine Bouanani,0.9134,Alysson Edward,0.8982,Patrick Roberts,0.8918
Josan,Extremo derecho,Rubén García,0.8967,Yeremi Pino,0.8308,Charles Herrmann,0.8286,Ángel Pérez,0.8162,Younes Namli,0.8099,Yankuba Minteh,0.8082,Rui Modesto,0.7809,Mehdi Léris,0.6964,Mohammed Kudus,0.6745,Haissem Hassan,0.6512,Ben Gannon-Doak,0.6176,Pontus Almqvist,0.6125,Jan-Niklas Beste,0.592,Wilfried Gnonto,0.585,Luis Rioja,0.5755
Iker Benito,Extremo derecho,Tajon Buchanan,0.9233,Jonathan Ikone,0.8692,Harouna Djibrin,0.8662,Roberto Navarro,0.8594,Dodi Lukebakio,0.8592,Maghnes Akliouche,0.8587,Antoine Semenyo,0.8577,Jayden Addai,0.8556,Karim Adeyemi,0.8398,Rayan,0.8293,Patrick Wimmer,0.8167,Ferran Jutglà,0.8124,Dango Ouattara,0.8098,Jorge de Frutos,0.8093,Luca Koleosho,0.8074
Dodi Lukebakio,Extremo derecho,Rayan,0.9762,Ibrahim Mbaye,0.9328,Ernest Poku,0.912,Tom Edozie,0.8664,Iker Benito,0.8592,Roberto Navarro,0.8445,David Neres,0.8421,Iker Luque,0.8358,Eren Dinkçi,0.8225,Max Dowman,0.8193,Christian Pulisic,0.813,Mohamed Ali Cho,0.8055,Matìas Soulé,0.7912,Nordan Mukiele,0.7843,Luca Koleosho,0.7787
Zito Luvumbo,Extremo derecho,Cyril Ngonge,0.8815,Nathan Tella,0.7808,David Brooks,0.6402,Sulei Camara,0.6285,Francisco Conceição,0.6069,Bukayo Saka,0.5906,Edon Zhegrova,0.5766,Iñaki Williams,0.5731,Dilane Bakwa,0.5719,Rodrygo,0.5473,Arnaud Nordin,0.545,Takefusa Kubo,0.5393,Mathieu Cafaro,0.5344,Dapo Afolayan,0.5154,Romelle Donovan,0.4656
Rodrygo,Extremo derecho,Francisco Conceição,0.9548,Marius Broholm,0.817,Bukayo Saka,0.7948,Nathan Tella,0.7561,David Brooks,0.7529,Arnaud Nordin,0.7443,Michael Olise,0.7331,Ben Gannon-Doak,0.7302,Désiré Doué,0.7216,Mason Greenwood,0.7091,Pedro,0.68,Ilan Kebbal,0.6686,Roony Bardghji,0.643,Lamine Yamal,0.6379,Nicolas Pépé,0.6283
Jones El-Abdellaoui,Extremo derecho,Andreas Skov Olsen,0.9115,Chemsdine Talbi,0.9059,Loum Tchaouna,0.7817,Ismaila Sarr,0.7472,Tom Edozie,0.7259,Justin Njinmah,0.6908,Jim Allevinah,0.6788,Noni Madueke,0.6754,Rayan,0.6636,Mayckel Lahdo,0.6562,Brennan Johnson,0.6528,Dodi Lukebakio,0.6427,Mohamed Ali Cho,0.6262,Nicolas-Gerrit Kühn,0.6043,Ernest Poku,0.6041
Takuma Asano,Extremo derecho,Grady Diangana,0.9436,Dan Ndoye,0.67,Yaya Diémé,0.6019,Cyriaque Irié,0.597,Morgan Guilavogui,0.5832,Francisco Perez,0.5801,Jhon Arias,0.5631,Brennan Johnson,0.5616,Zakaria Aboukhlal,0.5515,Jonathan Ikone,0.5139,Abu Kamara,0.5128,Konan N'dri,0.5019,Seydou Fini,0.5003,Jan Thielmann,0.4964,Carlos Vicente,0.4937
Roony Bardghji,Extremo derecho,David Brooks,0.738,Solly March,0.6942,Mason Greenwood,0.6854,Federico Bernardeschi,0.6456,Rodrygo,0.643,Iñaki Williams,0.587,Matteo Politano,0.5789,Francisco Conceição,0.5758,Jacob Murphy,0.5481,Christian Pulisic,0.5275,Edon Zhegrova,0.5061,Tom Edozie,0.4797,Bryan Mbeumo,0.4788,Luca Koleosho,0.4527,Loum Tchaouna,0.4504
Yaser Asprilla,Extremo derecho,Portu,0.9228,Yaya Diémé,0.8637,Rachid Ghezzal,0.8633,Edon Zhegrova,0.8498,Abu Kamara,0.8191,Pablo Garcia,0.8174,Adama Traoré,0.8012,Noah Edjouma,0.7954,Zakaria Aboukhlal,0.7855,Adnan Januzaj,0.7769,Daniel James,0.7707,Leon Bailey,0.7617,Dapo Afolayan,0.7499,Tiago Gouveia,0.7123,Nicholas Pierini,0.7107
Justin-Noël Kalumba,Extremo derecho,Romain Esse,0.9826,Lazar Jovanović,0.9088,Youssoupha Niang,0.8773,Alex Sola,0.8727,Alexander Legendre,0.8644,Gessime Yassine,0.8602,Joél Drakes-Thomas,0.8508,Tyler Dibling,0.8481,Kareem Tunde,0.8458,Alysson Edward,0.8445,Oscar Bobb,0.8249,Antoniu,0.8035,Václav Černý,0.7948,Badredine Bouanani,0.7938,Samuel Chukwueze,0.7695
Abu Kamara,Extremo derecho,Zakaria Aboukhlal,0.9062,Adama Traoré,0.902,Job Ochieng',0.8941,Rachid Ghezzal,0.8873,Lasso Coulibaly,0.8459,Noah Edjouma,0.8237,Yaser Asprilla,0.8191,Adnan Januzaj,0.8114,Yaya Diémé,0.7904,Cyriaque Irié,0.7785,Seydou Fini,0.7685,Dan Ndoye,0.7167,Portu,0.7042,Pablo Garcia,0.6915,Yassine Benhattab,0.6868
Adnan Januzaj,Extremo derecho,Zakaria Aboukhlal,0.9238,Noah Edjouma,0.907,Lasso Coulibaly,0.9047,Rachid Ghezzal,0.8368,Kareem Tunde,0.8366,Cyriaque Irié,0.8257,Tyler Dibling,0.8194,Antoniu,0.8189,Abu Kamara,0.8114,Pablo Garcia,0.7998,Romain Esse,0.789,Gessime Yassine,0.7843,Yaser Asprilla,0.7769,Wilfried Gnonto,0.7582,Justin-Noël Kalumba,0.7479
Antoniu,Extremo derecho,Tyler Dibling,0.9699,Kareem Tunde,0.9479,Tiago Gouveia,0.8669,Lasso Coulibaly,0.8531,Romain Esse,0.8502,Cyriaque Irié,0.8449,Wilfried Gnonto,0.8198,Adnan Januzaj,0.8189,Justin-Noël Kalumba,0.8035,Zakaria Aboukhlal,0.8034,Pontus Almqvist,0.7854,Pablo Garcia,0.7763,Rachid Ghezzal,0.757,Santiago Pierotti,0.7515,Joél Drakes-Thomas,0.7482
Portu,Extremo derecho,Yaser Asprilla,0.9228,Edon Zhegrova,0.8932,Yaya Diémé,0.8872,Pablo Garcia,0.7354,Amad Diallo,0.7295,Adama Traoré,0.724,Abu Kamara,0.7042,Leon Bailey,0.7027,Rachid Ghezzal,0.6839,Nicholas Pierini,0.6834,Dapo Afolayan,0.6804,Jesper Lindstrøm,0.6759,Zakaria Aboukhlal,0.6301,Daniel James,0.6211,Tiago Gouveia,0.6127
Kike Barja,Extremo derecho,Nicolas Pépé,0.9736,Ayoube Amaimouni,0.9657,Federico Chiesa,0.9483,Michael Olise,0.939,Andrés Martín,0.9234,Karim Adeyemi,0.9112,Dango Ouattara,0.909,Lamine Yamal,0.9082,Ilan Kebbal,0.9024,Bukayo Saka,0.8967,Maghnes Akliouche,0.8909,Harry Wilson,0.882,Jamie Leweling,0.8785,Tiago Tomás,0.8737,Ethan Mbappé,0.8725
Pablo Garcia,Extremo derecho,Cyriaque Irié,0.91,Jofre,0.8741,Zakaria Aboukhlal,0.8726,Yaya Diémé,0.8323,Tiago Gouveia,0.8317,Yaser Asprilla,0.8174,Adnan Januzaj,0.7998,Antoniu,0.7763,Dapo Afolayan,0.7719,Jesper Lindstrøm,0.7613,Portu,0.7354,Lasso Coulibaly,0.7105,Rachid Ghezzal,0.7076,Nicholas Pierini,0.7055,Ilias Akhomach,0.6929
Miguel Ángel Sierra,Extremo derecho,Ilias Akhomach,0.9795,Yeray Cabanzón,0.9743,Romelle Donovan,0.9467,Dapo Afolayan,0.902,Shea Lacey,0.8754,Solly March,0.8185,Tay Abed,0.809,Youssoupha Niang,0.8018,Jesper Lindstrøm,0.7585,Alexander Legendre,0.7232,Jofre,0.6991,Tiago Gouveia,0.6762,Nicholas Pierini,0.676,Edon Zhegrova,0.6628,Lazar Jovanović,0.6617
Cyril Ngonge,Extremo derecho,Zito Luvumbo,0.8815,Nathan Tella,0.7989,Takefusa Kubo,0.7587,David Brooks,0.6587,Sulei Camara,0.62,Mohammed Kudus,0.6168,Bukayo Saka,0.6149,Younes Namli,0.6058,Jan-Niklas Beste,0.6056,Francisco Conceição,0.5964,Gabriel Strefezza,0.5855,Rodrygo,0.5836,Dilane Bakwa,0.5327,Brahim Díaz,0.4968,Josan,0.482
Franco Mastantuono,Extremo derecho,Josué Casimir,0.857,Morgan Guilavogui,0.7678,Álex Sancris,0.7513,Tyrhys Dolan,0.7464,Aitor Ruibal,0.7133,Tijjani Noslin,0.7008,Antoniu,0.5013,Pedro Neto,0.4692,Cyriaque Irié,0.4636,Jofre,0.458,Gauthier Hein,0.4522,Pablo Garcia,0.45,Tyler Dibling,0.4456,Shea Lacey,0.4345,Tiago Gouveia,0.4233
Daniel Yáñez,Extremo derecho,Charles Herrmann,0.885,Álex Sánchez,0.8712,Marcus Edwards,0.7336,Gessime Yassine,0.7169,Dilane Bakwa,0.7146,Oscar Bobb,0.7015,Brahim Díaz,0.621,Pontus Almqvist,0.5952,Ben Gannon-Doak,0.5855,Anthony Elanga,0.5788,Wilfried Gnonto,0.572,Samuel Chukwueze,0.534,Bradley Burrowes,0.5317,Yeremi Pino,0.5222,Josan,0.518
Ilias Akhomach,Extremo derecho,Yeray Cabanzón,0.9866,Miguel Ángel Sierra,0.9795,Romelle Donovan,0.9012,Dapo Afolayan,0.8985,Shea Lacey,0.8642,Tay Abed,0.8632,Youssoupha Niang,0.8149,Jesper Lindstrøm,0.8142,Tiago Gouveia,0.7728,Solly March,0.7633,Jofre,0.7449,Nicholas Pierini,0.7176,Antoniu,0.6967,Pablo Garcia,0.6929,Justin-Noël Kalumba,0.6836
Álex Sancris,Extremo derecho,Tyrhys Dolan,0.915,Josué Casimir,0.9119,Pedro Neto,0.8005,Gauthier Hein,0.7955,Tijjani Noslin,0.7589,Aitor Ruibal,0.7572,Franco Mastantuono,0.7513,Romain Del Castillo,0.6883,Morgan Guilavogui,0.5309,Domenico Berardi,0.4598,Zito Luvumbo,0.3136,Cyril Ngonge,0.2895,Portu,0.2855,Zakaria Aboukhlal,0.2791,Yaya Diémé,0.27
Jofre,Extremo derecho,Pablo Garcia,0.8741,Shea Lacey,0.8182,Romelle Donovan,0.762,Ilias Akhomach,0.7449,Youssoupha Niang,0.7138,Cyriaque Irié,0.7115,Miguel Ángel Sierra,0.6991,Yeray Cabanzón,0.694,Bertrand Traoré,0.6836,Dapo Afolayan,0.6823,Tiago Gouveia,0.6808,Mathieu Cafaro,0.6729,Yaya Diémé,0.6658,Lazar Jovanović,0.6624,Antoniu,0.6579
Grady Diangana,Extremo derecho,Takuma Asano,0.9436,Dan Ndoye,0.6949,Morgan Guilavogui,0.6441,Jhon Arias,0.627,Cyriaque Irié,0.5884,Santiago Pierotti,0.5561,Jonathan Ikone,0.5545,Zakaria Aboukhlal,0.5432,Seydou Fini,0.5336,Diego López,0.5321,Tyler Dibling,0.5269,Lasso Coulibaly,0.5169,Jofre,0.4812,Yaya Diémé,0.4784,Abu Kamara,0.4572
Tay Abed,Extremo derecho,Nicholas Pierini,0.9455,Jesper Lindstrøm,0.9207,Yeray Cabanzón,0.8944,Dapo Afolayan,0.8915,Ilias Akhomach,0.8632,Tiago Gouveia,0.8496,Solly March,0.8325,Miguel Ángel Sierra,0.809,Antoniu,0.71,Malick Mbaye,0.7049,Rachid Ghezzal,0.7017,Pablo Garcia,0.6775,Yaser Asprilla,0.641,Romelle Donovan,0.6112,Edon Zhegrova,0.5875
Job Ochieng',Extremo derecho,Abu Kamara,0.8941,Yassine Benhattab,0.8675,Adama Traoré,0.8604,Christian Conteh,0.8471,Seydou Fini,0.8393,Rachid Ghezzal,0.8339,Hugo González,0.8069,Erawan Garnier,0.8052,Badredine Bouanani,0.7846,Noah Edjouma,0.7776,Alysson Edward,0.7295,Luis Guilherme,0.7294,Joél Drakes-Thomas,0.7206,Bendito Mantato,0.7159,Daniel Díaz,0.7159
Kareem Tunde,Extremo derecho,Tyler Dibling,0.9823,Antoniu,0.9479,Wilfried Gnonto,0.9344,Romain Esse,0.9118,Lasso Coulibaly,0.9043,Pontus Almqvist,0.903,Oscar Bobb,0.8737,Gessime Yassine,0.8541,Justin-Noël Kalumba,0.8458,Adnan Januzaj,0.8366,Santiago Pierotti,0.7912,Joél Drakes-Thomas,0.7833,Zakaria Aboukhlal,0.7742,Rachid Ghezzal,0.7643,Cyriaque Irié,0.7583
Haissem Hassan,Extremo derecho,Anthony Elanga,0.9523,Erawan Garnier,0.9066,Hugo González,0.9014,Yassine Benhattab,0.8681,Badredine Bouanani,0.8602,Daniel James,0.8366,Alysson Edward,0.8212,Jocelin Ta Bi,0.8058,Bradley Burrowes,0.787,Rachid Ghezzal,0.779,Samuel Chukwueze,0.7774,Bendito Mantato,0.7762,Daniel Díaz,0.7762,Noah Edjouma,0.7573,Lorenzo Venturino,0.7187
Tyrhys Dolan,Extremo derecho,Josué Casimir,0.9546,Aitor Ruibal,0.9319,Álex Sancris,0.915,Romain Del Castillo,0.8726,Gauthier Hein,0.8697,Pedro Neto,0.8616,Tijjani Noslin,0.827,Franco Mastantuono,0.7464,Morgan Guilavogui,0.6378,Domenico Berardi,0.6226,Younes Namli,0.1967,Rubén García,0.1752,Josan,0.1614,Wilfried Gnonto,0.1337,Lasso Coulibaly,0.1334
Nicolas Pépé,Extremo derecho,Ayoube Amaimouni,0.9905,Andrés Martín,0.9752,Kike Barja,0.9736,Michael Olise,0.9628,Ilan Kebbal,0.9548,Harry Wilson,0.9451,Florian Thauvin,0.9449,Lamine Yamal,0.9367,Dango Ouattara,0.9361,Ethan Mbappé,0.925,Jamie Leweling,0.918,Jarrod Bowen,0.9105,Musa Al-Taamari,0.9097,Karim Adeyemi,0.9069,Federico Chiesa,0.8974
Jorge de Frutos,Extremo derecho,Ferran Jutglà,0.9631,Antoine Semenyo,0.9489,Jayden Addai,0.9297,Ismaila Sarr,0.9195,Ansgar Knauff,0.9187,Dango Ouattara,0.8938,Riccardo Orsolini,0.8891,Karim Adeyemi,0.8798,Bryan Mbeumo,0.8702,Estêvão Willian,0.8624,Andrés Martín,0.8446,Rayan Philippe,0.8377,Roberto Navarro,0.8177,Mohamed Ali Cho,0.8148,Konan N'dri,0.8143
Yeremi Pino,Extremo derecho,Rui Modesto,0.9771,Josan,0.8308,Ben Gannon-Doak,0.8049,Charles Herrmann,0.7944,Marius Broholm,0.7324,Matteo Politano,0.6879,Rubén García,0.687,Álex Sánchez,0.663,Haissem Hassan,0.5988,Dilane Bakwa,0.5231,Daniel Yáñez,0.5222,David Brooks,0.5187,Mohammed Kudus,0.4998,Yankuba Minteh,0.4905,Rodrygo,0.4685
Iñaki Williams,Extremo derecho,Mohamed Salah,0.8428,Musa Al-Taamari,0.7999,Florian Thauvin,0.7865,Mason Greenwood,0.7607,Jacob Murphy,0.7575,Federico Bernardeschi,0.7346,Michael Olise,0.6979,Andrés Martín,0.6928,Ilan Kebbal,0.681,Bukayo Saka,0.6787,Ayoube Amaimouni,0.6776,Jamie Leweling,0.6678,David Brooks,0.6643,Bryan Mbeumo,0.6613,Riccardo Orsolini,0.6518
Rubén García,Extremo derecho,Josan,0.8967,Mehdi Léris,0.8653,Yankuba Minteh,0.8568,Younes Namli,0.8081,Ángel Pérez,0.7846,Jan-Niklas Beste,0.7652,Rui Modesto,0.7199,Yeremi Pino,0.687,Pontus Almqvist,0.686,Bakery Jatta,0.6335,Wilfried Gnonto,0.6284,Charles Herrmann,0.6279,Malick Mbaye,0.6164,Adam Daghim,0.6126,Ben Gannon-Doak,0.5973
Lamine Yamal,Extremo derecho,Ilan Kebbal,0.9767,Michael Olise,0.9625,Nicolas Pépé,0.9367,Tiago Tomás,0.9327,Karim Adeyemi,0.927,Andrés Martín,0.9178,Kike Barja,0.9082,Pedro,0.9044,Ayoube Amaimouni,0.9023,Ferran Jutglà,0.8936,Matìas Soulé,0.8892,Bukayo Saka,0.8839,Harry Wilson,0.8744,Florian Thauvin,0.8674,Mason Greenwood,0.8542
Viktor Tsyhankov,Extremo derecho,Ritsu Doan,0.9188,Jarrod Bowen,0.8846,Roberto Navarro,0.8775,Ethan Mbappé,0.8642,Maghnes Akliouche,0.8531,Luca Koleosho,0.825,Florian Thauvin,0.8202,Noni Madueke,0.8177,Harry Wilson,0.8127,Nicolas Pépé,0.7941,Ayoube Amaimouni,0.7923,Dango Ouattara,0.7725,Andrés Martín,0.7701,Rayan,0.7493,Musa Al-Taamari,0.7485
Diego López,Extremo derecho,Jonathan Ikone,0.9224,Patrick Wimmer,0.8503,Tajon Buchanan,0.7931,Kaïl Boudache,0.7825,Evann Guessand,0.7591,Sirlord Conteh,0.7464,Iker Benito,0.7456,Montrell Culbreath,0.7431,Jan Thielmann,0.7309,Nicolas-Gerrit Kühn,0.7131,Mayckel Lahdo,0.6899,Brennan Johnson,0.6852,Bakery Jatta,0.6805,Dodi Lukebakio,0.6305,Jhon Arias,0.6162
Urko González,Extremo derecho,Axel Camblan,1.0,Emir Sahiti,0.9964,Luis Guilherme,0.9856,Bendito Mantato,0.9526,Daniel Díaz,0.9526,Christian Conteh,0.9423,Patrick Roberts,0.9393,Cheveyo Muy,0.9224,Alysson Edward,0.8915,Badredine Bouanani,0.888,Ernest Nuamah,0.8727,Cole Campbell,0.8719,Alex Sola,0.871,Yassine Benhattab,0.8669,Jocelin Ta Bi,0.866
Aitor Ruibal,Extremo derecho,Tyrhys Dolan,0.9319,Josué Casimir,0.9268,Romain Del Castillo,0.8841,Tijjani Noslin,0.8713,Gauthier Hein,0.8115,Pedro Neto,0.8032,Domenico Berardi,0.7778,Álex Sancris,0.7572,Morgan Guilavogui,0.7222,Franco Mastantuono,0.7133,Iker Benito,0.3108,Harouna Djibrin,0.283,Patrick Wimmer,0.2818,Gaëtan Perrin,0.2525,Tajon Buchanan,0.2462
Tajon Buchanan,Extremo derecho,Sirlord Conteh,0.9236,Iker Benito,0.9233,Maghnes Akliouche,0.8843,Jonathan Ikone,0.8732,Patrick Wimmer,0.8497,Jan Thielmann,0.8487,Roberto Navarro,0.8426,Dango Ouattara,0.837,Carlos Vicente,0.8257,Antoine Semenyo,0.8088,Diego López,0.7931,Harouna Djibrin,0.7913,Jayden Addai,0.789,Ansgar Knauff,0.7813,Karim Adeyemi,0.7771
Luis Rioja,Extremo derecho,Franck Honorat,0.9319,Nicolas-Gerrit Kühn,0.7302,Ángel Pérez,0.7289,Yankuba Minteh,0.7024,Charles Herrmann,0.6386,Álex Sánchez,0.6265,Mehdi Léris,0.6141,Mohammed Kudus,0.5987,Josan,0.5755,Brennan Johnson,0.5556,Sirlord Conteh,0.534,Mayckel Lahdo,0.5282,Dan Ndoye,0.5239,Ernest Poku,0.5198,Jarrod Bowen,0.512
Seydou Fini,Extremo derecho,Christian Conteh,0.9369,Joel Asoro,0.9354,Lorenzo Venturino,0.879,Noah Edjouma,0.8679,Adama Traoré,0.8624,Job Ochieng',0.8393,Yassine Benhattab,0.8144,Emir Sahiti,0.8062,Badredine Bouanani,0.8054,Leon Bailey,0.8038,Jocelin Ta Bi,0.8004,Alysson Edward,0.7972,Urko González,0.7913,Axel Camblan,0.7913,Daniel Díaz,0.7892
Lorenzo Venturino,Extremo derecho,Leon Bailey,0.9418,Jocelin Ta Bi,0.91,Joel Asoro,0.9044,Bradley Burrowes,0.8937,Samuel Chukwueze,0.8878,Daniel James,0.886,Ernest Nuamah,0.8853,Cole Campbell,0.885,Seydou Fini,0.879,Bendito Mantato,0.8779,Daniel Díaz,0.8779,Christian Conteh,0.8751,Anthony Elanga,0.8428,Václav Černý,0.842,Yassine Benhattab,0.8401
Pedro,Extremo derecho,Désiré Doué,0.9459,Ilan Kebbal,0.9355,Ethan Mbappé,0.9349,Luca Koleosho,0.9119,Lamine Yamal,0.9044,Michael Olise,0.8988,Karim Adeyemi,0.8956,Ferran Jutglà,0.8829,Mason Greenwood,0.8818,Christian Pulisic,0.8714,Tiago Tomás,0.8672,Junior Messias,0.8595,Nicolas Pépé,0.8588,Ibrahim Mbaye,0.8564,Harouna Djibrin,0.8455
Matìas Soulé,Extremo derecho,Mohamed Ali Cho,0.9552,Harry Wilson,0.9323,Christian Pulisic,0.9194,Ilan Kebbal,0.9175,Jamie Leweling,0.908,Ibrahim Mbaye,0.8988,David Neres,0.8954,Lamine Yamal,0.8892,Mohamed Salah,0.8866,Ernest Poku,0.8835,Florian Thauvin,0.8828,Andrés Martín,0.8701,Rayan,0.8686,Nicolas Pépé,0.8622,Bryan Mbeumo,0.8554
Nicholas Pierini,Extremo derecho,Tay Abed,0.9455,Jesper Lindstrøm,0.9057,Dapo Afolayan,0.8881,Solly March,0.7997,Tiago Gouveia,0.7728,Yeray Cabanzón,0.7611,Amad Diallo,0.7352,Ilias Akhomach,0.7176,Yaser Asprilla,0.7107,Pablo Garcia,0.7055,Edon Zhegrova,0.7052,Malick Mbaye,0.6952,Portu,0.6834,Rachid Ghezzal,0.6781,Miguel Ángel Sierra,0.676
Gabriel Strefezza,Extremo derecho,Federico Chiesa,0.8402,Matteo Cancellieri,0.8265,Brahim Díaz,0.8066,Samuel Amo-Ameyaw,0.7978,Nathan Tella,0.7796,Takefusa Kubo,0.776,Sulei Camara,0.7739,Harouna Djibrin,0.7686,Godson Kyeremeh,0.7596,Adam Daghim,0.758,Junior Messias,0.7419,Bukayo Saka,0.7321,Tiago Tomás,0.7208,Kike Barja,0.7195,Arnaud Nordin,0.6821
Matteo Politano,Extremo derecho,Yeremi Pino,0.6879,Marcus Edwards,0.6716,Dilane Bakwa,0.642,Anthony Elanga,0.632,Haissem Hassan,0.6114,Cole Campbell,0.6032,Ernest Nuamah,0.6031,Charles Herrmann,0.5958,Roony Bardghji,0.5789,Rui Modesto,0.5704,Jacob Murphy,0.5688,Álex Sánchez,0.5688,Daniel James,0.5668,Jocelin Ta Bi,0.5643,Bradley Burrowes,0.5454
David Neres,Extremo derecho,Ernest Poku,0.9594,Evann Guessand,0.899,Rayan,0.8961,Matìas Soulé,0.8954,Dodi Lukebakio,0.8421,Jamie Leweling,0.828,Mayckel Lahdo,0.8218,Harry Wilson,0.8215,Maghnes Akliouche,0.8152,Roberto Navarro,0.8119,Ibrahim Mbaye,0.803,Jarrod Bowen,0.7889,Mohamed Ali Cho,0.7844,Tiago Tomás,0.769,Ritsu Doan,0.7644
Jayden Addai,Extremo derecho,Jorge de Frutos,0.9297,Konan N'dri,0.8853,Ferran Jutglà,0.8768,Iker Benito,0.8556,Antoine Semenyo,0.8483,Ismaila Sarr,0.8432,Karim Adeyemi,0.8337,Ansgar Knauff,0.8231,Jonathan Ikone,0.7991,Tiago Tomás,0.795,Tajon Buchanan,0.789,Rayan Philippe,0.7877,Riccardo Orsolini,0.7788,Jim Allevinah,0.7718,Dango Ouattara,0.7653
Leon Bailey,Extremo derecho,Lorenzo Venturino,0.9418,Daniel James,0.9313,Joel Asoro,0.8874,Ernest Nuamah,0.8874,Cole Campbell,0.8874,Yassine Benhattab,0.8543,Adama Traoré,0.8483,Daniel Díaz,0.8338,Bendito Mantato,0.8338,Seydou Fini,0.8038,Christian Conteh,0.8018,Jocelin Ta Bi,0.7877,Yaser Asprilla,0.7617,Noah Edjouma,0.7612,Bradley Burrowes,0.7547
Pontus Almqvist,Extremo derecho,Wilfried Gnonto,0.983,Kareem Tunde,0.903,Oscar Bobb,0.8819,Gessime Yassine,0.8712,Tyler Dibling,0.8161,Romain Esse,0.7957,Antoniu,0.7854,Lasso Coulibaly,0.7817,Younes Namli,0.7645,Rubén García,0.686,Justin-Noël Kalumba,0.6815,Adnan Januzaj,0.6775,Santiago Pierotti,0.6737,Rachid Ghezzal,0.6546,Haissem Hassan,0.6223
Zakaria Aboukhlal,Extremo derecho,Cyriaque Irié,0.9544,Lasso Coulibaly,0.9393,Adnan Januzaj,0.9238,Abu Kamara,0.9062,Pablo Garcia,0.8726,Rachid Ghezzal,0.8204,Antoniu,0.8034,Tyler Dibling,0.7917,Yaser Asprilla,0.7855,Noah Edjouma,0.7781,Yaya Diémé,0.7746,Kareem Tunde,0.7742,Tiago Gouveia,0.7049,Adama Traoré,0.6958,Job Ochieng',0.6749
Edon Zhegrova,Extremo derecho,Portu,0.8932,Yaser Asprilla,0.8498,Dapo Afolayan,0.8315,Solly March,0.7709,Nicholas Pierini,0.7052,Amad Diallo,0.6943,Yaya Diémé,0.6916,David Brooks,0.6838,Jesper Lindstrøm,0.6768,Mathieu Cafaro,0.6711,Miguel Ángel Sierra,0.6628,Romelle Donovan,0.6581,Leon Bailey,0.6492,Pablo Garcia,0.6492,Daniel James,0.6357
Nicolas-Gerrit Kühn,Extremo derecho,Brennan Johnson,0.8656,Jan Thielmann,0.8117,Bakery Jatta,0.7721,Luis Rioja,0.7302,Diego López,0.7131,Montrell Culbreath,0.7071,Chemsdine Talbi,0.6726,Sirlord Conteh,0.6602,Eren Dinkçi,0.6585,Franck Honorat,0.6553,Kaïl Boudache,0.6422,Rayan,0.6222,Roberto Navarro,0.6199,Ritsu Doan,0.6197,Ernest Poku,0.6193
Rui Modesto,Extremo derecho,Yeremi Pino,0.9771,Ben Gannon-Doak,0.8093,Josan,0.7809,Marius Broholm,0.7393,Charles Herrmann,0.735,Rubén García,0.7199,Álex Sánchez,0.6571,Matteo Politano,0.5704,Viktor Tsyhankov,0.5425,Ritsu Doan,0.5284,Haissem Hassan,0.507,Yankuba Minteh,0.5058,Daniel Yáñez,0.4581,David Brooks,0.4412,Jan-Niklas Beste,0.4373
Junior Messias,Extremo derecho,Désiré Doué,0.932,Harouna Djibrin,0.9051,Pedro,0.8595,Max Dowman,0.8406,Matteo Cancellieri,0.8077,Luca Koleosho,0.8038,Tiago Tomás,0.7506,Karim Adeyemi,0.7431,Federico Chiesa,0.7425,Gabriel Strefezza,0.7419,Ethan Mbappé,0.719,Gustav Isaksen,0.7144,Iker Benito,0.7117,Patrick Wimmer,0.6846,Lamine Yamal,0.6723
Konan N'dri,Extremo derecho,Jayden Addai,0.8853,Sulei Camara,0.8812,Riccardo Orsolini,0.8445,Jorge de Frutos,0.8143,Estêvão Willian,0.8063,Ferran Jutglà,0.793,Karim Adeyemi,0.7748,Tiago Tomás,0.7642,Antoine Semenyo,0.7246,Ansgar Knauff,0.724,Johan Bakayoko,0.717,Federico Chiesa,0.6998,Ismaila Sarr,0.699,Silas Katompa,0.6543,Dango Ouattara,0.6531
Santiago Pierotti,Extremo derecho,Jhon Arias,0.9575,Tyler Dibling,0.8178,Bakery Jatta,0.7997,Kareem Tunde,0.7912,Lasso Coulibaly,0.7624,Antoniu,0.7515,Mehdi Léris,0.7497,Dan Ndoye,0.7396,Malick Mbaye,0.7235,Joél Drakes-Thomas,0.7081,Montrell Culbreath,0.7016,Kaïl Boudache,0.6917,Oscar Bobb,0.6809,Wilfried Gnonto,0.6793,Cyriaque Irié,0.6787
Christian Pulisic,Extremo derecho,Ibrahim Mbaye,0.9616,Mason Greenwood,0.9458,Mohamed Ali Cho,0.9428,Bryan Mbeumo,0.934,Federico Bernardeschi,0.9221,Matìas Soulé,0.9194,Tom Edozie,0.9039,Ilan Kebbal,0.902,Iker Luque,0.8716,Pedro,0.8714,Ethan Mbappé,0.8492,Lamine Yamal,0.8376,Florian Thauvin,0.834,Rayan,0.8303,Ferran Jutglà,0.8244
Federico Bernardeschi,Extremo derecho,Bryan Mbeumo,0.9682,Mason Greenwood,0.9462,Christian Pulisic,0.9221,Florian Thauvin,0.908,Ethan Mbappé,0.8962,Andrés Martín,0.8811,Ilan Kebbal,0.8785,Ibrahim Mbaye,0.8635,Mohamed Ali Cho,0.8571,Ferran Jutglà,0.8365,Harry Wilson,0.8319,Michael Olise,0.8316,Pedro,0.827,Luca Koleosho,0.8249,Noni Madueke,0.8229
Gustav Isaksen,Extremo derecho,Nordan Mukiele,0.9307,Iker Luque,0.8816,Pedro,0.8085,Max Dowman,0.8033,Christian Pulisic,0.794,Tom Edozie,0.766,Riccardo Orsolini,0.7584,Ibrahim Mbaye,0.7508,Mason Greenwood,0.7364,Jim Allevinah,0.7259,Ferran Jutglà,0.7234,Lamine Yamal,0.7145,Junior Messias,0.7144,Désiré Doué,0.7104,Mohamed Ali Cho,0.7061
Mehdi Léris,Extremo derecho,Yankuba Minteh,0.9375,Ángel Pérez,0.8742,Rubén García,0.8653,Bakery Jatta,0.8472,Younes Namli,0.784,Dan Ndoye,0.7797,Santiago Pierotti,0.7497,Josan,0.6964,Adam Daghim,0.6771,Jhon Arias,0.6751,Jan-Niklas Beste,0.6504,Carlos Vicente,0.6316,Luis Rioja,0.6141,Nicolas-Gerrit Kühn,0.5945,Malick Mbaye,0.5634
Domenico Berardi,Extremo derecho,Tijjani Noslin,0.8251,Aitor Ruibal,0.7778,Kike Barja,0.7208,Romain Del Castillo,0.7162,Antoine Semenyo,0.7108,Karim Adeyemi,0.7044,Harouna Djibrin,0.6996,Federico Chiesa,0.6984,Iker Benito,0.684,Dango Ouattara,0.6726,Ethan Mbappé,0.6709,Ferran Jutglà,0.6588,Maghnes Akliouche,0.6509,Ayoube Amaimouni,0.6508,Andrés Martín,0.6428
Cheveyo Muy,Extremo derecho,Patrick Roberts,0.9989,Cole Campbell,0.9459,Ernest Nuamah,0.9459,Emir Sahiti,0.9261,Axel Camblan,0.9224,Urko González,0.9224,Luis Guilherme,0.881,Václav Černý,0.8774,Bendito Mantato,0.8754,Daniel Díaz,0.8754,Joel Asoro,0.8584,Alex Sola,0.844,Christian Conteh,0.8339,Jocelin Ta Bi,0.8283,Alysson Edward,0.8227
Samuel Chukwueze,Extremo derecho,Bradley Burrowes,0.9998,Jocelin Ta Bi,0.9945,Václav Černý,0.9661,Alysson Edward,0.9478,Badredine Bouanani,0.9367,Alexander Legendre,0.9315,Anthony Elanga,0.9302,Alex Sola,0.909,Lorenzo Venturino,0.8878,Bendito Mantato,0.8752,Daniel Díaz,0.8752,Emir Sahiti,0.8737,Christian Conteh,0.8735,Ernest Nuamah,0.8503,Cole Campbell,0.8498
Matteo Cancellieri,Extremo derecho,Gabriel Strefezza,0.8265,Adam Daghim,0.8168,Junior Messias,0.8077,Harouna Djibrin,0.7743,Federico Chiesa,0.7345,Patrick Wimmer,0.7019,Sulei Camara,0.684,Konan N'dri,0.6213,Désiré Doué,0.5921,Iker Benito,0.584,Ansgar Knauff,0.5813,Karim Adeyemi,0.5668,Gaëtan Perrin,0.5646,Antoine Semenyo,0.5645,Tajon Buchanan,0.5599
Francisco Conceição,Extremo derecho,Rodrygo,0.9548,Marius Broholm,0.7787,Arnaud Nordin,0.7604,Bukayo Saka,0.7588,Nathan Tella,0.7421,David Brooks,0.6895,Ben Gannon-Doak,0.6787,Désiré Doué,0.6755,Junior Messias,0.6664,Michael Olise,0.6473,Gabriel Strefezza,0.6322,Pedro,0.6274,Zito Luvumbo,0.6069,Cyril Ngonge,0.5964,Mason Greenwood,0.5926
Tijjani Noslin,Extremo derecho,Aitor Ruibal,0.8713,Pedro Neto,0.8458,Gauthier Hein,0.8387,Josué Casimir,0.8271,Tyrhys Dolan,0.827,Domenico Berardi,0.8251,Álex Sancris,0.7589,Franco Mastantuono,0.7008,Romain Del Castillo,0.6658,Morgan Guilavogui,0.6424,Karim Adeyemi,0.3712,Jayden Addai,0.3707,Ferran Jutglà,0.3658,Kike Barja,0.329,Michael Olise,0.3278
Riccardo Orsolini,Extremo derecho,Jorge de Frutos,0.8891,Ferran Jutglà,0.8825,Silas Katompa,0.8821,Ismaila Sarr,0.8582,Konan N'dri,0.8445,Estêvão Willian,0.8265,Johan Bakayoko,0.8188,Bryan Mbeumo,0.8101,Federico Bernardeschi,0.7913,Antoine Semenyo,0.7896,Michael Olise,0.7823,Andrés Martín,0.7805,Jayden Addai,0.7788,Lamine Yamal,0.7744,Karim Adeyemi,0.7709
Ernest Poku,Extremo derecho,David Neres,0.9594,Rayan,0.959,Dodi Lukebakio,0.912,Mayckel Lahdo,0.8893,Matìas Soulé,0.8835,Evann Guessand,0.8735,Ibrahim Mbaye,0.8573,Roberto Navarro,0.8264,Mohamed Ali Cho,0.8217,Harry Wilson,0.7857,Christian Pulisic,0.7667,Jamie Leweling,0.7553,Jim Allevinah,0.7458,Maghnes Akliouche,0.7423,Chemsdine Talbi,0.7338
Jan-Niklas Beste,Extremo derecho,Rubén García,0.7652,Yankuba Minteh,0.6981,Amad Diallo,0.6931,Gaëtan Perrin,0.681,Mehdi Léris,0.6504,Adam Daghim,0.6323,Cyril Ngonge,0.6056,Ángel Pérez,0.601,Nicholas Pierini,0.595,Josan,0.592,Younes Namli,0.59,Carlos Vicente,0.5851,David Brooks,0.5739,Takefusa Kubo,0.5729,Mohammed Kudus,0.561
Cole Campbell,Extremo derecho,Ernest Nuamah,1.0,Cheveyo Muy,0.9459,Patrick Roberts,0.9448,Daniel Díaz,0.9261,Bendito Mantato,0.9261,Daniel James,0.9134,Leon Bailey,0.8874,Lorenzo Venturino,0.885,Jocelin Ta Bi,0.8839,Emir Sahiti,0.8777,Urko González,0.8719,Axel Camblan,0.8719,Václav Černý,0.8686,Bradley Burrowes,0.8547,Samuel Chukwueze,0.8498
Dapo Afolayan,Extremo derecho,Yeray Cabanzón,0.9105,Miguel Ángel Sierra,0.902,Ilias Akhomach,0.8985,Tay Abed,0.8915,Jesper Lindstrøm,0.89,Nicholas Pierini,0.8881,Solly March,0.844,Edon Zhegrova,0.8315,Romelle Donovan,0.8165,Pablo Garcia,0.7719,Yaser Asprilla,0.7499,Tiago Gouveia,0.737,Shea Lacey,0.6853,Jofre,0.6823,Portu,0.6804
Charles Herrmann,Extremo derecho,Álex Sánchez,0.8932,Daniel Yáñez,0.885,Josan,0.8286,Yeremi Pino,0.7944,Rui Modesto,0.735,Ben Gannon-Doak,0.6546,Dilane Bakwa,0.6405,Luis Rioja,0.6386,Haissem Hassan,0.6343,Rubén García,0.6279,Oscar Bobb,0.6113,Matteo Politano,0.5958,Anthony Elanga,0.579,Pontus Almqvist,0.5746,Franck Honorat,0.5682
Emir Sahiti,Extremo derecho,Axel Camblan,0.9964,Urko González,0.9964,Luis Guilherme,0.9794,Daniel Díaz,0.9512,Bendito Mantato,0.9512,Christian Conteh,0.9491,Patrick Roberts,0.9421,Cheveyo Muy,0.9261,Alysson Edward,0.9175,Badredine Bouanani,0.9103,Alex Sola,0.9061,Jocelin Ta Bi,0.8981,Ernest Nuamah,0.8784,Cole Campbell,0.8777,Samuel Chukwueze,0.8737
Patrick Wimmer,Extremo derecho,Adam Daghim,0.8815,Harouna Djibrin,0.8564,Diego López,0.8503,Tajon Buchanan,0.8497,Jonathan Ikone,0.8468,Iker Benito,0.8167,Samuel Amo-Ameyaw,0.8078,Maghnes Akliouche,0.787,Sirlord Conteh,0.7391,Evann Guessand,0.7368,Ritsu Doan,0.7325,Matteo Cancellieri,0.7019,Max Dowman,0.6854,Junior Messias,0.6846,Gabriel Strefezza,0.6551
Jesper Lindstrøm,Extremo derecho,Tay Abed,0.9207,Nicholas Pierini,0.9057,Tiago Gouveia,0.8948,Dapo Afolayan,0.89,Yeray Cabanzón,0.8644,Ilias Akhomach,0.8142,Solly March,0.7871,Pablo Garcia,0.7613,Miguel Ángel Sierra,0.7585,Bertrand Traoré,0.7012,Edon Zhegrova,0.6768,Portu,0.6759,Yaser Asprilla,0.6715,Romelle Donovan,0.6491,Amad Diallo,0.6397
Youssoupha Niang,Extremo derecho,Lazar Jovanović,0.9669,Alexander Legendre,0.9025,Shea Lacey,0.9016,Justin-Noël Kalumba,0.8773,Václav Černý,0.8413,Alex Sola,0.8344,Romelle Donovan,0.816,Ilias Akhomach,0.8149,Yeray Cabanzón,0.8076,Miguel Ángel Sierra,0.8018,Romain Esse,0.7971,Cheveyo Muy,0.7718,Patrick Roberts,0.7616,Alysson Edward,0.7551,Samuel Chukwueze,0.7143
Christian Conteh,Extremo derecho,Emir Sahiti,0.9491,Axel Camblan,0.9423,Urko González,0.9423,Seydou Fini,0.9369,Bendito Mantato,0.936,Daniel Díaz,0.936,Badredine Bouanani,0.9336,Luis Guilherme,0.9309,Yassine Benhattab,0.9284,Alysson Edward,0.9229,Joel Asoro,0.9036,Jocelin Ta Bi,0.8989,Lorenzo Venturino,0.8751,Bradley Burrowes,0.8745,Samuel Chukwueze,0.8735
Silas Katompa,Extremo derecho,Justin Njinmah,0.9484,Johan Bakayoko,0.9226,Riccardo Orsolini,0.8821,Ismaila Sarr,0.8028,Jorge de Frutos,0.7862,Bryan Mbeumo,0.7492,Rayan Philippe,0.7333,Federico Bernardeschi,0.7157,Ansgar Knauff,0.7079,Ferran Jutglà,0.681,Jayden Addai,0.6547,Konan N'dri,0.6543,Antoine Semenyo,0.6453,Iker Luque,0.6389,Estêvão Willian,0.6368
Cyriaque Irié,Extremo derecho,Zakaria Aboukhlal,0.9544,Pablo Garcia,0.91,Lasso Coulibaly,0.8929,Antoniu,0.8449,Adnan Januzaj,0.8257,Tyler Dibling,0.8016,Abu Kamara,0.7785,Kareem Tunde,0.7583,Tiago Gouveia,0.7405,Yaya Diémé,0.7151,Jofre,0.7115,Rachid Ghezzal,0.6992,Santiago Pierotti,0.6787,Yaser Asprilla,0.6659,Dan Ndoye,0.613
Jan Thielmann,Extremo derecho,Brennan Johnson,0.917,Tajon Buchanan,0.8487,Carlos Vicente,0.8276,Nicolas-Gerrit Kühn,0.8117,Francisco Perez,0.8094,Sirlord Conteh,0.7552,Bakery Jatta,0.7536,Diego López,0.7309,Iker Benito,0.7175,Roberto Navarro,0.712,Ansgar Knauff,0.7067,Eren Dinkçi,0.6881,Jonathan Ikone,0.6865,Kaïl Boudache,0.6608,Maghnes Akliouche,0.639
Andreas Skov Olsen,Extremo derecho,Jones El-Abdellaoui,0.9115,Chemsdine Talbi,0.8368,Loum Tchaouna,0.7873,Tom Edozie,0.7474,Dodi Lukebakio,0.7429,Mayckel Lahdo,0.6926,Rayan,0.6831,Eren Dinkçi,0.6787,Jim Allevinah,0.6691,Iker Luque,0.666,Ismaila Sarr,0.6466,Jonathan Ikone,0.6095,Nordan Mukiele,0.6073,Ernest Poku,0.5984,Ibrahim Mbaye,0.5966
Karim Adeyemi,Extremo derecho,Tiago Tomás,0.9775,Ferran Jutglà,0.9631,Dango Ouattara,0.9296,Lamine Yamal,0.927,Antoine Semenyo,0.9161,Kike Barja,0.9112,Nicolas Pépé,0.9069,Federico Chiesa,0.9035,Andrés Martín,0.9024,Ilan Kebbal,0.9016,Michael Olise,0.8986,Pedro,0.8956,Jorge de Frutos,0.8798,Ethan Mbappé,0.8747,Ayoube Amaimouni,0.8684
Nathan Tella,Extremo derecho,Bukayo Saka,0.8948,Takefusa Kubo,0.8747,Arnaud Nordin,0.839,Cyril Ngonge,0.7989,Michael Olise,0.7902,Zito Luvumbo,0.7808,Gabriel Strefezza,0.7796,Brahim Díaz,0.7732,Kike Barja,0.7698,Federico Chiesa,0.762,Lamine Yamal,0.7612,Rodrygo,0.7561,Sulei Camara,0.7486,Francisco Conceição,0.7421,Ayoube Amaimouni,0.7276
Montrell Culbreath,Extremo derecho,Kaïl Boudache,0.9137,Bakery Jatta,0.8291,Jhon Arias,0.7912,Diego López,0.7431,Nicolas-Gerrit Kühn,0.7071,Santiago Pierotti,0.7016,Joél Drakes-Thomas,0.6385,Eren Dinkçi,0.5485,Mehdi Léris,0.5443,Luis Guilherme,0.5416,Malick Mbaye,0.5384,Álex Sánchez,0.5026,Oscar Bobb,0.4966,Jan Thielmann,0.4938,Patrick Wimmer,0.4907
Lazar Jovanović,Extremo derecho,Youssoupha Niang,0.9669,Alex Sola,0.9116,Justin-Noël Kalumba,0.9088,Alexander Legendre,0.9082,Václav Černý,0.8719,Shea Lacey,0.8301,Romain Esse,0.8183,Alysson Edward,0.7674,Samuel Chukwueze,0.7616,Cheveyo Muy,0.7515,Bradley Burrowes,0.749,Patrick Roberts,0.7471,Jocelin Ta Bi,0.7141,Emir Sahiti,0.7102,Romelle Donovan,0.7039
Johan Bakayoko,Extremo derecho,Silas Katompa,0.9226,Justin Njinmah,0.9042,Riccardo Orsolini,0.8188,Bertrand Traoré,0.8123,Rayan Philippe,0.7636,Ismaila Sarr,0.7323,Konan N'dri,0.717,Jorge de Frutos,0.7153,Jayden Addai,0.7036,Iker Luque,0.6743,Gustav Isaksen,0.6358,Ansgar Knauff,0.605,Ferran Jutglà,0.5854,Tom Edozie,0.5833,Bryan Mbeumo,0.5808
Tiago Tomás,Extremo derecho,Karim Adeyemi,0.9775,Lamine Yamal,0.9327,Ferran Jutglà,0.9098,Ilan Kebbal,0.8755,Kike Barja,0.8737,Pedro,0.8672,Nicolas Pépé,0.8597,Godson Kyeremeh,0.8566,Federico Chiesa,0.856,Dango Ouattara,0.8552,Michael Olise,0.8552,Harouna Djibrin,0.8478,Andrés Martín,0.8325,Max Dowman,0.8234,Maghnes Akliouche,0.8176
Eren Dinkçi,Extremo derecho,Dodi Lukebakio,0.8225,Luca Koleosho,0.7923,Rayan,0.776,Rayan Philippe,0.7674,Iker Benito,0.7579,Ibrahim Mbaye,0.7327,Roberto Navarro,0.7304,Tom Edozie,0.7271,Iker Luque,0.703,Viktor Tsyhankov,0.6994,Loum Tchaouna,0.6922,Chemsdine Talbi,0.6915,Jan Thielmann,0.6881,Kaïl Boudache,0.6804,Andreas Skov Olsen,0.6787
Bakery Jatta,Extremo derecho,Mehdi Léris,0.8472,Jhon Arias,0.8429,Montrell Culbreath,0.8291,Kaïl Boudache,0.8246,Santiago Pierotti,0.7997,Nicolas-Gerrit Kühn,0.7721,Jan Thielmann,0.7536,Yankuba Minteh,0.7106,Diego López,0.6805,Malick Mbaye,0.6658,Rubén García,0.6335,Brennan Johnson,0.6283,Adam Daghim,0.5824,Dan Ndoye,0.5723,Patrick Wimmer,0.5529
Sirlord Conteh,Extremo derecho,Tajon Buchanan,0.9236,Carlos Vicente,0.8507,Maghnes Akliouche,0.8396,Brennan Johnson,0.8252,Roberto Navarro,0.814,Jonathan Ikone,0.8105,Dango Ouattara,0.8094,Evann Guessand,0.8087,Iker Benito,0.7756,Jan Thielmann,0.7552,Harry Wilson,0.7522,Jamie Leweling,0.749,Diego López,0.7464,Patrick Wimmer,0.7391,Godson Kyeremeh,0.7361
Ritsu Doan,Extremo derecho,Viktor Tsyhankov,0.9188,Maghnes Akliouche,0.9166,Jarrod Bowen,0.831,Roberto Navarro,0.8179,Harouna Djibrin,0.7801,David Neres,0.7644,Ethan Mbappé,0.7587,Kike Barja,0.7464,Nicolas Pépé,0.7388,Tajon Buchanan,0.7369,Luca Koleosho,0.734,Patrick Wimmer,0.7325,Dango Ouattara,0.7255,Harry Wilson,0.7201,Ayoube Amaimouni,0.7153
Jamie Leweling,Extremo derecho,Harry Wilson,0.9666,Jarrod Bowen,0.9491,Musa Al-Taamari,0.9284,Ayoube Amaimouni,0.9214,Nicolas Pépé,0.918,Florian Thauvin,0.9155,Andrés Martín,0.9107,Matìas Soulé,0.908,Mohamed Salah,0.8819,Kike Barja,0.8785,Dango Ouattara,0.868,Ilan Kebbal,0.8628,Lamine Yamal,0.8525,Michael Olise,0.8309,David Neres,0.828
Václav Černý,Extremo derecho,Alexander Legendre,0.9739,Samuel Chukwueze,0.9661,Bradley Burrowes,0.9626,Jocelin Ta Bi,0.9502,Alex Sola,0.9395,Alysson Edward,0.9097,Patrick Roberts,0.8779,Cheveyo Muy,0.8774,Lazar Jovanović,0.8719,Ernest Nuamah,0.8687,Cole Campbell,0.8686,Emir Sahiti,0.863,Badredine Bouanani,0.86,Lorenzo Venturino,0.842,Youssoupha Niang,0.8413
Ansgar Knauff,Extremo derecho,Antoine Semenyo,0.9587,Jorge de Frutos,0.9187,Dango Ouattara,0.8793,Ferran Jutglà,0.8594,Estêvão Willian,0.843,Jayden Addai,0.8231,Rayan Philippe,0.8179,Ethan Mbappé,0.7938,Andrés Martín,0.7922,Karim Adeyemi,0.7888,Roberto Navarro,0.7871,Tajon Buchanan,0.7813,Federico Chiesa,0.7773,Iker Benito,0.7761,Luca Koleosho,0.7629
Justin Njinmah,Extremo derecho,Silas Katompa,0.9484,Johan Bakayoko,0.9042,Ismaila Sarr,0.7909,Riccardo Orsolini,0.7534,Jorge de Frutos,0.724,Rayan Philippe,0.6994,Jones El-Abdellaoui,0.6908,Bryan Mbeumo,0.673,Ansgar Knauff,0.6476,Francisco Perez,0.6401,Loum Tchaouna,0.6174,Jayden Addai,0.6167,Bertrand Traoré,0.6005,Federico Bernardeschi,0.6,Tom Edozie,0.5935
Ayoube Amaimouni,Extremo derecho,Nicolas Pépé,0.9905,Andrés Martín,0.9785,Kike Barja,0.9657,Florian Thauvin,0.9598,Michael Olise,0.9561,Musa Al-Taamari,0.9424,Harry Wilson,0.9415,Dango Ouattara,0.9294,Ilan Kebbal,0.9293,Jamie Leweling,0.9214,Jarrod Bowen,0.9184,Ethan Mbappé,0.9042,Lamine Yamal,0.9023,Bukayo Saka,0.8995,Federico Chiesa,0.8833
Adam Daghim,Extremo derecho,Patrick Wimmer,0.8815,Matteo Cancellieri,0.8168,Harouna Djibrin,0.7635,Gabriel Strefezza,0.758,Samuel Amo-Ameyaw,0.7244,Tajon Buchanan,0.7076,Maghnes Akliouche,0.6897,Ritsu Doan,0.6847,Federico Chiesa,0.6786,Mehdi Léris,0.6771,Jan-Niklas Beste,0.6323,Carlos Vicente,0.632,Takefusa Kubo,0.6225,Rubén García,0.6126,Junior Messias,0.6107
Michael Olise,Extremo derecho,Ilan Kebbal,0.9697,Nicolas Pépé,0.9628,Lamine Yamal,0.9625,Ayoube Amaimouni,0.9561,Bukayo Saka,0.9534,Andrés Martín,0.9532,Kike Barja,0.939,Florian Thauvin,0.9172,Ethan Mbappé,0.9003,Pedro,0.8988,Karim Adeyemi,0.8986,Federico Chiesa,0.8884,Ferran Jutglà,0.8849,Mason Greenwood,0.8731,Harry Wilson,0.8688
Rayan Philippe,Extremo derecho,Iker Luque,0.8939,Jorge de Frutos,0.8377,Ansgar Knauff,0.8179,Luca Koleosho,0.8153,Antoine Semenyo,0.8145,Tom Edozie,0.802,Jayden Addai,0.7877,Bryan Mbeumo,0.7719,Ferran Jutglà,0.7685,Eren Dinkçi,0.7674,Johan Bakayoko,0.7636,Federico Bernardeschi,0.7461,Iker Benito,0.7449,Ibrahim Mbaye,0.7391,Silas Katompa,0.7333
Franck Honorat,Extremo derecho,Luis Rioja,0.9319,Nicolas-Gerrit Kühn,0.6553,Mohamed Salah,0.6469,Mohammed Kudus,0.61,Noni Madueke,0.6061,Jacob Murphy,0.5915,Ernest Poku,0.5842,Jarrod Bowen,0.5798,Álex Sánchez,0.5749,Chemsdine Talbi,0.5697,Charles Herrmann,0.5682,Jamie Leweling,0.5491,Ángel Pérez,0.5379,Mayckel Lahdo,0.536,David Neres,0.5288
Nordan Mukiele,Extremo derecho,Gustav Isaksen,0.9307,Iker Luque,0.8939,Jim Allevinah,0.8905,Max Dowman,0.8889,Tom Edozie,0.8257,Ibrahim Mbaye,0.8173,Christian Pulisic,0.8062,Mohamed Ali Cho,0.7917,Dodi Lukebakio,0.7843,Tiago Tomás,0.7607,Pedro,0.7562,Ismaila Sarr,0.7489,Ferran Jutglà,0.7404,Jayden Addai,0.7295,Karim Adeyemi,0.7068
Jim Allevinah,Extremo derecho,Nordan Mukiele,0.8905,Ismaila Sarr,0.8887,Mohamed Ali Cho,0.8805,Mayckel Lahdo,0.8017,Matìas Soulé,0.7767,Tiago Tomás,0.7756,Jayden Addai,0.7718,Ibrahim Mbaye,0.7677,Dodi Lukebakio,0.7604,Ferran Jutglà,0.7599,Rayan,0.7587,Christian Pulisic,0.7512,Tom Edozie,0.7486,Ernest Poku,0.7458,Jorge de Frutos,0.7445
Erawan Garnier,Extremo derecho,Hugo González,0.9999,Yassine Benhattab,0.964,Bendito Mantato,0.9135,Daniel Díaz,0.9135,Badredine Bouanani,0.9081,Haissem Hassan,0.9066,Anthony Elanga,0.8843,Luis Guilherme,0.8797,Alysson Edward,0.8715,Christian Conteh,0.8475,Axel Camblan,0.8325,Urko González,0.8325,Emir Sahiti,0.8255,Daniel James,0.8244,Jocelin Ta Bi,0.8126
Axel Camblan,Extremo derecho,Urko González,1.0,Emir Sahiti,0.9964,Luis Guilherme,0.9856,Bendito Mantato,0.9526,Daniel Díaz,0.9526,Christian Conteh,0.9423,Patrick Roberts,0.9393,Cheveyo Muy,0.9224,Alysson Edward,0.8915,Badredine Bouanani,0.888,Ernest Nuamah,0.8727,Cole Campbell,0.8719,Alex Sola,0.871,Yassine Benhattab,0.8669,Jocelin Ta Bi,0.866
Ernest Nuamah,Extremo derecho,Cole Campbell,1.0,Cheveyo Muy,0.9459,Patrick Roberts,0.9449,Daniel Díaz,0.9269,Bendito Mantato,0.9269,Daniel James,0.9134,Leon Bailey,0.8874,Lorenzo Venturino,0.8853,Jocelin Ta Bi,0.8844,Emir Sahiti,0.8784,Urko González,0.8727,Axel Camblan,0.8727,Václav Černý,0.8687,Bradley Burrowes,0.8552,Samuel Chukwueze,0.8503
Alexander Legendre,Extremo derecho,Václav Černý,0.9739,Samuel Chukwueze,0.9315,Bradley Burrowes,0.9269,Lazar Jovanović,0.9082,Alex Sola,0.9046,Jocelin Ta Bi,0.9045,Youssoupha Niang,0.9025,Alysson Edward,0.8983,Justin-Noël Kalumba,0.8644,Badredine Bouanani,0.8343,Noah Edjouma,0.8227,Romain Esse,0.8132,Daniel James,0.8121,Cheveyo Muy,0.8075,Anthony Elanga,0.8058
Jonathan Ikone,Extremo derecho,Diego López,0.9224,Tajon Buchanan,0.8732,Iker Benito,0.8692,Patrick Wimmer,0.8468,Evann Guessand,0.8123,Sirlord Conteh,0.8105,Jayden Addai,0.7991,Max Dowman,0.7564,Dodi Lukebakio,0.7159,Mayckel Lahdo,0.7103,Tiago Tomás,0.6893,Jan Thielmann,0.6865,Harouna Djibrin,0.6812,Rayan,0.6796,Maghnes Akliouche,0.6748
Samuel Amo-Ameyaw,Extremo derecho,Godson Kyeremeh,0.9313,Brahim Díaz,0.8449,Evann Guessand,0.8164,Patrick Wimmer,0.8078,Gabriel Strefezza,0.7978,Tiago Tomás,0.7393,Sirlord Conteh,0.7274,Harouna Djibrin,0.7253,Adam Daghim,0.7244,Takefusa Kubo,0.7112,Maghnes Akliouche,0.7067,Kike Barja,0.6874,David Neres,0.6818,Federico Chiesa,0.6698,Jonathan Ikone,0.6634
Ilan Kebbal,Extremo derecho,Lamine Yamal,0.9767,Michael Olise,0.9697,Nicolas Pépé,0.9548,Andrés Martín,0.95,Pedro,0.9355,Florian Thauvin,0.9324,Ayoube Amaimouni,0.9293,Mason Greenwood,0.9283,Ethan Mbappé,0.9283,Matìas Soulé,0.9175,Harry Wilson,0.9116,Kike Barja,0.9024,Christian Pulisic,0.902,Karim Adeyemi,0.9016,Ferran Jutglà,0.8963
Ibrahim Mbaye,Extremo derecho,Christian Pulisic,0.9616,Rayan,0.9343,Dodi Lukebakio,0.9328,Tom Edozie,0.9308,Mohamed Ali Cho,0.9178,Bryan Mbeumo,0.9065,Iker Luque,0.9001,Matìas Soulé,0.8988,Federico Bernardeschi,0.8635,Ethan Mbappé,0.8576,Ernest Poku,0.8573,Pedro,0.8564,Luca Koleosho,0.8501,Mason Greenwood,0.8479,Roberto Navarro,0.8407
Musa Al-Taamari,Extremo derecho,Florian Thauvin,0.9629,Andrés Martín,0.949,Harry Wilson,0.943,Ayoube Amaimouni,0.9424,Jamie Leweling,0.9284,Nicolas Pépé,0.9097,Jarrod Bowen,0.9041,Dango Ouattara,0.8854,Mohamed Salah,0.8698,Estêvão Willian,0.8613,Michael Olise,0.8599,Ilan Kebbal,0.8447,Kike Barja,0.836,Noni Madueke,0.823,Federico Bernardeschi,0.8224
Josué Casimir,Extremo derecho,Tyrhys Dolan,0.9546,Aitor Ruibal,0.9268,Álex Sancris,0.9119,Franco Mastantuono,0.857,Tijjani Noslin,0.8271,Romain Del Castillo,0.7762,Gauthier Hein,0.7638,Pedro Neto,0.761,Morgan Guilavogui,0.7018,Domenico Berardi,0.597,Jesper Lindstrøm,0.2464,Cyriaque Irié,0.2273,Antoniu,0.2223,Tiago Gouveia,0.2046,Nicholas Pierini,0.2032
Mohamed Ali Cho,Extremo derecho,Matìas Soulé,0.9552,Christian Pulisic,0.9428,Bryan Mbeumo,0.9298,Ibrahim Mbaye,0.9178,Ismaila Sarr,0.9055,Harry Wilson,0.8926,Jim Allevinah,0.8805,Ilan Kebbal,0.8767,Ferran Jutglà,0.8675,Mohamed Salah,0.8595,Rayan,0.8588,Federico Bernardeschi,0.8571,Lamine Yamal,0.853,Andrés Martín,0.8522,Tom Edozie,0.8431
Désiré Doué,Extremo derecho,Pedro,0.9459,Junior Messias,0.932,Harouna Djibrin,0.8934,Luca Koleosho,0.8872,Ethan Mbappé,0.8617,Ilan Kebbal,0.8351,Max Dowman,0.8183,Lamine Yamal,0.8052,Karim Adeyemi,0.7914,Tiago Tomás,0.7897,Michael Olise,0.788,Nicolas Pépé,0.7776,Kike Barja,0.7727,Ibrahim Mbaye,0.7669,Mason Greenwood,0.7656
Godson Kyeremeh,Extremo derecho,Samuel Amo-Ameyaw,0.9313,Tiago Tomás,0.8566,Evann Guessand,0.815,Brahim Díaz,0.809,Karim Adeyemi,0.7668,Lamine Yamal,0.762,Gabriel Strefezza,0.7596,Kike Barja,0.7579,Sirlord Conteh,0.7361,Jamie Leweling,0.7308,Takefusa Kubo,0.7252,David Neres,0.7124,Federico Chiesa,0.7109,Nathan Tella,0.693,Nicolas Pépé,0.6907
Gaëtan Perrin,Extremo derecho,Ansgar Knauff,0.7076,Luca Koleosho,0.7071,Amad Diallo,0.7004,Rayan Philippe,0.6967,Jan-Niklas Beste,0.681,Eren Dinkçi,0.6767,Antoine Semenyo,0.6105,Viktor Tsyhankov,0.5866,Ethan Mbappé,0.5767,Matteo Cancellieri,0.5646,Jan Thielmann,0.5633,Nicholas Pierini,0.5298,Francisco Perez,0.5188,Bertrand Traoré,0.5078,Iker Benito,0.4926
Harouna Djibrin,Extremo derecho,Junior Messias,0.9051,Maghnes Akliouche,0.8958,Désiré Doué,0.8934,Federico Chiesa,0.8754,Karim Adeyemi,0.8667,Iker Benito,0.8662,Patrick Wimmer,0.8564,Tiago Tomás,0.8478,Pedro,0.8455,Kike Barja,0.835,Luca Koleosho,0.8309,Ethan Mbappé,0.8175,Antoine Semenyo,0.7936,Max Dowman,0.7919,Tajon Buchanan,0.7913
Younes Namli,Extremo derecho,Ángel Pérez,0.8752,Lasso Coulibaly,0.8207,Josan,0.8099,Rubén García,0.8081,Yankuba Minteh,0.788,Mehdi Léris,0.784,Wilfried Gnonto,0.7666,Pontus Almqvist,0.7645,Dan Ndoye,0.76,Abu Kamara,0.6846,Zakaria Aboukhlal,0.6743,Kareem Tunde,0.6577,Adnan Januzaj,0.6395,Oscar Bobb,0.6163,Cyril Ngonge,0.6058
Lasso Coulibaly,Extremo derecho,Zakaria Aboukhlal,0.9393,Adnan Januzaj,0.9047,Kareem Tunde,0.9043,Cyriaque Irié,0.8929,Tyler Dibling,0.8906,Antoniu,0.8531,Abu Kamara,0.8459,Wilfried Gnonto,0.8274,Younes Namli,0.8207,Rachid Ghezzal,0.7952,Pontus Almqvist,0.7817,Dan Ndoye,0.7666,Santiago Pierotti,0.7624,Noah Edjouma,0.7481,Romain Esse,0.7173
Badredine Bouanani,Extremo derecho,Alysson Edward,0.9868,Jocelin Ta Bi,0.949,Anthony Elanga,0.9428,Bradley Burrowes,0.9377,Samuel Chukwueze,0.9367,Christian Conteh,0.9336,Yassine Benhattab,0.9195,Daniel Díaz,0.9134,Bendito Mantato,0.9134,Hugo González,0.9107,Emir Sahiti,0.9103,Erawan Garnier,0.9081,Luis Guilherme,0.9066,Axel Camblan,0.888,Urko González,0.888
Mason Greenwood,Extremo derecho,Federico Bernardeschi,0.9462,Christian Pulisic,0.9458,Ilan Kebbal,0.9283,Florian Thauvin,0.8889,Bryan Mbeumo,0.885,Pedro,0.8818,Michael Olise,0.8731,Ethan Mbappé,0.8696,Lamine Yamal,0.8542,Matìas Soulé,0.8482,Ibrahim Mbaye,0.8479,Andrés Martín,0.8438,Mohamed Ali Cho,0.8385,Nicolas Pépé,0.8129,Ayoube Amaimouni,0.797
Mayckel Lahdo,Extremo derecho,Evann Guessand,0.9185,Ernest Poku,0.8893,David Neres,0.8218,Jim Allevinah,0.8017,Rayan,0.7955,Dodi Lukebakio,0.7774,Jonathan Ikone,0.7103,Andreas Skov Olsen,0.6926,Diego López,0.6899,Matìas Soulé,0.6779,Sirlord Conteh,0.6767,Mohamed Ali Cho,0.6634,Chemsdine Talbi,0.6568,Jones El-Abdellaoui,0.6562,Max Dowman,0.6551
Malick Mbaye,Extremo derecho,Rachid Ghezzal,0.8199,Tiago Gouveia,0.7669,Santiago Pierotti,0.7235,Joél Drakes-Thomas,0.7193,Job Ochieng',0.7126,Hugo González,0.7052,Tay Abed,0.7049,Erawan Garnier,0.7038,Jhon Arias,0.6992,Nicholas Pierini,0.6952,Bakery Jatta,0.6658,Yassine Benhattab,0.6554,Abu Kamara,0.654,Antoniu,0.6436,Jesper Lindstrøm,0.6374
Romain Del Castillo,Extremo derecho,Aitor Ruibal,0.8841,Tyrhys Dolan,0.8726,Gauthier Hein,0.8138,Pedro Neto,0.7844,Josué Casimir,0.7762,Domenico Berardi,0.7162,Álex Sancris,0.6883,Tijjani Noslin,0.6658,Morgan Guilavogui,0.4775,Rubén García,0.4692,Ritsu Doan,0.4292,Josan,0.3992,Franco Mastantuono,0.3884,Mehdi Léris,0.3874,Rui Modesto,0.3621
Yaya Diémé,Extremo derecho,Portu,0.8872,Yaser Asprilla,0.8637,Pablo Garcia,0.8323,Abu Kamara,0.7904,Zakaria Aboukhlal,0.7746,Adama Traoré,0.7481,Joel Asoro,0.7168,Cyriaque Irié,0.7151,Tiago Gouveia,0.7075,Rachid Ghezzal,0.6972,Seydou Fini,0.6933,Edon Zhegrova,0.6916,Mathieu Cafaro,0.6814,Jofre,0.6658,Leon Bailey,0.6611
Mathieu Cafaro,Extremo derecho,Alexander Legendre,0.7979,Lorenzo Venturino,0.773,Noah Edjouma,0.765,Joel Asoro,0.7648,Václav Černý,0.7572,Leon Bailey,0.7394,Romelle Donovan,0.7363,Yaser Asprilla,0.7083,Daniel James,0.7015,Shea Lacey,0.6954,Seydou Fini,0.6936,Youssoupha Niang,0.6891,Lazar Jovanović,0.6843,Yaya Diémé,0.6814,Samuel Chukwueze,0.6765
Marius Broholm,Extremo derecho,Ben Gannon-Doak,0.9832,Rodrygo,0.817,Francisco Conceição,0.7787,Rui Modesto,0.7393,Yeremi Pino,0.7324,Dilane Bakwa,0.584,Désiré Doué,0.5793,Rubén García,0.5672,David Brooks,0.5609,Josan,0.5576,Brahim Díaz,0.5487,Charles Herrmann,0.5413,Junior Messias,0.5264,Pontus Almqvist,0.5047,Arnaud Nordin,0.4942
Noah Edjouma,Extremo derecho,Adnan Januzaj,0.907,Seydou Fini,0.8679,Rachid Ghezzal,0.8481,Adama Traoré,0.8354,Alysson Edward,0.8315,Lorenzo Venturino,0.8275,Bradley Burrowes,0.8245,Samuel Chukwueze,0.8238,Anthony Elanga,0.8237,Abu Kamara,0.8237,Badredine Bouanani,0.8229,Alexander Legendre,0.8227,Jocelin Ta Bi,0.8123,Christian Conteh,0.8068,Daniel James,0.8059
Joel Asoro,Extremo derecho,Seydou Fini,0.9354,Lorenzo Venturino,0.9044,Christian Conteh,0.9036,Leon Bailey,0.8874,Patrick Roberts,0.8624,Cheveyo Muy,0.8584,Ernest Nuamah,0.8498,Cole Campbell,0.8496,Emir Sahiti,0.8383,Urko González,0.8332,Axel Camblan,0.8332,Bendito Mantato,0.8272,Daniel Díaz,0.8272,Yassine Benhattab,0.7975,Daniel James,0.79
Rachid Ghezzal,Extremo derecho,Abu Kamara,0.8873,Yaser Asprilla,0.8633,Noah Edjouma,0.8481,Adnan Januzaj,0.8368,Job Ochieng',0.8339,Zakaria Aboukhlal,0.8204,Malick Mbaye,0.8199,Tiago Gouveia,0.8109,Yassine Benhattab,0.8028,Lasso Coulibaly,0.7952,Haissem Hassan,0.779,Adama Traoré,0.7709,Kareem Tunde,0.7643,Daniel James,0.7598,Antoniu,0.757
Yassine Benhattab,Extremo derecho,Hugo González,0.9641,Erawan Garnier,0.964,Daniel Díaz,0.9404,Bendito Mantato,0.9404,Christian Conteh,0.9284,Badredine Bouanani,0.9195,Alysson Edward,0.8994,Daniel James,0.8975,Luis Guilherme,0.8902,Anthony Elanga,0.8812,Haissem Hassan,0.8681,Job Ochieng',0.8675,Axel Camblan,0.8669,Urko González,0.8669,Emir Sahiti,0.8639
Gauthier Hein,Extremo derecho,Pedro Neto,0.992,Tyrhys Dolan,0.8697,Tijjani Noslin,0.8387,Romain Del Castillo,0.8138,Aitor Ruibal,0.8115,Álex Sancris,0.7955,Josué Casimir,0.7638,Domenico Berardi,0.6335,Franco Mastantuono,0.4522,Morgan Guilavogui,0.3417,David Neres,0.2536,Franck Honorat,0.2406,Mohamed Salah,0.2154,Jamie Leweling,0.1931,Florian Thauvin,0.1789
Tiago Gouveia,Extremo derecho,Jesper Lindstrøm,0.8948,Antoniu,0.8669,Tay Abed,0.8496,Pablo Garcia,0.8317,Rachid Ghezzal,0.8109,Yeray Cabanzón,0.8066,Nicholas Pierini,0.7728,Ilias Akhomach,0.7728,Malick Mbaye,0.7669,Tyler Dibling,0.7666,Cyriaque Irié,0.7405,Joél Drakes-Thomas,0.7399,Dapo Afolayan,0.737,Kareem Tunde,0.7192,Yaser Asprilla,0.7123
Kaïl Boudache,Extremo derecho,Montrell Culbreath,0.9137,Bakery Jatta,0.8246,Jhon Arias,0.8095,Diego López,0.7825,Santiago Pierotti,0.6917,Eren Dinkçi,0.6804,Jan Thielmann,0.6608,Nicolas-Gerrit Kühn,0.6422,Jonathan Ikone,0.5918,Andreas Skov Olsen,0.5906,Patrick Wimmer,0.554,Joél Drakes-Thomas,0.5328,Malick Mbaye,0.5124,Brennan Johnson,0.4875,Iker Benito,0.4806
Florian Thauvin,Extremo derecho,Andrés Martín,0.9697,Musa Al-Taamari,0.9629,Ayoube Amaimouni,0.9598,Harry Wilson,0.9541,Nicolas Pépé,0.9449,Ilan Kebbal,0.9324,Jarrod Bowen,0.9189,Michael Olise,0.9172,Jamie Leweling,0.9155,Federico Bernardeschi,0.908,Ethan Mbappé,0.9029,Mason Greenwood,0.8889,Matìas Soulé,0.8828,Bryan Mbeumo,0.8791,Dango Ouattara,0.8744
Luca Koleosho,Extremo derecho,Ethan Mbappé,0.9518,Pedro,0.9119,Désiré Doué,0.8872,Antoine Semenyo,0.8629,Ibrahim Mbaye,0.8501,Harouna Djibrin,0.8309,Viktor Tsyhankov,0.825,Federico Bernardeschi,0.8249,Roberto Navarro,0.823,Rayan Philippe,0.8153,Maghnes Akliouche,0.8093,Iker Benito,0.8074,Ilan Kebbal,0.8056,Junior Messias,0.8038,Ferran Jutglà,0.8009
Gessime Yassine,Extremo derecho,Romain Esse,0.9067,Wilfried Gnonto,0.9016,Oscar Bobb,0.884,Pontus Almqvist,0.8712,Justin-Noël Kalumba,0.8602,Kareem Tunde,0.8541,Adnan Januzaj,0.7843,Tyler Dibling,0.7766,Dilane Bakwa,0.7537,Noah Edjouma,0.7322,Alexander Legendre,0.7225,Anthony Elanga,0.7201,Daniel Yáñez,0.7169,Lasso Coulibaly,0.7159,Alysson Edward,0.7158
Morgan Guilavogui,Extremo derecho,Franco Mastantuono,0.7678,Aitor Ruibal,0.7222,Josué Casimir,0.7018,Grady Diangana,0.6441,Tijjani Noslin,0.6424,Tyrhys Dolan,0.6378,Takuma Asano,0.5832,Domenico Berardi,0.5677,Álex Sancris,0.5309,Cyriaque Irié,0.5063,Romain Del Castillo,0.4775,Matteo Cancellieri,0.4586,Jonathan Ikone,0.4574,Patrick Wimmer,0.4466,Jayden Addai,0.4459
Ethan Mbappé,Extremo derecho,Luca Koleosho,0.9518,Pedro,0.9349,Ilan Kebbal,0.9283,Andrés Martín,0.9267,Nicolas Pépé,0.925,Antoine Semenyo,0.9129,Ayoube Amaimouni,0.9042,Florian Thauvin,0.9029,Michael Olise,0.9003,Dango Ouattara,0.8974,Federico Bernardeschi,0.8962,Ferran Jutglà,0.8871,Roberto Navarro,0.8866,Harry Wilson,0.8835,Karim Adeyemi,0.8747
Arnaud Nordin,Extremo derecho,Brahim Díaz,0.8478,Nathan Tella,0.839,Lamine Yamal,0.7761,Francisco Conceição,0.7604,Rodrygo,0.7443,Bukayo Saka,0.7138,Michael Olise,0.6971,Ilan Kebbal,0.6887,Godson Kyeremeh,0.684,Gabriel Strefezza,0.6821,Tiago Tomás,0.6714,Désiré Doué,0.6623,Pedro,0.6455,Gustav Isaksen,0.6231,Kike Barja,0.616
Maghnes Akliouche,Extremo derecho,Dango Ouattara,0.9184,Ritsu Doan,0.9166,Roberto Navarro,0.9163,Harouna Djibrin,0.8958,Kike Barja,0.8909,Nicolas Pépé,0.8847,Tajon Buchanan,0.8843,Ethan Mbappé,0.8707,Karim Adeyemi,0.8648,Harry Wilson,0.8626,Iker Benito,0.8587,Viktor Tsyhankov,0.8531,Ayoube Amaimouni,0.8512,Federico Chiesa,0.847,Antoine Semenyo,0.8449
Yeray Cabanzón,Extremo derecho,Ilias Akhomach,0.9866,Miguel Ángel Sierra,0.9743,Dapo Afolayan,0.9105,Tay Abed,0.8944,Romelle Donovan,0.8853,Jesper Lindstrøm,0.8644,Solly March,0.8417,Shea Lacey,0.836,Youssoupha Niang,0.8076,Tiago Gouveia,0.8066,Nicholas Pierini,0.7611,Jofre,0.694,Alexander Legendre,0.68,Pablo Garcia,0.6764,Antoniu,0.6588
Andrés Martín,Extremo derecho,Ayoube Amaimouni,0.9785,Nicolas Pépé,0.9752,Florian Thauvin,0.9697,Harry Wilson,0.966,Dango Ouattara,0.9543,Michael Olise,0.9532,Ilan Kebbal,0.95,Musa Al-Taamari,0.949,Ethan Mbappé,0.9267,Kike Barja,0.9234,Ferran Jutglà,0.9217,Lamine Yamal,0.9178,Jamie Leweling,0.9107,Karim Adeyemi,0.9024,Antoine Semenyo,0.899
Sulei Camara,Extremo derecho,Konan N'dri,0.8812,Estêvão Willian,0.8607,Federico Chiesa,0.8257,Bukayo Saka,0.8164,Gabriel Strefezza,0.7739,Nathan Tella,0.7486,Riccardo Orsolini,0.7415,Karim Adeyemi,0.7061,Ansgar Knauff,0.6994,Michael Olise,0.6943,Takefusa Kubo,0.6943,Matteo Cancellieri,0.684,Ferran Jutglà,0.6798,Kike Barja,0.6769,Antoine Semenyo,0.6713
Simon Adingra,Extremo izquierdo,Felix Mambimbi,0.9325,Alieu Fadera,0.7107,Tete Morente,0.7047,Kaoru Mitoma,0.6439,Amine Adli,0.6203,Bahereba Guirassy,0.6185,Heorhii Tsitaishvili,0.5775,Mathias Honsak,0.5516,Mathias Pereira Lage,0.5341,Coba da Costa,0.5157,Elias Saad,0.4967,Álex Baena,0.4747,Tidiam Gomis,0.4354,Jaidon Anthony,0.4338,Alimami Gory,0.4337
Jadon Sancho,Extremo izquierdo,Jacob Bruun Larsen,0.9582,Raúl Moro,0.922,Wilson Odobert,0.8513,Alessandro Cardinali,0.832,Yannik Wagner,0.831,Borja Sánchez Laborde,0.7946,Julien López,0.7836,Caio Henrique Oliveira Silva,0.7604,Jamie Gittens,0.7404,Yago Santiago,0.7382,Jack Harrison,0.7237,Agustín Albarracín,0.6773,Maycon Cardozo,0.6658,Noah Nsoki,0.6613,Moses Simon,0.6517
Jacob Bruun Larsen,Extremo izquierdo,Jadon Sancho,0.9582,Wilson Odobert,0.8863,Yannik Wagner,0.8716,Raúl Moro,0.8706,Caio Henrique Oliveira Silva,0.8413,Alessandro Cardinali,0.8262,Julien López,0.8125,Ben Bobzien,0.8009,Dwight McNeil,0.7654,Borja Sánchez Laborde,0.7608,Adil Hamdani,0.7499,Noah Nsoki,0.7227,Yago Santiago,0.7214,Ilyas Azizi,0.7155,Jack Harrison,0.709
Wilson Odobert,Extremo izquierdo,Yannik Wagner,0.892,Jacob Bruun Larsen,0.8863,Adil Hamdani,0.8544,Jadon Sancho,0.8513,Bryan Zaragoza,0.8085,Alessandro Cardinali,0.7949,Ilyas Azizi,0.7769,Borja Sánchez Laborde,0.7394,Raúl Moro,0.7278,Agustín Albarracín,0.7267,Julien López,0.7165,Ben Bobzien,0.7115,Wisdom Mike,0.7054,Paco Cortés,0.6899,Maycon Cardozo,0.6874
Romaine Mundle,Extremo izquierdo,Eliesse Ben Seghir,0.9401,Morgan Bokelé Mputu,0.9083,Lluc Castell,0.8687,Josip Brekalo,0.8589,Carlos Martín,0.8378,Ovie Ejaria,0.833,Aiman Dardari,0.825,Jonathan Rowe,0.8169,Ismaël Gharbi,0.8045,Linus Güther,0.7949,Juan Arango,0.7948,Elias Saad,0.7791,Jacob Ondrejka,0.7776,Hugo López,0.7745,Noah Nsoki,0.7723
Matheus Cunha,Extremo izquierdo,Soriba Diaoune,0.8963,Abde Ezzalzouli,0.8344,Largie Ramazani,0.8338,Khvicha Kvaratskhelia,0.7981,Bradley Barcola,0.794,Noah Okafor,0.7706,Alieu Njie,0.7514,Martial Godo,0.7465,Antony,0.7353,Ansu Fati,0.7341,Pablo Pagis,0.733,Rémi Himbert,0.7306,Mattia Felici,0.7257,Rio Ngumoha,0.7055,Emi Buendía,0.7
Crysencio Summerville,Extremo izquierdo,Alieu Fadera,0.8602,Livan Burcu,0.79,Emi Buendía,0.7861,Danny Loader,0.7034,Felix Mambimbi,0.5847,Amine Adli,0.5665,Nicolò Cambiaghi,0.5526,Marco Grüll,0.5502,Germán Valera,0.5176,Mattia Zaccagni,0.5047,Patrick Dorgu,0.5031,Pathé Mboup,0.4869,Ovie Ejaria,0.4864,Ander Barrenetxea,0.482,Alimami Gory,0.4613
Jamie Gittens,Extremo izquierdo,Alejandro Garnacho,0.8567,Raúl Moro,0.8477,Benjamín Domínguez,0.8218,Thiago Fernández,0.7697,Caio Henrique Oliveira Silva,0.7495,Jadon Sancho,0.7404,Bryan Gil,0.7313,Ibrahim Osman,0.7098,Jacob Bruun Larsen,0.7005,Riccardo Sottil,0.6816,Ruben Vargas,0.6703,Reiss Nelson,0.6169,Dwight McNeil,0.6078,Jack Harrison,0.6027,Wilson Odobert,0.5989
Nilson Angulo,Extremo izquierdo,Tom Watson,0.8776,Carlos Martín,0.8632,Ovie Ejaria,0.8414,Pathé Mboup,0.8409,Marco Grüll,0.8401,Josip Brekalo,0.8156,Veljko Birmančević,0.8075,Elias Saad,0.7773,Mathias Pereira Lage,0.7742,Cheikh Tidiane Sabaly,0.7733,Kaoru Mitoma,0.7644,Hugo López,0.7575,Eliesse Ben Seghir,0.7463,Paco Cortés,0.7267,Isak Jansson,0.72
Emi Buendía,Extremo izquierdo,Crysencio Summerville,0.7861,Sofiane Diop,0.7635,Alieu Njie,0.7578,Abde Ezzalzouli,0.7229,Williot Swedberg,0.7195,Matheus Cunha,0.7,Alimami Gory,0.6932,Rémi Himbert,0.6902,Patrick Dorgu,0.6406,Pere Milla,0.6364,Alieu Fadera,0.6149,Alberto Moleiro,0.6098,Martial Godo,0.6014,Noah Okafor,0.5935,Mattia Felici,0.5915
Rio Ngumoha,Extremo izquierdo,Jeremie Boga,0.8876,Allan Saint-Maximin,0.8221,Kenan Yıldız,0.8108,Pablo Pagis,0.7982,Leandro Trossard,0.795,Soriba Diaoune,0.7912,Martin Terrier,0.7888,Harvey Barnes,0.7856,Jeremy Doku,0.7751,Yan Diomandé,0.7338,Raphinha,0.7327,Khvicha Kvaratskhelia,0.7199,Abde Ezzalzouli,0.7164,Chris Führich,0.7095,Matheus Cunha,0.7055
Alex Iwobi,Extremo izquierdo,Callum Hudson-Odoi,0.8404,Jakub Kamiński,0.7778,Vincenzo Grifo,0.7542,Jack Harrison,0.7479,Linton Maina,0.6976,Fabio Baldé,0.6642,Julien López,0.6598,Félix Correia,0.6159,Heorhii Tsitaishvili,0.5915,Jeremy Sarmiento,0.5368,Jacob Bruun Larsen,0.5267,Ben Bobzien,0.5188,Moses Simon,0.5043,Dennis Johnsen,0.5027,Caio Henrique Oliveira Silva,0.4947
Gabriel Martinelli,Extremo izquierdo,Sheraldo Becker,0.7698,Álvaro García,0.6984,Armand Lauriente,0.6224,Marcus Rashford,0.6,Bryan Zaragoza,0.5743,Kamaldeen Sulemana,0.544,Marius Bülter,0.5406,Abdallah Sima,0.5406,Ibrahim Osman,0.5222,Igor Paixão,0.5167,Thiago Fernández,0.5013,Kenan Yıldız,0.4784,Chris Führich,0.4611,Malick Fofana,0.4539,Stephan El Shaarawy,0.4505
Callum Hudson-Odoi,Extremo izquierdo,Jack Harrison,0.9218,Vincenzo Grifo,0.8654,Alex Iwobi,0.8404,Félix Correia,0.7837,Dennis Johnsen,0.745,Moses Simon,0.7164,Heorhii Tsitaishvili,0.6578,Jakub Kamiński,0.6349,Manor Solomon,0.5854,Jadon Sancho,0.5853,Raúl Moro,0.5815,Jacob Bruun Larsen,0.5744,Ruben Vargas,0.5538,Jeremie Boga,0.5172,Julien López,0.5161
Noah Okafor,Extremo izquierdo,Alberto Moleiro,0.9348,Bradley Barcola,0.8643,Hugo Álvarez,0.8589,Yan Diomandé,0.8512,Martial Godo,0.8355,Jaidon Anthony,0.8168,Mattia Felici,0.8087,Ansu Fati,0.7754,Fabio Baldé,0.7747,Matheus Cunha,0.7706,Hamed Junior Traorè,0.7214,Martin Terrier,0.7112,Alimami Gory,0.704,Pablo Pagis,0.6988,Iñigo Vicente,0.6981
Patrick Dorgu,Extremo izquierdo,Amine Adli,0.8444,Hamed Junior Traorè,0.8331,Williot Swedberg,0.8157,Iñigo Vicente,0.8114,Afonso Moreira,0.8099,Ander Barrenetxea,0.8091,Mattia Felici,0.7836,Alimami Gory,0.7713,Bahereba Guirassy,0.7644,Lameck Banda,0.7557,Nicolò Cambiaghi,0.7112,Alieu Fadera,0.7075,Abde Ezzalzouli,0.6949,Jean Mattéo Bahoya,0.6932,Bazoumana Touré,0.6631
Jeremy Doku,Extremo izquierdo,Pablo Pagis,0.9407,Abde Ezzalzouli,0.9251,Leandro Trossard,0.8933,Afonso Moreira,0.8349,Jean Mattéo Bahoya,0.7971,Jeremie Boga,0.7863,Soriba Diaoune,0.7778,Rio Ngumoha,0.7751,Derry Scherhant,0.774,Iñigo Vicente,0.7504,Allan Saint-Maximin,0.7479,Yan Diomandé,0.7198,Hamed Junior Traorè,0.7162,Martial Godo,0.715,Gonçalo Guedes,0.7115
Kaoru Mitoma,Extremo izquierdo,Pathé Mboup,0.7896,Tom Watson,0.7767,Nilson Angulo,0.7644,Felix Mambimbi,0.7422,Veljko Birmančević,0.662,Ovie Ejaria,0.6547,Simon Adingra,0.6439,Elias Saad,0.6147,Cheikh Tidiane Sabaly,0.6068,Javi Puado,0.6048,Isak Jansson,0.5994,Carlos Martín,0.5984,Bahereba Guirassy,0.5842,Linus Güther,0.5765,Juan Arango,0.574
Jack Grealish,Extremo izquierdo,Alexander Røssing-Lelesiit,0.8471,Amine Sbai,0.776,Jesus Rodríguez,0.7752,Adrián Liso,0.7387,Jan Virgili,0.7309,Luis Díaz,0.6898,Philip Otele,0.6278,Nicolò Cambiaghi,0.6032,Germán Valera,0.5872,Lameck Banda,0.5849,Yann Gboho,0.5598,Mattia Zaccagni,0.5361,Thiago Almada,0.5339,Anthony Gordon,0.5208,Joel Roca,0.5054
Anthony Gordon,Extremo izquierdo,Joel Roca,0.8464,Ilyas Chaira,0.7879,Amine Sbai,0.7185,Luis Díaz,0.6854,Antony,0.578,Adrián Liso,0.5696,Jan Virgili,0.5669,Brugui,0.5611,Jack Grealish,0.5208,Kenan Yıldız,0.5084,Alexander Røssing-Lelesiit,0.5072,Lameck Banda,0.4968,Víctor Muñoz,0.4939,Pere Milla,0.493,Malick Fofana,0.4813
Leandro Trossard,Extremo izquierdo,Allan Saint-Maximin,0.9284,Jeremy Doku,0.8933,Jeremie Boga,0.8673,Pablo Pagis,0.8079,Martin Terrier,0.7996,Abde Ezzalzouli,0.7995,Rio Ngumoha,0.795,Osame Sahraoui,0.794,Gonçalo Guedes,0.7696,Yan Diomandé,0.7616,Jean Mattéo Bahoya,0.7593,Bazoumana Touré,0.7549,Nico Williams,0.7385,Raphinha,0.722,Marcus Rashford,0.7087
Alejandro Garnacho,Extremo izquierdo,Jamie Gittens,0.8567,Reiss Nelson,0.7965,Ruben Vargas,0.7528,Ibrahim Osman,0.6983,Riccardo Sottil,0.6708,Raúl Moro,0.647,Chidera Ejuke,0.6373,Benjamín Domínguez,0.6349,Caio Henrique Oliveira Silva,0.6199,Jack Harrison,0.5978,Jonathan Rowe,0.5886,Hugo Bolin,0.5682,Jesus Rodríguez,0.5482,Thiago Fernández,0.5351,Jota Silva,0.5299
Dwight McNeil,Extremo izquierdo,Caio Henrique Oliveira Silva,0.9323,Hugo López,0.9228,Tadjidine Mmadi,0.8888,Josip Brekalo,0.8854,Ben Bobzien,0.8286,Julien López,0.794,Ilyas Azizi,0.7684,Morgan Bokelé Mputu,0.7662,Jacob Bruun Larsen,0.7654,Noah Nsoki,0.7527,Adil Hamdani,0.7173,Romaine Mundle,0.7152,Jonathan Rowe,0.7152,Mathias Honsak,0.6898,Jota Silva,0.6869
Amine Adli,Extremo izquierdo,Bahereba Guirassy,0.8672,Patrick Dorgu,0.8444,Hamed Junior Traorè,0.7896,Alieu Fadera,0.7763,Jaidon Anthony,0.723,Alimami Gory,0.7134,Pere Milla,0.7062,Williot Swedberg,0.7058,Derry Scherhant,0.6838,Felix Mambimbi,0.6794,Mattia Felici,0.6705,Kevin Schade,0.6545,Martial Godo,0.6483,Lameck Banda,0.6342,Simon Adingra,0.6203
Harvey Barnes,Extremo izquierdo,Ansu Fati,0.8593,Alisson Santos,0.8462,Rio Ngumoha,0.7856,Kenan Yıldız,0.7712,Martin Terrier,0.7548,Chris Führich,0.7424,Alfon,0.7137,Raphinha,0.711,Allan Saint-Maximin,0.711,Bradley Barcola,0.7063,Ademola Lookman,0.6999,Said El Mala,0.691,Samuel Mbangula,0.6735,Marcus Rashford,0.6703,Juanmi,0.662
Cody Gakpo,Extremo izquierdo,Armand Lauriente,0.8824,Nico Williams,0.8339,Issa Soumaré,0.7846,Gonçalo Guedes,0.7697,Bazoumana Touré,0.738,Marcus Rashford,0.7257,Ademola Lookman,0.7157,Abdallah Sima,0.7058,Marius Bülter,0.6705,Allan Saint-Maximin,0.6656,Rafael Leão,0.657,Vinicius Júnior,0.656,Said El Mala,0.636,Derry Scherhant,0.6286,Leandro Trossard,0.62
Kevin Schade,Extremo izquierdo,Pere Milla,0.9053,Philip Otele,0.8457,Lameck Banda,0.7667,Luis Díaz,0.7502,Williot Swedberg,0.7463,Thiago Almada,0.6969,Alimami Gory,0.6822,Alieu Njie,0.6777,Bahereba Guirassy,0.6574,Alberto Moleiro,0.6569,Amine Adli,0.6545,Hugo Álvarez,0.6295,Martial Godo,0.629,Mattia Felici,0.6138,Patrick Dorgu,0.6126
Jaidon Anthony,Extremo izquierdo,Martial Godo,0.8922,Alimami Gory,0.8201,Noah Okafor,0.8168,Alberto Moleiro,0.8137,Samuel Mbangula,0.8021,Hamed Junior Traorè,0.7969,Hugo Álvarez,0.7956,Bradley Barcola,0.7922,Gonçalo Guedes,0.7874,Yan Diomandé,0.7756,Juanmi,0.7748,Williot Swedberg,0.7533,Derry Scherhant,0.7437,Ansu Fati,0.7328,Said El Mala,0.7327
Jota Silva,Extremo izquierdo,Agustín Albarracín,0.8967,Ben Bobzien,0.885,Ilyas Azizi,0.8815,Ismaël Gharbi,0.8747,Morgan Bokelé Mputu,0.874,Chidera Ejuke,0.8328,Maycon Cardozo,0.8226,Jonathan Rowe,0.8035,Ibrahim Salah,0.7824,Adil Hamdani,0.7773,Noah Nsoki,0.7618,Yannik Wagner,0.7371,Caio Henrique Oliveira Silva,0.7248,Jaydon Amauri Banel,0.7075,Josip Brekalo,0.7026
Reiss Nelson,Extremo izquierdo,Alejandro Garnacho,0.7965,Antonio Nusa,0.7528,Hugo Bolin,0.6892,Osame Sahraoui,0.6744,Ibrahim Osman,0.6706,Jamie Gittens,0.6169,Benjamín Domínguez,0.5477,Jesus Rodríguez,0.5211,Nicolás González,0.513,Jonathan Rowe,0.492,Wilson Odobert,0.4788,Ruben Vargas,0.4705,Rodrigo Riquelme,0.4363,Jack Harrison,0.4306,Thiago Fernández,0.3993
Jesse Derry,Extremo izquierdo,Javier Llabrés,0.9317,Anthony Bermont,0.7768,Wisdom Mike,0.75,Ilyas Azizi,0.7298,Maxwel Cornet,0.7126,Adil Hamdani,0.7074,Tyrique George,0.6726,Víctor Muñoz,0.6455,Jonathan Rowe,0.6421,Nicolás Serrano,0.641,Ismaël Gharbi,0.6361,Bryan Zaragoza,0.6145,Tadjidine Mmadi,0.5815,Wilson Odobert,0.5765,Josip Brekalo,0.5762
Jaydon Amauri Banel,Extremo izquierdo,Maycon Cardozo,0.9756,Lluc Castell,0.9322,Nicolás González,0.9116,Agustín Albarracín,0.9093,Borja Sánchez Laborde,0.893,Alessandro Cardinali,0.8742,Noah Nsoki,0.8401,Yannik Wagner,0.8184,Ibrahim Salah,0.7637,Aiman Dardari,0.7623,Julien López,0.7387,Morgan Bokelé Mputu,0.7279,Juan Arango,0.7272,Linus Güther,0.7247,Romaine Mundle,0.7204
Tom Watson,Extremo izquierdo,Carlos Martín,0.9327,Nilson Angulo,0.8776,Isak Jansson,0.832,Veljko Birmančević,0.8121,Javi Puado,0.7947,Pathé Mboup,0.7917,Kaoru Mitoma,0.7767,Paco Cortés,0.765,Eliesse Ben Seghir,0.7404,Jeremy Sarmiento,0.7159,Elias Saad,0.7146,Jacob Ondrejka,0.7114,Ovie Ejaria,0.7088,Lucas Michal,0.678,Linus Güther,0.6489
Tyrique George,Extremo izquierdo,Maxwel Cornet,0.9382,Anthony Bermont,0.8797,Javier Llabrés,0.7867,Bryan Zaragoza,0.729,Paco Cortés,0.7063,Josip Brekalo,0.703,Jesse Derry,0.6726,Wisdom Mike,0.662,Mathias Pereira Lage,0.6564,Tadjidine Mmadi,0.6548,Nilson Angulo,0.6505,Carlos Martín,0.633,Jeremy Sarmiento,0.6169,Veljko Birmančević,0.5992,Tom Watson,0.582
Thiago Almada,Extremo izquierdo,Kevin Schade,0.6969,Philip Otele,0.6871,Germán Valera,0.6366,Adrián Liso,0.6311,Amine Sbai,0.6129,Mattia Zaccagni,0.6096,Pere Milla,0.5728,Lameck Banda,0.5536,Jack Grealish,0.5339,Jan Virgili,0.5311,Hugo Álvarez,0.5166,Fabio Baldé,0.5089,Luis Díaz,0.5053,Bahereba Guirassy,0.4862,Noah Okafor,0.4659
Adrián Liso,Extremo izquierdo,Amine Sbai,0.8475,Alexander Røssing-Lelesiit,0.8314,Mattia Zaccagni,0.8044,Jack Grealish,0.7387,Thiago Almada,0.6311,Joel Roca,0.6309,Brugui,0.6301,Luis Díaz,0.625,Kevin Schade,0.6105,Philip Otele,0.6076,Lameck Banda,0.5821,Nicolò Cambiaghi,0.5776,Anthony Gordon,0.5696,Ilyas Chaira,0.5644,Pere Milla,0.5616
Largie Ramazani,Extremo izquierdo,Matheus Cunha,0.8338,Soriba Diaoune,0.7726,Stephan El Shaarawy,0.7406,Khvicha Kvaratskhelia,0.7046,Mattia Felici,0.6962,Bradley Barcola,0.6421,Igor Paixão,0.6338,Isak Jansson,0.6317,Antony,0.6265,Abde Ezzalzouli,0.6152,Alieu Njie,0.6076,Abdallah Sima,0.5933,Vinicius Júnior,0.5922,Malick Fofana,0.576,Emi Buendía,0.5675
Nico Williams,Extremo izquierdo,Gonçalo Guedes,0.9551,Armand Lauriente,0.9181,Marcus Rashford,0.903,Derry Scherhant,0.8903,Marius Bülter,0.8882,Said El Mala,0.8855,Raphinha,0.8822,Igor Paixão,0.8583,Khvicha Kvaratskhelia,0.8476,Malick Fofana,0.8395,Cody Gakpo,0.8339,Vinicius Júnior,0.8269,Martial Godo,0.8265,Kenan Yıldız,0.7965,Allan Saint-Maximin,0.7765
Williot Swedberg,Extremo izquierdo,Martial Godo,0.9122,Alimami Gory,0.905,Alieu Njie,0.8822,Sofiane Diop,0.8566,Gonçalo Guedes,0.8296,Patrick Dorgu,0.8157,Said El Mala,0.8144,Abde Ezzalzouli,0.8089,Alberto Moleiro,0.8066,Yan Diomandé,0.7853,Igor Paixão,0.7696,Derry Scherhant,0.769,Pere Milla,0.765,Vinicius Júnior,0.7636,Hamed Junior Traorè,0.7597
Bryan Gil,Extremo izquierdo,Cheikh Tidiane Sabaly,0.8461,Ovie Ejaria,0.8209,Coba da Costa,0.7993,Mathias Pereira Lage,0.7982,Jamie Gittens,0.7313,Romaine Mundle,0.706,Elias Saad,0.7013,Abde Rebbach,0.6811,Álex Baena,0.6802,Caio Henrique Oliveira Silva,0.6701,Dwight McNeil,0.6679,Yago Santiago,0.6625,Danny Loader,0.662,Eliesse Ben Seghir,0.6547,Ibrahim Osman,0.6546
Borja Sánchez Laborde,Extremo izquierdo,Alessandro Cardinali,0.9893,Noah Nsoki,0.9189,Yannik Wagner,0.917,Julien López,0.9116,Jaydon Amauri Banel,0.893,Maycon Cardozo,0.8754,Agustín Albarracín,0.8125,Jadon Sancho,0.7946,Yago Santiago,0.7839,Juan Arango,0.7826,Linus Güther,0.7796,Lluc Castell,0.7731,Jacob Bruun Larsen,0.7608,Wilson Odobert,0.7394,Nicolás González,0.7298
Ruben Vargas,Extremo izquierdo,Bazoumana Touré,0.8143,Alejandro Garnacho,0.7528,Noa Lang,0.7348,Jamie Gittens,0.6703,Moses Simon,0.662,Jack Harrison,0.6555,Raúl Moro,0.6454,Riccardo Sottil,0.6118,Félix Correia,0.6049,Álvaro García,0.6031,Álex Baena,0.5814,Afonso Moreira,0.5711,Vincenzo Grifo,0.5598,Callum Hudson-Odoi,0.5538,Cody Gakpo,0.5414
Álex Baena,Extremo izquierdo,Ander Barrenetxea,0.8459,Abde Rebbach,0.7639,Noa Lang,0.6984,Mathias Pereira Lage,0.6819,Bryan Gil,0.6802,Alieu Fadera,0.652,Bazoumana Touré,0.6412,Tete Morente,0.6253,Patrick Dorgu,0.5991,Ruben Vargas,0.5814,Mathias Honsak,0.5614,Afonso Moreira,0.5451,Nicolò Cambiaghi,0.5353,Thiago Fernández,0.5177,Jamie Gittens,0.5116
Abde Rebbach,Extremo izquierdo,Ander Barrenetxea,0.7774,Álex Baena,0.7639,Mathias Pereira Lage,0.7555,Bryan Gil,0.6811,Ibrahim Osman,0.68,Stephan El Shaarawy,0.6047,Afonso Moreira,0.5873,Thiago Fernández,0.5533,Pathé Mboup,0.5455,Rodrigo Riquelme,0.5383,Patrick Dorgu,0.5246,Cheikh Tidiane Sabaly,0.512,Marco Grüll,0.4776,Ovie Ejaria,0.4603,Nilson Angulo,0.4545
Joel Roca,Extremo izquierdo,Anthony Gordon,0.8464,Ilyas Chaira,0.7002,Adrián Liso,0.6309,Brugui,0.6302,Amine Sbai,0.6148,Assane Diao,0.5706,Alexander Røssing-Lelesiit,0.5658,Jack Grealish,0.5054,Luis Díaz,0.4984,Pere Milla,0.4893,Víctor Muñoz,0.4521,Mattia Zaccagni,0.4463,Jesus Rodríguez,0.4289,Lucas Cepeda,0.4209,Lameck Banda,0.4104
Hugo Álvarez,Extremo izquierdo,Alberto Moleiro,0.9363,Noah Okafor,0.8589,Alimami Gory,0.8032,Jaidon Anthony,0.7956,Yan Diomandé,0.7675,Takumi Minamino,0.7516,Samuel Mbangula,0.7077,Quentin Ndjantou Mbitcha,0.7043,Juanmi,0.6945,Martial Godo,0.6824,Philip Otele,0.6767,Fabio Baldé,0.6745,Jakub Kamiński,0.6464,Williot Swedberg,0.6422,Iñigo Vicente,0.6408
Raphinha,Extremo izquierdo,Marius Bülter,0.9723,Said El Mala,0.9691,Igor Paixão,0.9453,Chris Führich,0.9388,Khvicha Kvaratskhelia,0.9226,Yan Diomandé,0.9156,Marcus Rashford,0.9062,Bradley Barcola,0.8857,Gonçalo Guedes,0.8831,Nico Williams,0.8822,Martial Godo,0.862,Sheraldo Becker,0.85,Kenan Yıldız,0.8378,Ansu Fati,0.8164,Rafael Leão,0.809
Lluc Castell,Extremo izquierdo,Jaydon Amauri Banel,0.9322,Aiman Dardari,0.9166,Maycon Cardozo,0.8802,Romaine Mundle,0.8687,Nicolás González,0.8466,Juan Arango,0.8364,Linus Güther,0.8355,Ibrahim Salah,0.8129,Agustín Albarracín,0.7942,Noah Nsoki,0.7768,Morgan Bokelé Mputu,0.7742,Borja Sánchez Laborde,0.7731,Yago Santiago,0.7651,Jacob Ondrejka,0.7588,Ismaël Gharbi,0.7444
Arnaut Danjuma,Extremo izquierdo,Jean-Luc Dompé,0.8936,Bryan Zaragoza,0.7156,Harvey Barnes,0.6409,Wilson Odobert,0.5423,Robin Hack,0.5301,Víctor Muñoz,0.526,Tidiam Gomis,0.5175,Moses Simon,0.5049,Hugo Bolin,0.5042,Yannik Wagner,0.4685,Linton Maina,0.4549,Kenan Yıldız,0.4543,Marcus Rashford,0.4481,Adil Hamdani,0.4441,Alisson Santos,0.4343
Juan Arango,Extremo izquierdo,Linus Güther,1.0,Yago Santiago,0.9294,Lluc Castell,0.8364,Aiman Dardari,0.8106,Veljko Birmančević,0.8059,Romaine Mundle,0.7948,Ovie Ejaria,0.784,Borja Sánchez Laborde,0.7826,Jacob Ondrejka,0.7556,Noah Nsoki,0.7378,Lucas Michal,0.736,Jaydon Amauri Banel,0.7272,Alessandro Cardinali,0.7226,Cheikh Tidiane Sabaly,0.7092,Julien López,0.7089
Juanmi,Extremo izquierdo,Samuel Mbangula,0.8489,Tidiam Gomis,0.802,Dennis Johnsen,0.7841,Ademola Lookman,0.7813,Takumi Minamino,0.7813,Jaidon Anthony,0.7748,Hugo Álvarez,0.6945,Martin Terrier,0.6943,Ansu Fati,0.6777,Harvey Barnes,0.662,Alberto Moleiro,0.6472,Alimami Gory,0.6398,Martial Godo,0.6256,Said El Mala,0.6187,Yan Diomandé,0.6074
Javi Puado,Extremo izquierdo,Isak Jansson,0.8656,Tom Watson,0.7947,Jeremy Sarmiento,0.6495,Wisdom Mike,0.6484,Alfon,0.6385,Carlos Martín,0.6166,Kaoru Mitoma,0.6048,Anthony Bermont,0.5926,Robin Hack,0.5733,Largie Ramazani,0.533,Pathé Mboup,0.5048,Nilson Angulo,0.5035,Giorgi Abuashvili,0.4685,Linton Maina,0.4576,Kamaldeen Sulemana,0.4555
Raúl Moro,Extremo izquierdo,Jadon Sancho,0.922,Jacob Bruun Larsen,0.8706,Jamie Gittens,0.8477,Riccardo Sottil,0.8015,Moses Simon,0.7718,Jack Harrison,0.7439,Wilson Odobert,0.7278,Caio Henrique Oliveira Silva,0.6942,Yannik Wagner,0.6836,Alejandro Garnacho,0.647,Ruben Vargas,0.6454,Alessandro Cardinali,0.6384,Agustín Albarracín,0.637,Benjamín Domínguez,0.6116,Heorhii Tsitaishvili,0.588
Veljko Birmančević,Extremo izquierdo,Paco Cortés,0.9297,Elias Saad,0.9016,Cheikh Tidiane Sabaly,0.8822,Yago Santiago,0.8553,Carlos Martín,0.8362,Ovie Ejaria,0.8361,Lucas Michal,0.8332,Tom Watson,0.8121,Nilson Angulo,0.8075,Linus Güther,0.8068,Juan Arango,0.8059,Jacob Ondrejka,0.768,Eliesse Ben Seghir,0.7661,Romaine Mundle,0.7525,Coba da Costa,0.7329
Josip Brekalo,Extremo izquierdo,Tadjidine Mmadi,0.9371,Hugo López,0.9161,Dwight McNeil,0.8854,Morgan Bokelé Mputu,0.8672,Romaine Mundle,0.8589,Eliesse Ben Seghir,0.8423,Carlos Martín,0.823,Nilson Angulo,0.8156,Marco Grüll,0.8033,Javier Llabrés,0.8018,Jonathan Rowe,0.7718,Ben Bobzien,0.7634,Paco Cortés,0.7577,Ilyas Azizi,0.7475,Adil Hamdani,0.7294
Nicolás Serrano,Extremo izquierdo,Giorgi Abuashvili,0.7973,Lucas Cepeda,0.7517,Jesse Derry,0.641,Rémi Himbert,0.5497,Víctor Muñoz,0.5476,Javier Llabrés,0.5361,Antonio Nusa,0.5338,Ismaël Gharbi,0.507,Jonathan Rowe,0.4709,Tadjidine Mmadi,0.4625,Matheus Cunha,0.4388,Anthony Bermont,0.4384,Derry Scherhant,0.4282,Rodrigo Riquelme,0.4246,Maxwel Cornet,0.4031
Coba da Costa,Extremo izquierdo,Elias Saad,0.8813,Mathias Pereira Lage,0.8101,Bryan Gil,0.7993,Ibrahim Salah,0.7578,Ovie Ejaria,0.7346,Romaine Mundle,0.7336,Veljko Birmančević,0.7329,Josip Brekalo,0.729,Cheikh Tidiane Sabaly,0.727,Yago Santiago,0.6959,Ismaël Gharbi,0.6867,Paco Cortés,0.6766,Jota Silva,0.6528,Eliesse Ben Seghir,0.6512,Adil Hamdani,0.636
Yago Santiago,Extremo izquierdo,Juan Arango,0.9294,Linus Güther,0.9289,Veljko Birmančević,0.8553,Cheikh Tidiane Sabaly,0.8048,Borja Sánchez Laborde,0.7839,Alessandro Cardinali,0.7697,Lluc Castell,0.7651,Paco Cortés,0.7563,Romaine Mundle,0.7559,Noah Nsoki,0.7547,Ovie Ejaria,0.753,Jadon Sancho,0.7382,Julien López,0.7328,Elias Saad,0.7243,Jacob Bruun Larsen,0.7214
Alfon,Extremo izquierdo,Víctor Muñoz,0.7587,Ansu Fati,0.7369,Alisson Santos,0.7178,Harvey Barnes,0.7137,Matheus Cunha,0.6463,Javi Puado,0.6385,Robin Hack,0.5918,Kenan Yıldız,0.5664,Rio Ngumoha,0.5628,Bradley Barcola,0.5557,Antonio Nusa,0.5088,Largie Ramazani,0.5068,Rafael Leão,0.4974,Vinicius Júnior,0.4838,Giorgi Abuashvili,0.4801
Javier Llabrés,Extremo izquierdo,Jesse Derry,0.9317,Adil Hamdani,0.8266,Anthony Bermont,0.8085,Josip Brekalo,0.8018,Maxwel Cornet,0.8005,Ilyas Azizi,0.7937,Tyrique George,0.7867,Carlos Martín,0.7721,Eliesse Ben Seghir,0.7682,Paco Cortés,0.7575,Jonathan Rowe,0.7567,Tadjidine Mmadi,0.7533,Ismaël Gharbi,0.746,Morgan Bokelé Mputu,0.7105,Wisdom Mike,0.7064
Paco Cortés,Extremo izquierdo,Veljko Birmančević,0.9297,Jacob Ondrejka,0.8743,Carlos Martín,0.8528,Lucas Michal,0.8492,Eliesse Ben Seghir,0.8286,Elias Saad,0.7925,Adil Hamdani,0.7824,Romaine Mundle,0.7716,Tom Watson,0.765,Josip Brekalo,0.7577,Javier Llabrés,0.7575,Yago Santiago,0.7563,Cheikh Tidiane Sabaly,0.7408,Nilson Angulo,0.7267,Ovie Ejaria,0.709
Carlos Martín,Extremo izquierdo,Tom Watson,0.9327,Eliesse Ben Seghir,0.9046,Nilson Angulo,0.8632,Paco Cortés,0.8528,Romaine Mundle,0.8378,Veljko Birmančević,0.8362,Josip Brekalo,0.823,Jacob Ondrejka,0.8166,Elias Saad,0.8009,Javier Llabrés,0.7721,Ovie Ejaria,0.7611,Jeremy Sarmiento,0.7315,Isak Jansson,0.7214,Pathé Mboup,0.7076,Linus Güther,0.6935
Ovie Ejaria,Extremo izquierdo,Cheikh Tidiane Sabaly,0.8838,Elias Saad,0.8793,Danny Loader,0.8445,Nilson Angulo,0.8414,Veljko Birmančević,0.8361,Romaine Mundle,0.833,Bryan Gil,0.8209,Eliesse Ben Seghir,0.8048,Pathé Mboup,0.7934,Linus Güther,0.7863,Juan Arango,0.784,Mathias Pereira Lage,0.7772,Marco Grüll,0.7717,Carlos Martín,0.7611,Yago Santiago,0.753
Lucas Cepeda,Extremo izquierdo,Nicolás Serrano,0.7517,Ilyas Chaira,0.7126,Giorgi Abuashvili,0.7091,Maxwel Cornet,0.6112,Malick Fofana,0.6093,Robin Hack,0.6052,Víctor Muñoz,0.587,Pathé Mboup,0.5309,Assane Diao,0.5215,Isak Jansson,0.5074,Amine Adli,0.5021,Jesse Derry,0.4886,Largie Ramazani,0.4875,Javier Llabrés,0.4788,Derry Scherhant,0.475
Brugui,Extremo izquierdo,Amine Sbai,0.7954,Alexander Røssing-Lelesiit,0.772,Jan Virgili,0.6557,Joel Roca,0.6302,Adrián Liso,0.6301,Lucas Michal,0.595,Anthony Gordon,0.5611,Jacob Ondrejka,0.5312,Veljko Birmančević,0.5304,Bryan Zaragoza,0.504,Paco Cortés,0.4914,Jack Grealish,0.4812,Wilson Odobert,0.4499,Elias Saad,0.4453,Ilyas Chaira,0.4328
Bryan Zaragoza,Extremo izquierdo,Wilson Odobert,0.8085,Maxwel Cornet,0.7625,Jean-Luc Dompé,0.7334,Tyrique George,0.729,Arnaut Danjuma,0.7156,Paco Cortés,0.6958,Adil Hamdani,0.6923,Jacob Bruun Larsen,0.6615,Javier Llabrés,0.6419,Wisdom Mike,0.6367,Jesse Derry,0.6145,Jadon Sancho,0.5825,Gabriel Martinelli,0.5743,Yannik Wagner,0.5704,Lucas Michal,0.5637
Hugo López,Extremo izquierdo,Dwight McNeil,0.9228,Josip Brekalo,0.9161,Tadjidine Mmadi,0.8996,Marco Grüll,0.8687,Caio Henrique Oliveira Silva,0.8309,Morgan Bokelé Mputu,0.8289,Ben Bobzien,0.7899,Romaine Mundle,0.7745,Noah Nsoki,0.7708,Nilson Angulo,0.7575,Julien López,0.7434,Jota Silva,0.6783,Chidera Ejuke,0.6741,Jeremy Sarmiento,0.6692,Ilyas Azizi,0.6682
Ademola Lookman,Extremo izquierdo,Gonçalo Guedes,0.8155,Rafael Leão,0.8149,Martin Terrier,0.8101,Sofiane Diop,0.7882,Juanmi,0.7813,Martial Godo,0.781,Vinicius Júnior,0.7801,Tidiam Gomis,0.7713,Said El Mala,0.7694,Nico Williams,0.744,Derry Scherhant,0.7338,Takumi Minamino,0.7214,Issa Soumaré,0.7194,Cody Gakpo,0.7157,Jaidon Anthony,0.7114
Thiago Fernández,Extremo izquierdo,Jamie Gittens,0.7697,Ibrahim Osman,0.6802,Benjamín Domínguez,0.6683,Bryan Gil,0.6218,Cheikh Tidiane Sabaly,0.6217,Caio Henrique Oliveira Silva,0.5923,Stephan El Shaarawy,0.5796,Raúl Moro,0.5556,Abde Rebbach,0.5533,Jadon Sancho,0.5523,Alejandro Garnacho,0.5351,Ander Barrenetxea,0.5341,Ruben Vargas,0.5302,Álex Baena,0.5177,Dwight McNeil,0.5139
Rodrigo Riquelme,Extremo izquierdo,Tadjidine Mmadi,0.8335,Jonathan Rowe,0.7361,Ibrahim Osman,0.7358,Anthony Bermont,0.7127,Josip Brekalo,0.7011,Dwight McNeil,0.682,Marco Grüll,0.672,Eliesse Ben Seghir,0.6717,Nilson Angulo,0.6403,Hugo López,0.6246,Carlos Martín,0.6055,Javier Llabrés,0.6032,Isak Jansson,0.5951,Jeremy Sarmiento,0.5922,Romaine Mundle,0.5852
Chidera Ejuke,Extremo izquierdo,Jota Silva,0.8328,Ben Bobzien,0.762,Caio Henrique Oliveira Silva,0.7242,Ilyas Azizi,0.711,Morgan Bokelé Mputu,0.6919,Heorhii Tsitaishvili,0.6868,Hugo López,0.6741,Agustín Albarracín,0.6631,Dwight McNeil,0.6525,Tadjidine Mmadi,0.6456,Alejandro Garnacho,0.6373,Jonathan Rowe,0.6316,Ismaël Gharbi,0.6248,Tete Morente,0.6216,Noah Nsoki,0.6208
Tete Morente,Extremo izquierdo,Heorhii Tsitaishvili,0.7565,Simon Adingra,0.7047,Germán Valera,0.6981,Felix Mambimbi,0.6977,Mathias Honsak,0.641,Hugo López,0.6304,Álex Baena,0.6253,Chidera Ejuke,0.6216,Marco Grüll,0.6162,Alieu Fadera,0.5968,Félix Correia,0.5939,Ander Barrenetxea,0.5717,Noa Lang,0.5338,Manor Solomon,0.5323,Caio Henrique Oliveira Silva,0.4852
Antony,Extremo izquierdo,Soriba Diaoune,0.8246,Abde Ezzalzouli,0.7567,Khvicha Kvaratskhelia,0.7482,Luis Díaz,0.7362,Matheus Cunha,0.7353,Lameck Banda,0.7019,Pablo Pagis,0.6848,Igor Paixão,0.6685,Mattia Felici,0.664,Pere Milla,0.6614,Jeremy Doku,0.6405,Largie Ramazani,0.6265,Rio Ngumoha,0.6118,Alieu Njie,0.6067,Yan Diomandé,0.6
Pere Milla,Extremo izquierdo,Kevin Schade,0.9053,Lameck Banda,0.8817,Williot Swedberg,0.765,Luis Díaz,0.7452,Amine Adli,0.7062,Martial Godo,0.6891,Alieu Njie,0.6728,Ilyas Chaira,0.6717,Antony,0.6614,Patrick Dorgu,0.6433,Mattia Felici,0.6423,Emi Buendía,0.6364,Derry Scherhant,0.6317,Abde Ezzalzouli,0.6252,Hamed Junior Traorè,0.6137
Germán Valera,Extremo izquierdo,Nicolò Cambiaghi,0.8775,Tete Morente,0.6981,Thiago Almada,0.6366,Mattia Zaccagni,0.6251,Lameck Banda,0.6024,Alieu Fadera,0.5893,Jack Grealish,0.5872,Yann Gboho,0.5742,Adrián Liso,0.521,Crysencio Summerville,0.5176,Manor Solomon,0.516,Patrick Dorgu,0.5104,Félix Correia,0.4852,Ander Barrenetxea,0.4745,Chidera Ejuke,0.4688
Ilyas Chaira,Extremo izquierdo,Anthony Gordon,0.7879,Lucas Cepeda,0.7126,Joel Roca,0.7002,Malick Fofana,0.6929,Pere Milla,0.6717,Adrián Liso,0.5644,Robin Hack,0.5534,Luis Díaz,0.5378,Lameck Banda,0.5352,Maxwel Cornet,0.5346,Amine Sbai,0.4915,Giorgi Abuashvili,0.4784,Víctor Muñoz,0.4637,Vinicius Júnior,0.4542,Kevin Schade,0.4341
Gonçalo Guedes,Extremo izquierdo,Nico Williams,0.9551,Said El Mala,0.9123,Martial Godo,0.9042,Raphinha,0.8831,Marius Bülter,0.8822,Derry Scherhant,0.8779,Marcus Rashford,0.8471,Armand Lauriente,0.8395,Williot Swedberg,0.8296,Yan Diomandé,0.8179,Ademola Lookman,0.8155,Igor Paixão,0.8124,Vinicius Júnior,0.7956,Allan Saint-Maximin,0.7881,Jaidon Anthony,0.7874
Vinicius Júnior,Extremo izquierdo,Rafael Leão,0.9582,Issa Soumaré,0.896,Said El Mala,0.8819,Malick Fofana,0.8678,Abdallah Sima,0.8609,Nico Williams,0.8269,Khvicha Kvaratskhelia,0.8215,Igor Paixão,0.8104,Marius Bülter,0.8092,Raphinha,0.8,Armand Lauriente,0.7959,Gonçalo Guedes,0.7956,Alieu Njie,0.7901,Martial Godo,0.787,Ademola Lookman,0.7801
Alberto Moleiro,Extremo izquierdo,Hugo Álvarez,0.9363,Noah Okafor,0.9348,Yan Diomandé,0.9025,Alimami Gory,0.8541,Martial Godo,0.851,Takumi Minamino,0.827,Quentin Ndjantou Mbitcha,0.8194,Jaidon Anthony,0.8137,Williot Swedberg,0.8066,Sofiane Diop,0.8062,Bradley Barcola,0.8014,Alieu Njie,0.7939,Martin Terrier,0.7819,Said El Mala,0.7337,Mattia Felici,0.7313
Álvaro García,Extremo izquierdo,Sheraldo Becker,0.7243,Chris Führich,0.7083,Gabriel Martinelli,0.6984,Noa Lang,0.6895,Marius Bülter,0.6536,Vincenzo Grifo,0.6191,Marcus Rashford,0.6166,Ruben Vargas,0.6031,Jakub Kamiński,0.5885,Igor Paixão,0.5827,Raphinha,0.5773,Iñigo Vicente,0.5557,Armand Lauriente,0.5554,Moses Simon,0.5483,Bazoumana Touré,0.497
Álex Berenguer,Extremo izquierdo,Eliesse Ben Seghir,0.1926,Noa Lang,0.1651,Bryan Zaragoza,0.1518,Javi Puado,0.1355,Abde Rebbach,0.1339,Malick Fofana,0.1307,Paco Cortés,0.1304,Veljko Birmančević,0.1146,Anthony Bermont,0.1051,Javier Llabrés,0.1028,Josip Brekalo,0.1015,Álex Baena,0.0935,Thiago Fernández,0.0923,Elias Saad,0.0875,Isak Jansson,0.0837
Abde Ezzalzouli,Extremo izquierdo,Jeremy Doku,0.9251,Pablo Pagis,0.9229,Soriba Diaoune,0.8961,Khvicha Kvaratskhelia,0.8477,Matheus Cunha,0.8344,Derry Scherhant,0.8335,Martial Godo,0.8227,Williot Swedberg,0.8089,Igor Paixão,0.8087,Leandro Trossard,0.7995,Afonso Moreira,0.7986,Mattia Felici,0.7766,Nico Williams,0.7661,Antony,0.7567,Yan Diomandé,0.7555
Marcus Rashford,Extremo izquierdo,Marius Bülter,0.9248,Kenan Yıldız,0.9192,Raphinha,0.9062,Nico Williams,0.903,Chris Führich,0.8986,Armand Lauriente,0.8909,Said El Mala,0.8582,Igor Paixão,0.8563,Sheraldo Becker,0.8474,Gonçalo Guedes,0.8471,Khvicha Kvaratskhelia,0.8455,Allan Saint-Maximin,0.8279,Vinicius Júnior,0.7716,Rafael Leão,0.7636,Malick Fofana,0.7359
Víctor Muñoz,Extremo izquierdo,Alfon,0.7587,Kenan Yıldız,0.705,Antonio Nusa,0.6745,Robin Hack,0.6488,Jesse Derry,0.6455,Assane Diao,0.6034,Alisson Santos,0.5969,Malick Fofana,0.5936,Lucas Cepeda,0.587,Giorgi Abuashvili,0.5609,Harvey Barnes,0.5563,Nicolás Serrano,0.5476,Vinicius Júnior,0.5322,Arnaut Danjuma,0.526,Anthony Gordon,0.4939
Ander Barrenetxea,Extremo izquierdo,Álex Baena,0.8459,Patrick Dorgu,0.8091,Abde Rebbach,0.7774,Afonso Moreira,0.7646,Jean Mattéo Bahoya,0.7417,Bazoumana Touré,0.6458,Noa Lang,0.6443,Iñigo Vicente,0.6376,Alieu Fadera,0.5993,Nicolò Cambiaghi,0.5862,Stephan El Shaarawy,0.5755,Tete Morente,0.5717,Thiago Fernández,0.5341,Bahereba Guirassy,0.5237,Mattia Felici,0.5114
Jan Virgili,Extremo izquierdo,Amine Sbai,0.8447,Jack Grealish,0.7309,Alexander Røssing-Lelesiit,0.7031,Brugui,0.6557,Anthony Gordon,0.5669,Thiago Almada,0.5311,Luis Díaz,0.5199,Adrián Liso,0.4909,Jeremy Sarmiento,0.4469,Wisdom Mike,0.4302,Philip Otele,0.4302,Antony,0.4207,Jesus Rodríguez,0.3843,Joel Roca,0.379,Wilson Odobert,0.3399
Alisson Santos,Extremo izquierdo,Ansu Fati,0.8713,Harvey Barnes,0.8462,Bradley Barcola,0.8122,Robin Hack,0.7504,Giorgi Abuashvili,0.7504,Kenan Yıldız,0.7245,Alfon,0.7178,Chris Führich,0.7143,Raphinha,0.7052,Rio Ngumoha,0.698,Khvicha Kvaratskhelia,0.6963,Said El Mala,0.6568,Matheus Cunha,0.6464,Noah Okafor,0.6392,Martial Godo,0.6273
Agustín Albarracín,Extremo izquierdo,Maycon Cardozo,0.9784,Jaydon Amauri Banel,0.9093,Yannik Wagner,0.8986,Jota Silva,0.8967,Alessandro Cardinali,0.8556,Nicolás González,0.8325,Adil Hamdani,0.8324,Noah Nsoki,0.8297,Ben Bobzien,0.8243,Ibrahim Salah,0.8154,Ilyas Azizi,0.8152,Borja Sánchez Laborde,0.8125,Lluc Castell,0.7942,Ismaël Gharbi,0.7795,Morgan Bokelé Mputu,0.7692
Jacob Ondrejka,Extremo izquierdo,Lucas Michal,0.897,Paco Cortés,0.8743,Aiman Dardari,0.8586,Eliesse Ben Seghir,0.8329,Carlos Martín,0.8166,Romaine Mundle,0.7776,Veljko Birmančević,0.768,Nicolás González,0.7628,Lluc Castell,0.7588,Juan Arango,0.7556,Linus Güther,0.7552,Adil Hamdani,0.7295,Tom Watson,0.7114,Javier Llabrés,0.685,Jaydon Amauri Banel,0.6806
Alieu Fadera,Extremo izquierdo,Crysencio Summerville,0.8602,Felix Mambimbi,0.7864,Amine Adli,0.7763,Simon Adingra,0.7107,Patrick Dorgu,0.7075,Nicolò Cambiaghi,0.7015,Alimami Gory,0.6654,Álex Baena,0.652,Emi Buendía,0.6149,Ander Barrenetxea,0.5993,Tete Morente,0.5968,Germán Valera,0.5893,Livan Burcu,0.5837,Bahereba Guirassy,0.563,Williot Swedberg,0.5334
Jack Harrison,Extremo izquierdo,Callum Hudson-Odoi,0.9218,Félix Correia,0.7718,Alex Iwobi,0.7479,Raúl Moro,0.7439,Jadon Sancho,0.7237,Vincenzo Grifo,0.7191,Caio Henrique Oliveira Silva,0.7168,Jacob Bruun Larsen,0.709,Heorhii Tsitaishvili,0.7008,Moses Simon,0.7,Ruben Vargas,0.6555,Julien López,0.6435,Jamie Gittens,0.6027,Chidera Ejuke,0.5987,Alejandro Garnacho,0.5978
Kamaldeen Sulemana,Extremo izquierdo,Tidiam Gomis,0.7583,Lucas Michal,0.6725,Robin Hack,0.6272,Sheraldo Becker,0.613,Abdallah Sima,0.5993,Rafael Leão,0.5838,Issa Soumaré,0.5494,Gabriel Martinelli,0.544,Vinicius Júnior,0.5437,Kaoru Mitoma,0.5265,Assane Diao,0.4625,Malick Fofana,0.4575,Javi Puado,0.4555,Takumi Minamino,0.4387,Veljko Birmančević,0.4349
Jeremy Sarmiento,Extremo izquierdo,Wisdom Mike,0.853,Anthony Bermont,0.8358,Carlos Martín,0.7315,Josip Brekalo,0.7271,Tom Watson,0.7159,Isak Jansson,0.6832,Nilson Angulo,0.6812,Tadjidine Mmadi,0.6739,Julien López,0.6731,Dwight McNeil,0.6697,Hugo López,0.6692,Javier Llabrés,0.6528,Javi Puado,0.6495,Tyrique George,0.6169,Noah Nsoki,0.6137
Manor Solomon,Extremo izquierdo,Samuel Mbangula,0.8076,Dennis Johnsen,0.7432,Heorhii Tsitaishvili,0.7008,Félix Correia,0.6695,Yann Gboho,0.5915,Callum Hudson-Odoi,0.5854,Jaidon Anthony,0.5654,Tete Morente,0.5323,Germán Valera,0.516,Moses Simon,0.501,Allan Saint-Maximin,0.4905,Juanmi,0.4895,Chidera Ejuke,0.4875,Jeremie Boga,0.4827,Bazoumana Touré,0.4707
Armand Lauriente,Extremo izquierdo,Nico Williams,0.9181,Marcus Rashford,0.8909,Cody Gakpo,0.8824,Marius Bülter,0.874,Igor Paixão,0.8531,Gonçalo Guedes,0.8395,Sheraldo Becker,0.8102,Issa Soumaré,0.7977,Vinicius Júnior,0.7959,Said El Mala,0.7917,Raphinha,0.7869,Abdallah Sima,0.7856,Malick Fofana,0.7843,Khvicha Kvaratskhelia,0.7765,Rafael Leão,0.7547
Kenan Yıldız,Extremo izquierdo,Marcus Rashford,0.9192,Khvicha Kvaratskhelia,0.8659,Raphinha,0.8378,Rio Ngumoha,0.8108,Chris Führich,0.8105,Nico Williams,0.7965,Allan Saint-Maximin,0.7954,Marius Bülter,0.7917,Igor Paixão,0.7713,Harvey Barnes,0.7712,Said El Mala,0.7703,Vinicius Júnior,0.7684,Soriba Diaoune,0.7671,Rafael Leão,0.7323,Armand Lauriente,0.7255
Mattia Felici,Extremo izquierdo,Hamed Junior Traorè,0.8977,Iñigo Vicente,0.8895,Noah Okafor,0.8087,Pablo Pagis,0.7991,Patrick Dorgu,0.7836,Abde Ezzalzouli,0.7766,Soriba Diaoune,0.7621,Bahereba Guirassy,0.7528,Martial Godo,0.7513,Bradley Barcola,0.7508,Igor Paixão,0.7452,Khvicha Kvaratskhelia,0.7394,Williot Swedberg,0.7385,Alberto Moleiro,0.7313,Yan Diomandé,0.7279
Alieu Njie,Extremo izquierdo,Sofiane Diop,0.918,Williot Swedberg,0.8822,Rafael Leão,0.8096,Martial Godo,0.7945,Alberto Moleiro,0.7939,Vinicius Júnior,0.7901,Quentin Ndjantou Mbitcha,0.7874,Takumi Minamino,0.7801,Martin Terrier,0.7681,Emi Buendía,0.7578,Abde Ezzalzouli,0.7526,Matheus Cunha,0.7514,Alimami Gory,0.7422,Said El Mala,0.7361,Yan Diomandé,0.7248
Dennis Johnsen,Extremo izquierdo,Samuel Mbangula,0.9262,Juanmi,0.7841,Callum Hudson-Odoi,0.745,Manor Solomon,0.7432,Allan Saint-Maximin,0.7135,Vincenzo Grifo,0.6883,Félix Correia,0.6779,Martin Terrier,0.6704,Chris Führich,0.6574,Yan Diomandé,0.6505,Jeremie Boga,0.65,Leandro Trossard,0.6372,Harvey Barnes,0.6217,Takumi Minamino,0.6166,Jaidon Anthony,0.6068
Noa Lang,Extremo izquierdo,Bazoumana Touré,0.8077,Ruben Vargas,0.7348,Álex Baena,0.6984,Álvaro García,0.6895,Iñigo Vicente,0.673,Moses Simon,0.6619,Ander Barrenetxea,0.6443,Patrick Dorgu,0.6102,Félix Correia,0.606,Afonso Moreira,0.563,Hamed Junior Traorè,0.5544,Vincenzo Grifo,0.5514,Jean Mattéo Bahoya,0.5421,Tete Morente,0.5338,Nicolò Cambiaghi,0.4872
Stephan El Shaarawy,Extremo izquierdo,Largie Ramazani,0.7406,Abde Rebbach,0.6047,Mattia Felici,0.5976,Thiago Fernández,0.5796,Ander Barrenetxea,0.5755,Quentin Ndjantou Mbitcha,0.5461,Rodrigo Riquelme,0.5224,Ibrahim Osman,0.5205,Igor Paixão,0.5148,Isak Jansson,0.5119,Iñigo Vicente,0.497,Soriba Diaoune,0.4921,Pathé Mboup,0.4611,Antony,0.4505,Gabriel Martinelli,0.4505
Maxwel Cornet,Extremo izquierdo,Tyrique George,0.9382,Javier Llabrés,0.8005,Bryan Zaragoza,0.7625,Anthony Bermont,0.7358,Jesse Derry,0.7126,Paco Cortés,0.6625,Elias Saad,0.6218,Lucas Cepeda,0.6112,Coba da Costa,0.6089,Mathias Pereira Lage,0.6001,Josip Brekalo,0.5853,Carlos Martín,0.5753,Adil Hamdani,0.5625,Veljko Birmančević,0.5581,Jean-Luc Dompé,0.539
Alessandro Cardinali,Extremo izquierdo,Borja Sánchez Laborde,0.9893,Yannik Wagner,0.9607,Noah Nsoki,0.9309,Julien López,0.9226,Maycon Cardozo,0.8888,Jaydon Amauri Banel,0.8742,Agustín Albarracín,0.8556,Jadon Sancho,0.832,Jacob Bruun Larsen,0.8262,Wilson Odobert,0.7949,Ben Bobzien,0.7945,Adil Hamdani,0.7701,Yago Santiago,0.7697,Lluc Castell,0.7352,Juan Arango,0.7226
Benjamín Domínguez,Extremo izquierdo,Jamie Gittens,0.8218,Thiago Fernández,0.6683,Alejandro Garnacho,0.6349,Ibrahim Osman,0.6258,Raúl Moro,0.6116,Bryan Gil,0.6112,Livan Burcu,0.5799,Jesus Rodríguez,0.5592,Reiss Nelson,0.5477,Riccardo Sottil,0.5302,Osame Sahraoui,0.4985,Aiman Dardari,0.4925,Ruben Vargas,0.4762,Jadon Sancho,0.4729,Danny Loader,0.4586
Nicolás González,Extremo izquierdo,Jaydon Amauri Banel,0.9116,Maycon Cardozo,0.8897,Lluc Castell,0.8466,Agustín Albarracín,0.8325,Ibrahim Salah,0.7997,Aiman Dardari,0.7813,Ismaël Gharbi,0.7639,Jacob Ondrejka,0.7628,Adil Hamdani,0.7539,Borja Sánchez Laborde,0.7298,Yannik Wagner,0.7266,Jonathan Rowe,0.7116,Alessandro Cardinali,0.7115,Morgan Bokelé Mputu,0.6621,Noah Nsoki,0.6607
Nicolò Cambiaghi,Extremo izquierdo,Germán Valera,0.8775,Lameck Banda,0.8254,Patrick Dorgu,0.7112,Alieu Fadera,0.7015,Afonso Moreira,0.6191,Jesus Rodríguez,0.6097,Jack Grealish,0.6032,Yann Gboho,0.599,Ander Barrenetxea,0.5862,Adrián Liso,0.5776,Pere Milla,0.5697,Crysencio Summerville,0.5526,Amine Adli,0.5416,Álex Baena,0.5353,Bazoumana Touré,0.5338
Rafael Leão,Extremo izquierdo,Vinicius Júnior,0.9582,Said El Mala,0.8924,Abdallah Sima,0.8354,Issa Soumaré,0.8348,Marius Bülter,0.8277,Ademola Lookman,0.8149,Alieu Njie,0.8096,Raphinha,0.809,Sheraldo Becker,0.8048,Sofiane Diop,0.7917,Igor Paixão,0.7882,Martin Terrier,0.7712,Nico Williams,0.7646,Takumi Minamino,0.7643,Gonçalo Guedes,0.7638
Assane Diao,Extremo izquierdo,Abdallah Sima,0.6962,Issa Soumaré,0.6671,Aiman Dardari,0.6635,Víctor Muñoz,0.6034,Danny Loader,0.6019,Joel Roca,0.5706,Lucas Michal,0.5517,Jacob Ondrejka,0.5355,Lucas Cepeda,0.5215,Nicolás González,0.519,Ibrahim Salah,0.5041,Kamaldeen Sulemana,0.4625,Vinicius Júnior,0.4564,Benjamín Domínguez,0.4441,Ismaël Gharbi,0.4423
Mattia Zaccagni,Extremo izquierdo,Adrián Liso,0.8044,Alexander Røssing-Lelesiit,0.6487,Germán Valera,0.6251,Pathé Mboup,0.6126,Thiago Almada,0.6096,Elias Saad,0.5812,Ovie Ejaria,0.5751,Kevin Schade,0.5522,Jack Grealish,0.5361,Nicolò Cambiaghi,0.5289,Amine Sbai,0.5163,Alieu Fadera,0.5127,Nilson Angulo,0.5106,Pere Milla,0.5064,Crysencio Summerville,0.5047
Riccardo Sottil,Extremo izquierdo,Raúl Moro,0.8015,Moses Simon,0.6962,Jamie Gittens,0.6816,Agustín Albarracín,0.6718,Alejandro Garnacho,0.6708,Heorhii Tsitaishvili,0.6657,Ibrahim Salah,0.6173,Hugo Bolin,0.6165,Ruben Vargas,0.6118,Jota Silva,0.6017,Maycon Cardozo,0.5869,Jadon Sancho,0.5688,Jacob Bruun Larsen,0.5449,Chidera Ejuke,0.5431,Jack Harrison,0.5342
Jesus Rodríguez,Extremo izquierdo,Jack Grealish,0.7752,Nicolò Cambiaghi,0.6097,Lameck Banda,0.5833,Alexander Røssing-Lelesiit,0.5805,Osame Sahraoui,0.5799,Antony,0.5698,Luis Díaz,0.5661,Benjamín Domínguez,0.5592,Alejandro Garnacho,0.5482,Afonso Moreira,0.5466,Reiss Nelson,0.5211,Ibrahim Osman,0.4967,Anthony Gordon,0.4715,Joel Roca,0.4289,Jamie Gittens,0.4209
Lameck Banda,Extremo izquierdo,Pere Milla,0.8817,Nicolò Cambiaghi,0.8254,Luis Díaz,0.7712,Kevin Schade,0.7667,Patrick Dorgu,0.7557,Williot Swedberg,0.7214,Antony,0.7019,Abde Ezzalzouli,0.6789,Afonso Moreira,0.6533,Amine Adli,0.6342,Hamed Junior Traorè,0.6303,Jeremy Doku,0.6178,Mattia Felici,0.6094,Derry Scherhant,0.6074,Germán Valera,0.6024
Chris Führich,Extremo izquierdo,Raphinha,0.9388,Marius Bülter,0.9162,Marcus Rashford,0.8986,Said El Mala,0.8649,Yan Diomandé,0.858,Igor Paixão,0.8278,Sheraldo Becker,0.8214,Kenan Yıldız,0.8105,Khvicha Kvaratskhelia,0.7963,Gonçalo Guedes,0.7859,Bradley Barcola,0.7718,Nico Williams,0.7632,Ansu Fati,0.7476,Harvey Barnes,0.7424,Allan Saint-Maximin,0.7411
Yan Diomandé,Extremo izquierdo,Raphinha,0.9156,Alberto Moleiro,0.9025,Said El Mala,0.8919,Martial Godo,0.8914,Marius Bülter,0.8667,Bradley Barcola,0.8633,Chris Führich,0.858,Noah Okafor,0.8512,Igor Paixão,0.8412,Martin Terrier,0.8243,Gonçalo Guedes,0.8179,Iñigo Vicente,0.8113,Pablo Pagis,0.7972,Williot Swedberg,0.7853,Khvicha Kvaratskhelia,0.7843
Fabio Baldé,Extremo izquierdo,Jakub Kamiński,0.9325,Noah Okafor,0.7747,Vincenzo Grifo,0.7712,Iñigo Vicente,0.7192,Mattia Felici,0.7174,Yan Diomandé,0.6827,Hugo Álvarez,0.6745,Alex Iwobi,0.6642,Alberto Moleiro,0.655,Bradley Barcola,0.6407,Hamed Junior Traorè,0.6264,Chris Führich,0.6123,Alisson Santos,0.6035,Pablo Pagis,0.5927,Raphinha,0.5465
Vincenzo Grifo,Extremo izquierdo,Callum Hudson-Odoi,0.8654,Jakub Kamiński,0.8362,Fabio Baldé,0.7712,Alex Iwobi,0.7542,Félix Correia,0.7415,Jack Harrison,0.7191,Chris Führich,0.7134,Dennis Johnsen,0.6883,Jeremie Boga,0.6602,Yan Diomandé,0.6193,Álvaro García,0.6191,Iñigo Vicente,0.6058,Rio Ngumoha,0.5842,Ruben Vargas,0.5598,Noa Lang,0.5514
Elias Saad,Extremo izquierdo,Veljko Birmančević,0.9016,Coba da Costa,0.8813,Ovie Ejaria,0.8793,Cheikh Tidiane Sabaly,0.8209,Carlos Martín,0.8009,Mathias Pereira Lage,0.7951,Paco Cortés,0.7925,Eliesse Ben Seghir,0.7827,Romaine Mundle,0.7791,Nilson Angulo,0.7773,Pathé Mboup,0.738,Yago Santiago,0.7243,Tom Watson,0.7146,Josip Brekalo,0.7144,Bryan Gil,0.7013
Luis Díaz,Extremo izquierdo,Lameck Banda,0.7712,Kevin Schade,0.7502,Pere Milla,0.7452,Philip Otele,0.7415,Antony,0.7362,Jack Grealish,0.6898,Anthony Gordon,0.6854,Amine Sbai,0.6772,Alexander Røssing-Lelesiit,0.6389,Adrián Liso,0.625,Williot Swedberg,0.6061,Jesus Rodríguez,0.5661,Alieu Njie,0.5634,Said El Mala,0.5605,Vinicius Júnior,0.5543
Philip Otele,Extremo izquierdo,Kevin Schade,0.8457,Luis Díaz,0.7415,Thiago Almada,0.6871,Hugo Álvarez,0.6767,Jack Grealish,0.6278,Alexander Røssing-Lelesiit,0.6233,Adrián Liso,0.6076,Alberto Moleiro,0.5951,Pere Milla,0.5839,Lameck Banda,0.5808,Alimami Gory,0.5696,Amine Sbai,0.5564,Williot Swedberg,0.5491,Takumi Minamino,0.522,Bahereba Guirassy,0.5208
Eliesse Ben Seghir,Extremo izquierdo,Romaine Mundle,0.9401,Carlos Martín,0.9046,Josip Brekalo,0.8423,Jacob Ondrejka,0.8329,Paco Cortés,0.8286,Morgan Bokelé Mputu,0.8235,Ovie Ejaria,0.8048,Jonathan Rowe,0.8003,Aiman Dardari,0.7851,Elias Saad,0.7827,Javier Llabrés,0.7682,Veljko Birmančević,0.7661,Ismaël Gharbi,0.7522,Nilson Angulo,0.7463,Tom Watson,0.7404
Robin Hack,Extremo izquierdo,Ansu Fati,0.7509,Alisson Santos,0.7504,Malick Fofana,0.7474,Bradley Barcola,0.7,Tidiam Gomis,0.6733,Víctor Muñoz,0.6488,Vinicius Júnior,0.6384,Kamaldeen Sulemana,0.6272,Giorgi Abuashvili,0.6149,Sheraldo Becker,0.6146,Harvey Barnes,0.6135,Said El Mala,0.6082,Lucas Cepeda,0.6052,Alfon,0.5918,Javi Puado,0.5733
Alexander Røssing-Lelesiit,Extremo izquierdo,Jack Grealish,0.8471,Amine Sbai,0.8459,Adrián Liso,0.8314,Brugui,0.772,Jan Virgili,0.7031,Mattia Zaccagni,0.6487,Luis Díaz,0.6389,Philip Otele,0.6233,Jesus Rodríguez,0.5805,Joel Roca,0.5658,Anthony Gordon,0.5072,Cheikh Tidiane Sabaly,0.4644,Kevin Schade,0.4465,Thiago Almada,0.4072,Lameck Banda,0.4069
Marius Bülter,Extremo izquierdo,Raphinha,0.9723,Igor Paixão,0.956,Said El Mala,0.9535,Marcus Rashford,0.9248,Sheraldo Becker,0.9164,Chris Führich,0.9162,Nico Williams,0.8882,Gonçalo Guedes,0.8822,Khvicha Kvaratskhelia,0.8797,Armand Lauriente,0.874,Yan Diomandé,0.8667,Rafael Leão,0.8277,Vinicius Júnior,0.8092,Martial Godo,0.8024,Bradley Barcola,0.7962
Ismaël Gharbi,Extremo izquierdo,Jonathan Rowe,0.9351,Ibrahim Salah,0.8956,Jota Silva,0.8747,Morgan Bokelé Mputu,0.8608,Romaine Mundle,0.8045,Adil Hamdani,0.7971,Agustín Albarracín,0.7795,Nicolás González,0.7639,Ilyas Azizi,0.7631,Eliesse Ben Seghir,0.7522,Javier Llabrés,0.746,Maycon Cardozo,0.7454,Lluc Castell,0.7444,Tadjidine Mmadi,0.6971,Josip Brekalo,0.6952
Tidiam Gomis,Extremo izquierdo,Juanmi,0.802,Ademola Lookman,0.7713,Kamaldeen Sulemana,0.7583,Robin Hack,0.6733,Rafael Leão,0.5725,Takumi Minamino,0.572,Ansu Fati,0.5597,Jaidon Anthony,0.5184,Arnaut Danjuma,0.5175,Vinicius Júnior,0.5065,Harvey Barnes,0.4919,Said El Mala,0.4711,Sofiane Diop,0.4515,Issa Soumaré,0.4461,Simon Adingra,0.4354
Antonio Nusa,Extremo izquierdo,Hugo Bolin,0.8149,Reiss Nelson,0.7528,Rio Ngumoha,0.7024,Víctor Muñoz,0.6745,Kenan Yıldız,0.6349,Allan Saint-Maximin,0.5659,Rémi Himbert,0.5464,Nicolás Serrano,0.5338,Osame Sahraoui,0.5254,Nicolás González,0.525,Alfon,0.5088,Jesse Derry,0.5088,Jeremie Boga,0.4943,Harvey Barnes,0.4846,Alejandro Garnacho,0.4781
Maycon Cardozo,Extremo izquierdo,Agustín Albarracín,0.9784,Jaydon Amauri Banel,0.9756,Nicolás González,0.8897,Alessandro Cardinali,0.8888,Yannik Wagner,0.8833,Lluc Castell,0.8802,Borja Sánchez Laborde,0.8754,Noah Nsoki,0.8575,Jota Silva,0.8226,Ibrahim Salah,0.8064,Adil Hamdani,0.7928,Morgan Bokelé Mputu,0.7662,Julien López,0.7521,Ben Bobzien,0.7477,Ismaël Gharbi,0.7454
Aiman Dardari,Extremo izquierdo,Lluc Castell,0.9166,Jacob Ondrejka,0.8586,Romaine Mundle,0.825,Danny Loader,0.8211,Linus Güther,0.8112,Juan Arango,0.8106,Eliesse Ben Seghir,0.7851,Nicolás González,0.7813,Jaydon Amauri Banel,0.7623,Lucas Michal,0.7598,Ibrahim Salah,0.7339,Ovie Ejaria,0.7286,Yago Santiago,0.6812,Maycon Cardozo,0.6669,Ismaël Gharbi,0.6652
Wisdom Mike,Extremo izquierdo,Anthony Bermont,0.863,Jeremy Sarmiento,0.853,Jesse Derry,0.75,Javier Llabrés,0.7064,Wilson Odobert,0.7054,Tyrique George,0.662,Javi Puado,0.6484,Bryan Zaragoza,0.6367,Paco Cortés,0.5962,Adil Hamdani,0.5835,Ilyas Azizi,0.5678,Isak Jansson,0.5577,Carlos Martín,0.5558,Jacob Ondrejka,0.5396,Rodrigo Riquelme,0.5373
Samuel Mbangula,Extremo izquierdo,Dennis Johnsen,0.9262,Juanmi,0.8489,Manor Solomon,0.8076,Jaidon Anthony,0.8021,Martin Terrier,0.792,Yan Diomandé,0.7141,Hugo Álvarez,0.7077,Ademola Lookman,0.6998,Gonçalo Guedes,0.6994,Allan Saint-Maximin,0.6906,Yann Gboho,0.6869,Alberto Moleiro,0.6779,Martial Godo,0.6742,Harvey Barnes,0.6735,Jeremie Boga,0.6608
Mathias Honsak,Extremo izquierdo,Dwight McNeil,0.6898,Mathias Pereira Lage,0.6756,Hugo López,0.6677,Caio Henrique Oliveira Silva,0.6572,Tete Morente,0.641,Heorhii Tsitaishvili,0.6262,Jacob Bruun Larsen,0.6259,Yago Santiago,0.6191,Coba da Costa,0.5876,Moses Simon,0.5631,Álex Baena,0.5614,Cheikh Tidiane Sabaly,0.5536,Simon Adingra,0.5516,Marco Grüll,0.5512,Ben Bobzien,0.5469
Mathias Pereira Lage,Extremo izquierdo,Cheikh Tidiane Sabaly,0.8274,Coba da Costa,0.8101,Bryan Gil,0.7982,Elias Saad,0.7951,Ovie Ejaria,0.7772,Nilson Angulo,0.7742,Abde Rebbach,0.7555,Pathé Mboup,0.738,Veljko Birmančević,0.7029,Álex Baena,0.6819,Mathias Honsak,0.6756,Marco Grüll,0.6742,Tyrique George,0.6564,Josip Brekalo,0.6505,Paco Cortés,0.6045
Marco Grüll,Extremo izquierdo,Hugo López,0.8687,Nilson Angulo,0.8401,Tadjidine Mmadi,0.8065,Josip Brekalo,0.8033,Ovie Ejaria,0.7717,Romaine Mundle,0.7398,Pathé Mboup,0.6946,Morgan Bokelé Mputu,0.6886,Dwight McNeil,0.679,Carlos Martín,0.6758,Eliesse Ben Seghir,0.6746,Mathias Pereira Lage,0.6742,Rodrigo Riquelme,0.672,Tete Morente,0.6162,Danny Loader,0.615
Linton Maina,Extremo izquierdo,Alex Iwobi,0.6976,Jean-Luc Dompé,0.6336,Alessandro Cardinali,0.6284,Borja Sánchez Laborde,0.6247,Jeremy Sarmiento,0.6046,Noah Nsoki,0.5964,Yannik Wagner,0.5931,Julien López,0.5809,Wisdom Mike,0.5343,Ben Bobzien,0.4999,Jakub Kamiński,0.4932,Callum Hudson-Odoi,0.4913,Harvey Barnes,0.4626,Javi Puado,0.4576,Arnaut Danjuma,0.4549
Jakub Kamiński,Extremo izquierdo,Fabio Baldé,0.9325,Vincenzo Grifo,0.8362,Alex Iwobi,0.7778,Noah Okafor,0.6583,Hugo Álvarez,0.6464,Iñigo Vicente,0.6399,Callum Hudson-Odoi,0.6349,Chris Führich,0.6253,Yan Diomandé,0.6136,Hamed Junior Traorè,0.6047,Álvaro García,0.5885,Jaidon Anthony,0.5861,Alisson Santos,0.5806,Alberto Moleiro,0.559,Dennis Johnsen,0.5523
Jean-Luc Dompé,Extremo izquierdo,Arnaut Danjuma,0.8936,Bryan Zaragoza,0.7334,Linton Maina,0.6336,Harvey Barnes,0.5927,Alisson Santos,0.5746,Robin Hack,0.5391,Maxwel Cornet,0.539,Wisdom Mike,0.5349,Wilson Odobert,0.5294,Jesse Derry,0.5027,Moses Simon,0.5025,Yannik Wagner,0.469,Tyrique George,0.4616,Ilyas Azizi,0.4376,Víctor Muñoz,0.4366
Sheraldo Becker,Extremo izquierdo,Marius Bülter,0.9164,Igor Paixão,0.8665,Said El Mala,0.8589,Raphinha,0.85,Marcus Rashford,0.8474,Chris Führich,0.8214,Armand Lauriente,0.8102,Rafael Leão,0.8048,Vinicius Júnior,0.78,Khvicha Kvaratskhelia,0.7757,Gabriel Martinelli,0.7698,Nico Williams,0.7428,Álvaro García,0.7243,Malick Fofana,0.7195,Bradley Barcola,0.7092
Jean Mattéo Bahoya,Extremo izquierdo,Iñigo Vicente,0.8113,Jeremy Doku,0.7971,Félix Correia,0.795,Afonso Moreira,0.7687,Leandro Trossard,0.7593,Pablo Pagis,0.7463,Bazoumana Touré,0.7425,Ander Barrenetxea,0.7417,Abde Ezzalzouli,0.7144,Jeremie Boga,0.7076,Osame Sahraoui,0.7054,Patrick Dorgu,0.6932,Yan Diomandé,0.6571,Alberto Moleiro,0.649,Alimami Gory,0.6392
Yannik Wagner,Extremo izquierdo,Alessandro Cardinali,0.9607,Borja Sánchez Laborde,0.917,Agustín Albarracín,0.8986,Wilson Odobert,0.892,Noah Nsoki,0.8858,Maycon Cardozo,0.8833,Adil Hamdani,0.8778,Jacob Bruun Larsen,0.8716,Ben Bobzien,0.8667,Julien López,0.8653,Ilyas Azizi,0.8492,Jadon Sancho,0.831,Jaydon Amauri Banel,0.8184,Jota Silva,0.7371,Nicolás González,0.7266
Said El Mala,Extremo izquierdo,Raphinha,0.9691,Marius Bülter,0.9535,Igor Paixão,0.9167,Martial Godo,0.9136,Gonçalo Guedes,0.9123,Bradley Barcola,0.9085,Rafael Leão,0.8924,Yan Diomandé,0.8919,Nico Williams,0.8855,Vinicius Júnior,0.8819,Khvicha Kvaratskhelia,0.8795,Chris Führich,0.8649,Sheraldo Becker,0.8589,Marcus Rashford,0.8582,Ansu Fati,0.8527
Livan Burcu,Extremo izquierdo,Crysencio Summerville,0.79,Danny Loader,0.7104,Alieu Fadera,0.5837,Aiman Dardari,0.5806,Benjamín Domínguez,0.5799,Lluc Castell,0.5799,Emi Buendía,0.5618,Bryan Gil,0.5036,Nicolò Cambiaghi,0.4745,Ovie Ejaria,0.4339,Assane Diao,0.4318,Germán Valera,0.4309,Álex Baena,0.4249,Jaydon Amauri Banel,0.4228,Ibrahim Salah,0.4226
Hugo Bolin,Extremo izquierdo,Antonio Nusa,0.8149,Reiss Nelson,0.6892,Allan Saint-Maximin,0.6767,Nicolás González,0.6309,Riccardo Sottil,0.6165,Alejandro Garnacho,0.5682,Agustín Albarracín,0.5607,Maycon Cardozo,0.54,Osame Sahraoui,0.5389,Rio Ngumoha,0.5216,Leandro Trossard,0.5114,Arnaut Danjuma,0.5042,Jaydon Amauri Banel,0.4968,Raúl Moro,0.4913,Kenan Yıldız,0.4766
Linus Güther,Extremo izquierdo,Juan Arango,1.0,Yago Santiago,0.9289,Lluc Castell,0.8355,Aiman Dardari,0.8112,Veljko Birmančević,0.8068,Romaine Mundle,0.7949,Ovie Ejaria,0.7863,Borja Sánchez Laborde,0.7796,Jacob Ondrejka,0.7552,Lucas Michal,0.7364,Noah Nsoki,0.7353,Jaydon Amauri Banel,0.7247,Alessandro Cardinali,0.7194,Cheikh Tidiane Sabaly,0.711,Paco Cortés,0.7066
Bazoumana Touré,Extremo izquierdo,Ruben Vargas,0.8143,Noa Lang,0.8077,Leandro Trossard,0.7549,Afonso Moreira,0.7428,Jean Mattéo Bahoya,0.7425,Cody Gakpo,0.738,Félix Correia,0.6974,Armand Lauriente,0.6887,Gonçalo Guedes,0.6876,Jeremy Doku,0.6779,Nico Williams,0.6704,Allan Saint-Maximin,0.6667,Patrick Dorgu,0.6631,Iñigo Vicente,0.6538,Ander Barrenetxea,0.6458
Derry Scherhant,Extremo izquierdo,Nico Williams,0.8903,Gonçalo Guedes,0.8779,Martial Godo,0.8719,Abde Ezzalzouli,0.8335,Malick Fofana,0.8128,Hamed Junior Traorè,0.7957,Pablo Pagis,0.7818,Jeremy Doku,0.774,Williot Swedberg,0.769,Khvicha Kvaratskhelia,0.7644,Said El Mala,0.7591,Vinicius Júnior,0.7561,Jaidon Anthony,0.7437,Ademola Lookman,0.7338,Raphinha,0.731
Ben Bobzien,Extremo izquierdo,Ilyas Azizi,0.9295,Jota Silva,0.885,Noah Nsoki,0.8721,Yannik Wagner,0.8667,Caio Henrique Oliveira Silva,0.8355,Dwight McNeil,0.8286,Agustín Albarracín,0.8243,Adil Hamdani,0.8073,Julien López,0.805,Jacob Bruun Larsen,0.8009,Alessandro Cardinali,0.7945,Hugo López,0.7899,Morgan Bokelé Mputu,0.789,Josip Brekalo,0.7634,Chidera Ejuke,0.762
Martin Terrier,Extremo izquierdo,Sofiane Diop,0.8528,Jeremie Boga,0.8297,Yan Diomandé,0.8243,Ademola Lookman,0.8101,Martial Godo,0.81,Leandro Trossard,0.7996,Samuel Mbangula,0.792,Rio Ngumoha,0.7888,Alberto Moleiro,0.7819,Allan Saint-Maximin,0.7812,Takumi Minamino,0.7806,Rafael Leão,0.7712,Said El Mala,0.7708,Alieu Njie,0.7681,Ansu Fati,0.7598
Rémi Himbert,Extremo izquierdo,Matheus Cunha,0.7306,Derry Scherhant,0.7293,Martin Terrier,0.7216,Abde Ezzalzouli,0.7007,Emi Buendía,0.6902,Rio Ngumoha,0.6826,Jeremy Doku,0.676,Yann Gboho,0.6423,Sofiane Diop,0.6403,Ademola Lookman,0.637,Leandro Trossard,0.6175,Martial Godo,0.6109,Jeremie Boga,0.6036,Pablo Pagis,0.5728,Allan Saint-Maximin,0.5684
Issa Soumaré,Extremo izquierdo,Abdallah Sima,0.9504,Vinicius Júnior,0.896,Rafael Leão,0.8348,Armand Lauriente,0.7977,Malick Fofana,0.793,Cody Gakpo,0.7846,Nico Williams,0.7582,Williot Swedberg,0.7242,Ademola Lookman,0.7194,Alieu Njie,0.709,Sofiane Diop,0.7084,Derry Scherhant,0.704,Said El Mala,0.6812,Gonçalo Guedes,0.6779,Assane Diao,0.6671
Julien López,Extremo izquierdo,Noah Nsoki,0.9312,Alessandro Cardinali,0.9226,Borja Sánchez Laborde,0.9116,Yannik Wagner,0.8653,Caio Henrique Oliveira Silva,0.8391,Jacob Bruun Larsen,0.8125,Ben Bobzien,0.805,Dwight McNeil,0.794,Jadon Sancho,0.7836,Maycon Cardozo,0.7521,Hugo López,0.7434,Jaydon Amauri Banel,0.7387,Yago Santiago,0.7328,Agustín Albarracín,0.7222,Wilson Odobert,0.7165
Ilyas Azizi,Extremo izquierdo,Ben Bobzien,0.9295,Adil Hamdani,0.9093,Jota Silva,0.8815,Yannik Wagner,0.8492,Agustín Albarracín,0.8152,Javier Llabrés,0.7937,Morgan Bokelé Mputu,0.7849,Wilson Odobert,0.7769,Noah Nsoki,0.7733,Dwight McNeil,0.7684,Jonathan Rowe,0.7648,Ismaël Gharbi,0.7631,Tadjidine Mmadi,0.7618,Josip Brekalo,0.7475,Jesse Derry,0.7298
Tadjidine Mmadi,Extremo izquierdo,Josip Brekalo,0.9371,Hugo López,0.8996,Dwight McNeil,0.8888,Rodrigo Riquelme,0.8335,Morgan Bokelé Mputu,0.8322,Jonathan Rowe,0.8211,Marco Grüll,0.8065,Ilyas Azizi,0.7618,Javier Llabrés,0.7533,Romaine Mundle,0.7503,Anthony Bermont,0.7262,Eliesse Ben Seghir,0.7226,Ben Bobzien,0.7204,Caio Henrique Oliveira Silva,0.7078,Nilson Angulo,0.7044
Anthony Bermont,Extremo izquierdo,Tyrique George,0.8797,Wisdom Mike,0.863,Jeremy Sarmiento,0.8358,Javier Llabrés,0.8085,Jesse Derry,0.7768,Maxwel Cornet,0.7358,Isak Jansson,0.7301,Tadjidine Mmadi,0.7262,Rodrigo Riquelme,0.7127,Josip Brekalo,0.7101,Carlos Martín,0.6581,Giorgi Abuashvili,0.6214,Nilson Angulo,0.6204,Tom Watson,0.6125,Paco Cortés,0.6081
Adil Hamdani,Extremo izquierdo,Ilyas Azizi,0.9093,Yannik Wagner,0.8778,Wilson Odobert,0.8544,Agustín Albarracín,0.8324,Javier Llabrés,0.8266,Ben Bobzien,0.8073,Jonathan Rowe,0.8038,Ismaël Gharbi,0.7971,Ibrahim Salah,0.7949,Maycon Cardozo,0.7928,Paco Cortés,0.7824,Jota Silva,0.7773,Alessandro Cardinali,0.7701,Noah Nsoki,0.7629,Nicolás González,0.7539
Noah Nsoki,Extremo izquierdo,Julien López,0.9312,Alessandro Cardinali,0.9309,Borja Sánchez Laborde,0.9189,Yannik Wagner,0.8858,Ben Bobzien,0.8721,Maycon Cardozo,0.8575,Jaydon Amauri Banel,0.8401,Morgan Bokelé Mputu,0.8375,Agustín Albarracín,0.8297,Lluc Castell,0.7768,Ilyas Azizi,0.7733,Romaine Mundle,0.7723,Hugo López,0.7708,Caio Henrique Oliveira Silva,0.7637,Adil Hamdani,0.7629
Ibrahim Salah,Extremo izquierdo,Ismaël Gharbi,0.8956,Agustín Albarracín,0.8154,Lluc Castell,0.8129,Maycon Cardozo,0.8064,Nicolás González,0.7997,Adil Hamdani,0.7949,Jota Silva,0.7824,Jaydon Amauri Banel,0.7637,Coba da Costa,0.7578,Jonathan Rowe,0.7497,Romaine Mundle,0.7378,Aiman Dardari,0.7339,Morgan Bokelé Mputu,0.6943,Ilyas Azizi,0.6637,Jacob Ondrejka,0.6425
Yann Gboho,Extremo izquierdo,Martin Terrier,0.7106,Samuel Mbangula,0.6869,Jeremie Boga,0.6473,Rémi Himbert,0.6423,Nicolò Cambiaghi,0.599,Manor Solomon,0.5915,Leandro Trossard,0.5795,Germán Valera,0.5742,Lameck Banda,0.5679,Jack Grealish,0.5598,Sofiane Diop,0.5436,Jeremy Doku,0.539,Dennis Johnsen,0.506,Alberto Moleiro,0.5019,Alieu Njie,0.499
Ansu Fati,Extremo izquierdo,Bradley Barcola,0.9451,Alisson Santos,0.8713,Harvey Barnes,0.8593,Said El Mala,0.8527,Raphinha,0.8164,Martial Godo,0.8136,Noah Okafor,0.7754,Yan Diomandé,0.7748,Martin Terrier,0.7598,Rafael Leão,0.7594,Robin Hack,0.7509,Chris Führich,0.7476,Vinicius Júnior,0.7417,Alfon,0.7369,Matheus Cunha,0.7341
Pathé Mboup,Extremo izquierdo,Nilson Angulo,0.8409,Ovie Ejaria,0.7934,Tom Watson,0.7917,Kaoru Mitoma,0.7896,Isak Jansson,0.7469,Mathias Pereira Lage,0.738,Elias Saad,0.738,Carlos Martín,0.7076,Danny Loader,0.6962,Marco Grüll,0.6946,Cheikh Tidiane Sabaly,0.6407,Veljko Birmančević,0.6374,Mattia Zaccagni,0.6126,Eliesse Ben Seghir,0.5982,Abde Rebbach,0.5455
Sofiane Diop,Extremo izquierdo,Alieu Njie,0.918,Takumi Minamino,0.8674,Williot Swedberg,0.8566,Martin Terrier,0.8528,Alimami Gory,0.8444,Martial Godo,0.8069,Alberto Moleiro,0.8062,Rafael Leão,0.7917,Ademola Lookman,0.7882,Emi Buendía,0.7635,Quentin Ndjantou Mbitcha,0.7633,Said El Mala,0.7231,Vinicius Júnior,0.7212,Yan Diomandé,0.7184,Abde Ezzalzouli,0.712
Félix Correia,Extremo izquierdo,Jean Mattéo Bahoya,0.795,Callum Hudson-Odoi,0.7837,Jack Harrison,0.7718,Vincenzo Grifo,0.7415,Jeremie Boga,0.6982,Bazoumana Touré,0.6974,Dennis Johnsen,0.6779,Manor Solomon,0.6695,Leandro Trossard,0.647,Alex Iwobi,0.6159,Noa Lang,0.606,Ruben Vargas,0.6049,Heorhii Tsitaishvili,0.6029,Tete Morente,0.5939,Jeremy Doku,0.5816
Bahereba Guirassy,Extremo izquierdo,Amine Adli,0.8672,Hamed Junior Traorè,0.7726,Patrick Dorgu,0.7644,Mattia Felici,0.7528,Felix Mambimbi,0.7046,Jaidon Anthony,0.6719,Alimami Gory,0.6646,Kevin Schade,0.6574,Iñigo Vicente,0.6454,Simon Adingra,0.6185,Williot Swedberg,0.6137,Hugo Álvarez,0.5929,Kaoru Mitoma,0.5842,Noah Okafor,0.5696,Alieu Fadera,0.563
Alimami Gory,Extremo izquierdo,Williot Swedberg,0.905,Alberto Moleiro,0.8541,Sofiane Diop,0.8444,Martial Godo,0.8294,Jaidon Anthony,0.8201,Takumi Minamino,0.8092,Hugo Álvarez,0.8032,Patrick Dorgu,0.7713,Alieu Njie,0.7422,Yan Diomandé,0.7253,Gonçalo Guedes,0.7226,Amine Adli,0.7134,Noah Okafor,0.704,Emi Buendía,0.6932,Kevin Schade,0.6822
Cheikh Tidiane Sabaly,Extremo izquierdo,Ovie Ejaria,0.8838,Veljko Birmančević,0.8822,Bryan Gil,0.8461,Mathias Pereira Lage,0.8274,Elias Saad,0.8209,Yago Santiago,0.8048,Nilson Angulo,0.7733,Paco Cortés,0.7408,Coba da Costa,0.727,Linus Güther,0.711,Juan Arango,0.7092,Pathé Mboup,0.6407,Romaine Mundle,0.6391,Eliesse Ben Seghir,0.6218,Thiago Fernández,0.6217
Takumi Minamino,Extremo izquierdo,Sofiane Diop,0.8674,Alberto Moleiro,0.827,Quentin Ndjantou Mbitcha,0.8191,Alimami Gory,0.8092,Juanmi,0.7813,Martin Terrier,0.7806,Alieu Njie,0.7801,Yan Diomandé,0.7705,Rafael Leão,0.7643,Hugo Álvarez,0.7516,Said El Mala,0.749,Williot Swedberg,0.7473,Ademola Lookman,0.7214,Martial Godo,0.7135,Marius Bülter,0.6889
Jonathan Rowe,Extremo izquierdo,Ismaël Gharbi,0.9351,Morgan Bokelé Mputu,0.8669,Tadjidine Mmadi,0.8211,Romaine Mundle,0.8169,Adil Hamdani,0.8038,Jota Silva,0.8035,Eliesse Ben Seghir,0.8003,Josip Brekalo,0.7718,Ilyas Azizi,0.7648,Javier Llabrés,0.7567,Ibrahim Salah,0.7497,Rodrigo Riquelme,0.7361,Dwight McNeil,0.7152,Nicolás González,0.7116,Agustín Albarracín,0.7095
Martial Godo,Extremo izquierdo,Said El Mala,0.9136,Williot Swedberg,0.9122,Gonçalo Guedes,0.9042,Bradley Barcola,0.9029,Jaidon Anthony,0.8922,Yan Diomandé,0.8914,Derry Scherhant,0.8719,Raphinha,0.862,Alberto Moleiro,0.851,Noah Okafor,0.8355,Alimami Gory,0.8294,Nico Williams,0.8265,Hamed Junior Traorè,0.826,Abde Ezzalzouli,0.8227,Ansu Fati,0.8136
Amine Sbai,Extremo izquierdo,Adrián Liso,0.8475,Alexander Røssing-Lelesiit,0.8459,Jan Virgili,0.8447,Brugui,0.7954,Jack Grealish,0.776,Anthony Gordon,0.7185,Luis Díaz,0.6772,Joel Roca,0.6148,Thiago Almada,0.6129,Philip Otele,0.5564,Mattia Zaccagni,0.5163,Ilyas Chaira,0.4915,Kevin Schade,0.4261,Jesus Rodríguez,0.373,Lameck Banda,0.358
Caio Henrique Oliveira Silva,Extremo izquierdo,Dwight McNeil,0.9323,Jacob Bruun Larsen,0.8413,Julien López,0.8391,Ben Bobzien,0.8355,Hugo López,0.8309,Noah Nsoki,0.7637,Jadon Sancho,0.7604,Jamie Gittens,0.7495,Yannik Wagner,0.7263,Jota Silva,0.7248,Chidera Ejuke,0.7242,Josip Brekalo,0.7215,Jack Harrison,0.7168,Ilyas Azizi,0.7112,Tadjidine Mmadi,0.7078
Khvicha Kvaratskhelia,Extremo izquierdo,Igor Paixão,0.9537,Soriba Diaoune,0.9306,Raphinha,0.9226,Marius Bülter,0.8797,Said El Mala,0.8795,Kenan Yıldız,0.8659,Pablo Pagis,0.8479,Abde Ezzalzouli,0.8477,Nico Williams,0.8476,Marcus Rashford,0.8455,Bradley Barcola,0.8378,Vinicius Júnior,0.8215,Malick Fofana,0.805,Matheus Cunha,0.7981,Chris Führich,0.7963
Bradley Barcola,Extremo izquierdo,Ansu Fati,0.9451,Said El Mala,0.9085,Martial Godo,0.9029,Raphinha,0.8857,Noah Okafor,0.8643,Yan Diomandé,0.8633,Khvicha Kvaratskhelia,0.8378,Igor Paixão,0.8135,Alisson Santos,0.8122,Alberto Moleiro,0.8014,Marius Bülter,0.7962,Matheus Cunha,0.794,Jaidon Anthony,0.7922,Chris Führich,0.7718,Vinicius Júnior,0.7512
Afonso Moreira,Extremo izquierdo,Jeremy Doku,0.8349,Patrick Dorgu,0.8099,Abde Ezzalzouli,0.7986,Pablo Pagis,0.795,Jean Mattéo Bahoya,0.7687,Ander Barrenetxea,0.7646,Iñigo Vicente,0.7509,Bazoumana Touré,0.7428,Hamed Junior Traorè,0.6889,Armand Lauriente,0.6606,Leandro Trossard,0.6559,Lameck Banda,0.6533,Mattia Felici,0.6492,Soriba Diaoune,0.6307,Nico Williams,0.6288
Igor Paixão,Extremo izquierdo,Marius Bülter,0.956,Khvicha Kvaratskhelia,0.9537,Raphinha,0.9453,Said El Mala,0.9167,Sheraldo Becker,0.8665,Nico Williams,0.8583,Marcus Rashford,0.8563,Armand Lauriente,0.8531,Soriba Diaoune,0.8443,Yan Diomandé,0.8412,Chris Führich,0.8278,Bradley Barcola,0.8135,Gonçalo Guedes,0.8124,Vinicius Júnior,0.8104,Abde Ezzalzouli,0.8087
Moses Simon,Extremo izquierdo,Heorhii Tsitaishvili,0.7892,Raúl Moro,0.7718,Callum Hudson-Odoi,0.7164,Jack Harrison,0.7,Jacob Bruun Larsen,0.699,Riccardo Sottil,0.6962,Ruben Vargas,0.662,Noa Lang,0.6619,Jadon Sancho,0.6517,Dennis Johnsen,0.577,Mathias Honsak,0.5631,Álvaro García,0.5483,Ben Bobzien,0.5251,Bazoumana Touré,0.5103,Arnaut Danjuma,0.5049
Danny Loader,Extremo izquierdo,Ovie Ejaria,0.8445,Aiman Dardari,0.8211,Livan Burcu,0.7104,Crysencio Summerville,0.7034,Pathé Mboup,0.6962,Romaine Mundle,0.6809,Eliesse Ben Seghir,0.6721,Bryan Gil,0.662,Linus Güther,0.6417,Juan Arango,0.6389,Lluc Castell,0.6314,Marco Grüll,0.615,Elias Saad,0.6022,Assane Diao,0.6019,Cheikh Tidiane Sabaly,0.5883
Quentin Ndjantou Mbitcha,Extremo izquierdo,Alberto Moleiro,0.8194,Takumi Minamino,0.8191,Alieu Njie,0.7874,Sofiane Diop,0.7633,Yan Diomandé,0.719,Hugo Álvarez,0.7043,Noah Okafor,0.6917,Martin Terrier,0.642,Jeremie Boga,0.6228,Jean Mattéo Bahoya,0.6191,Osame Sahraoui,0.6175,Alimami Gory,0.6097,Williot Swedberg,0.6064,Rafael Leão,0.6012,Bradley Barcola,0.5989
Allan Saint-Maximin,Extremo izquierdo,Leandro Trossard,0.9284,Marcus Rashford,0.8279,Rio Ngumoha,0.8221,Kenan Yıldız,0.7954,Gonçalo Guedes,0.7881,Martin Terrier,0.7812,Jeremie Boga,0.7771,Nico Williams,0.7765,Jeremy Doku,0.7479,Raphinha,0.7454,Chris Führich,0.7411,Marius Bülter,0.716,Dennis Johnsen,0.7135,Harvey Barnes,0.711,Pablo Pagis,0.6924
Soriba Diaoune,Extremo izquierdo,Khvicha Kvaratskhelia,0.9306,Matheus Cunha,0.8963,Abde Ezzalzouli,0.8961,Pablo Pagis,0.8903,Igor Paixão,0.8443,Antony,0.8246,Rio Ngumoha,0.7912,Raphinha,0.7887,Jeremy Doku,0.7778,Largie Ramazani,0.7726,Kenan Yıldız,0.7671,Mattia Felici,0.7621,Bradley Barcola,0.7486,Yan Diomandé,0.7261,Said El Mala,0.7146
Lucas Michal,Extremo izquierdo,Jacob Ondrejka,0.897,Paco Cortés,0.8492,Veljko Birmančević,0.8332,Aiman Dardari,0.7598,Linus Güther,0.7364,Juan Arango,0.736,Yago Santiago,0.7084,Carlos Martín,0.6912,Elias Saad,0.6879,Tom Watson,0.678,Kamaldeen Sulemana,0.6725,Eliesse Ben Seghir,0.6282,Cheikh Tidiane Sabaly,0.6063,Ovie Ejaria,0.604,Lluc Castell,0.6037
Morgan Bokelé Mputu,Extremo izquierdo,Romaine Mundle,0.9083,Jota Silva,0.874,Josip Brekalo,0.8672,Jonathan Rowe,0.8669,Ismaël Gharbi,0.8608,Noah Nsoki,0.8375,Tadjidine Mmadi,0.8322,Hugo López,0.8289,Eliesse Ben Seghir,0.8235,Ben Bobzien,0.789,Ilyas Azizi,0.7849,Lluc Castell,0.7742,Agustín Albarracín,0.7692,Dwight McNeil,0.7662,Maycon Cardozo,0.7662
Jeremie Boga,Extremo izquierdo,Rio Ngumoha,0.8876,Leandro Trossard,0.8673,Martin Terrier,0.8297,Jeremy Doku,0.7863,Osame Sahraoui,0.7827,Yan Diomandé,0.7778,Allan Saint-Maximin,0.7771,Pablo Pagis,0.7392,Jean Mattéo Bahoya,0.7076,Félix Correia,0.6982,Alberto Moleiro,0.6883,Abde Ezzalzouli,0.6803,Noah Okafor,0.6655,Samuel Mbangula,0.6608,Vincenzo Grifo,0.6602
Giorgi Abuashvili,Extremo izquierdo,Nicolás Serrano,0.7973,Alisson Santos,0.7504,Lucas Cepeda,0.7091,Anthony Bermont,0.6214,Robin Hack,0.6149,Isak Jansson,0.5996,Matheus Cunha,0.5673,Jesse Derry,0.5635,Víctor Muñoz,0.5609,Largie Ramazani,0.5485,Mattia Felici,0.505,Soriba Diaoune,0.502,Maxwel Cornet,0.4945,Hamed Junior Traorè,0.4924,Bradley Barcola,0.4895
Isak Jansson,Extremo izquierdo,Javi Puado,0.8656,Tom Watson,0.832,Pathé Mboup,0.7469,Anthony Bermont,0.7301,Carlos Martín,0.7214,Nilson Angulo,0.72,Jeremy Sarmiento,0.6832,Largie Ramazani,0.6317,Giorgi Abuashvili,0.5996,Kaoru Mitoma,0.5994,Rodrigo Riquelme,0.5951,Tyrique George,0.5623,Wisdom Mike,0.5577,Marco Grüll,0.5266,Eliesse Ben Seghir,0.5129
Malick Fofana,Extremo izquierdo,Vinicius Júnior,0.8678,Nico Williams,0.8395,Derry Scherhant,0.8128,Khvicha Kvaratskhelia,0.805,Issa Soumaré,0.793,Armand Lauriente,0.7843,Said El Mala,0.7522,Robin Hack,0.7474,Igor Paixão,0.7464,Gonçalo Guedes,0.7456,Marcus Rashford,0.7359,Kenan Yıldız,0.7247,Sheraldo Becker,0.7195,Marius Bülter,0.716,Abdallah Sima,0.711
Abdallah Sima,Extremo izquierdo,Issa Soumaré,0.9504,Vinicius Júnior,0.8609,Rafael Leão,0.8354,Armand Lauriente,0.7856,Malick Fofana,0.711,Cody Gakpo,0.7058,Assane Diao,0.6962,Alieu Njie,0.6845,Igor Paixão,0.6786,Sheraldo Becker,0.6641,Nico Williams,0.6519,Khvicha Kvaratskhelia,0.6377,Said El Mala,0.6298,Sofiane Diop,0.6279,Marius Bülter,0.6208
Ibrahim Osman,Extremo izquierdo,Rodrigo Riquelme,0.7358,Jamie Gittens,0.7098,Alejandro Garnacho,0.6983,Thiago Fernández,0.6802,Abde Rebbach,0.68,Reiss Nelson,0.6706,Bryan Gil,0.6546,Benjamín Domínguez,0.6258,Jonathan Rowe,0.6115,Gabriel Martinelli,0.5222,Stephan El Shaarawy,0.5205,Jesus Rodríguez,0.4967,Dwight McNeil,0.4822,Tadjidine Mmadi,0.4714,Paco Cortés,0.4624
Felix Mambimbi,Extremo izquierdo,Simon Adingra,0.9325,Alieu Fadera,0.7864,Kaoru Mitoma,0.7422,Bahereba Guirassy,0.7046,Tete Morente,0.6977,Amine Adli,0.6794,Crysencio Summerville,0.5847,Alimami Gory,0.5826,Marco Grüll,0.5308,Pathé Mboup,0.5279,Hugo Álvarez,0.506,Jaidon Anthony,0.4774,Mathias Honsak,0.4725,Mattia Zaccagni,0.472,Kevin Schade,0.4707
Osame Sahraoui,Extremo izquierdo,Leandro Trossard,0.794,Jeremie Boga,0.7827,Jean Mattéo Bahoya,0.7054,Reiss Nelson,0.6744,Jeremy Doku,0.6736,Allan Saint-Maximin,0.6487,Abde Ezzalzouli,0.6426,Rio Ngumoha,0.6323,Quentin Ndjantou Mbitcha,0.6175,Soriba Diaoune,0.6079,Martin Terrier,0.5963,Jesus Rodríguez,0.5799,Sofiane Diop,0.5692,Pablo Pagis,0.561,Antony,0.5572
Heorhii Tsitaishvili,Extremo izquierdo,Moses Simon,0.7892,Tete Morente,0.7565,Ben Bobzien,0.7088,Jack Harrison,0.7008,Manor Solomon,0.7008,Chidera Ejuke,0.6868,Riccardo Sottil,0.6657,Callum Hudson-Odoi,0.6578,Caio Henrique Oliveira Silva,0.6441,Mathias Honsak,0.6262,Jacob Bruun Larsen,0.6055,Félix Correia,0.6029,Alex Iwobi,0.5915,Jota Silva,0.591,Raúl Moro,0.588
Hamed Junior Traorè,Extremo izquierdo,Mattia Felici,0.8977,Iñigo Vicente,0.8842,Patrick Dorgu,0.8331,Martial Godo,0.826,Pablo Pagis,0.8252,Jaidon Anthony,0.7969,Derry Scherhant,0.7957,Amine Adli,0.7896,Bahereba Guirassy,0.7726,Gonçalo Guedes,0.7716,Williot Swedberg,0.7597,Abde Ezzalzouli,0.7468,Yan Diomandé,0.7466,Nico Williams,0.7419,Igor Paixão,0.7401
Pablo Pagis,Extremo izquierdo,Jeremy Doku,0.9407,Abde Ezzalzouli,0.9229,Soriba Diaoune,0.8903,Khvicha Kvaratskhelia,0.8479,Iñigo Vicente,0.8319,Hamed Junior Traorè,0.8252,Leandro Trossard,0.8079,Igor Paixão,0.8011,Mattia Felici,0.7991,Rio Ngumoha,0.7982,Yan Diomandé,0.7972,Afonso Moreira,0.795,Raphinha,0.7933,Derry Scherhant,0.7818,Martial Godo,0.768
Iñigo Vicente,Extremo izquierdo,Mattia Felici,0.8895,Hamed Junior Traorè,0.8842,Pablo Pagis,0.8319,Patrick Dorgu,0.8114,Yan Diomandé,0.8113,Jean Mattéo Bahoya,0.8113,Igor Paixão,0.7729,Afonso Moreira,0.7509,Jeremy Doku,0.7504,Abde Ezzalzouli,0.738,Alberto Moleiro,0.7279,Williot Swedberg,0.7204,Fabio Baldé,0.7192,Raphinha,0.7136,Marius Bülter,0.7087
Ross Barkley,Mediocentro,João Neves,0.9367,Amadou Haidara,0.9353,Harrison Reed,0.9343,Luka Sučić,0.9314,Andre-Frank Zambo Anguissa,0.931,Vincent Marchetti,0.9122,Leon Goretzka,0.9074,Jens Stage,0.9056,Grischa Prömel,0.9056,Oscar Fraulo,0.899,Mezian Soares,0.8846,Albert Sambi Lokonga,0.883,Nikolas Nartey,0.8774,Assan Ouedraogo,0.87,Jahyann Pandore,0.8677
Lewis Cook,Mediocentro,Hugo Magnetti,0.7863,Ayyoub Bouaddi,0.7695,James Ward-Prowse,0.7245,Jobe Bellingham,0.7238,Krépin Diatta,0.723,Hugo Sotelo,0.7184,Obed Vargas,0.7078,Andy Irving,0.685,Jon Moncayola,0.6816,Valentino Lazaro,0.6721,Santi Cazorla,0.667,Bara Ndiaye,0.6535,Íñigo Sainz-Maza,0.653,Michel Aebischer,0.6508,Alex Tóth,0.6416
Mathias Jensen,Mediocentro,Rodrigo Gomes,0.87,Álvaro Fidalgo,0.8675,Declan Rice,0.8435,Davide Zappacosta,0.8422,Théo Le Bris,0.8406,Kévin Danois,0.828,Pablo Fornals,0.7777,Rassoul Ndiaye,0.7693,Jurgen Ekkelenkamp,0.7664,Andy Diouf,0.7322,Sebastian Nanasi,0.7296,Ao Tanaka,0.7278,Jan Schöppner,0.7134,Luis Henrique,0.7094,Diego Moreira,0.7011
Myles Lewis-Skelly,Mediocentro,Umut Tohumcu,0.9594,Yunus Musah,0.9502,Manu Bueno,0.9481,İsak Vural,0.9359,Warren Bondo,0.922,Brando Bettazzi,0.8981,Adrien Rabiot,0.8979,Quinten Timber,0.8829,Aster Vranckx,0.8802,Hernani,0.8686,Will Hughes,0.8679,Nelson Deossa,0.8507,Noah Sadiki,0.8232,Denis Huseinbasic,0.8176,Tyrese Noubissié,0.8146
Tom Cairney,Mediocentro,Carney Chukwuemeka,0.9225,Lassana Coulibaly,0.8629,Ruben Loftus-Cheek,0.8293,Xaver Schlager,0.8144,João Neves,0.8011,Junior Dina Ebimbe,0.7992,Albert Sambi Lokonga,0.7976,Luca Kerber,0.7902,Cher Ndour,0.7893,Manu Koné,0.782,Marco Brescianini,0.7719,Kenneth Taylor,0.7655,Elvis Rexhbeçaj,0.7589,Grischa Prömel,0.7524,Gonzalo Villar,0.7466
James Milner,Mediocentro,Filip Ugrinic,0.7992,Alessio Zerbin,0.7748,Alessandro Deiola,0.7742,Abdou Harroui,0.7398,Thiago Pinar,0.7161,Jon Moncayola,0.7002,Valentino Lazaro,0.6861,Joe Willock,0.6836,Lorenzo Bernasconi,0.6473,Joel Fujita,0.6428,Carles Aleñá,0.6409,Janik Haberer,0.6141,Morgan Sanson,0.613,Hugo Sotelo,0.6114,Branco van den Boomen,0.6075
Sean Longstaff,Mediocentro,Panos Katseris,0.918,Yan Couto,0.8948,Maxence Caqueret,0.8914,Filip Kostić,0.8902,Diego Moreira,0.8864,Lamine Camara,0.8823,Senny Mayulu,0.8557,Bruno Guimarães,0.8546,Djibril Sow,0.8538,Enzo Le Fée,0.8531,Alessio Castro-Montes,0.8457,Elliot Anderson,0.844,Kiernan Dewsbury-Hall,0.8386,Ramón Terrats,0.8361,Conor Gallagher,0.8347
John McGinn,Mediocentro,Kiernan Dewsbury-Hall,0.9734,Nikolas Nartey,0.9694,Corentin Tolisso,0.9509,Mikel Merino,0.9473,Grischa Prömel,0.9431,Senny Mayulu,0.9345,Jens Stage,0.9168,Bruno Guimarães,0.9164,Azzedine Ounahi,0.9037,Scott McTominay,0.8986,Assan Ouedraogo,0.8944,Kristian Thorstvedt,0.8857,Medon Berisha,0.8839,Andre-Frank Zambo Anguissa,0.8758,Diego Moreira,0.8727
Diego Gómez,Mediocentro,Yassine Kechta,0.9144,Edoardo Iannoni,0.9037,Suat Serdar,0.9002,Henrikh Mkhitaryan,0.8946,Luca Kerber,0.8577,Junior Dina Ebimbe,0.8381,Jahyann Pandore,0.8284,Mario Sauer,0.8165,Filip Kostić,0.8042,Cesare Casadei,0.8033,Nicolás Domínguez,0.7993,Pape Matar Sarr,0.7969,Luca Mazzitelli,0.7936,Jens Stage,0.7934,Djibril Sow,0.7869
Mikel Merino,Mediocentro,Grischa Prömel,0.9783,Corentin Tolisso,0.9673,Nikolas Nartey,0.9662,Jens Stage,0.9522,John McGinn,0.9473,Senny Mayulu,0.9443,Kristian Thorstvedt,0.9429,Bruno Guimarães,0.9231,Ruben Loftus-Cheek,0.9148,Kiernan Dewsbury-Hall,0.9051,Pape Gueye,0.8903,Azzedine Ounahi,0.8802,Ruslan Malinovskyi,0.8786,Vincent Marchetti,0.8757,Luca Mazzitelli,0.8736
Rodrigo Gomes,Mediocentro,Jurgen Ekkelenkamp,0.898,Mathias Jensen,0.87,Jahyann Pandore,0.8662,Pablo Fornals,0.8631,Álvaro Fidalgo,0.8299,Filip Kostić,0.8208,Andre-Frank Zambo Anguissa,0.8188,Sebastian Nanasi,0.8068,Kiernan Dewsbury-Hall,0.8066,Harrison Reed,0.8024,Diego Moreira,0.7895,Andy Diouf,0.7888,Albert Sambi Lokonga,0.786,Declan Rice,0.7854,Ao Tanaka,0.7849
Lucas Bergvall,Mediocentro,Ruslan Malinovskyi,0.9029,Matt O'Riley,0.8809,Weston McKennie,0.8761,Marshall Munetsi,0.8639,Pape Matar Sarr,0.8522,Adrien Thomasson,0.828,Alexander Prass,0.8106,Morten Thorsby,0.7986,Neil El Aynaoui,0.7972,Lucas Da Cunha,0.7837,Khéphren Thuram,0.7832,Ludovic Blas,0.7803,Fabio Miretti,0.7786,Niccolò Pisilli,0.7721,Henrikh Mkhitaryan,0.7686
Marshall Munetsi,Mediocentro,Ruslan Malinovskyi,0.9207,Henrikh Mkhitaryan,0.9038,Alexander Prass,0.8962,Yassine Kechta,0.8819,Lucas Bergvall,0.8639,Nadiem Amiri,0.8298,Adrien Thomasson,0.7854,Habib Diarra,0.785,Bruno Guimarães,0.7819,Timothy Weah,0.7807,Corentin Tolisso,0.7669,Ludovic Blas,0.7583,Khéphren Thuram,0.7561,Weston McKennie,0.7494,Tijjani Reijnders,0.7472
Joe Willock,Mediocentro,Alessio Zerbin,0.9199,Alessandro Deiola,0.878,Carlos Alcaraz,0.8725,Connor Metcalfe,0.8153,Carles Aleñá,0.7894,Andrija Bulatović,0.7546,Ezechiel Banzuzi,0.7239,Edu Expósito,0.7221,Thiago Pinar,0.7183,Beñat Turrientes,0.7092,Cameron Puertas,0.6979,James Milner,0.6836,Filip Ugrinic,0.682,Álex Sala,0.6755,Rocco Reitz,0.6631
Ryan Christie,Mediocentro,Castrop Jens,0.9269,Rudy Matondo,0.8602,Gustavo Puerta,0.8319,András Schäfer,0.8234,Mahdi Camara,0.7519,Mattias Svanberg,0.7443,Alex Scott,0.7218,Pape Gueye,0.708,Mattéo Guendouzi,0.7067,Yassine Kechta,0.7032,Suat Serdar,0.7015,Conor Gallagher,0.684,Yassin Belkhdim,0.6746,Bruno Guimarães,0.6686,Henrikh Mkhitaryan,0.6686
Bruno Guimarães,Mediocentro,Corentin Tolisso,0.9521,Alexander Prass,0.9513,Azzedine Ounahi,0.9366,Mikel Merino,0.9231,Senny Mayulu,0.9223,Nikolas Nartey,0.9191,John McGinn,0.9164,Kiernan Dewsbury-Hall,0.91,Henrikh Mkhitaryan,0.8973,Filip Kostić,0.8963,Panos Katseris,0.8828,Pape Gueye,0.8803,Jens Stage,0.8767,Ludovic Blas,0.8742,Nadiem Amiri,0.8724
Harrison Armstrong,Mediocentro,Alex Král,0.9662,Mohamed Kaba,0.8947,Joel Mvuka,0.8829,Gabriele Piccinini,0.8542,Davide Frattesi,0.8485,Amir Richardson,0.8286,Khalis Merah,0.8222,Kevin Paredes,0.7861,Mathis Amougou,0.7816,Mathias Rasmussen,0.7648,Quinten Timber,0.7647,Hernani,0.7639,Douglas Luiz,0.7429,Jon Guridi,0.7414,Jhon Solis,0.7373
Ryan Yates,Mediocentro,Beñat Turrientes,0.905,Pierrick Capelle,0.8966,Andrija Bulatović,0.8214,Ezechiel Banzuzi,0.8077,Leonardo Bittencourt,0.7921,Tim Iroegbunam,0.7591,Patrizio Masini,0.7378,Álex Sala,0.7045,Thiago Pinar,0.6864,Ebenezer Akinsanmiro,0.6842,Connor Metcalfe,0.6817,Carles Aleñá,0.671,Gavi,0.6438,Youri Tielemans,0.6422,Nikolas Veratschnig,0.6389
James Ward-Prowse,Mediocentro,Khalis Merah,0.7838,Youri Tielemans,0.7364,Lewis Cook,0.7245,Krépin Diatta,0.7094,Samuele Angori,0.7058,Naouirou Ahamada,0.7021,Pablo Barrios,0.6763,Santi Cazorla,0.6571,Raoul Bellanova,0.6563,Juan Arizala,0.6442,Joel Mvuka,0.6384,Jobe Bellingham,0.6283,Þórir Jóhann Helgason,0.6202,Hugo Sotelo,0.6142,Lorenzo Bernasconi,0.6015
Carlos Alcaraz,Mediocentro,Joe Willock,0.8725,Alessio Zerbin,0.8525,Alessandro Deiola,0.797,Carles Aleñá,0.7912,Rodrigo Mendoza,0.77,Beñat Turrientes,0.7484,Jakub Piotrowski,0.7457,Selton Sánchez,0.7365,Davide Frattesi,0.7166,Pablo Ibáñez,0.7025,Ezechiel Banzuzi,0.6855,Martín Payero,0.6711,Habib Diarra,0.6367,Thiago Pinar,0.6339,Nelson Deossa,0.6296
Douglas Luiz,Mediocentro,Youssef Maleh,0.9398,Grigoris Kastanos,0.9346,Oier Zarraga,0.9197,Jacopo Fazzini,0.899,Kevin Paredes,0.8801,Daniel Parejo,0.8778,Sandi Lovrić,0.8772,Gvidas Gineitis,0.8727,Ebenezer Akinsanmiro,0.8641,Robert Skov,0.8626,Alex Tóth,0.8331,Joel Mvuka,0.8301,Will Hughes,0.829,Quinten Timber,0.8271,Sergi Roberto,0.8228
Josh Cullen,Mediocentro,Arthur Avom,0.9682,Piotr Zieliński,0.9578,Remo Freuler,0.9288,Manuel Ángel,0.7699,Sergi Altimira,0.3834,Valentin Rongier,0.3527,Warren Zaïre-Emery,0.342,Théo Le Bris,0.3131,Archie Gray,0.3126,Koke,0.2974,Amadou Haidara,0.2862,Filip Kostić,0.2853,Mateus Fernandes,0.2845,Hugo Larsson,0.2741,Ross Barkley,0.2729
Will Hughes,Mediocentro,Quinten Timber,0.968,Robert Skov,0.9468,Tyrese Noubissié,0.9451,Alex Tóth,0.9441,Noah Sadiki,0.9302,Amorim,0.9066,Youssef Maleh,0.9045,Haris Belkebla,0.8987,Hernani,0.8952,Jacopo Fazzini,0.8859,Ivan Ilić,0.8857,Dani Ceballos,0.8834,Oier Zarraga,0.8747,Adrien Rabiot,0.872,Íñigo Sainz-Maza,0.8709
Jacob Ramsey,Mediocentro,Frenkie de Jong,0.9469,Ander Guevara,0.9159,Alberto Reina,0.9051,Oscar Højlund,0.8966,Mattias Svanberg,0.8622,Pol Lozano,0.8619,Pedri,0.8277,Christian Ordoñez,0.8034,Manu Morlanes,0.8009,Ismaël Koné,0.7993,Aron Dønnum,0.7858,Lewis Ferguson,0.7831,Alexis Vossah,0.734,Mattéo Guendouzi,0.7262,Santi Comesaña,0.7202
Tim Iroegbunam,Mediocentro,Leonardo Bittencourt,0.9183,Pierrick Capelle,0.9136,Johnny Cardoso,0.8904,Ebenezer Akinsanmiro,0.8895,Javi Morcillo,0.8846,Aldasoro,0.8611,Beñat Prados,0.8352,Tyrese Noubissié,0.8325,Simon Sohm,0.8158,Patrizio Masini,0.8107,Gavi,0.7967,Ivan Ilić,0.7951,Francis Abu,0.7763,Morgan Sanson,0.7738,Michel Aebischer,0.762
Youri Tielemans,Mediocentro,Álex Sala,0.7833,Andrija Bulatović,0.783,Carles Aleñá,0.7758,James Ward-Prowse,0.7364,Edu Expósito,0.7086,Rocco Reitz,0.7017,Khalis Merah,0.6678,Lennon Miller,0.6604,Naouirou Ahamada,0.6599,Connor Metcalfe,0.6543,Joe Willock,0.6472,Ryan Yates,0.6422,Tanguy Ndombele,0.6231,Alessio Zerbin,0.6173,Filip Ugrinic,0.608
Lewis Miley,Mediocentro,Declan Rice,0.9081,Fabián Ruiz Peña,0.9065,Maximilian Arnold,0.8699,Aleix García,0.8222,Théo Le Bris,0.8173,Luka Modrić,0.8033,Davide Zappacosta,0.731,Marcel Sabitzer,0.73,Sergi Darder,0.7234,Luis Henrique,0.7091,Enzo Le Fée,0.7024,Pascal Groß,0.7022,Luis Milla,0.6919,Mathias Jensen,0.6869,Pablo Fornals,0.6823
Archie Gray,Mediocentro,Jan Schöppner,0.9301,Warren Zaïre-Emery,0.9129,Hugo Larsson,0.871,Mario Pašalić,0.8535,Noah Cadiou,0.8353,Amadou Haidara,0.8336,Leon Goretzka,0.8312,Martim Neto,0.8153,Mahmoud Dahoud,0.7968,Tom Louchet,0.7935,Kenneth Taylor,0.7659,Declan Rice,0.7608,João Neves,0.747,Théo Le Bris,0.7461,Sebastian Nanasi,0.7394
Saša Lukić,Mediocentro,Cameron Puertas,0.9314,Adrien Thomasson,0.7647,Elliot Anderson,0.6812,Nikolas Veratschnig,0.6731,Neil El Aynaoui,0.6668,Panos Katseris,0.6571,João Gomes,0.6524,Pablo Ibáñez,0.6467,Yassine Kechta,0.6398,Alessio Castro-Montes,0.6228,Marshall Munetsi,0.617,Henrikh Mkhitaryan,0.611,Juan Cuadrado,0.605,Conor Gallagher,0.6035,Cristian Cásseres Jr.,0.5862
Josh Laurent,Mediocentro,Pathé Ciss,0.7886,Óscar Valentín,0.7521,Jean-Daniel Akpa-Akpro,0.7472,Mikel Jauregizar,0.7374,Manu Morlanes,0.7293,Christian Ordoñez,0.7135,Pol Lozano,0.689,Antonio Sánchez,0.6872,Unai Vencedor Paris,0.6707,Ayyoub Bouaddi,0.6406,Oscar Højlund,0.6406,Roberto Gagliardini,0.6308,Lewis Ferguson,0.6236,Alejandro Rego,0.6039,Hugo Magnetti,0.5964
Kobbie Mainoo,Mediocentro,Nicolò Fagioli,0.7699,Koke,0.7669,Samir El Mourabet,0.752,Oliver Jensen,0.7157,Luka Modrić,0.7146,Maximilian Arnold,0.6984,Aleix García,0.6775,Han-Noah Massengo,0.6035,Lewis Miley,0.601,Marcel Sabitzer,0.5989,Luis Milla,0.5908,Ramón Terrats,0.5501,Hugo Larsson,0.5437,Jan Schöppner,0.5394,Théo Le Bris,0.526
Pascal Groß,Mediocentro,Sergi Darder,0.898,Lucas Da Cunha,0.8798,Davide Zappacosta,0.8255,Luis Henrique,0.8199,Jari Vandeputte,0.8012,Nadiem Amiri,0.7697,Ísak Jóhannesson,0.7587,Enzo Le Fée,0.758,Declan Rice,0.7559,Timothy Weah,0.7546,Arthur Atta,0.7513,Diego Moreira,0.7214,Pablo Fornals,0.7158,Fabián Ruiz Peña,0.7156,Tijjani Reijnders,0.7144
Tijjani Reijnders,Mediocentro,Arthur Atta,0.9723,Sebastian Nanasi,0.9452,Jurgen Ekkelenkamp,0.939,Weston McKennie,0.929,Nadiem Amiri,0.9203,Luka Sučić,0.9135,Javier Guerra,0.9016,Nikolas Nartey,0.9007,Pablo Fornals,0.9002,Medon Berisha,0.899,Ludovic Blas,0.8987,Corentin Tolisso,0.8962,Harrison Reed,0.8913,Mezian Soares,0.8868,Vincent Marchetti,0.8826
Nicolás Domínguez,Mediocentro,Diego Gómez,0.7993,Suat Serdar,0.7841,Yassine Kechta,0.7807,Yassin Belkhdim,0.7393,Joelinton,0.7298,Henrikh Mkhitaryan,0.7235,Mario Sauer,0.7116,Jahyann Pandore,0.6881,Timothy Weah,0.6733,Filip Kostić,0.6424,Dehmaine Assoumani,0.6246,Luca Mazzitelli,0.6176,Mamadou Sangare,0.6049,Valentin Rongier,0.5999,Marshall Munetsi,0.5891
Conor Gallagher,Mediocentro,Elliot Anderson,0.9234,Lamine Camara,0.8613,Mateus Fernandes,0.8505,Cristian Cásseres Jr.,0.8438,Alex Scott,0.8392,Sean Longstaff,0.8347,Mamadou Sangare,0.7941,Pape Gueye,0.7772,Petar Sučić,0.7573,Panos Katseris,0.7546,Yassin Belkhdim,0.7517,Luca Mazzitelli,0.7494,Alexis Saelemaekers,0.7388,Bruno Guimarães,0.7199,Sergi Altimira,0.7073
Jean-Ricner Bellegarde,Mediocentro,Pablo Ibáñez,0.8824,Jakub Piotrowski,0.8534,Mauro Arambarri,0.7872,Alex Scott,0.7761,Hicham Boudaoui,0.7539,Juan Cuadrado,0.6996,Martín Payero,0.6902,Pape Gueye,0.6883,Azzedine Ounahi,0.6667,Ryan Christie,0.6581,Mamadou Sangare,0.648,Dehmaine Assoumani,0.6397,Joelinton,0.6363,Bruno Guimarães,0.593,Carlos Alcaraz,0.5812
Andrey Santos,Mediocentro,Eduardo Camavinga,0.9195,Roberto Gagliardini,0.8403,Gonzalo Villar,0.8366,Simon Ebonog,0.8054,Miguel Román,0.8044,Aleix Febas,0.768,Yannick Gerhardt,0.7485,Samir El Mourabet,0.7463,Iñigo Ruiz de Galarreta,0.7417,Fran Beltrán,0.7177,Ilaix Moriba,0.7121,Michel Aebischer,0.691,Jessy Deminguet,0.6845,Carney Chukwuemeka,0.6515,Koke,0.6242
Curtis Jones,Mediocentro,Pablo Barrios,0.9258,Jhon Solis,0.6713,Florian Neuhaus,0.6239,Tanguy Ndombele,0.5857,Seko Fofana,0.5846,Adrian Bernabe,0.5843,Mateo Kovačić,0.5712,Dan Neil,0.5669,Luka Modrić,0.5587,Yellu Santiago,0.5509,Maximilian Eggestein,0.5412,James Ward-Prowse,0.5394,Nicolò Fagioli,0.5336,Hugo Larsson,0.531,Felipe Chávez,0.5034
Yasin Ayari,Mediocentro,Andre-Frank Zambo Anguissa,0.8472,Mamadou Sangare,0.8296,Senny Mayulu,0.8143,Tom Bischof,0.8059,Pape Demba Diop,0.7927,Leon Goretzka,0.7926,Kristian Thorstvedt,0.7924,Mahmoud Dahoud,0.7846,Luca Mazzitelli,0.7801,Filip Kostić,0.7715,Nikolas Nartey,0.7592,Fabio Miretti,0.7495,Javier Guerra,0.7393,John McGinn,0.7344,Felix Nmecha,0.7321
Habib Diarra,Mediocentro,Ruslan Malinovskyi,0.8063,Ludovic Blas,0.8036,Marshall Munetsi,0.785,Hicham Boudaoui,0.7587,Nicola Zalewski,0.7577,Corentin Tolisso,0.7313,Nadiem Amiri,0.7308,Azzedine Ounahi,0.7292,Keane Lewis-Potter,0.7258,Mauro Arambarri,0.7199,Alexander Prass,0.7196,Lucas Bergvall,0.7176,Arthur Atta,0.7138,Tijjani Reijnders,0.7062,Michael Folorunsho,0.6983
Pape Matar Sarr,Mediocentro,Matt O'Riley,0.9445,Niccolò Pisilli,0.9406,Djibril Sow,0.9174,Neil El Aynaoui,0.8869,Senny Mayulu,0.8787,Weston McKennie,0.877,Mikel Merino,0.8664,Luca Mazzitelli,0.8657,Filip Kostić,0.8628,Tom Bischof,0.8594,Maxence Caqueret,0.8573,Javier Guerra,0.8566,Fabio Miretti,0.8543,Lucas Bergvall,0.8522,Ruslan Malinovskyi,0.8447
Joelinton,Mediocentro,Diego Gómez,0.7815,Suat Serdar,0.7721,Mario Sauer,0.7663,Yassine Kechta,0.7525,Nicolás Domínguez,0.7298,Pape Gueye,0.6999,Luca Mazzitelli,0.6847,Henrikh Mkhitaryan,0.6686,Mamadou Sangare,0.6586,Dehmaine Assoumani,0.6547,Gustavo Puerta,0.6471,Ryan Christie,0.6436,Mauro Arambarri,0.6433,András Schäfer,0.639,Jean-Ricner Bellegarde,0.6363
Keane Lewis-Potter,Mediocentro,Rassoul Ndiaye,0.9293,Arthur Atta,0.9115,Medon Berisha,0.8763,Kiernan Dewsbury-Hall,0.8679,Assan Ouedraogo,0.8667,Tijjani Reijnders,0.8525,Ludovic Blas,0.8481,Scott McTominay,0.8475,Diego Moreira,0.8456,Nicola Zalewski,0.8307,John McGinn,0.8284,Sebastian Nanasi,0.8095,Nadiem Amiri,0.8066,Pablo Fornals,0.8014,Jurgen Ekkelenkamp,0.7954
Ao Tanaka,Mediocentro,Fran Beltrán,0.8258,Théo Le Bris,0.8223,Kévin Danois,0.7995,Rodrigo Gomes,0.7849,Jessy Deminguet,0.7664,Maximilian Eggestein,0.7636,Han-Noah Massengo,0.7604,Hugo Larsson,0.7509,Noah Cadiou,0.7382,Luka Modrić,0.7362,Mathias Jensen,0.7278,Álvaro Fidalgo,0.7102,Archie Gray,0.6941,Koke,0.684,Felipe Loyola,0.6831
Callum Olusesi,Mediocentro,Tomás Esteves,1.0,Luka Đurić,1.0,Dachi Lordkipanidze,1.0,Tyler Fletcher,1.0,Gael Lafont,1.0,Hugo Solozabal,1.0,Mitchel Bakker,1.0,Hugo García,1.0,Jorge Cestero,1.0,Alassane Diatta,1.0,Vincent Burlet,0.9097,Ben Cremaschi,0.9094,Joseph Nduquidi,0.8918,Tidiane Devernois,0.8906,Ibai Aguirre,0.8862
Tyler Fletcher,Mediocentro,Tomás Esteves,1.0,Luka Đurić,1.0,Dachi Lordkipanidze,1.0,Gael Lafont,1.0,Hugo Solozabal,1.0,Mitchel Bakker,1.0,Callum Olusesi,1.0,Hugo García,1.0,Jorge Cestero,1.0,Alassane Diatta,1.0,Vincent Burlet,0.9097,Ben Cremaschi,0.9094,Joseph Nduquidi,0.8918,Tidiane Devernois,0.8906,Ibai Aguirre,0.8862
Harrison Reed,Mediocentro,Luka Sučić,0.9546,Mezian Soares,0.9539,Jens Stage,0.947,Ross Barkley,0.9343,Jahyann Pandore,0.9306,Vincent Marchetti,0.9106,Albert Sambi Lokonga,0.9096,Grischa Prömel,0.9091,Sebastian Nanasi,0.8965,Junior Dina Ebimbe,0.8949,Jurgen Ekkelenkamp,0.8942,Tijjani Reijnders,0.8913,Andre-Frank Zambo Anguissa,0.8883,Cesare Casadei,0.8877,Nikolas Nartey,0.8773
Frank Onyeka,Mediocentro,Mateo Kovačić,0.7911,Luka Topalović,0.7775,Tanguy Ndombele,0.7687,Gavi,0.7545,Simon Sohm,0.7431,Selton Sánchez,0.7041,Rodrigo Mendoza,0.667,Thiago Pinar,0.6563,Exequiel Palacios,0.6365,Alexis Mac Allister,0.5677,Leonardo Bittencourt,0.5661,Manu Koné,0.5558,Lennon Miller,0.5175,Naouirou Ahamada,0.5084,Ryan Yates,0.4944
Dan Neil,Mediocentro,Yangel Herrera,0.9393,Bara Ndiaye,0.9107,Haris Belkebla,0.9034,Pharell Hensel,0.8984,Exequiel Palacios,0.8945,Rouven Tarnutzer,0.8941,Jan Salas,0.894,Glen Kamara,0.8931,Denis Huseinbasic,0.8712,Dani Ceballos,0.8233,Íñigo Sainz-Maza,0.8209,Alex Tóth,0.8179,Lancinet Kourouma,0.7908,Brando Bettazzi,0.7695,Noah Sadiki,0.7387
Alex Tóth,Mediocentro,Robert Skov,0.9535,Noah Sadiki,0.9466,Will Hughes,0.9441,Haris Belkebla,0.9419,Íñigo Sainz-Maza,0.9306,Dani Ceballos,0.9161,Bara Ndiaye,0.9072,Paul Pogba,0.8973,Denis Huseinbasic,0.8895,Francis Abu,0.8882,Yangel Herrera,0.8875,Quinten Timber,0.8843,Amorim,0.8771,Tyrese Noubissié,0.8721,Oier Zarraga,0.8567
Mateo Kovačić,Mediocentro,Tanguy Ndombele,0.8273,Frank Onyeka,0.7911,Luka Topalović,0.788,Exequiel Palacios,0.62,Felix Nmecha,0.6093,Leonardo Bittencourt,0.575,Naouirou Ahamada,0.5737,Curtis Jones,0.5712,Youri Tielemans,0.5519,Ryan Yates,0.5323,Selton Sánchez,0.53,Alexis Mac Allister,0.5282,Simon Sohm,0.5277,Maximilian Arnold,0.5034,Luis Milla,0.4884
Declan Rice,Mediocentro,Lewis Miley,0.9081,Pablo Fornals,0.8949,Théo Le Bris,0.8944,Fabián Ruiz Peña,0.8614,Jurgen Ekkelenkamp,0.8536,Javier Guerra,0.8463,Mathias Jensen,0.8435,Tom Bischof,0.8425,Sebastian Nanasi,0.8302,Diego Moreira,0.8263,Lucas Da Cunha,0.8165,Davide Zappacosta,0.8075,Medon Berisha,0.7952,Aleix García,0.7882,Jan Schöppner,0.7876
Trey Nyoni,Mediocentro,George Hemmings,0.9273,Eder García,0.9136,André Gomes,0.862,Djibril Coulibaly,0.8612,Ibai Aguirre,0.8612,Taufik Seidu,0.842,Sergio Martínez,0.8106,Manu Bueno,0.806,Umut Tohumcu,0.8009,Samu Becerra,0.7963,Adrien Rabiot,0.7751,Ben Cremaschi,0.7322,Warren Bondo,0.7132,Joan Jordán,0.708,Dachi Lordkipanidze,0.6872
Alex Scott,Mediocentro,Conor Gallagher,0.8392,Yassin Belkhdim,0.7978,Dehmaine Assoumani,0.7802,Alexis Saelemaekers,0.7788,Jean-Ricner Bellegarde,0.7761,Pablo Ibáñez,0.7491,Elliot Anderson,0.7258,Ryan Christie,0.7218,Jakub Piotrowski,0.7088,Juan Cuadrado,0.6736,Hicham Boudaoui,0.6574,Mamadou Sangare,0.6536,Pape Gueye,0.6488,Azzedine Ounahi,0.6459,Bruno Guimarães,0.6299
Noah Sadiki,Mediocentro,Alex Tóth,0.9466,Will Hughes,0.9302,Robert Skov,0.8942,Quinten Timber,0.8874,Denis Huseinbasic,0.8824,Amorim,0.8706,Haris Belkebla,0.8679,Hernani,0.8621,Janik Haberer,0.8575,Yangel Herrera,0.8496,Paul Pogba,0.845,Manu Bueno,0.8406,Adrien Rabiot,0.8399,Samuel Iling-Junior,0.8354,Exequiel Palacios,0.8352
Enzo Le Fée,Mediocentro,Jari Vandeputte,0.913,Diego Moreira,0.9049,Panos Katseris,0.8857,Edu Expósito,0.8702,Sean Longstaff,0.8531,Medon Berisha,0.8523,Pablo Fornals,0.8129,Nicola Zalewski,0.8089,Ludovic Blas,0.8088,Adrien Thomasson,0.8035,Nadiem Amiri,0.7971,Ramón Terrats,0.7847,Rassoul Ndiaye,0.7804,Tom Bischof,0.7799,Fabián Ruiz Peña,0.7778
Mateus Fernandes,Mediocentro,Lamine Camara,0.9563,Sergi Altimira,0.9422,Cristian Cásseres Jr.,0.8675,Conor Gallagher,0.8505,Ilaix Moriba,0.7923,Elliot Anderson,0.7918,Sean Longstaff,0.7909,Petar Sučić,0.7426,Luca Mazzitelli,0.7415,Valentin Rongier,0.7257,Maxence Caqueret,0.7029,Mamadou Sangare,0.6958,Djibril Sow,0.6783,Emirhan İlkhan,0.664,Alessio Castro-Montes,0.6588
George Hemmings,Mediocentro,André Gomes,0.9307,Djibril Coulibaly,0.9302,Ibai Aguirre,0.9302,Trey Nyoni,0.9273,Eder García,0.9214,Taufik Seidu,0.8495,Manu Bueno,0.7893,Daniel Xavier Semedo,0.7855,Umut Tohumcu,0.7847,Carlos Macià,0.7763,Warren Bondo,0.7759,Dachi Lordkipanidze,0.767,Gael Lafont,0.767,Mitchel Bakker,0.767,Tomás Esteves,0.767
João Gomes,Mediocentro,Jean-Daniel Akpa-Akpro,0.8813,Aldasoro,0.8404,Roberto Gagliardini,0.8209,Juan Cuadrado,0.8016,Simon Ebonog,0.793,Patrizio Masini,0.788,Iñigo Ruiz de Galarreta,0.7879,Johnny Cardoso,0.7798,Dehmaine Assoumani,0.7706,Javi Morcillo,0.7594,Gvidas Gineitis,0.7435,Grigoris Kastanos,0.7332,Jacopo Fazzini,0.7302,Michel Aebischer,0.7085,Oier Zarraga,0.7065
Alexis Mac Allister,Mediocentro,Selton Sánchez,0.8068,Fabio Miretti,0.7801,Felix Nmecha,0.7367,Kristian Thorstvedt,0.6986,Vincent Marchetti,0.6699,Rodrigo Mendoza,0.6651,Khéphren Thuram,0.6561,Assan Ouedraogo,0.6552,Tanguy Ndombele,0.6521,Mikel Merino,0.6418,Scott McTominay,0.6401,Ruben Loftus-Cheek,0.6293,Ross Barkley,0.6227,Amadou Haidara,0.6022,Yasin Ayari,0.5999
Yehor Yarmoliuk,Mediocentro,Antoine Bernede,0.7806,Michel Aebischer,0.7795,Joel Fujita,0.7723,Miguel Román,0.7127,Samir El Mourabet,0.7058,Valentino Lazaro,0.6641,Damián,0.6489,Andy Irving,0.6386,Roberto Gagliardini,0.6211,Jean-Daniel Akpa-Akpro,0.6105,Beñat Prados,0.6073,Ivan Ilić,0.6027,Krépin Diatta,0.5905,Alejandro Rego,0.5894,Samuel Iling-Junior,0.5861
Kiernan Dewsbury-Hall,Mediocentro,John McGinn,0.9734,Nikolas Nartey,0.9364,Corentin Tolisso,0.9339,Diego Moreira,0.9273,Senny Mayulu,0.9159,Pablo Fornals,0.9106,Bruno Guimarães,0.91,Rassoul Ndiaye,0.9071,Medon Berisha,0.9059,Mikel Merino,0.9051,Jens Stage,0.9038,Grischa Prömel,0.902,Jurgen Ekkelenkamp,0.8916,Alexander Prass,0.8828,Arthur Atta,0.8802
Elliot Anderson,Mediocentro,Conor Gallagher,0.9234,Cristian Cásseres Jr.,0.9081,Lamine Camara,0.8819,Sean Longstaff,0.844,Panos Katseris,0.8,Mateus Fernandes,0.7918,Alexis Saelemaekers,0.7905,Alessio Castro-Montes,0.7786,Adrien Thomasson,0.7666,Ramón Terrats,0.7364,Maxence Caqueret,0.7327,Alex Scott,0.7258,Mamadou Sangare,0.7224,Petar Sučić,0.7098,Yan Couto,0.6913
Andy Irving,Mediocentro,Samuel Iling-Junior,0.9822,Tidiane Devernois,0.8894,Joseph Nduquidi,0.8889,Vincent Burlet,0.8804,Ben Cremaschi,0.8617,Robert Skov,0.8312,Valentino Lazaro,0.8219,Mathias Rasmussen,0.8169,Alex Tóth,0.8046,Noah Sadiki,0.802,Samu Becerra,0.797,Krépin Diatta,0.7884,Michele Collocolo,0.7849,Jon Guridi,0.7627,Bara Ndiaye,0.7593
Pablo Barrios,Mediocentro,Curtis Jones,0.9258,Luka Modrić,0.6852,James Ward-Prowse,0.6763,Jhon Solis,0.6692,Felipe Chávez,0.6563,Þórir Jóhann Helgason,0.6342,Florian Neuhaus,0.5926,Jobe Bellingham,0.5721,Dan Neil,0.5655,Maximilian Eggestein,0.5619,Théo Le Bris,0.5513,Bara Ndiaye,0.5469,Juan Arizala,0.5451,Ao Tanaka,0.53,Hugo Larsson,0.5195
Joan Jordán,Mediocentro,Taufik Seidu,0.9188,Kwasi Sibo,0.8856,André Gomes,0.843,Eder García,0.8424,Ibai Aguirre,0.8418,Djibril Coulibaly,0.8418,Manu Bueno,0.8263,Unai Vencedor Paris,0.8176,Carlos Macià,0.8134,Sergio Martínez,0.8068,Ivan Ilić,0.7738,Daniel Xavier Semedo,0.7701,Warren Bondo,0.7648,Umut Tohumcu,0.7471,George Hemmings,0.7421
Lancinet Kourouma,Mediocentro,Kwasi Sibo,0.8381,Haris Belkebla,0.8063,Dan Neil,0.7908,Denis Huseinbasic,0.7827,Brando Bettazzi,0.7669,Carlos Macià,0.7647,Warren Bondo,0.7644,Francis Abu,0.7618,Exequiel Palacios,0.7612,Dani Ceballos,0.7585,Ayyoub Bouaddi,0.7486,Daniel Xavier Semedo,0.7473,Íñigo Sainz-Maza,0.7462,Joseph Liteta,0.7446,Tyrese Noubissié,0.744
Miguel Román,Mediocentro,Fran Beltrán,0.8696,Andrey Santos,0.8044,Yannick Gerhardt,0.7822,Koke,0.7454,Han-Noah Massengo,0.7276,Yehor Yarmoliuk,0.7127,Roberto Gagliardini,0.7072,Samir El Mourabet,0.7071,Eduardo Camavinga,0.6941,Fisayo Dele-Bashiru,0.6596,Gonzalo Villar,0.6504,Jessy Deminguet,0.6414,Lucas Tousart,0.6266,Jean-Daniel Akpa-Akpro,0.6219,Michel Aebischer,0.6133
Donny van de Beek,Mediocentro,Andrés Antañón,0.9069,Javier Muñoz,0.7701,Yellu Santiago,0.767,Michel Ndary Adopo,0.7237,Davide Frattesi,0.7226,Michele Collocolo,0.7181,Þórir Jóhann Helgason,0.7163,Florian Neuhaus,0.697,Pedro Díaz,0.6858,Mathias Rasmussen,0.6834,Juan Arizala,0.6601,Alex Král,0.6572,Jon Guridi,0.6563,Raoul Bellanova,0.653,Pape Cabral,0.6436
Jon Guridi,Mediocentro,Michele Collocolo,0.9202,Mathias Rasmussen,0.9116,Branco van den Boomen,0.8714,Mathis Amougou,0.8598,Pedro Díaz,0.8527,Juan Arizala,0.8439,Ben Cremaschi,0.8232,Sergio Martínez,0.818,Samuel Iling-Junior,0.8009,Samu Becerra,0.7976,Djaoui Cissé,0.7695,Andy Irving,0.7627,Paul Pogba,0.7576,Noah Sadiki,0.7523,Gabriele Piccinini,0.7514
Eder García,Mediocentro,Taufik Seidu,0.9387,George Hemmings,0.9214,Trey Nyoni,0.9136,André Gomes,0.8772,Ibai Aguirre,0.8752,Djibril Coulibaly,0.8752,Sergio Martínez,0.8563,Joan Jordán,0.8424,Umut Tohumcu,0.8412,Manu Bueno,0.8353,Warren Bondo,0.8199,Carlos Macià,0.779,Adrien Rabiot,0.776,Daniel Xavier Semedo,0.7356,Ivan Ilić,0.7247
Sergi Altimira,Mediocentro,Mateus Fernandes,0.9422,Lamine Camara,0.8728,Emirhan İlkhan,0.8095,Ilaix Moriba,0.7893,Valentin Rongier,0.7549,Cristian Cásseres Jr.,0.7154,Conor Gallagher,0.7073,Yasin Ayari,0.7061,Luca Mazzitelli,0.6721,Sean Longstaff,0.6597,Mamadou Sangare,0.6401,Mahmoud Dahoud,0.6174,Santi Comesaña,0.6149,Elliot Anderson,0.6136,Koke,0.5878
Olasagasti,Mediocentro,Toma Bašić,0.8242,Pedri,0.809,Valentín Barco,0.7889,Johan Manzambi,0.7636,Federico Valverde,0.7191,Álex Sala,0.6836,Carlos Soler,0.6413,Aron Dønnum,0.6374,Hicham Boudaoui,0.6234,Sergi Darder,0.621,Edu Expósito,0.6064,Ludovic Blas,0.6056,Emirhan İlkhan,0.5933,Luis Milla,0.5889,Jari Vandeputte,0.5884
Alejandro Rego,Mediocentro,Jean-Daniel Akpa-Akpro,0.817,Mario Sauer,0.773,Roberto Gagliardini,0.7279,Beñat Prados,0.6871,Valentin Rongier,0.6766,Antoine Bernede,0.6395,Iñigo Ruiz de Galarreta,0.6174,Lucas Tousart,0.6143,Josh Laurent,0.6039,Pathé Ciss,0.5969,Javi Morcillo,0.5944,Yehor Yarmoliuk,0.5894,João Gomes,0.5754,Michel Aebischer,0.5645,Mateus Fernandes,0.5611
Kwasi Sibo,Mediocentro,Carlos Macià,0.8937,Joan Jordán,0.8856,Daniel Xavier Semedo,0.8673,Joseph Liteta,0.8438,Lancinet Kourouma,0.8381,Unai Vencedor Paris,0.8258,Ayyoub Bouaddi,0.8068,Damián,0.802,Ivan Ilić,0.7938,Sergio Martínez,0.7883,André Gomes,0.7872,Djibril Coulibaly,0.7871,Ibai Aguirre,0.7871,Francis Abu,0.7756,Denis Huseinbasic,0.7707
Frenkie de Jong,Mediocentro,Jacob Ramsey,0.9469,Ander Guevara,0.8974,Pedri,0.8745,Alberto Reina,0.8278,Pol Lozano,0.8121,Christian Ordoñez,0.7845,Oscar Højlund,0.7841,Ismaël Koné,0.7752,Manu Morlanes,0.7526,Aron Dønnum,0.7413,Mattias Svanberg,0.7376,Lewis Ferguson,0.7332,Santi Comesaña,0.6925,Alexis Vossah,0.6876,Bilal Nadir,0.6851
Alassane Diatta,Mediocentro,Tomás Esteves,1.0,Luka Đurić,1.0,Dachi Lordkipanidze,1.0,Tyler Fletcher,1.0,Gael Lafont,1.0,Hugo Solozabal,1.0,Mitchel Bakker,1.0,Callum Olusesi,1.0,Hugo García,1.0,Jorge Cestero,1.0,Vincent Burlet,0.9097,Ben Cremaschi,0.9094,Joseph Nduquidi,0.8918,Tidiane Devernois,0.8906,Ibai Aguirre,0.8862
Jorge Cestero,Mediocentro,Tomás Esteves,1.0,Luka Đurić,1.0,Dachi Lordkipanidze,1.0,Tyler Fletcher,1.0,Gael Lafont,1.0,Hugo Solozabal,1.0,Mitchel Bakker,1.0,Callum Olusesi,1.0,Hugo García,1.0,Alassane Diatta,1.0,Vincent Burlet,0.9097,Ben Cremaschi,0.9094,Joseph Nduquidi,0.8918,Tidiane Devernois,0.8906,Ibai Aguirre,0.8862
Hugo García,Mediocentro,Tomás Esteves,1.0,Luka Đurić,1.0,Dachi Lordkipanidze,1.0,Tyler Fletcher,1.0,Gael Lafont,1.0,Hugo Solozabal,1.0,Mitchel Bakker,1.0,Callum Olusesi,1.0,Jorge Cestero,1.0,Alassane Diatta,1.0,Vincent Burlet,0.9097,Ben Cremaschi,0.9094,Joseph Nduquidi,0.8918,Tidiane Devernois,0.8906,Ibai Aguirre,0.8862
Ibai Aguirre,Mediocentro,Djibril Coulibaly,1.0,André Gomes,1.0,Taufik Seidu,0.9336,George Hemmings,0.9302,Manu Bueno,0.8911,Hugo García,0.8862,Callum Olusesi,0.8862,Tyler Fletcher,0.8862,Luka Đurić,0.8862,Mitchel Bakker,0.8862,Alassane Diatta,0.8862,Gael Lafont,0.8862,Jorge Cestero,0.8862,Tomás Esteves,0.8862,Hugo Solozabal,0.8862
Eduardo Camavinga,Mediocentro,Andrey Santos,0.9195,Simon Ebonog,0.879,Gonzalo Villar,0.8442,Roberto Gagliardini,0.8135,Iñigo Ruiz de Galarreta,0.7918,Aleix Febas,0.7467,Yannick Gerhardt,0.7286,Ilaix Moriba,0.7047,Miguel Román,0.6941,Carney Chukwuemeka,0.6522,Jean-Daniel Akpa-Akpro,0.6375,João Gomes,0.6358,Michel Aebischer,0.5894,Johnny Cardoso,0.589,Samir El Mourabet,0.5778
Hugo Solozabal,Mediocentro,Tomás Esteves,1.0,Luka Đurić,1.0,Dachi Lordkipanidze,1.0,Tyler Fletcher,1.0,Gael Lafont,1.0,Mitchel Bakker,1.0,Callum Olusesi,1.0,Hugo García,1.0,Jorge Cestero,1.0,Alassane Diatta,1.0,Vincent Burlet,0.9097,Ben Cremaschi,0.9094,Joseph Nduquidi,0.8918,Tidiane Devernois,0.8906,Ibai Aguirre,0.8862
Filip Ugrinic,Mediocentro,Lorenzo Bernasconi,0.9039,Alessio Zerbin,0.8449,Lennon Miller,0.8199,Carles Aleñá,0.8189,James Milner,0.7992,Naouirou Ahamada,0.7767,Jon Moncayola,0.769,Raoul Bellanova,0.7255,Valentino Lazaro,0.7243,Krépin Diatta,0.7226,Joe Willock,0.682,Janik Haberer,0.6612,Samuele Angori,0.6591,Marcel Sabitzer,0.653,Obed Vargas,0.6453
Samu Becerra,Mediocentro,Ben Cremaschi,0.9746,Samuel Iling-Junior,0.886,Vincent Burlet,0.8789,Ibai Aguirre,0.8786,Djibril Coulibaly,0.8786,André Gomes,0.8779,Manu Bueno,0.8764,Joseph Nduquidi,0.873,Tidiane Devernois,0.8726,Adrien Rabiot,0.8572,Gael Lafont,0.8518,Hugo Solozabal,0.8518,Hugo García,0.8518,Jorge Cestero,0.8518,Alassane Diatta,0.8518
Jan Salas,Mediocentro,Rouven Tarnutzer,1.0,Glen Kamara,0.9997,Pharell Hensel,0.9535,Yangel Herrera,0.8963,Dan Neil,0.894,Exequiel Palacios,0.8727,Denis Huseinbasic,0.8556,Luka Đurić,0.8328,Hugo García,0.8328,Tomás Esteves,0.8328,Gael Lafont,0.8328,Jorge Cestero,0.8328,Alassane Diatta,0.8328,Mitchel Bakker,0.8328,Dachi Lordkipanidze,0.8328
Beñat Turrientes,Mediocentro,Ezechiel Banzuzi,0.9256,Ryan Yates,0.905,Rodrigo Mendoza,0.8382,Pierrick Capelle,0.8368,Andrija Bulatović,0.7845,Thiago Pinar,0.7831,Carlos Alcaraz,0.7484,Carles Aleñá,0.7314,Selton Sánchez,0.7247,Patrizio Masini,0.71,Joe Willock,0.7092,Connor Metcalfe,0.7033,Alessandro Deiola,0.7002,Álex Sala,0.6895,Gvidas Gineitis,0.6731
Martim Neto,Mediocentro,Mario Pašalić,0.9655,Jan Schöppner,0.9329,Kenneth Taylor,0.9087,Warren Zaïre-Emery,0.8924,Aleix García,0.8752,Javier Guerra,0.8709,Leon Goretzka,0.8694,Niccolò Pisilli,0.8686,Matt O'Riley,0.8631,Amadou Haidara,0.8515,Nicolò Barella,0.8407,Weston McKennie,0.8358,Mahmoud Dahoud,0.8297,Djibril Sow,0.8276,Pape Matar Sarr,0.8258
Taufik Seidu,Mediocentro,Eder García,0.9387,André Gomes,0.935,Djibril Coulibaly,0.9336,Ibai Aguirre,0.9336,Joan Jordán,0.9188,Manu Bueno,0.9187,Sergio Martínez,0.8557,Carlos Macià,0.8548,George Hemmings,0.8495,Umut Tohumcu,0.849,Trey Nyoni,0.842,Samu Becerra,0.8375,Ivan Ilić,0.834,Adrien Rabiot,0.8338,Warren Bondo,0.8326
Hugo Sotelo,Mediocentro,Jon Moncayola,0.9173,Valentino Lazaro,0.8952,Morgan Sanson,0.8846,Branco van den Boomen,0.7908,Krépin Diatta,0.7807,Nikolas Veratschnig,0.7613,Obed Vargas,0.7497,Joel Fujita,0.7317,Oier Zarraga,0.7264,Lewis Cook,0.7184,Noah Sadiki,0.7015,Ayyoub Bouaddi,0.6894,Pierrick Capelle,0.681,Matías Vecino,0.681,Sandi Lovrić,0.679
Unai López,Mediocentro,Bilal Nadir,0.978,Jackson Irvine,0.8545,Aron Dønnum,0.8209,Iván Martín,0.7938,Antonio Sánchez,0.7775,Oscar Højlund,0.7111,Pol Lozano,0.6947,Jacob Ramsey,0.6677,Mikel Jauregizar,0.6642,Frenkie de Jong,0.6638,Ander Guevara,0.6446,Lewis Ferguson,0.6431,Pedri,0.6109,Rocco Reitz,0.6091,Christian Ordoñez,0.6045
Daniel Parejo,Mediocentro,Robert Skov,0.9107,Joel Mvuka,0.8987,Íñigo Sainz-Maza,0.8875,Bara Ndiaye,0.8825,Douglas Luiz,0.8778,Dani Ceballos,0.8761,Alex Tóth,0.8567,Amorim,0.8516,Grigoris Kastanos,0.8496,Oier Zarraga,0.8283,Haris Belkebla,0.8218,Will Hughes,0.8172,Quinten Timber,0.8141,Sandi Lovrić,0.7948,Jacopo Fazzini,0.7938
Gavi,Mediocentro,Simon Sohm,0.954,Leonardo Bittencourt,0.8817,Tim Iroegbunam,0.7967,Pierrick Capelle,0.7632,Tyrese Noubissié,0.758,Frank Onyeka,0.7545,Lennon Miller,0.74,Brando Bettazzi,0.7388,Myles Lewis-Skelly,0.7315,Obed Vargas,0.7122,Exequiel Palacios,0.689,Ebenezer Akinsanmiro,0.6868,Johnny Cardoso,0.681,Ivan Ilić,0.6715,Umut Tohumcu,0.6679
Javi Morcillo,Mediocentro,Johnny Cardoso,0.9777,Aldasoro,0.9666,Beñat Prados,0.9604,Ivan Ilić,0.9235,Believe Munongo,0.9184,Tyrese Noubissié,0.915,Francis Abu,0.8906,Tim Iroegbunam,0.8846,Youssef Maleh,0.8727,Matías Vecino,0.8628,Oier Zarraga,0.8505,Damián,0.8493,Ebenezer Akinsanmiro,0.8459,Sergi Roberto,0.8279,Carlos Macià,0.8038
Javier Muñoz,Mediocentro,Þórir Jóhann Helgason,0.9107,Pape Cabral,0.9095,Andrés Antañón,0.855,Felipe Chávez,0.8489,Mathis Amougou,0.8214,Gabriele Piccinini,0.7922,Juan Arizala,0.7827,Florian Neuhaus,0.7764,Donny van de Beek,0.7701,Pedro Díaz,0.7594,Djaoui Cissé,0.748,Branco van den Boomen,0.7441,Jon Guridi,0.7201,Jhon Solis,0.7158,Mohamed Kaba,0.7038
Álvaro Fidalgo,Mediocentro,Cher Ndour,0.8863,Mathias Jensen,0.8675,Elvis Rexhbeçaj,0.8454,Rodrigo Gomes,0.8299,Andy Diouf,0.8043,Albert Sambi Lokonga,0.792,Mezian Soares,0.782,Fisayo Dele-Bashiru,0.7707,Seko Fofana,0.7699,Sebastian Nanasi,0.7391,Jurgen Ekkelenkamp,0.7305,Harrison Reed,0.7282,Rassoul Ndiaye,0.7138,Ao Tanaka,0.7102,Davide Zappacosta,0.7047
Yangel Herrera,Mediocentro,Dan Neil,0.9393,Pharell Hensel,0.916,Haris Belkebla,0.9114,Bara Ndiaye,0.9102,Rouven Tarnutzer,0.8967,Jan Salas,0.8963,Glen Kamara,0.8939,Alex Tóth,0.8875,Exequiel Palacios,0.8761,Denis Huseinbasic,0.871,Noah Sadiki,0.8496,Dani Ceballos,0.839,Joel Mvuka,0.8386,Amorim,0.8316,Íñigo Sainz-Maza,0.8238
Damián,Mediocentro,Francis Abu,0.9643,Matías Vecino,0.9618,Carlos Macià,0.9452,Daniel Xavier Semedo,0.9354,Joseph Liteta,0.9254,Ivan Ilić,0.909,Beñat Prados,0.906,Believe Munongo,0.9059,Paul Pogba,0.8879,Javi Morcillo,0.8493,Johnny Cardoso,0.8419,Oier Zarraga,0.8273,Íñigo Sainz-Maza,0.8066,Kwasi Sibo,0.802,Tyrese Noubissié,0.7976
Ander Guevara,Mediocentro,Jacob Ramsey,0.9159,Pol Lozano,0.9134,Manu Morlanes,0.9107,Frenkie de Jong,0.8974,Oscar Højlund,0.8948,Christian Ordoñez,0.8556,Alexis Vossah,0.8198,Santi Comesaña,0.7857,Alberto Reina,0.7804,Mattias Svanberg,0.7622,Lewis Ferguson,0.7482,Pathé Ciss,0.745,Mamadou Coulibaly,0.7423,Pedri,0.7407,Aron Dønnum,0.7345
Thiago Pinar,Mediocentro,Rodrigo Mendoza,0.8614,Selton Sánchez,0.8186,Beñat Turrientes,0.7831,Alessandro Deiola,0.7458,Carles Aleñá,0.734,Connor Metcalfe,0.7323,Joe Willock,0.7183,James Milner,0.7161,Ryan Yates,0.6864,Alessio Zerbin,0.6715,Frank Onyeka,0.6563,Ezechiel Banzuzi,0.6552,Filip Ugrinic,0.6361,Carlos Alcaraz,0.6339,Lennon Miller,0.6154
Matías Vecino,Mediocentro,Damián,0.9618,Believe Munongo,0.9557,Francis Abu,0.944,Beñat Prados,0.9182,Paul Pogba,0.9106,Oier Zarraga,0.8863,Carlos Macià,0.8863,Javi Morcillo,0.8628,Daniel Xavier Semedo,0.8553,Ivan Ilić,0.8506,Joseph Liteta,0.8382,Johnny Cardoso,0.8294,Robert Skov,0.7919,Aldasoro,0.7862,Youssef Maleh,0.7824
Dani Ceballos,Mediocentro,Íñigo Sainz-Maza,0.9861,Haris Belkebla,0.9636,Bara Ndiaye,0.9446,Alex Tóth,0.9161,Robert Skov,0.908,Will Hughes,0.8834,Francis Abu,0.8807,Tyrese Noubissié,0.8762,Daniel Parejo,0.8761,Grigoris Kastanos,0.8755,Johnny Cardoso,0.8696,Brando Bettazzi,0.8669,Ebenezer Akinsanmiro,0.8657,Aldasoro,0.8517,Youssef Maleh,0.8398
Asier Osambela,Mediocentro,Tommaso Pobega,0.9313,Oscar Fraulo,0.8363,Rudy Matondo,0.8267,Mahdi Camara,0.8222,Mattéo Guendouzi,0.811,Pathé Ciss,0.8032,Castrop Jens,0.7719,András Schäfer,0.7668,Carlos Soler,0.7567,Cesare Casadei,0.7553,Diego Gómez,0.7428,Noah Cadiou,0.7309,Suat Serdar,0.7271,Mario Sauer,0.7156,Jahyann Pandore,0.7085
Manu Bueno,Mediocentro,Umut Tohumcu,0.9631,Myles Lewis-Skelly,0.9481,Warren Bondo,0.9325,Adrien Rabiot,0.931,Taufik Seidu,0.9187,Yunus Musah,0.8956,André Gomes,0.8913,Djibril Coulibaly,0.8911,Ibai Aguirre,0.8911,Denis Huseinbasic,0.8807,Samu Becerra,0.8764,İsak Vural,0.8548,Brando Bettazzi,0.8487,Will Hughes,0.8438,Noah Sadiki,0.8406
Jhon Solis,Mediocentro,Yellu Santiago,0.8549,Pape Cabral,0.8328,Pharell Hensel,0.8,Mathias Rasmussen,0.7882,Alex Král,0.7858,Mathis Amougou,0.7805,Felipe Chávez,0.7805,Florian Neuhaus,0.7566,Juan Arizala,0.7463,Harrison Armstrong,0.7373,Mohamed Kaba,0.7357,Khalis Merah,0.7299,Þórir Jóhann Helgason,0.7298,Pedro Díaz,0.7271,Javier Muñoz,0.7158
Selton Sánchez,Mediocentro,Rodrigo Mendoza,0.8859,Thiago Pinar,0.8186,Alexis Mac Allister,0.8068,Tanguy Ndombele,0.7713,Carlos Alcaraz,0.7365,Beñat Turrientes,0.7247,Frank Onyeka,0.7041,Carles Aleñá,0.6687,Joe Willock,0.6408,Álex Sala,0.6385,Habib Diarra,0.6377,Alessio Zerbin,0.637,Alessandro Deiola,0.5964,Ryan Yates,0.5768,Andrija Bulatović,0.5693
Andrés Antañón,Mediocentro,Donny van de Beek,0.9069,Javier Muñoz,0.855,Pape Cabral,0.8099,Yellu Santiago,0.7688,Florian Neuhaus,0.7378,George Hemmings,0.728,Davide Frattesi,0.71,Þórir Jóhann Helgason,0.6925,Jhon Solis,0.6856,Pedro Díaz,0.6787,Trey Nyoni,0.6674,Mathis Amougou,0.6577,Mohamed Kaba,0.6363,Michele Collocolo,0.636,Gabriele Piccinini,0.6247
Fran Beltrán,Mediocentro,Jessy Deminguet,0.8918,Miguel Román,0.8696,Lucas Tousart,0.8266,Ao Tanaka,0.8258,Han-Noah Massengo,0.8047,Andrey Santos,0.7177,Felipe Loyola,0.698,Yannick Gerhardt,0.6804,Óscar Valentín,0.6681,Koke,0.6613,Kévin Danois,0.6385,Mario Sauer,0.6219,Jean-Daniel Akpa-Akpro,0.6201,Roberto Gagliardini,0.6182,Noah Cadiou,0.5795
Carlos Macià,Mediocentro,Daniel Xavier Semedo,0.9837,Damián,0.9452,Joseph Liteta,0.9441,Ivan Ilić,0.9226,Francis Abu,0.9014,Kwasi Sibo,0.8937,Matías Vecino,0.8863,Believe Munongo,0.8807,Paul Pogba,0.8794,André Gomes,0.8686,Ibai Aguirre,0.8681,Djibril Coulibaly,0.8681,Beñat Prados,0.8628,Denis Huseinbasic,0.8578,Taufik Seidu,0.8548
Beñat Prados,Mediocentro,Javi Morcillo,0.9604,Believe Munongo,0.9597,Matías Vecino,0.9182,Ivan Ilić,0.9169,Johnny Cardoso,0.9156,Damián,0.906,Francis Abu,0.8831,Aldasoro,0.8736,Carlos Macià,0.8628,Oier Zarraga,0.8487,Tyrese Noubissié,0.8427,Tim Iroegbunam,0.8352,Daniel Xavier Semedo,0.7978,Paul Pogba,0.7913,Youssef Maleh,0.7807
Luka Sučić,Mediocentro,Mezian Soares,0.9725,Harrison Reed,0.9546,Sebastian Nanasi,0.9463,Ross Barkley,0.9314,Vincent Marchetti,0.9171,Tijjani Reijnders,0.9135,Kenneth Taylor,0.904,Amadou Haidara,0.9021,João Neves,0.9003,Jurgen Ekkelenkamp,0.8901,Leon Goretzka,0.8891,Jens Stage,0.8845,Morten Thorsby,0.8756,Weston McKennie,0.8672,Grischa Prömel,0.8666
Ramón Terrats,Mediocentro,Nicola Zalewski,0.9005,Alexis Saelemaekers,0.8797,Nicolò Fagioli,0.8717,Sean Longstaff,0.8361,Maxence Caqueret,0.8163,Medon Berisha,0.8071,Rassoul Ndiaye,0.7976,Enzo Le Fée,0.7847,Diego Moreira,0.7806,Lamine Camara,0.775,John McGinn,0.7526,Keane Lewis-Potter,0.7371,Elliot Anderson,0.7364,Ludovic Blas,0.7345,Kiernan Dewsbury-Hall,0.7235
Antonio Sánchez,Mediocentro,Iván Martín,0.9407,Jackson Irvine,0.9214,Mikel Jauregizar,0.8848,Unai López,0.7775,Christian Ordoñez,0.7628,Idrissa Touré,0.7596,Lewis Ferguson,0.7504,Ayyoub Bouaddi,0.7325,Pol Lozano,0.727,Oscar Højlund,0.6988,Aron Dønnum,0.695,Josh Laurent,0.6872,Unai Vencedor Paris,0.6857,Bilal Nadir,0.6596,Manu Morlanes,0.6012
Santi Cazorla,Mediocentro,Samuele Angori,0.8134,Mikael Ellertsson,0.7398,Naouirou Ahamada,0.7319,Khalis Merah,0.713,Noah Sadiki,0.7099,Amorim,0.7016,Iván Martín,0.6995,Yangel Herrera,0.6968,Obed Vargas,0.6799,Exequiel Palacios,0.6717,Lewis Cook,0.667,Jackson Irvine,0.6659,James Ward-Prowse,0.6571,Alex Tóth,0.6403,Joel Mvuka,0.627
Unai Vencedor Paris,Mediocentro,Tyrese Noubissié,0.8823,Ivan Ilić,0.8715,Will Hughes,0.8362,Ayyoub Bouaddi,0.827,Kwasi Sibo,0.8258,Joan Jordán,0.8176,Oier Zarraga,0.8142,Johnny Cardoso,0.8104,Adrien Rabiot,0.7811,Noah Sadiki,0.7777,Sergio Martínez,0.7773,Quinten Timber,0.7751,Javi Morcillo,0.7665,Alex Tóth,0.7652,Francis Abu,0.7645
Manuel Ángel,Mediocentro,Arthur Avom,0.8396,Josh Cullen,0.7699,Remo Freuler,0.7444,Piotr Zieliński,0.7255,Mohamed Kaba,0.4756,Mathis Amougou,0.4741,Gabriele Piccinini,0.4436,Alex Král,0.417,Khalis Merah,0.4116,Pape Cabral,0.399,Yellu Santiago,0.3973,Harrison Armstrong,0.3754,Jhon Solis,0.3699,Sergi Roberto,0.3663,Djaoui Cissé,0.3581
Rodrigo Mendoza,Mediocentro,Selton Sánchez,0.8859,Thiago Pinar,0.8614,Beñat Turrientes,0.8382,Carlos Alcaraz,0.77,Alessandro Deiola,0.7431,Ezechiel Banzuzi,0.7087,Frank Onyeka,0.667,Alexis Mac Allister,0.6651,Joe Willock,0.6367,Carles Aleñá,0.6253,Ryan Yates,0.6078,Alessio Zerbin,0.6003,Tanguy Ndombele,0.5744,Eder García,0.5509,Simon Sohm,0.5325
Nelson Deossa,Mediocentro,İsak Vural,0.9592,Aster Vranckx,0.938,Hernani,0.901,Jacopo Fazzini,0.8963,Quinten Timber,0.8901,Amir Richardson,0.8892,Umut Tohumcu,0.8783,Myles Lewis-Skelly,0.8507,Adrien Rabiot,0.8357,Warren Bondo,0.8353,Youssef Maleh,0.8288,Will Hughes,0.8266,Yunus Musah,0.8196,Sergi Roberto,0.815,Brando Bettazzi,0.8075
Obed Vargas,Mediocentro,Krépin Diatta,0.8949,Lennon Miller,0.8525,Janik Haberer,0.8379,Jon Moncayola,0.8159,Amorim,0.8125,Leonardo Bittencourt,0.8104,Naouirou Ahamada,0.8099,Noah Sadiki,0.8075,Valentino Lazaro,0.8068,Robert Skov,0.7906,Morgan Sanson,0.7901,Nikolas Veratschnig,0.7898,Samuele Angori,0.7879,Alex Tóth,0.7631,Lorenzo Bernasconi,0.7611
Gonzalo Villar,Mediocentro,Eduardo Camavinga,0.8442,Andrey Santos,0.8366,Aleix Febas,0.8036,Carney Chukwuemeka,0.8012,Lassana Coulibaly,0.7884,Tom Cairney,0.7466,Yannick Gerhardt,0.709,Ilaix Moriba,0.6785,Manu Koné,0.6633,Miguel Román,0.6504,Elvis Rexhbeçaj,0.6391,Jessy Deminguet,0.6129,Petar Sučić,0.6111,Samir El Mourabet,0.6087,Koke,0.6058
Johnny Cardoso,Mediocentro,Javi Morcillo,0.9777,Aldasoro,0.9724,Tyrese Noubissié,0.9592,Ivan Ilić,0.9369,Beñat Prados,0.9156,Francis Abu,0.9124,Tim Iroegbunam,0.8904,Youssef Maleh,0.8723,Dani Ceballos,0.8696,Oier Zarraga,0.8693,Íñigo Sainz-Maza,0.8676,Ebenezer Akinsanmiro,0.8662,Will Hughes,0.8593,Believe Munongo,0.8544,Michel Aebischer,0.851
Mikel Jauregizar,Mediocentro,Antonio Sánchez,0.8848,Pol Lozano,0.8396,Christian Ordoñez,0.8391,Aron Dønnum,0.802,Jackson Irvine,0.801,Manu Morlanes,0.7963,Iván Martín,0.7881,Oscar Højlund,0.7568,Pathé Ciss,0.7557,Josh Laurent,0.7374,Lewis Ferguson,0.729,Alberto Reina,0.7018,Óscar Valentín,0.6889,Ander Guevara,0.6861,Unai López,0.6642
Santi Comesaña,Mediocentro,Mamadou Coulibaly,0.8303,Emirhan İlkhan,0.7951,Mahmoud Dahoud,0.7861,Ander Guevara,0.7857,Tom Louchet,0.7632,Niccolò Pisilli,0.7227,Jacob Ramsey,0.7202,Luca Mazzitelli,0.7127,Johan Manzambi,0.7118,Djibril Sow,0.7097,Pape Matar Sarr,0.7065,Amadou Haidara,0.6957,Martim Neto,0.6941,Tommaso Pobega,0.6934,Leon Goretzka,0.6932
Pablo Fornals,Mediocentro,Jurgen Ekkelenkamp,0.965,Diego Moreira,0.9645,Javier Guerra,0.9621,Tom Bischof,0.936,Medon Berisha,0.9358,Sebastian Nanasi,0.9209,Senny Mayulu,0.9106,Kiernan Dewsbury-Hall,0.9106,Weston McKennie,0.9067,Tijjani Reijnders,0.9002,Filip Kostić,0.8963,Declan Rice,0.8949,Leon Goretzka,0.8926,Arthur Atta,0.8924,Nadiem Amiri,0.8876
Iván Martín,Mediocentro,Jackson Irvine,0.953,Antonio Sánchez,0.9407,Unai López,0.7938,Mikel Jauregizar,0.7881,Lewis Ferguson,0.7743,Christian Ordoñez,0.7642,Pol Lozano,0.7162,Santi Cazorla,0.6995,Bilal Nadir,0.6865,Oscar Højlund,0.6801,Aron Dønnum,0.6662,Mikael Ellertsson,0.6547,Unai Vencedor Paris,0.651,Ayyoub Bouaddi,0.6455,Idrissa Touré,0.6173
Edu Expósito,Mediocentro,Jari Vandeputte,0.9235,Enzo Le Fée,0.8702,Nicola Zalewski,0.8385,Adrien Thomasson,0.8171,Hicham Boudaoui,0.8121,Andrija Bulatović,0.7952,Ludovic Blas,0.7698,Panos Katseris,0.7597,Álex Sala,0.725,Joe Willock,0.7221,Valentín Barco,0.7168,Youri Tielemans,0.7086,Pascal Groß,0.6857,Ramón Terrats,0.6833,Medon Berisha,0.6813
Ilaix Moriba,Mediocentro,Mateus Fernandes,0.7923,Sergi Altimira,0.7893,Manu Koné,0.7761,Carney Chukwuemeka,0.745,Iñigo Ruiz de Galarreta,0.7441,Lamine Camara,0.7373,Andrey Santos,0.7121,Eduardo Camavinga,0.7047,Gonzalo Villar,0.6785,Petar Sučić,0.6535,Aleix Febas,0.6248,Roberto Gagliardini,0.6227,Simon Ebonog,0.601,Emirhan İlkhan,0.5822,Conor Gallagher,0.5694
Pedro Díaz,Mediocentro,Mathias Rasmussen,0.8699,Jon Guridi,0.8527,Florian Neuhaus,0.8314,Branco van den Boomen,0.8276,Michele Collocolo,0.7937,Khalis Merah,0.7785,Juan Arizala,0.7644,Paul Pogba,0.7595,Javier Muñoz,0.7594,Ben Cremaschi,0.7523,Mathis Amougou,0.748,Noah Sadiki,0.7378,Jhon Solis,0.7271,Þórir Jóhann Helgason,0.7205,Pharell Hensel,0.717
Mauro Arambarri,Mediocentro,Ruben Loftus-Cheek,0.867,Junior Dina Ebimbe,0.8576,Azzedine Ounahi,0.854,Pape Gueye,0.8486,Corentin Tolisso,0.8483,Mikel Merino,0.8228,Grischa Prömel,0.8165,Bruno Guimarães,0.8095,Jens Stage,0.8031,Ruslan Malinovskyi,0.7937,Kristian Thorstvedt,0.7934,Scott McTominay,0.7899,Jean-Ricner Bellegarde,0.7872,Nikolas Nartey,0.7617,Alexander Prass,0.7616
Alberto Reina,Mediocentro,Ismaël Koné,0.9073,Jacob Ramsey,0.9051,Mattias Svanberg,0.903,Mattéo Guendouzi,0.8658,Oscar Højlund,0.8505,Pol Lozano,0.8446,Frenkie de Jong,0.8278,Christian Ordoñez,0.8254,Manu Morlanes,0.8112,Pedri,0.8109,Mahdi Camara,0.8106,Lewis Ferguson,0.8079,Aron Dønnum,0.7992,Ander Guevara,0.7804,Mikel Jauregizar,0.7018
Luis Milla,Mediocentro,Maximilian Arnold,0.8531,Lewis Miley,0.6919,Aleix García,0.6576,Fabián Ruiz Peña,0.6567,Frenkie de Jong,0.6499,Marcel Sabitzer,0.5959,Lorenzo Bernasconi,0.5949,Kobbie Mainoo,0.5908,Olasagasti,0.5889,Pedri,0.5844,Lewis Cook,0.5581,Valentín Barco,0.5485,Enzo Le Fée,0.54,Jari Vandeputte,0.539,Ramón Terrats,0.5384
Aleix Febas,Mediocentro,Gonzalo Villar,0.8036,Andrey Santos,0.768,Eduardo Camavinga,0.7467,Simon Ebonog,0.6257,Ilaix Moriba,0.6248,Lassana Coulibaly,0.5927,Iñigo Ruiz de Galarreta,0.573,Alex Scott,0.563,Carney Chukwuemeka,0.5547,Elliot Anderson,0.5435,Nicolò Fagioli,0.5432,Alexis Saelemaekers,0.5344,Conor Gallagher,0.5262,Samir El Mourabet,0.5062,Jessy Deminguet,0.5045
Koke,Mediocentro,Samir El Mourabet,0.8348,Kobbie Mainoo,0.7669,Kévin Danois,0.7606,Miguel Román,0.7454,Archie Gray,0.7151,Han-Noah Massengo,0.7143,Jan Schöppner,0.7103,Ao Tanaka,0.684,Fran Beltrán,0.6613,Mathias Jensen,0.6596,Luka Modrić,0.6557,Fisayo Dele-Bashiru,0.6315,Aleix García,0.631,Andrey Santos,0.6242,Mateus Fernandes,0.6159
Iñigo Ruiz de Galarreta,Mediocentro,Roberto Gagliardini,0.8281,Eduardo Camavinga,0.7918,João Gomes,0.7879,Simon Ebonog,0.767,Michel Aebischer,0.7592,Ilaix Moriba,0.7441,Andrey Santos,0.7417,Cristian Cásseres Jr.,0.7333,Johnny Cardoso,0.7036,Samir El Mourabet,0.693,Tim Iroegbunam,0.6835,Jean-Daniel Akpa-Akpro,0.6761,Aldasoro,0.6733,Mateus Fernandes,0.6414,Tyrese Noubissié,0.636
Djibril Sow,Mediocentro,Yan Couto,0.9235,Pape Matar Sarr,0.9174,Petar Sučić,0.9095,Filip Kostić,0.8899,Kenneth Taylor,0.8897,Maxence Caqueret,0.8855,Kiernan Dewsbury-Hall,0.8713,Mikel Merino,0.8633,Senny Mayulu,0.8626,Mamadou Coulibaly,0.8619,Niccolò Pisilli,0.8616,Sean Longstaff,0.8538,Jens Stage,0.8535,John McGinn,0.8483,Matt O'Riley,0.8482
Jon Moncayola,Mediocentro,Valentino Lazaro,0.963,Hugo Sotelo,0.9173,Lorenzo Bernasconi,0.8508,Krépin Diatta,0.8275,Obed Vargas,0.8159,Morgan Sanson,0.7803,Noah Sadiki,0.7698,Filip Ugrinic,0.769,Naouirou Ahamada,0.7641,Samu Becerra,0.764,Janik Haberer,0.7552,Samuel Iling-Junior,0.7548,Andy Irving,0.7478,Ben Cremaschi,0.7434,Joel Fujita,0.7268
Pol Lozano,Mediocentro,Christian Ordoñez,0.9679,Oscar Højlund,0.9537,Manu Morlanes,0.9263,Lewis Ferguson,0.9159,Ander Guevara,0.9134,Jacob Ramsey,0.8619,Alberto Reina,0.8446,Mikel Jauregizar,0.8396,Frenkie de Jong,0.8121,Mattias Svanberg,0.7785,Aron Dønnum,0.7727,Alexis Vossah,0.7682,Ismaël Koné,0.7639,Antonio Sánchez,0.727,Pathé Ciss,0.7246
Pape Gueye,Mediocentro,Kristian Thorstvedt,0.9428,Luca Mazzitelli,0.9201,Mamadou Sangare,0.9045,Mikel Merino,0.8903,Bruno Guimarães,0.8803,Grischa Prömel,0.8632,Mauro Arambarri,0.8486,Corentin Tolisso,0.8369,Petar Sučić,0.8319,Azzedine Ounahi,0.8288,Jens Stage,0.8242,John McGinn,0.8093,Nikolas Nartey,0.8036,Senny Mayulu,0.7992,Junior Dina Ebimbe,0.7948
Óscar Valentín,Mediocentro,Hugo Magnetti,0.8974,Josh Laurent,0.7521,Roberto Gagliardini,0.6917,Mikel Jauregizar,0.6889,Ayyoub Bouaddi,0.6762,Fran Beltrán,0.6681,Manu Morlanes,0.6575,Lancinet Kourouma,0.6571,Felipe Loyola,0.6565,Jobe Bellingham,0.6498,Kwasi Sibo,0.6389,Han-Noah Massengo,0.6298,Pathé Ciss,0.6274,Damián,0.6044,Christian Ordoñez,0.6034
Pedri,Mediocentro,Frenkie de Jong,0.8745,Aron Dønnum,0.8648,Jacob Ramsey,0.8277,Mattias Svanberg,0.8121,Alberto Reina,0.8109,Olasagasti,0.809,Johan Manzambi,0.779,Mattéo Guendouzi,0.7743,Emirhan İlkhan,0.7593,Valentín Barco,0.7535,Ander Guevara,0.7407,Ismaël Koné,0.7324,Toma Bašić,0.7181,Tom Louchet,0.716,Carlos Soler,0.6718
Pathé Ciss,Mediocentro,Manu Morlanes,0.8242,Asier Osambela,0.8032,Josh Laurent,0.7886,Tommaso Pobega,0.7689,Mahdi Camara,0.7566,Mikel Jauregizar,0.7557,Ander Guevara,0.745,Oscar Højlund,0.7353,András Schäfer,0.7353,Pol Lozano,0.7246,Mamadou Coulibaly,0.7034,Felipe Loyola,0.6648,Rudy Matondo,0.6588,Christian Ordoñez,0.6517,Aron Dønnum,0.6407
Carles Aleñá,Mediocentro,Lennon Miller,0.9194,Alessio Zerbin,0.8212,Filip Ugrinic,0.8189,Carlos Alcaraz,0.7912,Joe Willock,0.7894,Youri Tielemans,0.7758,Morgan Sanson,0.7645,Nikolas Veratschnig,0.751,Thiago Pinar,0.734,Beñat Turrientes,0.7314,Pierrick Capelle,0.7246,Gvidas Gineitis,0.691,Ryan Yates,0.671,Selton Sánchez,0.6687,Alessandro Deiola,0.6677
Carlos Soler,Mediocentro,Federico Valverde,0.9549,Toma Bašić,0.9225,Tom Louchet,0.8856,Mattéo Guendouzi,0.8457,Sebastian Nanasi,0.8075,Jurgen Ekkelenkamp,0.8047,Javier Guerra,0.7658,Castrop Jens,0.7645,Asier Osambela,0.7567,Leon Goretzka,0.7555,Mahdi Camara,0.7525,Ross Barkley,0.7512,Andre-Frank Zambo Anguissa,0.7448,Tom Bischof,0.7427,Pablo Fornals,0.7413
Javier Guerra,Mediocentro,Tom Bischof,0.9719,Pablo Fornals,0.9621,Senny Mayulu,0.9491,Medon Berisha,0.9458,Leon Goretzka,0.9406,Jurgen Ekkelenkamp,0.9375,Weston McKennie,0.9271,Sebastian Nanasi,0.9233,Nikolas Nartey,0.9148,Diego Moreira,0.9136,Tijjani Reijnders,0.9016,Filip Kostić,0.8928,Niccolò Pisilli,0.8849,Kiernan Dewsbury-Hall,0.8737,Martim Neto,0.8709
Pablo Ibáñez,Mediocentro,Jakub Piotrowski,0.9126,Juan Cuadrado,0.9009,Jean-Ricner Bellegarde,0.8824,Martín Payero,0.8124,Dehmaine Assoumani,0.8028,Alex Scott,0.7491,Kevin Paredes,0.7268,Cameron Puertas,0.7257,Carlos Alcaraz,0.7025,Hicham Boudaoui,0.688,Gvidas Gineitis,0.6819,Gabriele Piccinini,0.6519,Saša Lukić,0.6467,Djaoui Cissé,0.6207,Mohamed Kaba,0.6201
Sergi Darder,Mediocentro,Pascal Groß,0.898,Luis Henrique,0.8003,Lucas Da Cunha,0.7675,Jari Vandeputte,0.7496,Lewis Miley,0.7234,Fabián Ruiz Peña,0.7196,Davide Zappacosta,0.7092,Raoul Bellanova,0.6907,Declan Rice,0.6845,Edu Expósito,0.6799,Arthur Atta,0.6764,Enzo Le Fée,0.672,Keane Lewis-Potter,0.6596,Ludovic Blas,0.6467,Medon Berisha,0.6372
Manu Morlanes,Mediocentro,Christian Ordoñez,0.9333,Pol Lozano,0.9263,Ander Guevara,0.9107,Oscar Højlund,0.895,Pathé Ciss,0.8242,Alberto Reina,0.8112,Ismaël Koné,0.8096,Jacob Ramsey,0.8009,Alexis Vossah,0.799,Mikel Jauregizar,0.7963,Lewis Ferguson,0.7842,Frenkie de Jong,0.7526,Felipe Loyola,0.7515,Mahdi Camara,0.7391,Josh Laurent,0.7293
Azzedine Ounahi,Mediocentro,Corentin Tolisso,0.9551,Bruno Guimarães,0.9366,Nikolas Nartey,0.9205,Scott McTominay,0.9115,John McGinn,0.9037,Ludovic Blas,0.8983,Mikel Merino,0.8802,Nadiem Amiri,0.8792,Kiernan Dewsbury-Hall,0.8741,Assan Ouedraogo,0.8667,Arthur Atta,0.8594,Senny Mayulu,0.8558,Grischa Prömel,0.8545,Mauro Arambarri,0.854,Kristian Thorstvedt,0.8416
Federico Valverde,Mediocentro,Carlos Soler,0.9549,Toma Bašić,0.9345,Tom Louchet,0.8827,Javier Guerra,0.8564,Sebastian Nanasi,0.8516,Jurgen Ekkelenkamp,0.8166,Leon Goretzka,0.8149,Tom Bischof,0.8114,Amadou Haidara,0.8053,Pablo Fornals,0.7881,Nikolas Nartey,0.7708,Ross Barkley,0.7648,Tijjani Reijnders,0.7643,Lucas Da Cunha,0.7615,Assan Ouedraogo,0.7566
Grigoris Kastanos,Mediocentro,Ebenezer Akinsanmiro,0.948,Douglas Luiz,0.9346,Youssef Maleh,0.9237,Jacopo Fazzini,0.902,Patrizio Masini,0.9013,Aldasoro,0.8877,Dani Ceballos,0.8755,Íñigo Sainz-Maza,0.8633,Oier Zarraga,0.8586,Gvidas Gineitis,0.8549,Daniel Parejo,0.8496,Robert Skov,0.8468,Johnny Cardoso,0.8285,Francis Abu,0.8049,Alex Tóth,0.8045
Simon Sohm,Mediocentro,Gavi,0.954,Leonardo Bittencourt,0.8666,Tim Iroegbunam,0.8158,Tyrese Noubissié,0.7978,Exequiel Palacios,0.7841,Ivan Ilić,0.7731,Brando Bettazzi,0.7536,Pierrick Capelle,0.7482,Obed Vargas,0.7475,Myles Lewis-Skelly,0.7451,Noah Sadiki,0.7431,Frank Onyeka,0.7431,Manu Bueno,0.7408,Umut Tohumcu,0.7291,Warren Bondo,0.7252
Antoine Bernede,Mediocentro,Yehor Yarmoliuk,0.7806,Ivan Ilić,0.7174,Beñat Prados,0.7079,Taufik Seidu,0.7049,Joel Fujita,0.6951,Damián,0.6483,Alejandro Rego,0.6395,Carlos Macià,0.6362,Javi Morcillo,0.6219,Johnny Cardoso,0.6162,Tyrese Noubissié,0.6155,Daniel Xavier Semedo,0.6137,Michel Aebischer,0.6107,Samu Becerra,0.5977,Iñigo Ruiz de Galarreta,0.5851
Luca Mazzitelli,Mediocentro,Mamadou Sangare,0.9239,Pape Gueye,0.9201,Kristian Thorstvedt,0.8939,Filip Kostić,0.8753,Mikel Merino,0.8736,Pape Matar Sarr,0.8657,Fabio Miretti,0.8604,Senny Mayulu,0.8586,Bruno Guimarães,0.8448,Djibril Sow,0.8383,Petar Sučić,0.8243,Grischa Prömel,0.8233,Jens Stage,0.8025,Diego Gómez,0.7936,Sean Longstaff,0.7912
Roberto Gagliardini,Mediocentro,Simon Ebonog,0.9023,Michel Aebischer,0.8873,Jean-Daniel Akpa-Akpro,0.8739,Andrey Santos,0.8403,Johnny Cardoso,0.8308,Iñigo Ruiz de Galarreta,0.8281,João Gomes,0.8209,Eduardo Camavinga,0.8135,Aldasoro,0.8008,Javi Morcillo,0.7888,Beñat Prados,0.7387,Alejandro Rego,0.7279,Francis Abu,0.7136,Miguel Román,0.7072,Íñigo Sainz-Maza,0.7062
İsak Vural,Mediocentro,Aster Vranckx,0.9748,Nelson Deossa,0.9592,Myles Lewis-Skelly,0.9359,Umut Tohumcu,0.9324,Yunus Musah,0.9134,Adrien Rabiot,0.899,Quinten Timber,0.889,Hernani,0.8813,Warren Bondo,0.8752,Manu Bueno,0.8548,Amir Richardson,0.8307,Brando Bettazzi,0.8223,Will Hughes,0.8185,Jacopo Fazzini,0.7953,Janik Haberer,0.7792
Ben Cremaschi,Mediocentro,Samu Becerra,0.9746,Vincent Burlet,0.9553,Joseph Nduquidi,0.9505,Tidiane Devernois,0.9501,Samuel Iling-Junior,0.9375,Luka Đurić,0.9094,Hugo García,0.9094,Hugo Solozabal,0.9094,Gael Lafont,0.9094,Tomás Esteves,0.9094,Jorge Cestero,0.9094,Alassane Diatta,0.9094,Dachi Lordkipanidze,0.9094,Callum Olusesi,0.9094,Tyler Fletcher,0.9094
Amir Richardson,Mediocentro,Jacopo Fazzini,0.9162,Quinten Timber,0.9139,Hernani,0.9106,Nelson Deossa,0.8892,Brando Bettazzi,0.8816,Youssef Maleh,0.8612,Sergi Roberto,0.8518,Will Hughes,0.8423,Warren Bondo,0.8398,Aster Vranckx,0.8312,İsak Vural,0.8307,Umut Tohumcu,0.8288,Harrison Armstrong,0.8286,Yangel Herrera,0.8007,Dani Ceballos,0.7995
Valentino Lazaro,Mediocentro,Jon Moncayola,0.963,Hugo Sotelo,0.8952,Krépin Diatta,0.8921,Lorenzo Bernasconi,0.8347,Andy Irving,0.8219,Janik Haberer,0.8181,Samuel Iling-Junior,0.8158,Obed Vargas,0.8068,Morgan Sanson,0.8006,Samu Becerra,0.7863,Noah Sadiki,0.7726,Branco van den Boomen,0.7651,Ben Cremaschi,0.7593,Joel Fujita,0.7526,Filip Ugrinic,0.7243
Idrissa Touré,Mediocentro,Antonio Sánchez,0.7596,Juan Arizala,0.6311,Mikel Jauregizar,0.6192,Iván Martín,0.6173,Jackson Irvine,0.5926,Michel Ndary Adopo,0.5823,Sandi Lovrić,0.5719,Michele Collocolo,0.5599,Raoul Bellanova,0.5512,Mahdi Camara,0.5499,Mathias Rasmussen,0.5455,Josh Laurent,0.5451,Þórir Jóhann Helgason,0.5309,Jon Guridi,0.5251,Mathis Amougou,0.4685
Morten Thorsby,Mediocentro,Kenneth Taylor,0.9468,Weston McKennie,0.9122,Xaver Schlager,0.9075,Matt O'Riley,0.892,Luka Sučić,0.8756,Junior Dina Ebimbe,0.8738,Cesare Casadei,0.8733,Vincent Marchetti,0.8688,Ruben Loftus-Cheek,0.8643,Jens Stage,0.862,Tijjani Reijnders,0.8538,Harrison Reed,0.8448,Luca Kerber,0.8444,Pape Matar Sarr,0.8358,Grischa Prömel,0.8345
Juan Arizala,Mediocentro,Mathias Rasmussen,0.926,Þórir Jóhann Helgason,0.8966,Michele Collocolo,0.886,Mathis Amougou,0.8451,Jon Guridi,0.8439,Javier Muñoz,0.7827,Michel Ndary Adopo,0.7808,Pedro Díaz,0.7644,Branco van den Boomen,0.7544,Raoul Bellanova,0.7535,Andy Irving,0.7491,Jhon Solis,0.7463,Samuel Iling-Junior,0.7301,Felipe Chávez,0.7296,Khalis Merah,0.7244
Marco Brescianini,Mediocentro,Mario Pašalić,0.878,Warren Zaïre-Emery,0.8626,João Neves,0.8181,Martim Neto,0.7841,Tom Cairney,0.7719,Kenneth Taylor,0.7689,Jan Schöppner,0.7662,Amadou Haidara,0.7501,Luka Sučić,0.7385,Felix Nmecha,0.7314,Manu Koné,0.729,Lassana Coulibaly,0.6839,Ruben Loftus-Cheek,0.6722,Mezian Soares,0.6714,Aleix García,0.6651
Lennon Miller,Mediocentro,Carles Aleñá,0.9194,Obed Vargas,0.8525,Nikolas Veratschnig,0.8486,Filip Ugrinic,0.8199,Morgan Sanson,0.7992,Janik Haberer,0.7876,Krépin Diatta,0.749,Leonardo Bittencourt,0.7466,Gavi,0.74,Naouirou Ahamada,0.7315,Lorenzo Bernasconi,0.7314,Pierrick Capelle,0.7216,Simon Sohm,0.7018,Jon Moncayola,0.6888,Samuele Angori,0.6701
Neil El Aynaoui,Mediocentro,Yan Couto,0.8957,Pape Matar Sarr,0.8869,Mamadou Coulibaly,0.8775,Niccolò Pisilli,0.8743,Matt O'Riley,0.8649,Panos Katseris,0.8577,Djibril Sow,0.8447,Alessio Castro-Montes,0.8149,Adrien Thomasson,0.8127,Lucas Bergvall,0.7972,Maxence Caqueret,0.7966,Filip Kostić,0.7916,Edoardo Iannoni,0.7857,Henrikh Mkhitaryan,0.7857,Diego Gómez,0.7857
Mohamed Kaba,Mediocentro,Gabriele Piccinini,0.938,Davide Frattesi,0.9337,Alex Král,0.9288,Harrison Armstrong,0.8947,Djaoui Cissé,0.8515,Sergi Roberto,0.821,Pape Cabral,0.8118,Yellu Santiago,0.803,Amir Richardson,0.7994,Mathis Amougou,0.7976,Kevin Paredes,0.7831,Jhon Solis,0.7357,Felipe Chávez,0.7257,Jacopo Fazzini,0.7214,Javier Muñoz,0.7038
Michel Ndary Adopo,Mediocentro,Raoul Bellanova,0.8343,Luis Henrique,0.8036,Juan Arizala,0.7808,Michele Collocolo,0.7384,Þórir Jóhann Helgason,0.7323,Ísak Jóhannesson,0.7315,Donny van de Beek,0.7237,Jon Guridi,0.7138,Mathias Rasmussen,0.7075,Branco van den Boomen,0.6846,Tidiane Devernois,0.6503,Joseph Nduquidi,0.6494,Vincent Burlet,0.6339,Pascal Groß,0.6182,Javier Muñoz,0.6015
Emirhan İlkhan,Mediocentro,Sergi Altimira,0.8095,Santi Comesaña,0.7951,Pedri,0.7593,Johan Manzambi,0.7258,Lamine Camara,0.6876,Ander Guevara,0.6641,Mateus Fernandes,0.664,András Schäfer,0.6626,Tom Louchet,0.6503,Frenkie de Jong,0.6468,Yasin Ayari,0.646,Mamadou Coulibaly,0.6212,Olasagasti,0.5933,Tommaso Pobega,0.585,Aron Dønnum,0.5846
Lassana Coulibaly,Mediocentro,Tom Cairney,0.8629,Seko Fofana,0.8029,Carney Chukwuemeka,0.799,Cher Ndour,0.7902,Gonzalo Villar,0.7884,Elvis Rexhbeçaj,0.7848,Albert Sambi Lokonga,0.7097,Manu Koné,0.7047,Marco Brescianini,0.6839,Álvaro Fidalgo,0.6767,Michael Folorunsho,0.675,Ruben Loftus-Cheek,0.6655,João Neves,0.6454,Yannick Gerhardt,0.639,Xaver Schlager,0.6148
Þórir Jóhann Helgason,Mediocentro,Javier Muñoz,0.9107,Juan Arizala,0.8966,Felipe Chávez,0.8134,Pape Cabral,0.7866,Florian Neuhaus,0.781,Mathias Rasmussen,0.7721,Michel Ndary Adopo,0.7323,Jhon Solis,0.7298,Mathis Amougou,0.7274,Pedro Díaz,0.7205,Donny van de Beek,0.7163,Andrés Antañón,0.6925,Branco van den Boomen,0.6918,Michele Collocolo,0.6886,Jon Guridi,0.671
Jurgen Ekkelenkamp,Mediocentro,Sebastian Nanasi,0.9718,Pablo Fornals,0.965,Tijjani Reijnders,0.939,Javier Guerra,0.9375,Arthur Atta,0.9293,Tom Bischof,0.9122,Leon Goretzka,0.9088,Weston McKennie,0.9018,Rodrigo Gomes,0.898,Nikolas Nartey,0.8957,Senny Mayulu,0.8949,Harrison Reed,0.8942,Nadiem Amiri,0.8916,Kiernan Dewsbury-Hall,0.8916,Luka Sučić,0.8901
Abdou Harroui,Mediocentro,Sergio Martínez,0.7987,Adrien Rabiot,0.7985,James Milner,0.7398,Janik Haberer,0.7243,Aster Vranckx,0.7178,Jon Guridi,0.6877,Djaoui Cissé,0.6612,Branco van den Boomen,0.6399,İsak Vural,0.6323,Samu Becerra,0.6294,Nelson Deossa,0.6278,Valentino Lazaro,0.6233,Trey Nyoni,0.6072,Morgan Sanson,0.6051,Eder García,0.5981
Dachi Lordkipanidze,Mediocentro,Tomás Esteves,1.0,Luka Đurić,1.0,Tyler Fletcher,1.0,Gael Lafont,1.0,Hugo Solozabal,1.0,Mitchel Bakker,1.0,Callum Olusesi,1.0,Hugo García,1.0,Jorge Cestero,1.0,Alassane Diatta,1.0,Vincent Burlet,0.9097,Ben Cremaschi,0.9094,Joseph Nduquidi,0.8918,Tidiane Devernois,0.8906,Ibai Aguirre,0.8862
Medon Berisha,Mediocentro,Diego Moreira,0.9569,Ludovic Blas,0.9493,Javier Guerra,0.9458,Pablo Fornals,0.9358,Senny Mayulu,0.9307,Arthur Atta,0.9086,Kiernan Dewsbury-Hall,0.9059,Tom Bischof,0.9044,Tijjani Reijnders,0.899,Nikolas Nartey,0.8989,Rassoul Ndiaye,0.8936,Jurgen Ekkelenkamp,0.8874,Nadiem Amiri,0.8851,John McGinn,0.8839,Keane Lewis-Potter,0.8763
Ruslan Malinovskyi,Mediocentro,Marshall Munetsi,0.9207,Alexander Prass,0.9055,Corentin Tolisso,0.9047,Lucas Bergvall,0.9029,Ludovic Blas,0.8979,Fabio Miretti,0.8869,Henrikh Mkhitaryan,0.8847,Mikel Merino,0.8786,Bruno Guimarães,0.8724,Nadiem Amiri,0.8617,Weston McKennie,0.8578,Tijjani Reijnders,0.8566,Vincent Marchetti,0.8507,Senny Mayulu,0.8491,Nikolas Nartey,0.848
Remo Freuler,Mediocentro,Arthur Avom,0.9613,Josh Cullen,0.9288,Piotr Zieliński,0.8844,Manuel Ángel,0.7444,Koke,0.3619,Ilaix Moriba,0.2624,Samir El Mourabet,0.2614,Aleix Febas,0.2581,Gonzalo Villar,0.256,Sergi Altimira,0.2526,Miguel Román,0.2521,Yehor Yarmoliuk,0.2341,Warren Zaïre-Emery,0.232,Kobbie Mainoo,0.2157,Michel Aebischer,0.199
Álex Sala,Mediocentro,Andrija Bulatović,0.921,Pape Demba Diop,0.8331,Connor Metcalfe,0.8258,Youri Tielemans,0.7833,Edu Expósito,0.725,Ryan Yates,0.7045,Ezechiel Banzuzi,0.7021,Beñat Turrientes,0.6895,Olasagasti,0.6836,Rocco Reitz,0.6773,Joe Willock,0.6755,Jari Vandeputte,0.6738,Mamadou Sangare,0.669,Fabio Miretti,0.6587,Hicham Boudaoui,0.6433
Luka Modrić,Mediocentro,Théo Le Bris,0.9156,Lewis Miley,0.8033,Maximilian Arnold,0.7922,Declan Rice,0.7595,Ao Tanaka,0.7362,Kévin Danois,0.736,Kobbie Mainoo,0.7146,Hugo Larsson,0.7065,Mathias Jensen,0.6936,Pablo Barrios,0.6852,Koke,0.6557,Nicolò Fagioli,0.5805,Rodrigo Gomes,0.5763,Archie Gray,0.5707,Han-Noah Massengo,0.5641
Davide Zappacosta,Mediocentro,Mathias Jensen,0.8422,Ísak Jóhannesson,0.8366,Luis Henrique,0.8302,Aleix García,0.8292,Pascal Groß,0.8255,Rassoul Ndiaye,0.8173,Declan Rice,0.8075,Sebastian Nanasi,0.7992,Keane Lewis-Potter,0.7872,Pablo Fornals,0.7829,Tijjani Reijnders,0.7769,Arthur Atta,0.7606,Weston McKennie,0.7542,Jurgen Ekkelenkamp,0.7503,Nicolò Barella,0.7464
Adrian Bernabe,Mediocentro,Seko Fofana,0.8146,Keane Lewis-Potter,0.7923,Alexis Saelemaekers,0.7398,Scott McTominay,0.7352,Assan Ouedraogo,0.7066,Nicolò Fagioli,0.7012,Arthur Atta,0.683,Azzedine Ounahi,0.6799,Hicham Boudaoui,0.6691,Rassoul Ndiaye,0.6401,Nicola Zalewski,0.6295,Álvaro Fidalgo,0.6058,Lassana Coulibaly,0.5988,Curtis Jones,0.5843,Ramón Terrats,0.5783
Ismaël Koné,Mediocentro,Alberto Reina,0.9073,Mattéo Guendouzi,0.8752,Manu Morlanes,0.8096,Jacob Ramsey,0.7993,Christian Ordoñez,0.798,Frenkie de Jong,0.7752,Pol Lozano,0.7639,Mattias Svanberg,0.7638,Oscar Højlund,0.7358,Pedri,0.7324,Ander Guevara,0.7172,Rudy Matondo,0.7123,Alexis Vossah,0.6998,Lewis Ferguson,0.6965,Mahdi Camara,0.6813
Kristian Thorstvedt,Mediocentro,Mikel Merino,0.9429,Pape Gueye,0.9428,Grischa Prömel,0.9104,Luca Mazzitelli,0.8939,John McGinn,0.8857,Nikolas Nartey,0.8811,Corentin Tolisso,0.878,Mamadou Sangare,0.8634,Bruno Guimarães,0.8564,Senny Mayulu,0.8542,Ruben Loftus-Cheek,0.8437,Azzedine Ounahi,0.8416,Jens Stage,0.837,Johan Manzambi,0.8263,Fabio Miretti,0.8256
Oier Zarraga,Mediocentro,Robert Skov,0.9214,Douglas Luiz,0.9197,Youssef Maleh,0.9124,Francis Abu,0.9036,Sandi Lovrić,0.8927,Believe Munongo,0.8865,Matías Vecino,0.8863,Paul Pogba,0.8813,Will Hughes,0.8747,Johnny Cardoso,0.8693,Aldasoro,0.8618,Grigoris Kastanos,0.8586,Alex Tóth,0.8567,Tyrese Noubissié,0.8531,Ivan Ilić,0.8529
Juan Cuadrado,Mediocentro,Pablo Ibáñez,0.9009,Kevin Paredes,0.8791,Dehmaine Assoumani,0.8771,Gvidas Gineitis,0.8687,Patrizio Masini,0.8402,Jacopo Fazzini,0.8366,João Gomes,0.8016,Grigoris Kastanos,0.7907,Douglas Luiz,0.7744,Youssef Maleh,0.738,Jakub Piotrowski,0.7375,Djaoui Cissé,0.7216,Aldasoro,0.6996,Jean-Ricner Bellegarde,0.6996,Ebenezer Akinsanmiro,0.6991
Andy Diouf,Mediocentro,Elvis Rexhbeçaj,0.9006,Mezian Soares,0.8667,Harrison Reed,0.8569,Cher Ndour,0.8484,Xaver Schlager,0.8231,Tijjani Reijnders,0.8141,Cesare Casadei,0.8113,Álvaro Fidalgo,0.8043,Luka Sučić,0.7957,Junior Dina Ebimbe,0.7956,Rodrigo Gomes,0.7888,Morten Thorsby,0.7855,Luca Kerber,0.7798,Jurgen Ekkelenkamp,0.7794,Jahyann Pandore,0.7737
Manu Koné,Mediocentro,Tom Cairney,0.782,Ilaix Moriba,0.7761,Carney Chukwuemeka,0.7755,Marco Brescianini,0.729,Lassana Coulibaly,0.7047,Gonzalo Villar,0.6633,Ruben Loftus-Cheek,0.6476,Petar Sučić,0.631,Kristian Thorstvedt,0.6149,Yannick Gerhardt,0.6119,João Neves,0.5901,Frank Onyeka,0.5558,Mario Pašalić,0.5201,Maxence Caqueret,0.5172,Warren Zaïre-Emery,0.5167
Filip Kostić,Mediocentro,Senny Mayulu,0.9541,Tom Bischof,0.9433,Pablo Fornals,0.8963,Bruno Guimarães,0.8963,Javier Guerra,0.8928,Sean Longstaff,0.8902,Djibril Sow,0.8899,Jahyann Pandore,0.8823,Leon Goretzka,0.8819,Nikolas Nartey,0.8817,Jens Stage,0.8813,Luca Mazzitelli,0.8753,Andre-Frank Zambo Anguissa,0.8731,Jurgen Ekkelenkamp,0.8707,Henrikh Mkhitaryan,0.8703
Scott McTominay,Mediocentro,Assan Ouedraogo,0.9851,Nikolas Nartey,0.9234,Corentin Tolisso,0.9151,Azzedine Ounahi,0.9115,John McGinn,0.8986,Grischa Prömel,0.8898,Arthur Atta,0.8822,Mikel Merino,0.8664,Harrison Reed,0.8585,Ross Barkley,0.8565,Tijjani Reijnders,0.8553,Ruben Loftus-Cheek,0.8542,Jens Stage,0.8523,Keane Lewis-Potter,0.8475,Kiernan Dewsbury-Hall,0.8451
Lucas Da Cunha,Mediocentro,Nadiem Amiri,0.8902,Tijjani Reijnders,0.8804,Pascal Groß,0.8798,Arthur Atta,0.8753,Jurgen Ekkelenkamp,0.8703,Weston McKennie,0.8684,Javier Guerra,0.8517,Pablo Fornals,0.8516,Tom Bischof,0.8508,Sebastian Nanasi,0.843,Ludovic Blas,0.8377,Medon Berisha,0.836,Khéphren Thuram,0.8272,Declan Rice,0.8165,Timothy Weah,0.8164
Arthur Atta,Mediocentro,Tijjani Reijnders,0.9723,Nadiem Amiri,0.9502,Jurgen Ekkelenkamp,0.9293,Ludovic Blas,0.9232,Sebastian Nanasi,0.9163,Keane Lewis-Potter,0.9115,Medon Berisha,0.9086,Pablo Fornals,0.8924,Assan Ouedraogo,0.8923,Nikolas Nartey,0.8908,Corentin Tolisso,0.8872,Scott McTominay,0.8822,Kiernan Dewsbury-Hall,0.8802,Lucas Da Cunha,0.8753,Diego Moreira,0.8702
Michele Collocolo,Mediocentro,Mathias Rasmussen,0.9443,Jon Guridi,0.9202,Juan Arizala,0.886,Ben Cremaschi,0.8827,Vincent Burlet,0.8531,Joseph Nduquidi,0.8527,Tidiane Devernois,0.8526,Samuel Iling-Junior,0.8422,Mathis Amougou,0.8321,Samu Becerra,0.8212,Pedro Díaz,0.7937,Andy Irving,0.7849,Callum Olusesi,0.7728,Hugo Solozabal,0.7728,Luka Đurić,0.7728
Nicolò Fagioli,Mediocentro,Ramón Terrats,0.8717,Alexis Saelemaekers,0.8098,Kobbie Mainoo,0.7699,Nicola Zalewski,0.7518,Adrian Bernabe,0.7012,Maximilian Arnold,0.6944,Rassoul Ndiaye,0.6919,Keane Lewis-Potter,0.6499,Lamine Camara,0.5908,Sean Longstaff,0.5835,Luka Modrić,0.5805,Aleix García,0.5753,Enzo Le Fée,0.5594,Elliot Anderson,0.5453,Aleix Febas,0.5432
Mikael Ellertsson,Mediocentro,Santi Cazorla,0.7398,Glen Kamara,0.7337,Jan Salas,0.7333,Rouven Tarnutzer,0.7332,Iván Martín,0.6547,Vincent Burlet,0.6261,Dachi Lordkipanidze,0.6236,Tomás Esteves,0.6236,Mitchel Bakker,0.6236,Callum Olusesi,0.6236,Tyler Fletcher,0.6236,Hugo Solozabal,0.6236,Hugo García,0.6236,Gael Lafont,0.6236,Jorge Cestero,0.6236
Alexis Saelemaekers,Mediocentro,Ramón Terrats,0.8797,Nicola Zalewski,0.8309,Sean Longstaff,0.8309,Nicolò Fagioli,0.8098,Elliot Anderson,0.7905,Azzedine Ounahi,0.7809,Alex Scott,0.7788,Enzo Le Fée,0.7722,Hicham Boudaoui,0.7598,Rassoul Ndiaye,0.7546,Diego Moreira,0.7516,Bruno Guimarães,0.7454,Adrian Bernabe,0.7398,Conor Gallagher,0.7388,John McGinn,0.7281
Ivan Ilić,Mediocentro,Tyrese Noubissié,0.9573,Johnny Cardoso,0.9369,Francis Abu,0.93,Javi Morcillo,0.9235,Carlos Macià,0.9226,Beñat Prados,0.9169,Damián,0.909,Will Hughes,0.8857,Believe Munongo,0.8762,Unai Vencedor Paris,0.8715,Daniel Xavier Semedo,0.8616,Paul Pogba,0.8586,Aldasoro,0.855,Oier Zarraga,0.8529,Matías Vecino,0.8506
Sandi Lovrić,Mediocentro,Oier Zarraga,0.8927,Douglas Luiz,0.8772,Kevin Paredes,0.8125,Daniel Parejo,0.7948,Grigoris Kastanos,0.7643,Mathis Amougou,0.7556,Robert Skov,0.7526,Djaoui Cissé,0.746,Youssef Maleh,0.7319,Ayyoub Bouaddi,0.7291,Matías Vecino,0.7268,Branco van den Boomen,0.7202,Gvidas Gineitis,0.7187,Felipe Chávez,0.7017,Believe Munongo,0.7012
Nicolò Barella,Mediocentro,Alessio Castro-Montes,0.8998,Maxence Caqueret,0.8842,Aleix García,0.8824,Martim Neto,0.8407,Yan Couto,0.8263,Rassoul Ndiaye,0.8122,Matt O'Riley,0.7966,Diego Moreira,0.7904,Niccolò Pisilli,0.7898,Medon Berisha,0.7838,Djibril Sow,0.7783,Pape Matar Sarr,0.7694,Lucas Bergvall,0.7665,Davide Zappacosta,0.7464,Weston McKennie,0.7441
Joseph Liteta,Mediocentro,Daniel Xavier Semedo,0.9745,Carlos Macià,0.9441,Damián,0.9254,Denis Huseinbasic,0.8858,Francis Abu,0.8734,Paul Pogba,0.8517,Kwasi Sibo,0.8438,Matías Vecino,0.8382,Djibril Coulibaly,0.8342,Ibai Aguirre,0.8342,André Gomes,0.8333,Alassane Diatta,0.8218,Jorge Cestero,0.8218,Mitchel Bakker,0.8218,Hugo García,0.8218
Aster Vranckx,Mediocentro,İsak Vural,0.9748,Nelson Deossa,0.938,Quinten Timber,0.9156,Adrien Rabiot,0.9085,Umut Tohumcu,0.898,Yunus Musah,0.8966,Myles Lewis-Skelly,0.8802,Hernani,0.8712,Warren Bondo,0.8453,Amir Richardson,0.8312,Will Hughes,0.8248,Manu Bueno,0.8226,Jacopo Fazzini,0.8219,Janik Haberer,0.7916,Brando Bettazzi,0.7703
Michel Aebischer,Mediocentro,Roberto Gagliardini,0.8873,Íñigo Sainz-Maza,0.8608,Johnny Cardoso,0.851,Francis Abu,0.8319,Dani Ceballos,0.8116,Robert Skov,0.8034,Damián,0.7851,Tyrese Noubissié,0.7815,Yehor Yarmoliuk,0.7795,Aldasoro,0.7685,Ivan Ilić,0.7668,Bara Ndiaye,0.763,Tim Iroegbunam,0.762,Javi Morcillo,0.7611,Iñigo Ruiz de Galarreta,0.7592
Fabio Miretti,Mediocentro,Ruslan Malinovskyi,0.8869,Senny Mayulu,0.8858,Mikel Merino,0.8695,Luca Mazzitelli,0.8604,Pape Matar Sarr,0.8543,Tom Bischof,0.8509,Vincent Marchetti,0.8473,Mamadou Sangare,0.8466,Nikolas Nartey,0.8422,Corentin Tolisso,0.8358,Ludovic Blas,0.833,Kristian Thorstvedt,0.8256,Bruno Guimarães,0.8173,Javier Guerra,0.8153,Filip Kostić,0.8002
Sergi Roberto,Mediocentro,Youssef Maleh,0.9332,Jacopo Fazzini,0.902,Djaoui Cissé,0.8598,Aldasoro,0.8587,Amir Richardson,0.8518,Warren Bondo,0.8448,Believe Munongo,0.835,Quinten Timber,0.8328,Javi Morcillo,0.8279,Douglas Luiz,0.8228,Paul Pogba,0.8215,Mohamed Kaba,0.821,Nelson Deossa,0.815,Oier Zarraga,0.8001,Brando Bettazzi,0.799
Felipe Loyola,Mediocentro,Noah Cadiou,0.8005,Han-Noah Massengo,0.7893,Manu Morlanes,0.7515,Archie Gray,0.728,Tommaso Pobega,0.7273,Lucas Tousart,0.7228,Hugo Larsson,0.7073,Asier Osambela,0.7044,Alexis Vossah,0.704,Fran Beltrán,0.698,Ao Tanaka,0.6831,Rudy Matondo,0.6713,Oscar Fraulo,0.668,Pathé Ciss,0.6648,Mattéo Guendouzi,0.6573
Edoardo Iannoni,Mediocentro,Luca Kerber,0.9398,Xaver Schlager,0.9064,Diego Gómez,0.9037,Djibril Sow,0.8342,Morten Thorsby,0.8178,Junior Dina Ebimbe,0.8166,Matt O'Riley,0.8116,Cesare Casadei,0.7958,Kenneth Taylor,0.7941,Neil El Aynaoui,0.7857,Pape Matar Sarr,0.7784,Suat Serdar,0.7689,Mario Sauer,0.7573,Yan Couto,0.7518,Petar Sučić,0.7457
Khéphren Thuram,Mediocentro,Vincent Marchetti,0.9367,Weston McKennie,0.8727,Tijjani Reijnders,0.8702,Luka Sučić,0.8556,Ruslan Malinovskyi,0.8299,Lucas Da Cunha,0.8272,Morten Thorsby,0.8218,Mezian Soares,0.8182,Harrison Reed,0.8074,Sebastian Nanasi,0.798,Cesare Casadei,0.7946,Lucas Bergvall,0.7832,Arthur Atta,0.7724,Ross Barkley,0.7709,Fabio Miretti,0.7698
Hernani,Mediocentro,Quinten Timber,0.9315,Amir Richardson,0.9106,Yunus Musah,0.9089,Amorim,0.9057,Nelson Deossa,0.901,Will Hughes,0.8952,İsak Vural,0.8813,Aster Vranckx,0.8712,Myles Lewis-Skelly,0.8686,Noah Sadiki,0.8621,Umut Tohumcu,0.8497,Jacopo Fazzini,0.8491,Adrien Rabiot,0.8452,Janik Haberer,0.8369,Alex Tóth,0.8309
Samuele Angori,Mediocentro,Naouirou Ahamada,0.9078,Amorim,0.8356,Joel Mvuka,0.8354,Krépin Diatta,0.8165,Santi Cazorla,0.8134,Obed Vargas,0.7879,Khalis Merah,0.7833,Yangel Herrera,0.7761,Noah Sadiki,0.7526,Lorenzo Bernasconi,0.7456,Janik Haberer,0.736,Raoul Bellanova,0.7314,Hernani,0.7269,Tidiane Devernois,0.7246,Joseph Nduquidi,0.7236
Jacopo Fazzini,Mediocentro,Youssef Maleh,0.9617,Quinten Timber,0.9207,Amir Richardson,0.9162,Sergi Roberto,0.902,Grigoris Kastanos,0.902,Douglas Luiz,0.899,Nelson Deossa,0.8963,Aldasoro,0.8954,Will Hughes,0.8859,Gvidas Gineitis,0.8832,Ebenezer Akinsanmiro,0.8829,Hernani,0.8491,Patrizio Masini,0.8431,Juan Cuadrado,0.8366,Tyrese Noubissié,0.8352
Weston McKennie,Mediocentro,Matt O'Riley,0.9306,Tijjani Reijnders,0.929,Javier Guerra,0.9271,Morten Thorsby,0.9122,Pablo Fornals,0.9067,Sebastian Nanasi,0.902,Jurgen Ekkelenkamp,0.9018,Vincent Marchetti,0.8959,Tom Bischof,0.8882,Pape Matar Sarr,0.877,Lucas Bergvall,0.8761,Kenneth Taylor,0.876,Khéphren Thuram,0.8727,Lucas Da Cunha,0.8684,Luka Sučić,0.8672
Samuel Iling-Junior,Mediocentro,Andy Irving,0.9822,Tidiane Devernois,0.9411,Joseph Nduquidi,0.9409,Ben Cremaschi,0.9375,Vincent Burlet,0.9367,Samu Becerra,0.886,Michele Collocolo,0.8422,Mathias Rasmussen,0.84,Noah Sadiki,0.8354,Valentino Lazaro,0.8158,Denis Huseinbasic,0.8078,Robert Skov,0.8074,Jorge Cestero,0.8017,Gael Lafont,0.8017,Dachi Lordkipanidze,0.8017
Yunus Musah,Mediocentro,Myles Lewis-Skelly,0.9502,Adrien Rabiot,0.9171,İsak Vural,0.9134,Hernani,0.9089,Umut Tohumcu,0.902,Aster Vranckx,0.8966,Manu Bueno,0.8956,Quinten Timber,0.8783,Janik Haberer,0.8622,Amorim,0.857,Will Hughes,0.8359,Noah Sadiki,0.83,Nelson Deossa,0.8196,Warren Bondo,0.8163,Brando Bettazzi,0.7807
Davide Frattesi,Mediocentro,Mohamed Kaba,0.9337,Alex Král,0.891,Gabriele Piccinini,0.8681,Harrison Armstrong,0.8485,Yellu Santiago,0.8423,Djaoui Cissé,0.7711,Amir Richardson,0.7519,Donny van de Beek,0.7226,Jakub Piotrowski,0.7219,Carlos Alcaraz,0.7166,Pape Cabral,0.7103,Andrés Antañón,0.71,Sergi Roberto,0.6922,Pedro Díaz,0.6805,Aster Vranckx,0.6738
Amorim,Mediocentro,Will Hughes,0.9066,Hernani,0.9057,Quinten Timber,0.9015,Robert Skov,0.8786,Alex Tóth,0.8771,Joel Mvuka,0.875,Janik Haberer,0.8727,Noah Sadiki,0.8706,Yunus Musah,0.857,Daniel Parejo,0.8516,Samuele Angori,0.8356,Yangel Herrera,0.8316,Haris Belkebla,0.8303,Dani Ceballos,0.8136,Obed Vargas,0.8125
Gabriele Piccinini,Mediocentro,Djaoui Cissé,0.949,Mohamed Kaba,0.938,Alex Král,0.8938,Davide Frattesi,0.8681,Harrison Armstrong,0.8542,Mathis Amougou,0.8512,Kevin Paredes,0.8462,Javier Muñoz,0.7922,Sergi Roberto,0.7741,Pape Cabral,0.7739,Douglas Luiz,0.7524,Jon Guridi,0.7514,Felipe Chávez,0.7467,Branco van den Boomen,0.7243,Jakub Piotrowski,0.7063
Michael Folorunsho,Mediocentro,Martín Payero,0.825,Mauro Arambarri,0.7139,Habib Diarra,0.6983,Lassana Coulibaly,0.675,Elvis Rexhbeçaj,0.6515,Jakub Piotrowski,0.6232,Davide Frattesi,0.6064,Andy Diouf,0.5966,Ruben Loftus-Cheek,0.5757,Jean-Ricner Bellegarde,0.5694,Adrian Bernabe,0.5447,Pablo Ibáñez,0.5401,Junior Dina Ebimbe,0.54,Cher Ndour,0.5219,Seko Fofana,0.5006
Cesare Casadei,Mediocentro,Junior Dina Ebimbe,0.9321,Harrison Reed,0.8877,Luca Kerber,0.879,Morten Thorsby,0.8733,Vincent Marchetti,0.8648,Xaver Schlager,0.8633,Jens Stage,0.8571,Suat Serdar,0.8368,Jahyann Pandore,0.8334,Mezian Soares,0.8202,Ruben Loftus-Cheek,0.8192,Luka Sučić,0.8186,Andy Diouf,0.8113,Oscar Fraulo,0.8101,Grischa Prömel,0.804
Henrikh Mkhitaryan,Mediocentro,Yassine Kechta,0.9836,Alexander Prass,0.9554,Marshall Munetsi,0.9038,Bruno Guimarães,0.8973,Diego Gómez,0.8946,Ruslan Malinovskyi,0.8847,Filip Kostić,0.8703,Nadiem Amiri,0.846,Panos Katseris,0.8456,Yan Couto,0.84,Jahyann Pandore,0.8364,Jens Stage,0.8296,Corentin Tolisso,0.829,Junior Dina Ebimbe,0.8267,Senny Mayulu,0.822
Andre-Frank Zambo Anguissa,Mediocentro,Jahyann Pandore,0.933,Ross Barkley,0.931,Jens Stage,0.9217,Leon Goretzka,0.9197,Grischa Prömel,0.9135,Nikolas Nartey,0.8994,Albert Sambi Lokonga,0.8961,Harrison Reed,0.8883,Senny Mayulu,0.8814,John McGinn,0.8758,João Neves,0.8731,Filip Kostić,0.8731,Jurgen Ekkelenkamp,0.8589,Mikel Merino,0.8568,Oscar Fraulo,0.8509
Oliver Jensen,Mediocentro,Fisayo Dele-Bashiru,0.8387,Kobbie Mainoo,0.7157,Vincent Burlet,0.7144,Joseph Nduquidi,0.7093,Tidiane Devernois,0.7089,Dachi Lordkipanidze,0.6953,Luka Đurić,0.6953,Mitchel Bakker,0.6953,Tomás Esteves,0.6953,Callum Olusesi,0.6953,Hugo Solozabal,0.6953,Gael Lafont,0.6953,Alassane Diatta,0.6953,Jorge Cestero,0.6953,Hugo García,0.6953
Niccolò Pisilli,Mediocentro,Pape Matar Sarr,0.9406,Matt O'Riley,0.9247,Tom Bischof,0.8938,Mahmoud Dahoud,0.8902,Javier Guerra,0.8849,Neil El Aynaoui,0.8743,Martim Neto,0.8686,Weston McKennie,0.8621,Djibril Sow,0.8616,Maxence Caqueret,0.8484,Jan Schöppner,0.8476,Leon Goretzka,0.844,Filip Kostić,0.8354,Senny Mayulu,0.8324,Pablo Fornals,0.8316
Luka Topalović,Mediocentro,Mateo Kovačić,0.788,Frank Onyeka,0.7775,Tanguy Ndombele,0.6801,Naouirou Ahamada,0.6199,Tomás Esteves,0.6014,Dachi Lordkipanidze,0.6014,Gael Lafont,0.6014,Luka Đurić,0.6014,Callum Olusesi,0.6014,Tyler Fletcher,0.6014,Hugo Solozabal,0.6014,Hugo García,0.6014,Mitchel Bakker,0.6014,Jorge Cestero,0.6014,Alassane Diatta,0.6014
Kenneth Taylor,Mediocentro,Morten Thorsby,0.9468,Xaver Schlager,0.9099,Martim Neto,0.9087,Mario Pašalić,0.9045,Luka Sučić,0.904,Leon Goretzka,0.8918,Jens Stage,0.8916,Djibril Sow,0.8897,Grischa Prömel,0.8856,Weston McKennie,0.876,Jan Schöppner,0.8697,Matt O'Riley,0.8648,Harrison Reed,0.8645,Warren Zaïre-Emery,0.8639,Amadou Haidara,0.8615
Fisayo Dele-Bashiru,Mediocentro,Oliver Jensen,0.8387,Álvaro Fidalgo,0.7707,Mathias Jensen,0.6978,Miguel Román,0.6596,Ísak Jóhannesson,0.6341,Koke,0.6315,Cher Ndour,0.6204,Elvis Rexhbeçaj,0.5887,Davide Zappacosta,0.5878,Marco Brescianini,0.5711,Maximilian Eggestein,0.5677,Yannick Gerhardt,0.5596,Tidiane Devernois,0.5592,Joseph Nduquidi,0.5591,Vincent Burlet,0.5569
Tomás Esteves,Mediocentro,Luka Đurić,1.0,Dachi Lordkipanidze,1.0,Tyler Fletcher,1.0,Gael Lafont,1.0,Hugo Solozabal,1.0,Mitchel Bakker,1.0,Callum Olusesi,1.0,Hugo García,1.0,Jorge Cestero,1.0,Alassane Diatta,1.0,Vincent Burlet,0.9097,Ben Cremaschi,0.9094,Joseph Nduquidi,0.8918,Tidiane Devernois,0.8906,Ibai Aguirre,0.8862
Piotr Zieliński,Mediocentro,Josh Cullen,0.9578,Arthur Avom,0.8985,Remo Freuler,0.8844,Manuel Ángel,0.7255,Warren Zaïre-Emery,0.4764,Amadou Haidara,0.4337,Martim Neto,0.427,Ross Barkley,0.4255,Kenneth Taylor,0.3947,John McGinn,0.386,Sebastian Nanasi,0.3825,Archie Gray,0.3755,Albert Sambi Lokonga,0.3678,Jurgen Ekkelenkamp,0.3668,Jahyann Pandore,0.366
Lewis Ferguson,Mediocentro,Christian Ordoñez,0.9323,Pol Lozano,0.9159,Oscar Højlund,0.8601,Alberto Reina,0.8079,Manu Morlanes,0.7842,Jacob Ramsey,0.7831,Iván Martín,0.7743,Antonio Sánchez,0.7504,Ander Guevara,0.7482,Frenkie de Jong,0.7332,Mikel Jauregizar,0.729,Ismaël Koné,0.6965,Jackson Irvine,0.6656,Alexis Vossah,0.6523,Gustavo Puerta,0.6487
Lorenzo Bernasconi,Mediocentro,Filip Ugrinic,0.9039,Krépin Diatta,0.8548,Jon Moncayola,0.8508,Valentino Lazaro,0.8347,Naouirou Ahamada,0.8178,Marcel Sabitzer,0.811,Obed Vargas,0.7611,Samuele Angori,0.7456,Raoul Bellanova,0.7328,Lennon Miller,0.7314,Hugo Sotelo,0.6718,Janik Haberer,0.6717,Ísak Jóhannesson,0.6613,Tidiane Devernois,0.6609,Joseph Nduquidi,0.6597
Patrizio Masini,Mediocentro,Ebenezer Akinsanmiro,0.9221,Grigoris Kastanos,0.9013,Gvidas Gineitis,0.8882,Aldasoro,0.8796,Pierrick Capelle,0.8759,Jacopo Fazzini,0.8431,Youssef Maleh,0.8426,Juan Cuadrado,0.8402,Tim Iroegbunam,0.8107,Douglas Luiz,0.8047,Javi Morcillo,0.7912,João Gomes,0.788,Sergi Roberto,0.7757,Johnny Cardoso,0.7738,Kevin Paredes,0.7651
Yellu Santiago,Mediocentro,Jhon Solis,0.8549,Davide Frattesi,0.8423,Alex Král,0.83,Mohamed Kaba,0.803,Pape Cabral,0.7968,Andrés Antañón,0.7688,Donny van de Beek,0.767,Florian Neuhaus,0.736,Harrison Armstrong,0.7241,Javier Muñoz,0.6473,Gabriele Piccinini,0.6425,Pharell Hensel,0.6325,Pedro Díaz,0.6047,Mathias Rasmussen,0.5784,Mathis Amougou,0.5753
Mattéo Guendouzi,Mediocentro,Rudy Matondo,0.8875,Ismaël Koné,0.8752,Alberto Reina,0.8658,Mahdi Camara,0.8618,Mattias Svanberg,0.8593,Carlos Soler,0.8457,Tom Louchet,0.8363,Castrop Jens,0.8213,Asier Osambela,0.811,Pedri,0.7743,Johan Manzambi,0.7685,Tommaso Pobega,0.7634,Toma Bašić,0.734,Jacob Ramsey,0.7262,Manu Morlanes,0.7219
Gael Lafont,Mediocentro,Tomás Esteves,1.0,Luka Đurić,1.0,Dachi Lordkipanidze,1.0,Tyler Fletcher,1.0,Hugo Solozabal,1.0,Mitchel Bakker,1.0,Callum Olusesi,1.0,Hugo García,1.0,Jorge Cestero,1.0,Alassane Diatta,1.0,Vincent Burlet,0.9097,Ben Cremaschi,0.9094,Joseph Nduquidi,0.8918,Tidiane Devernois,0.8906,Ibai Aguirre,0.8862
Alessandro Deiola,Mediocentro,Joe Willock,0.878,Alessio Zerbin,0.8455,Carlos Alcaraz,0.797,Branco van den Boomen,0.7809,James Milner,0.7742,Connor Metcalfe,0.771,Ezechiel Banzuzi,0.7653,Thiago Pinar,0.7458,Rodrigo Mendoza,0.7431,Beñat Turrientes,0.7002,Carles Aleñá,0.6677,Pedro Díaz,0.6595,Filip Ugrinic,0.6351,Djaoui Cissé,0.6312,Hugo Sotelo,0.6246
Jari Vandeputte,Mediocentro,Edu Expósito,0.9235,Enzo Le Fée,0.913,Fabián Ruiz Peña,0.8226,Adrien Thomasson,0.8069,Pascal Groß,0.8012,Ludovic Blas,0.7943,Lucas Da Cunha,0.7824,Panos Katseris,0.7806,Medon Berisha,0.7803,Lucas Bergvall,0.7673,Diego Moreira,0.7663,Sergi Darder,0.7496,Nicola Zalewski,0.7354,Nadiem Amiri,0.7158,Connor Metcalfe,0.7087
Nicola Zalewski,Mediocentro,Ramón Terrats,0.9005,Edu Expósito,0.8385,Ludovic Blas,0.832,Alexis Saelemaekers,0.8309,Keane Lewis-Potter,0.8307,Medon Berisha,0.8125,Rassoul Ndiaye,0.8118,Enzo Le Fée,0.8089,Hicham Boudaoui,0.7915,Diego Moreira,0.7911,Habib Diarra,0.7577,Nicolò Fagioli,0.7518,Azzedine Ounahi,0.7385,Jari Vandeputte,0.7354,Adrien Thomasson,0.7345
Tommaso Pobega,Mediocentro,Asier Osambela,0.9313,András Schäfer,0.8776,Oscar Fraulo,0.8611,Rudy Matondo,0.8144,Noah Cadiou,0.7725,Pathé Ciss,0.7689,Mattéo Guendouzi,0.7634,Carlos Soler,0.7315,Castrop Jens,0.7314,Felipe Loyola,0.7273,Andre-Frank Zambo Anguissa,0.7101,Santi Comesaña,0.6934,Ross Barkley,0.6903,Tom Louchet,0.6824,Luca Mazzitelli,0.6781
Mario Pašalić,Mediocentro,Martim Neto,0.9655,Warren Zaïre-Emery,0.9564,Jan Schöppner,0.942,Kenneth Taylor,0.9045,Amadou Haidara,0.9034,Marco Brescianini,0.878,Leon Goretzka,0.8646,Archie Gray,0.8535,Mahmoud Dahoud,0.8451,Luka Sučić,0.8432,João Neves,0.8404,Matt O'Riley,0.8145,Sebastian Nanasi,0.8129,Javier Guerra,0.8051,Aleix García,0.8046
Raoul Bellanova,Mediocentro,Michel Ndary Adopo,0.8343,Mathias Rasmussen,0.7809,Branco van den Boomen,0.7734,Juan Arizala,0.7535,Jon Guridi,0.738,Lorenzo Bernasconi,0.7328,Samuele Angori,0.7314,Michele Collocolo,0.7262,Filip Ugrinic,0.7255,Pedro Díaz,0.7086,Tidiane Devernois,0.705,Joseph Nduquidi,0.7038,Naouirou Ahamada,0.6947,Sergi Darder,0.6907,Alessio Zerbin,0.6863
Luis Henrique,Mediocentro,Davide Zappacosta,0.8302,Pascal Groß,0.8199,Michel Ndary Adopo,0.8036,Sergi Darder,0.8003,Ísak Jóhannesson,0.7855,Declan Rice,0.7399,Théo Le Bris,0.7217,Lucas Da Cunha,0.7195,Mathias Jensen,0.7094,Lewis Miley,0.7091,Sebastian Nanasi,0.6808,Raoul Bellanova,0.637,Mezian Soares,0.6085,Jurgen Ekkelenkamp,0.6066,Maximilian Eggestein,0.6061
Cher Ndour,Mediocentro,Albert Sambi Lokonga,0.9185,Elvis Rexhbeçaj,0.9081,Álvaro Fidalgo,0.8863,Andy Diouf,0.8484,Harrison Reed,0.8378,Mezian Soares,0.8167,Seko Fofana,0.8135,Lassana Coulibaly,0.7902,Tom Cairney,0.7893,Jahyann Pandore,0.7793,Xaver Schlager,0.7771,Rodrigo Gomes,0.7765,Junior Dina Ebimbe,0.7583,Cesare Casadei,0.7465,João Neves,0.7462
Mitchel Bakker,Mediocentro,Tomás Esteves,1.0,Luka Đurić,1.0,Dachi Lordkipanidze,1.0,Tyler Fletcher,1.0,Gael Lafont,1.0,Hugo Solozabal,1.0,Callum Olusesi,1.0,Hugo García,1.0,Jorge Cestero,1.0,Alassane Diatta,1.0,Vincent Burlet,0.9097,Ben Cremaschi,0.9094,Joseph Nduquidi,0.8918,Tidiane Devernois,0.8906,Ibai Aguirre,0.8862
Jean-Daniel Akpa-Akpro,Mediocentro,João Gomes,0.8813,Roberto Gagliardini,0.8739,Alejandro Rego,0.817,Josh Laurent,0.7472,Simon Ebonog,0.7394,Beñat Prados,0.737,Javi Morcillo,0.709,Aldasoro,0.7026,Mario Sauer,0.6971,Johnny Cardoso,0.6855,Michel Aebischer,0.6837,Iñigo Ruiz de Galarreta,0.6761,Dehmaine Assoumani,0.6745,Believe Munongo,0.6428,Eduardo Camavinga,0.6375
Ebenezer Akinsanmiro,Mediocentro,Grigoris Kastanos,0.948,Patrizio Masini,0.9221,Youssef Maleh,0.9147,Pierrick Capelle,0.9048,Aldasoro,0.9018,Tim Iroegbunam,0.8895,Jacopo Fazzini,0.8829,Gvidas Gineitis,0.8744,Johnny Cardoso,0.8662,Dani Ceballos,0.8657,Leonardo Bittencourt,0.8647,Douglas Luiz,0.8641,Javi Morcillo,0.8459,Íñigo Sainz-Maza,0.8448,Tyrese Noubissié,0.8331
Martín Payero,Mediocentro,Michael Folorunsho,0.825,Pablo Ibáñez,0.8124,Jakub Piotrowski,0.7656,Jean-Ricner Bellegarde,0.6902,Carlos Alcaraz,0.6711,Davide Frattesi,0.6497,Mauro Arambarri,0.6314,Aster Vranckx,0.6259,Nelson Deossa,0.6159,Marshall Munetsi,0.6157,Juan Cuadrado,0.6086,Gabriele Piccinini,0.6034,Habib Diarra,0.5936,Abdou Harroui,0.5808,İsak Vural,0.5709
Maxence Caqueret,Mediocentro,Alessio Castro-Montes,0.9534,Sean Longstaff,0.8914,Djibril Sow,0.8855,Nicolò Barella,0.8842,Yan Couto,0.8725,Pape Matar Sarr,0.8573,Panos Katseris,0.8502,Niccolò Pisilli,0.8484,Petar Sučić,0.8443,Lamine Camara,0.826,Adrien Thomasson,0.8243,Ramón Terrats,0.8163,Diego Moreira,0.816,Medon Berisha,0.8032,Senny Mayulu,0.802
Brando Bettazzi,Mediocentro,Warren Bondo,0.9527,Haris Belkebla,0.9084,Umut Tohumcu,0.9008,Myles Lewis-Skelly,0.8981,Amir Richardson,0.8816,Quinten Timber,0.8739,Denis Huseinbasic,0.873,Will Hughes,0.8692,Dani Ceballos,0.8669,Tyrese Noubissié,0.8577,Manu Bueno,0.8487,İsak Vural,0.8223,Ivan Ilić,0.82,Íñigo Sainz-Maza,0.8103,Alex Tóth,0.8098
Petar Sučić,Mediocentro,Djibril Sow,0.9095,Maxence Caqueret,0.8443,Pape Gueye,0.8319,Yan Couto,0.8266,Luca Mazzitelli,0.8243,Mikel Merino,0.8204,Sean Longstaff,0.8176,Alessio Castro-Montes,0.8161,Bruno Guimarães,0.8012,Pape Matar Sarr,0.7979,Junior Dina Ebimbe,0.7961,Grischa Prömel,0.7919,Luca Kerber,0.7916,Kristian Thorstvedt,0.786,Kiernan Dewsbury-Hall,0.7855
Youssef Maleh,Mediocentro,Jacopo Fazzini,0.9617,Douglas Luiz,0.9398,Sergi Roberto,0.9332,Grigoris Kastanos,0.9237,Aldasoro,0.9184,Ebenezer Akinsanmiro,0.9147,Oier Zarraga,0.9124,Will Hughes,0.9045,Quinten Timber,0.8957,Tyrese Noubissié,0.876,Javi Morcillo,0.8727,Johnny Cardoso,0.8723,Gvidas Gineitis,0.8684,Paul Pogba,0.8646,Amir Richardson,0.8612
Christian Ordoñez,Mediocentro,Pol Lozano,0.9679,Manu Morlanes,0.9333,Lewis Ferguson,0.9323,Oscar Højlund,0.9077,Ander Guevara,0.8556,Mikel Jauregizar,0.8391,Alberto Reina,0.8254,Jacob Ramsey,0.8034,Ismaël Koné,0.798,Frenkie de Jong,0.7845,Iván Martín,0.7642,Antonio Sánchez,0.7628,Alexis Vossah,0.7611,Jackson Irvine,0.7208,Josh Laurent,0.7135
Suat Serdar,Mediocentro,Diego Gómez,0.9002,Jahyann Pandore,0.8641,Junior Dina Ebimbe,0.8594,Luca Kerber,0.8442,Cesare Casadei,0.8368,Yassine Kechta,0.8288,Mario Sauer,0.8067,Henrikh Mkhitaryan,0.8059,Nicolás Domínguez,0.7841,Joelinton,0.7721,Edoardo Iannoni,0.7689,Jens Stage,0.7621,Rudy Matondo,0.7328,Asier Osambela,0.7271,Harrison Reed,0.7255
Warren Bondo,Mediocentro,Umut Tohumcu,0.9725,Brando Bettazzi,0.9527,Manu Bueno,0.9325,Myles Lewis-Skelly,0.922,Quinten Timber,0.8791,Denis Huseinbasic,0.8778,İsak Vural,0.8752,Will Hughes,0.8593,Aster Vranckx,0.8453,Sergi Roberto,0.8448,Amir Richardson,0.8398,Adrien Rabiot,0.8391,Ivan Ilić,0.8374,Nelson Deossa,0.8353,Tyrese Noubissié,0.8348
Jakub Piotrowski,Mediocentro,Pablo Ibáñez,0.9126,Jean-Ricner Bellegarde,0.8534,Martín Payero,0.7656,Carlos Alcaraz,0.7457,Hicham Boudaoui,0.7408,Juan Cuadrado,0.7375,Davide Frattesi,0.7219,Alex Scott,0.7088,Gabriele Piccinini,0.7063,Dehmaine Assoumani,0.706,Mohamed Kaba,0.6823,Mauro Arambarri,0.6325,Alex Král,0.6301,Djaoui Cissé,0.6296,Kevin Paredes,0.6248
Gvidas Gineitis,Mediocentro,Morgan Sanson,0.8968,Patrizio Masini,0.8882,Jacopo Fazzini,0.8832,Ebenezer Akinsanmiro,0.8744,Douglas Luiz,0.8727,Juan Cuadrado,0.8687,Youssef Maleh,0.8684,Pierrick Capelle,0.866,Grigoris Kastanos,0.8549,Nikolas Veratschnig,0.8274,Aldasoro,0.789,Kevin Paredes,0.7843,Oier Zarraga,0.7758,Djaoui Cissé,0.7665,Nelson Deossa,0.7556
Toma Bašić,Mediocentro,Federico Valverde,0.9345,Carlos Soler,0.9225,Olasagasti,0.8242,Tom Louchet,0.7622,Assan Ouedraogo,0.7348,Mattéo Guendouzi,0.734,Johan Manzambi,0.726,Pedri,0.7181,Sebastian Nanasi,0.7162,Arthur Atta,0.691,Scott McTominay,0.6735,Jurgen Ekkelenkamp,0.6678,Javier Guerra,0.6663,Ross Barkley,0.6614,Nikolas Nartey,0.6551
Ruben Loftus-Cheek,Mediocentro,Grischa Prömel,0.9316,Mikel Merino,0.9148,Junior Dina Ebimbe,0.9066,Jens Stage,0.8951,Corentin Tolisso,0.879,Mauro Arambarri,0.867,Morten Thorsby,0.8643,Scott McTominay,0.8542,Kenneth Taylor,0.8533,Nikolas Nartey,0.8484,John McGinn,0.8448,Kristian Thorstvedt,0.8437,Harrison Reed,0.8418,Vincent Marchetti,0.8316,Luka Sučić,0.8295
Alessio Zerbin,Mediocentro,Joe Willock,0.9199,Carlos Alcaraz,0.8525,Alessandro Deiola,0.8455,Filip Ugrinic,0.8449,Carles Aleñá,0.8212,James Milner,0.7748,Raoul Bellanova,0.6863,Branco van den Boomen,0.6761,Thiago Pinar,0.6715,Edu Expósito,0.6423,Selton Sánchez,0.637,Connor Metcalfe,0.6356,Lennon Miller,0.622,Youri Tielemans,0.6173,Habib Diarra,0.6148
Albert Sambi Lokonga,Mediocentro,Cher Ndour,0.9185,Harrison Reed,0.9096,Andre-Frank Zambo Anguissa,0.8961,João Neves,0.8853,Jahyann Pandore,0.8833,Ross Barkley,0.883,Jens Stage,0.8472,Mezian Soares,0.8403,Grischa Prömel,0.8268,Luka Sučić,0.8207,Noah Cadiou,0.81,Junior Dina Ebimbe,0.8058,Rudy Matondo,0.8004,Oscar Fraulo,0.8004,Tom Cairney,0.7976
Joel Fujita,Mediocentro,Yehor Yarmoliuk,0.7723,Valentino Lazaro,0.7526,Hugo Sotelo,0.7317,Jon Moncayola,0.7268,Morgan Sanson,0.7041,Antoine Bernede,0.6951,Nikolas Veratschnig,0.6944,Krépin Diatta,0.6675,James Milner,0.6428,Lorenzo Bernasconi,0.621,Obed Vargas,0.5855,Marcel Sabitzer,0.5833,Connor Metcalfe,0.5532,Filip Ugrinic,0.5435,Matías Vecino,0.5351
Bara Ndiaye,Mediocentro,Íñigo Sainz-Maza,0.9626,Haris Belkebla,0.9475,Dani Ceballos,0.9446,Dan Neil,0.9107,Yangel Herrera,0.9102,Alex Tóth,0.9072,Daniel Parejo,0.8825,Robert Skov,0.879,Francis Abu,0.8325,Denis Huseinbasic,0.8194,Paul Pogba,0.7908,Will Hughes,0.7878,Noah Sadiki,0.787,Amorim,0.7848,Joel Mvuka,0.7777
Kevin Paredes,Mediocentro,Douglas Luiz,0.8801,Juan Cuadrado,0.8791,Gabriele Piccinini,0.8462,Djaoui Cissé,0.8144,Sandi Lovrić,0.8125,Dehmaine Assoumani,0.8097,Grigoris Kastanos,0.8038,Jacopo Fazzini,0.7866,Harrison Armstrong,0.7861,Gvidas Gineitis,0.7843,Mohamed Kaba,0.7831,Daniel Parejo,0.7773,Patrizio Masini,0.7651,Alex Král,0.7621,Youssef Maleh,0.7506
Umut Tohumcu,Mediocentro,Warren Bondo,0.9725,Manu Bueno,0.9631,Myles Lewis-Skelly,0.9594,İsak Vural,0.9324,Adrien Rabiot,0.9158,Yunus Musah,0.902,Brando Bettazzi,0.9008,Aster Vranckx,0.898,Quinten Timber,0.8806,Nelson Deossa,0.8783,Will Hughes,0.8522,Hernani,0.8497,Taufik Seidu,0.849,Eder García,0.8412,Denis Huseinbasic,0.837
Grischa Prömel,Mediocentro,Jens Stage,0.9828,Mikel Merino,0.9783,Nikolas Nartey,0.9577,Corentin Tolisso,0.9461,John McGinn,0.9431,Ruben Loftus-Cheek,0.9316,Andre-Frank Zambo Anguissa,0.9135,Junior Dina Ebimbe,0.9122,Senny Mayulu,0.9109,Kristian Thorstvedt,0.9104,Harrison Reed,0.9091,Ross Barkley,0.9056,Kiernan Dewsbury-Hall,0.902,Jahyann Pandore,0.8967,Vincent Marchetti,0.8927
András Schäfer,Mediocentro,Tommaso Pobega,0.8776,Castrop Jens,0.8415,Ryan Christie,0.8234,Rudy Matondo,0.8029,Asier Osambela,0.7668,Pathé Ciss,0.7353,Pape Demba Diop,0.7143,Mattéo Guendouzi,0.7051,Mattias Svanberg,0.6672,Emirhan İlkhan,0.6626,Carlos Soler,0.6548,Mamadou Sangare,0.6531,Luca Mazzitelli,0.6497,Aron Dønnum,0.6473,Yassin Belkhdim,0.6461
Jens Stage,Mediocentro,Grischa Prömel,0.9828,Jahyann Pandore,0.9538,Mikel Merino,0.9522,Nikolas Nartey,0.9472,Harrison Reed,0.947,Junior Dina Ebimbe,0.9421,Corentin Tolisso,0.9389,Andre-Frank Zambo Anguissa,0.9217,Vincent Marchetti,0.9211,John McGinn,0.9168,Senny Mayulu,0.914,Ross Barkley,0.9056,Kiernan Dewsbury-Hall,0.9038,Leon Goretzka,0.8957,Ruben Loftus-Cheek,0.8951
Alex Král,Mediocentro,Harrison Armstrong,0.9662,Mohamed Kaba,0.9288,Gabriele Piccinini,0.8938,Davide Frattesi,0.891,Yellu Santiago,0.83,Jhon Solis,0.7858,Mathis Amougou,0.7848,Khalis Merah,0.7698,Joel Mvuka,0.7692,Kevin Paredes,0.7621,Pape Cabral,0.7452,Mathias Rasmussen,0.7411,Djaoui Cissé,0.7343,Amir Richardson,0.7137,Juan Arizala,0.7099
Aleix García,Mediocentro,Nicolò Barella,0.8824,Martim Neto,0.8752,Jan Schöppner,0.8451,Fabián Ruiz Peña,0.8427,Rassoul Ndiaye,0.8362,Davide Zappacosta,0.8292,Lewis Miley,0.8222,Mario Pašalić,0.8046,Declan Rice,0.7882,Marcel Sabitzer,0.7655,Diego Moreira,0.7655,Maxence Caqueret,0.7575,Pablo Fornals,0.7565,Medon Berisha,0.7522,Niccolò Pisilli,0.7446
Hugo Larsson,Mediocentro,Archie Gray,0.871,Noah Cadiou,0.8384,Maximilian Eggestein,0.8218,Théo Le Bris,0.8208,Han-Noah Massengo,0.793,Warren Zaïre-Emery,0.7761,Ao Tanaka,0.7509,Amadou Haidara,0.7471,Jan Schöppner,0.7283,Felipe Loyola,0.7073,Luka Modrić,0.7065,João Neves,0.699,Felix Nmecha,0.6925,Declan Rice,0.691,Tom Louchet,0.6688
Felipe Chávez,Mediocentro,Pape Cabral,0.8913,Javier Muñoz,0.8489,Þórir Jóhann Helgason,0.8134,Mathis Amougou,0.8109,Jhon Solis,0.7805,Gabriele Piccinini,0.7467,Douglas Luiz,0.7464,Kevin Paredes,0.7358,Juan Arizala,0.7296,Mohamed Kaba,0.7257,Djaoui Cissé,0.7206,Florian Neuhaus,0.7171,Pedro Díaz,0.714,Grigoris Kastanos,0.7116,Alex Král,0.7073
Castrop Jens,Mediocentro,Ryan Christie,0.9269,Rudy Matondo,0.8551,András Schäfer,0.8415,Mattias Svanberg,0.8389,Mahdi Camara,0.8275,Mattéo Guendouzi,0.8213,Johan Manzambi,0.7864,Bruno Guimarães,0.7832,Yassine Kechta,0.7756,Asier Osambela,0.7719,Carlos Soler,0.7645,Henrikh Mkhitaryan,0.7627,Azzedine Ounahi,0.7487,Alexander Prass,0.7483,Mamadou Coulibaly,0.7416
Robert Skov,Mediocentro,Alex Tóth,0.9535,Will Hughes,0.9468,Íñigo Sainz-Maza,0.9352,Oier Zarraga,0.9214,Daniel Parejo,0.9107,Dani Ceballos,0.908,Francis Abu,0.9013,Haris Belkebla,0.8985,Noah Sadiki,0.8942,Paul Pogba,0.8856,Tyrese Noubissié,0.8826,Quinten Timber,0.8819,Bara Ndiaye,0.879,Amorim,0.8786,Douglas Luiz,0.8626
Marcel Sabitzer,Mediocentro,Lorenzo Bernasconi,0.811,Ísak Jóhannesson,0.7671,Aleix García,0.7655,Lewis Miley,0.73,Davide Zappacosta,0.716,Nicolò Barella,0.6585,Filip Ugrinic,0.653,Krépin Diatta,0.6438,Fabián Ruiz Peña,0.6403,Mathias Jensen,0.6123,Kobbie Mainoo,0.5989,Luis Milla,0.5959,Samir El Mourabet,0.5942,Maximilian Arnold,0.5858,Joel Fujita,0.5833
Jackson Irvine,Mediocentro,Iván Martín,0.953,Antonio Sánchez,0.9214,Unai López,0.8545,Mikel Jauregizar,0.801,Bilal Nadir,0.7454,Christian Ordoñez,0.7208,Ayyoub Bouaddi,0.7168,Aron Dønnum,0.7021,Pol Lozano,0.6919,Oscar Højlund,0.6677,Santi Cazorla,0.6659,Lewis Ferguson,0.6656,Jobe Bellingham,0.6518,Kwasi Sibo,0.6376,Frenkie de Jong,0.6145
Janik Haberer,Mediocentro,Adrien Rabiot,0.9013,Amorim,0.8727,Yunus Musah,0.8622,Noah Sadiki,0.8575,Will Hughes,0.8562,Obed Vargas,0.8379,Hernani,0.8369,Quinten Timber,0.8234,Valentino Lazaro,0.8181,Krépin Diatta,0.7938,Aster Vranckx,0.7916,Myles Lewis-Skelly,0.7909,Lennon Miller,0.7876,Morgan Sanson,0.7867,Robert Skov,0.7804
Ísak Jóhannesson,Mediocentro,Davide Zappacosta,0.8366,Luis Henrique,0.7855,Marcel Sabitzer,0.7671,Pascal Groß,0.7587,Michel Ndary Adopo,0.7315,Mathias Jensen,0.6745,Lorenzo Bernasconi,0.6613,Raoul Bellanova,0.6363,Fisayo Dele-Bashiru,0.6341,Aleix García,0.6003,Lewis Miley,0.5776,Sergi Darder,0.5757,Filip Ugrinic,0.5655,Nicolò Barella,0.5608,Timothy Weah,0.5568
Maximilian Arnold,Mediocentro,Lewis Miley,0.8699,Luis Milla,0.8531,Fabián Ruiz Peña,0.7953,Luka Modrić,0.7922,Enzo Le Fée,0.7441,Aleix García,0.7242,Declan Rice,0.7222,Ramón Terrats,0.715,Kobbie Mainoo,0.6984,Nicolò Fagioli,0.6944,Jari Vandeputte,0.6575,Théo Le Bris,0.6432,Diego Moreira,0.6257,Sean Longstaff,0.6224,Lamine Camara,0.6005
Rocco Reitz,Mediocentro,Andrija Bulatović,0.7883,Youri Tielemans,0.7017,Álex Sala,0.6773,Gvidas Gineitis,0.6652,Joe Willock,0.6631,Kevin Paredes,0.6516,Edu Expósito,0.648,Nikolas Veratschnig,0.6358,Aron Dønnum,0.6167,Unai López,0.6091,Carles Aleñá,0.6048,Juan Cuadrado,0.6039,Valentín Barco,0.599,Patrizio Masini,0.5918,Connor Metcalfe,0.5914
Jobe Bellingham,Mediocentro,Ayyoub Bouaddi,0.8035,Hugo Magnetti,0.773,Lewis Cook,0.7238,Lancinet Kourouma,0.7208,Felipe Chávez,0.7043,Jhon Solis,0.6957,Kwasi Sibo,0.6781,Jackson Irvine,0.6518,Óscar Valentín,0.6498,James Ward-Prowse,0.6283,Khalis Merah,0.6087,Pape Cabral,0.6079,Bara Ndiaye,0.6046,Dan Neil,0.603,Joseph Liteta,0.5966
Xaver Schlager,Mediocentro,Luca Kerber,0.9684,Kenneth Taylor,0.9099,Morten Thorsby,0.9075,Edoardo Iannoni,0.9064,Junior Dina Ebimbe,0.9003,Elvis Rexhbeçaj,0.8712,Cesare Casadei,0.8633,Djibril Sow,0.8269,Andy Diouf,0.8231,Jens Stage,0.821,Tom Cairney,0.8144,Harrison Reed,0.8127,Ruben Loftus-Cheek,0.7906,Jahyann Pandore,0.7811,Cher Ndour,0.7771
Cameron Puertas,Mediocentro,Saša Lukić,0.9314,Adrien Thomasson,0.7611,Pablo Ibáñez,0.7257,Yassin Belkhdim,0.705,Andrija Bulatović,0.7019,Joe Willock,0.6979,Juan Cuadrado,0.6892,Nikolas Veratschnig,0.6832,Dehmaine Assoumani,0.6804,Elliot Anderson,0.6803,Gvidas Gineitis,0.6786,Yassine Kechta,0.6746,Edu Expósito,0.6605,Panos Katseris,0.6399,Marshall Munetsi,0.633
Mattias Svanberg,Mediocentro,Alberto Reina,0.903,Jacob Ramsey,0.8622,Aron Dønnum,0.8617,Mattéo Guendouzi,0.8593,Castrop Jens,0.8389,Pedri,0.8121,Oscar Højlund,0.7999,Pol Lozano,0.7785,Gustavo Puerta,0.7732,Johan Manzambi,0.7643,Mamadou Coulibaly,0.7642,Ismaël Koné,0.7638,Ander Guevara,0.7622,Mahdi Camara,0.7608,Ryan Christie,0.7443
Jan Schöppner,Mediocentro,Mario Pašalić,0.942,Martim Neto,0.9329,Archie Gray,0.9301,Warren Zaïre-Emery,0.9123,Leon Goretzka,0.8909,Kenneth Taylor,0.8697,Mahmoud Dahoud,0.8541,Niccolò Pisilli,0.8476,Aleix García,0.8451,Amadou Haidara,0.8359,Javier Guerra,0.8166,Pablo Fornals,0.8095,Djibril Sow,0.8051,Sebastian Nanasi,0.7958,João Neves,0.7948
Nikolas Nartey,Mediocentro,Corentin Tolisso,0.981,John McGinn,0.9694,Mikel Merino,0.9662,Senny Mayulu,0.9634,Grischa Prömel,0.9577,Jens Stage,0.9472,Kiernan Dewsbury-Hall,0.9364,Scott McTominay,0.9234,Assan Ouedraogo,0.9234,Azzedine Ounahi,0.9205,Bruno Guimarães,0.9191,Javier Guerra,0.9148,Tijjani Reijnders,0.9007,Andre-Frank Zambo Anguissa,0.8994,Medon Berisha,0.8989
Luka Đurić,Mediocentro,Tomás Esteves,1.0,Dachi Lordkipanidze,1.0,Tyler Fletcher,1.0,Gael Lafont,1.0,Hugo Solozabal,1.0,Mitchel Bakker,1.0,Callum Olusesi,1.0,Hugo García,1.0,Jorge Cestero,1.0,Alassane Diatta,1.0,Vincent Burlet,0.9097,Ben Cremaschi,0.9094,Joseph Nduquidi,0.8918,Tidiane Devernois,0.8906,Ibai Aguirre,0.8862
Yan Couto,Mediocentro,Panos Katseris,0.9331,Djibril Sow,0.9235,Alexander Prass,0.9006,Alessio Castro-Montes,0.8977,Neil El Aynaoui,0.8957,Sean Longstaff,0.8948,Diego Moreira,0.88,Maxence Caqueret,0.8725,Filip Kostić,0.8604,Kiernan Dewsbury-Hall,0.8556,Pape Matar Sarr,0.8401,Henrikh Mkhitaryan,0.84,Pablo Fornals,0.8395,Adrien Thomasson,0.8348,Bruno Guimarães,0.8336
Yannick Gerhardt,Mediocentro,Miguel Román,0.7822,Carney Chukwuemeka,0.7627,Andrey Santos,0.7485,Eduardo Camavinga,0.7286,Han-Noah Massengo,0.7195,Gonzalo Villar,0.709,Fran Beltrán,0.6804,Tom Cairney,0.68,Lassana Coulibaly,0.639,Jessy Deminguet,0.637,Lucas Tousart,0.6246,Manu Koné,0.6119,Oliver Jensen,0.5709,Felipe Loyola,0.5668,Fisayo Dele-Bashiru,0.5596
Oscar Højlund,Mediocentro,Pol Lozano,0.9537,Christian Ordoñez,0.9077,Jacob Ramsey,0.8966,Manu Morlanes,0.895,Ander Guevara,0.8948,Lewis Ferguson,0.8601,Alberto Reina,0.8505,Mattias Svanberg,0.7999,Frenkie de Jong,0.7841,Aron Dønnum,0.7725,Alexis Vossah,0.7681,Mikel Jauregizar,0.7568,Ismaël Koné,0.7358,Pathé Ciss,0.7353,Bilal Nadir,0.7244
Nadiem Amiri,Mediocentro,Arthur Atta,0.9502,Ludovic Blas,0.9337,Tijjani Reijnders,0.9203,Alexander Prass,0.894,Diego Moreira,0.8936,Jurgen Ekkelenkamp,0.8916,Corentin Tolisso,0.8911,Lucas Da Cunha,0.8902,Pablo Fornals,0.8876,Medon Berisha,0.8851,Azzedine Ounahi,0.8792,Bruno Guimarães,0.8724,Kiernan Dewsbury-Hall,0.8663,Nikolas Nartey,0.8653,Ruslan Malinovskyi,0.8617
Felix Nmecha,Mediocentro,Mahmoud Dahoud,0.8263,Amadou Haidara,0.8256,João Neves,0.8006,Mario Pašalić,0.8005,Warren Zaïre-Emery,0.771,Leon Goretzka,0.7472,Alexis Mac Allister,0.7367,Yasin Ayari,0.7321,Marco Brescianini,0.7314,Martim Neto,0.7149,Ross Barkley,0.7132,Jan Schöppner,0.7126,Hugo Larsson,0.6925,Luka Sučić,0.6821,Javier Guerra,0.668
Elvis Rexhbeçaj,Mediocentro,Cher Ndour,0.9081,Andy Diouf,0.9006,Xaver Schlager,0.8712,Álvaro Fidalgo,0.8454,Luca Kerber,0.8451,Junior Dina Ebimbe,0.8207,Albert Sambi Lokonga,0.796,Harrison Reed,0.7939,Lassana Coulibaly,0.7848,Mezian Soares,0.7638,Tom Cairney,0.7589,Cesare Casadei,0.7587,Jahyann Pandore,0.7318,Kenneth Taylor,0.7242,Rodrigo Gomes,0.7238
Florian Neuhaus,Mediocentro,Pedro Díaz,0.8314,Pape Cabral,0.7827,Þórir Jóhann Helgason,0.781,Javier Muñoz,0.7764,Jhon Solis,0.7566,Andrés Antañón,0.7378,Yellu Santiago,0.736,Felipe Chávez,0.7171,Donny van de Beek,0.697,Tanguy Ndombele,0.6512,Mathias Rasmussen,0.6334,Curtis Jones,0.6239,Juan Arizala,0.6097,Khalis Merah,0.6054,Alex Král,0.5982
Carney Chukwuemeka,Mediocentro,Tom Cairney,0.9225,Gonzalo Villar,0.8012,Lassana Coulibaly,0.799,Manu Koné,0.7755,Albert Sambi Lokonga,0.7645,Yannick Gerhardt,0.7627,Ilaix Moriba,0.745,João Neves,0.7283,Cher Ndour,0.7117,Jessy Deminguet,0.7077,Petar Sučić,0.6925,Junior Dina Ebimbe,0.6619,Luca Kerber,0.6556,Ruben Loftus-Cheek,0.6554,Eduardo Camavinga,0.6522
Exequiel Palacios,Mediocentro,Dan Neil,0.8945,Pharell Hensel,0.889,Yangel Herrera,0.8761,Glen Kamara,0.8733,Jan Salas,0.8727,Rouven Tarnutzer,0.8726,Denis Huseinbasic,0.8674,Noah Sadiki,0.8352,Haris Belkebla,0.829,Alex Tóth,0.7946,Brando Bettazzi,0.7889,Simon Sohm,0.7841,Bara Ndiaye,0.7682,Naouirou Ahamada,0.7674,Lancinet Kourouma,0.7612
Johan Manzambi,Mediocentro,John McGinn,0.8512,Tom Louchet,0.836,Nikolas Nartey,0.8326,Kristian Thorstvedt,0.8263,Azzedine Ounahi,0.8187,Corentin Tolisso,0.8047,Valentín Barco,0.7977,Scott McTominay,0.7914,Assan Ouedraogo,0.7885,Castrop Jens,0.7864,Mikel Merino,0.7856,Kiernan Dewsbury-Hall,0.78,Pedri,0.779,Grischa Prömel,0.776,Bruno Guimarães,0.7744
Assan Ouedraogo,Mediocentro,Scott McTominay,0.9851,Nikolas Nartey,0.9234,John McGinn,0.8944,Arthur Atta,0.8923,Corentin Tolisso,0.8912,Ross Barkley,0.87,Tijjani Reijnders,0.8693,Keane Lewis-Potter,0.8667,Azzedine Ounahi,0.8667,Grischa Prömel,0.8647,Luka Sučić,0.8623,Sebastian Nanasi,0.8571,Mikel Merino,0.8469,Harrison Reed,0.843,Ludovic Blas,0.8395
Denis Huseinbasic,Mediocentro,Pharell Hensel,0.9272,Haris Belkebla,0.9177,Paul Pogba,0.8937,Alex Tóth,0.8895,Joseph Liteta,0.8858,Noah Sadiki,0.8824,Manu Bueno,0.8807,Warren Bondo,0.8778,Brando Bettazzi,0.873,Dan Neil,0.8712,Yangel Herrera,0.871,Exequiel Palacios,0.8674,Hugo García,0.8654,Alassane Diatta,0.8654,Gael Lafont,0.8654
Leonardo Bittencourt,Mediocentro,Tim Iroegbunam,0.9183,Pierrick Capelle,0.9011,Gavi,0.8817,Simon Sohm,0.8666,Ebenezer Akinsanmiro,0.8647,Obed Vargas,0.8104,Ryan Yates,0.7921,Tyrese Noubissié,0.754,Dani Ceballos,0.7498,Johnny Cardoso,0.7477,Morgan Sanson,0.7468,Lennon Miller,0.7466,Íñigo Sainz-Maza,0.7321,Nikolas Veratschnig,0.731,Patrizio Masini,0.7151
Nikolas Veratschnig,Mediocentro,Morgan Sanson,0.9211,Lennon Miller,0.8486,Gvidas Gineitis,0.8274,Pierrick Capelle,0.8126,Obed Vargas,0.7898,Krépin Diatta,0.788,Hugo Sotelo,0.7613,Carles Aleñá,0.751,Janik Haberer,0.7346,Leonardo Bittencourt,0.731,Tim Iroegbunam,0.7234,Ebenezer Akinsanmiro,0.6981,Joel Fujita,0.6944,Valentino Lazaro,0.6904,Cameron Puertas,0.6832
Ezechiel Banzuzi,Mediocentro,Beñat Turrientes,0.9256,Ryan Yates,0.8077,Connor Metcalfe,0.7762,Pierrick Capelle,0.7748,Alessandro Deiola,0.7653,Andrija Bulatović,0.7634,Patrizio Masini,0.7538,Joe Willock,0.7239,Rodrigo Mendoza,0.7087,Gvidas Gineitis,0.7066,Álex Sala,0.7021,Carlos Alcaraz,0.6855,Thiago Pinar,0.6552,Djaoui Cissé,0.6297,Morgan Sanson,0.6291
Leon Goretzka,Mediocentro,Javier Guerra,0.9406,Amadou Haidara,0.9275,Tom Bischof,0.9242,Andre-Frank Zambo Anguissa,0.9197,Senny Mayulu,0.913,Jurgen Ekkelenkamp,0.9088,Ross Barkley,0.9074,Sebastian Nanasi,0.9048,Jens Stage,0.8957,Nikolas Nartey,0.8935,Pablo Fornals,0.8926,Grischa Prömel,0.8921,Kenneth Taylor,0.8918,Jan Schöppner,0.8909,Luka Sučić,0.8891
Maximilian Eggestein,Mediocentro,Hugo Larsson,0.8218,Noah Cadiou,0.7881,Ao Tanaka,0.7636,Théo Le Bris,0.6988,Cher Ndour,0.6775,Han-Noah Massengo,0.6767,Seko Fofana,0.6742,Álvaro Fidalgo,0.6665,Lucas Tousart,0.6621,Mezian Soares,0.6615,Albert Sambi Lokonga,0.6337,Oscar Fraulo,0.6217,João Neves,0.6071,Luis Henrique,0.6061,Archie Gray,0.6014
Pharell Hensel,Mediocentro,Glen Kamara,0.9562,Jan Salas,0.9535,Rouven Tarnutzer,0.9529,Denis Huseinbasic,0.9272,Yangel Herrera,0.916,Dan Neil,0.8984,Exequiel Palacios,0.889,Tyler Fletcher,0.8597,Jorge Cestero,0.8597,Callum Olusesi,0.8597,Gael Lafont,0.8597,Mitchel Bakker,0.8597,Alassane Diatta,0.8597,Luka Đurić,0.8597,Tomás Esteves,0.8597
Connor Metcalfe,Mediocentro,Álex Sala,0.8258,Andrija Bulatović,0.8248,Joe Willock,0.8153,Ezechiel Banzuzi,0.7762,Alessandro Deiola,0.771,Thiago Pinar,0.7323,Jari Vandeputte,0.7087,Beñat Turrientes,0.7033,Ryan Yates,0.6817,Youri Tielemans,0.6543,Alessio Zerbin,0.6356,Edu Expósito,0.6316,Hugo Sotelo,0.6183,Pape Demba Diop,0.6005,Carles Aleñá,0.599
Rouven Tarnutzer,Mediocentro,Jan Salas,1.0,Glen Kamara,0.9995,Pharell Hensel,0.9529,Yangel Herrera,0.8967,Dan Neil,0.8941,Exequiel Palacios,0.8726,Denis Huseinbasic,0.8541,Gael Lafont,0.8299,Hugo García,0.8299,Hugo Solozabal,0.8299,Dachi Lordkipanidze,0.8299,Luka Đurić,0.8299,Alassane Diatta,0.8299,Callum Olusesi,0.8299,Jorge Cestero,0.8299
Han-Noah Massengo,Mediocentro,Fran Beltrán,0.8047,Hugo Larsson,0.793,Felipe Loyola,0.7893,Ao Tanaka,0.7604,Miguel Román,0.7276,Yannick Gerhardt,0.7195,Koke,0.7143,Lucas Tousart,0.7046,Maximilian Eggestein,0.6767,Noah Cadiou,0.673,Archie Gray,0.6532,Jessy Deminguet,0.6444,Óscar Valentín,0.6298,Kobbie Mainoo,0.6035,Luka Modrić,0.5641
Alessio Castro-Montes,Mediocentro,Maxence Caqueret,0.9534,Nicolò Barella,0.8998,Yan Couto,0.8977,Panos Katseris,0.8513,Sean Longstaff,0.8457,Adrien Thomasson,0.8321,Djibril Sow,0.8293,Petar Sučić,0.8161,Neil El Aynaoui,0.8149,Lamine Camara,0.7815,Elliot Anderson,0.7786,Pape Matar Sarr,0.7631,Diego Moreira,0.7522,Niccolò Pisilli,0.7498,Cristian Cásseres Jr.,0.7282
Oscar Fraulo,Mediocentro,Noah Cadiou,0.9342,Ross Barkley,0.899,Tommaso Pobega,0.8611,Vincent Marchetti,0.8574,Amadou Haidara,0.8525,Andre-Frank Zambo Anguissa,0.8509,Asier Osambela,0.8363,Leon Goretzka,0.829,Jahyann Pandore,0.8246,Harrison Reed,0.8235,Cesare Casadei,0.8101,João Neves,0.8076,Jens Stage,0.8071,Albert Sambi Lokonga,0.8004,Luka Sučić,0.7953
Luca Kerber,Mediocentro,Xaver Schlager,0.9684,Edoardo Iannoni,0.9398,Junior Dina Ebimbe,0.9298,Cesare Casadei,0.879,Diego Gómez,0.8577,Elvis Rexhbeçaj,0.8451,Morten Thorsby,0.8444,Suat Serdar,0.8442,Kenneth Taylor,0.8219,Djibril Sow,0.8101,Jens Stage,0.81,Jahyann Pandore,0.7995,Petar Sučić,0.7916,Tom Cairney,0.7902,Andy Diouf,0.7798
Tom Bischof,Mediocentro,Javier Guerra,0.9719,Senny Mayulu,0.9564,Filip Kostić,0.9433,Pablo Fornals,0.936,Leon Goretzka,0.9242,Jurgen Ekkelenkamp,0.9122,Medon Berisha,0.9044,Niccolò Pisilli,0.8938,Weston McKennie,0.8882,Nikolas Nartey,0.8817,Diego Moreira,0.8814,Pape Matar Sarr,0.8594,Sebastian Nanasi,0.8561,Fabio Miretti,0.8509,Lucas Da Cunha,0.8508
Mathias Rasmussen,Mediocentro,Michele Collocolo,0.9443,Juan Arizala,0.926,Jon Guridi,0.9116,Pedro Díaz,0.8699,Tidiane Devernois,0.8466,Joseph Nduquidi,0.8464,Vincent Burlet,0.8428,Samuel Iling-Junior,0.84,Ben Cremaschi,0.8352,Mathis Amougou,0.8188,Andy Irving,0.8169,Jhon Solis,0.7882,Khalis Merah,0.7828,Raoul Bellanova,0.7809,Þórir Jóhann Helgason,0.7721
Alexander Prass,Mediocentro,Henrikh Mkhitaryan,0.9554,Bruno Guimarães,0.9513,Ruslan Malinovskyi,0.9055,Yan Couto,0.9006,Corentin Tolisso,0.8989,Yassine Kechta,0.8973,Panos Katseris,0.8964,Marshall Munetsi,0.8962,Nadiem Amiri,0.894,Kiernan Dewsbury-Hall,0.8828,Filip Kostić,0.8636,Adrien Thomasson,0.8608,Senny Mayulu,0.8583,Mikel Merino,0.852,Jens Stage,0.8471
Mahmoud Dahoud,Mediocentro,Niccolò Pisilli,0.8902,Leon Goretzka,0.8843,Jan Schöppner,0.8541,Amadou Haidara,0.851,Mario Pašalić,0.8451,Pape Matar Sarr,0.8337,Warren Zaïre-Emery,0.8302,Martim Neto,0.8297,Felix Nmecha,0.8263,Tom Bischof,0.8207,Javier Guerra,0.8006,Archie Gray,0.7968,Santi Comesaña,0.7861,Yasin Ayari,0.7846,Luca Mazzitelli,0.7805
Tidiane Devernois,Mediocentro,Joseph Nduquidi,1.0,Vincent Burlet,0.999,Ben Cremaschi,0.9501,Samuel Iling-Junior,0.9411,Jorge Cestero,0.8906,Tomás Esteves,0.8906,Hugo Solozabal,0.8906,Tyler Fletcher,0.8906,Hugo García,0.8906,Alassane Diatta,0.8906,Dachi Lordkipanidze,0.8906,Luka Đurić,0.8906,Callum Olusesi,0.8906,Mitchel Bakker,0.8906,Gael Lafont,0.8906
Daniel Xavier Semedo,Mediocentro,Carlos Macià,0.9837,Joseph Liteta,0.9745,Damián,0.9354,André Gomes,0.8829,Djibril Coulibaly,0.8827,Ibai Aguirre,0.8827,Kwasi Sibo,0.8673,Francis Abu,0.8647,Ivan Ilić,0.8616,Matías Vecino,0.8553,Denis Huseinbasic,0.8541,Paul Pogba,0.8434,Believe Munongo,0.8202,Taufik Seidu,0.8201,Beñat Prados,0.7978
Joseph Nduquidi,Mediocentro,Tidiane Devernois,1.0,Vincent Burlet,0.9992,Ben Cremaschi,0.9505,Samuel Iling-Junior,0.9409,Jorge Cestero,0.8918,Callum Olusesi,0.8918,Dachi Lordkipanidze,0.8918,Luka Đurić,0.8918,Mitchel Bakker,0.8918,Hugo Solozabal,0.8918,Hugo García,0.8918,Tomás Esteves,0.8918,Gael Lafont,0.8918,Tyler Fletcher,0.8918,Alassane Diatta,0.8918
Kévin Danois,Mediocentro,Mathias Jensen,0.828,Ao Tanaka,0.7995,Koke,0.7606,Rodrigo Gomes,0.7605,Théo Le Bris,0.7492,Luka Modrić,0.736,Declan Rice,0.6471,Fran Beltrán,0.6385,Cristian Cásseres Jr.,0.6347,Álvaro Fidalgo,0.6231,Sean Longstaff,0.5978,Timothy Weah,0.5964,Samir El Mourabet,0.59,Yan Couto,0.5765,Miguel Román,0.5546
Glen Kamara,Mediocentro,Jan Salas,0.9997,Rouven Tarnutzer,0.9995,Pharell Hensel,0.9562,Yangel Herrera,0.8939,Dan Neil,0.8931,Exequiel Palacios,0.8733,Denis Huseinbasic,0.8624,Dachi Lordkipanidze,0.8466,Tyler Fletcher,0.8466,Hugo Solozabal,0.8466,Tomás Esteves,0.8466,Gael Lafont,0.8466,Hugo García,0.8466,Jorge Cestero,0.8466,Mitchel Bakker,0.8466
André Gomes,Mediocentro,Djibril Coulibaly,1.0,Ibai Aguirre,1.0,Taufik Seidu,0.935,George Hemmings,0.9307,Manu Bueno,0.8913,Hugo García,0.8841,Callum Olusesi,0.8841,Tyler Fletcher,0.8841,Luka Đurić,0.8841,Mitchel Bakker,0.8841,Alassane Diatta,0.8841,Gael Lafont,0.8841,Jorge Cestero,0.8841,Tomás Esteves,0.8841,Hugo Solozabal,0.8841
Vincent Burlet,Mediocentro,Joseph Nduquidi,0.9992,Tidiane Devernois,0.999,Ben Cremaschi,0.9553,Samuel Iling-Junior,0.9367,Callum Olusesi,0.9097,Dachi Lordkipanidze,0.9097,Tomás Esteves,0.9097,Mitchel Bakker,0.9097,Tyler Fletcher,0.9097,Hugo Solozabal,0.9097,Gael Lafont,0.9097,Jorge Cestero,0.9097,Alassane Diatta,0.9097,Luka Đurić,0.9097,Hugo García,0.9097
Valentin Rongier,Mediocentro,Sergi Altimira,0.7549,Mahmoud Dahoud,0.7457,Mateus Fernandes,0.7257,Luca Mazzitelli,0.7206,Niccolò Pisilli,0.6771,Alejandro Rego,0.6766,Pape Demba Diop,0.6727,Yasin Ayari,0.6638,Mamadou Sangare,0.6463,Filip Kostić,0.6425,Neil El Aynaoui,0.6309,Tommaso Pobega,0.6278,Tom Bischof,0.6256,Lamine Camara,0.6107,Pape Matar Sarr,0.6101
Pape Cabral,Mediocentro,Javier Muñoz,0.9095,Felipe Chávez,0.8913,Jhon Solis,0.8328,Mohamed Kaba,0.8118,Andrés Antañón,0.8099,Yellu Santiago,0.7968,Þórir Jóhann Helgason,0.7866,Florian Neuhaus,0.7827,Mathis Amougou,0.7747,Gabriele Piccinini,0.7739,Alex Král,0.7452,Davide Frattesi,0.7103,Djaoui Cissé,0.6912,Pedro Díaz,0.6575,Donny van de Beek,0.6436
Tyrese Noubissié,Mediocentro,Johnny Cardoso,0.9592,Ivan Ilić,0.9573,Will Hughes,0.9451,Javi Morcillo,0.915,Aldasoro,0.9072,Francis Abu,0.8861,Robert Skov,0.8826,Unai Vencedor Paris,0.8823,Dani Ceballos,0.8762,Youssef Maleh,0.876,Alex Tóth,0.8721,Quinten Timber,0.8661,Íñigo Sainz-Maza,0.8659,Haris Belkebla,0.8642,Brando Bettazzi,0.8577
Mezian Soares,Mediocentro,Luka Sučić,0.9725,Harrison Reed,0.9539,Sebastian Nanasi,0.9246,Tijjani Reijnders,0.8868,Ross Barkley,0.8846,Andy Diouf,0.8667,Jurgen Ekkelenkamp,0.8656,Vincent Marchetti,0.8495,Albert Sambi Lokonga,0.8403,João Neves,0.8397,Arthur Atta,0.8322,Kenneth Taylor,0.8314,Jens Stage,0.8256,Morten Thorsby,0.8216,Amadou Haidara,0.8213
Jahyann Pandore,Mediocentro,Jens Stage,0.9538,Andre-Frank Zambo Anguissa,0.933,Harrison Reed,0.9306,Junior Dina Ebimbe,0.9034,Grischa Prömel,0.8967,Albert Sambi Lokonga,0.8833,Filip Kostić,0.8823,Ross Barkley,0.8677,Rodrigo Gomes,0.8662,Jurgen Ekkelenkamp,0.866,Nikolas Nartey,0.8648,Suat Serdar,0.8641,Vincent Marchetti,0.8598,Senny Mayulu,0.8499,Corentin Tolisso,0.8494
Djibril Coulibaly,Mediocentro,Ibai Aguirre,1.0,André Gomes,1.0,Taufik Seidu,0.9336,George Hemmings,0.9302,Manu Bueno,0.8911,Hugo García,0.8862,Callum Olusesi,0.8862,Tyler Fletcher,0.8862,Luka Đurić,0.8862,Mitchel Bakker,0.8862,Alassane Diatta,0.8862,Gael Lafont,0.8862,Jorge Cestero,0.8862,Tomás Esteves,0.8862,Hugo Solozabal,0.8862
Paul Pogba,Mediocentro,Francis Abu,0.9348,Matías Vecino,0.9106,Alex Tóth,0.8973,Denis Huseinbasic,0.8937,Damián,0.8879,Robert Skov,0.8856,Believe Munongo,0.8842,Oier Zarraga,0.8813,Carlos Macià,0.8794,Youssef Maleh,0.8646,Will Hughes,0.8599,Ivan Ilić,0.8586,Joseph Liteta,0.8517,Íñigo Sainz-Maza,0.8473,Noah Sadiki,0.845
Haris Belkebla,Mediocentro,Dani Ceballos,0.9636,Íñigo Sainz-Maza,0.9571,Bara Ndiaye,0.9475,Alex Tóth,0.9419,Denis Huseinbasic,0.9177,Yangel Herrera,0.9114,Brando Bettazzi,0.9084,Dan Neil,0.9034,Will Hughes,0.8987,Robert Skov,0.8985,Francis Abu,0.874,Noah Sadiki,0.8679,Tyrese Noubissié,0.8642,Quinten Timber,0.8506,Paul Pogba,0.8441
Khalis Merah,Mediocentro,Joel Mvuka,0.8718,Harrison Armstrong,0.8222,Yangel Herrera,0.8102,Daniel Parejo,0.7898,Noah Sadiki,0.7864,James Ward-Prowse,0.7838,Samuele Angori,0.7833,Mathias Rasmussen,0.7828,Pedro Díaz,0.7785,Alex Král,0.7698,Bara Ndiaye,0.7516,Alex Tóth,0.7511,Douglas Luiz,0.7466,Naouirou Ahamada,0.7394,Jhon Solis,0.7299
Quinten Timber,Mediocentro,Will Hughes,0.968,Hernani,0.9315,Jacopo Fazzini,0.9207,Aster Vranckx,0.9156,Amir Richardson,0.9139,Amorim,0.9015,Youssef Maleh,0.8957,Nelson Deossa,0.8901,İsak Vural,0.889,Noah Sadiki,0.8874,Alex Tóth,0.8843,Myles Lewis-Skelly,0.8829,Robert Skov,0.8819,Umut Tohumcu,0.8806,Warren Bondo,0.8791
Alexis Vossah,Mediocentro,Ander Guevara,0.8198,Manu Morlanes,0.799,Pol Lozano,0.7682,Oscar Højlund,0.7681,Christian Ordoñez,0.7611,Jacob Ramsey,0.734,Felipe Loyola,0.704,Ismaël Koné,0.6998,Frenkie de Jong,0.6876,Santi Comesaña,0.6793,Lewis Ferguson,0.6523,Alberto Reina,0.5804,Mattias Svanberg,0.5335,Pathé Ciss,0.5202,Yannick Gerhardt,0.5168
Fabián Ruiz Peña,Mediocentro,Lewis Miley,0.9065,Declan Rice,0.8614,Aleix García,0.8427,Jari Vandeputte,0.8226,Niccolò Pisilli,0.8176,Javier Guerra,0.8086,Medon Berisha,0.8004,Maximilian Arnold,0.7953,Tom Bischof,0.7811,Enzo Le Fée,0.7778,Pablo Fornals,0.7664,Martim Neto,0.7566,Diego Moreira,0.7565,Lucas Da Cunha,0.7412,Nicolò Barella,0.7244
Sebastian Nanasi,Mediocentro,Jurgen Ekkelenkamp,0.9718,Luka Sučić,0.9463,Tijjani Reijnders,0.9452,Mezian Soares,0.9246,Javier Guerra,0.9233,Pablo Fornals,0.9209,Arthur Atta,0.9163,Leon Goretzka,0.9048,Weston McKennie,0.902,Harrison Reed,0.8965,Nikolas Nartey,0.8653,Ross Barkley,0.8639,Medon Berisha,0.8575,Amadou Haidara,0.8571,Assan Ouedraogo,0.8571
Arthur Avom,Mediocentro,Josh Cullen,0.9682,Remo Freuler,0.9613,Piotr Zieliński,0.8985,Manuel Ángel,0.8396,Sergi Altimira,0.3204,Aleix Febas,0.2934,Koke,0.255,Ilaix Moriba,0.2411,Mateus Fernandes,0.2373,Luka Modrić,0.2126,Jessy Deminguet,0.2119,Khalis Merah,0.2076,Valentin Rongier,0.2059,Nicolás Domínguez,0.2026,Théo Le Bris,0.1912
Samir El Mourabet,Mediocentro,Koke,0.8348,Kobbie Mainoo,0.752,Andrey Santos,0.7463,Cristian Cásseres Jr.,0.7148,Miguel Román,0.7071,Yehor Yarmoliuk,0.7058,Iñigo Ruiz de Galarreta,0.693,Michel Aebischer,0.6872,Gonzalo Villar,0.6087,Marcel Sabitzer,0.5942,Kévin Danois,0.59,Mateus Fernandes,0.5807,Eduardo Camavinga,0.5778,Roberto Gagliardini,0.5764,Lamine Camara,0.5639
Branco van den Boomen,Mediocentro,Jon Guridi,0.8714,Pedro Díaz,0.8276,Hugo Sotelo,0.7908,Alessandro Deiola,0.7809,Raoul Bellanova,0.7734,Valentino Lazaro,0.7651,Djaoui Cissé,0.762,Juan Arizala,0.7544,Javier Muñoz,0.7441,Mathis Amougou,0.7375,Mathias Rasmussen,0.7373,Michele Collocolo,0.7371,Gabriele Piccinini,0.7243,Sandi Lovrić,0.7202,Jon Moncayola,0.7198
Diego Moreira,Mediocentro,Pablo Fornals,0.9645,Medon Berisha,0.9569,Rassoul Ndiaye,0.9296,Kiernan Dewsbury-Hall,0.9273,Javier Guerra,0.9136,Enzo Le Fée,0.9049,Senny Mayulu,0.8979,Nadiem Amiri,0.8936,Ludovic Blas,0.8885,Jurgen Ekkelenkamp,0.8884,Sean Longstaff,0.8864,Tom Bischof,0.8814,Yan Couto,0.88,Panos Katseris,0.8777,John McGinn,0.8727
Junior Dina Ebimbe,Mediocentro,Jens Stage,0.9421,Cesare Casadei,0.9321,Luca Kerber,0.9298,Grischa Prömel,0.9122,Ruben Loftus-Cheek,0.9066,Jahyann Pandore,0.9034,Xaver Schlager,0.9003,Harrison Reed,0.8949,Morten Thorsby,0.8738,Mikel Merino,0.8675,Suat Serdar,0.8594,Mauro Arambarri,0.8576,Corentin Tolisso,0.8507,Kenneth Taylor,0.8461,Diego Gómez,0.8381
Yassin Belkhdim,Mediocentro,Yassine Kechta,0.8079,Alex Scott,0.7978,Pape Demba Diop,0.7957,Henrikh Mkhitaryan,0.7519,Conor Gallagher,0.7517,Nicolás Domínguez,0.7393,Mamadou Sangare,0.7225,Dehmaine Assoumani,0.7109,Cameron Puertas,0.705,Panos Katseris,0.7026,Filip Kostić,0.6967,Castrop Jens,0.6824,Ryan Christie,0.6746,Enzo Le Fée,0.6711,Bruno Guimarães,0.6697
Krépin Diatta,Mediocentro,Obed Vargas,0.8949,Valentino Lazaro,0.8921,Lorenzo Bernasconi,0.8548,Jon Moncayola,0.8275,Samuele Angori,0.8165,Janik Haberer,0.7938,Andy Irving,0.7884,Nikolas Veratschnig,0.788,Morgan Sanson,0.7835,Hugo Sotelo,0.7807,Naouirou Ahamada,0.7555,Lennon Miller,0.749,Amorim,0.7484,Samuel Iling-Junior,0.7286,Robert Skov,0.7282
Lucas Tousart,Mediocentro,Mario Sauer,0.8448,Fran Beltrán,0.8266,Noah Cadiou,0.8039,Jessy Deminguet,0.7466,Oscar Fraulo,0.7316,Felipe Loyola,0.7228,Han-Noah Massengo,0.7046,Ao Tanaka,0.6707,Maximilian Eggestein,0.6621,Suat Serdar,0.6293,Miguel Román,0.6266,Yannick Gerhardt,0.6246,Alejandro Rego,0.6143,Tommaso Pobega,0.6116,Asier Osambela,0.6059
Vincent Marchetti,Mediocentro,Khéphren Thuram,0.9367,Jens Stage,0.9211,Luka Sučić,0.9171,Ross Barkley,0.9122,Harrison Reed,0.9106,Weston McKennie,0.8959,Grischa Prömel,0.8927,Tijjani Reijnders,0.8826,Nikolas Nartey,0.8772,Mikel Merino,0.8757,Morten Thorsby,0.8688,Leon Goretzka,0.8684,Cesare Casadei,0.8648,Jahyann Pandore,0.8598,Senny Mayulu,0.8587
Djaoui Cissé,Mediocentro,Gabriele Piccinini,0.949,Sergi Roberto,0.8598,Mohamed Kaba,0.8515,Mathis Amougou,0.8323,Douglas Luiz,0.8226,Kevin Paredes,0.8144,Youssef Maleh,0.8077,Jacopo Fazzini,0.7754,Davide Frattesi,0.7711,Jon Guridi,0.7695,Gvidas Gineitis,0.7665,Branco van den Boomen,0.762,Javier Muñoz,0.748,Sandi Lovrić,0.746,Oier Zarraga,0.7434
Valentín Barco,Mediocentro,Johan Manzambi,0.7977,Olasagasti,0.7889,Hicham Boudaoui,0.7806,Pedri,0.7535,Panos Katseris,0.7251,Nicola Zalewski,0.7189,Edu Expósito,0.7168,Castrop Jens,0.7108,Aron Dønnum,0.7058,Alexis Saelemaekers,0.7025,Azzedine Ounahi,0.6958,Enzo Le Fée,0.6877,Diego Moreira,0.6828,Mattias Svanberg,0.6788,Bruno Guimarães,0.6773
Timothy Weah,Mediocentro,Lucas Da Cunha,0.8164,Henrikh Mkhitaryan,0.7837,Marshall Munetsi,0.7807,Yassine Kechta,0.7803,Nadiem Amiri,0.764,Pascal Groß,0.7546,Weston McKennie,0.7324,Alexander Prass,0.7261,Andy Diouf,0.7184,Rodrigo Gomes,0.7175,Lucas Bergvall,0.7134,Jurgen Ekkelenkamp,0.7041,Pablo Fornals,0.7021,Mathias Jensen,0.6874,Yan Couto,0.6765
Ludovic Blas,Mediocentro,Medon Berisha,0.9493,Nadiem Amiri,0.9337,Arthur Atta,0.9232,Corentin Tolisso,0.917,Tijjani Reijnders,0.8987,Azzedine Ounahi,0.8983,Ruslan Malinovskyi,0.8979,Nikolas Nartey,0.8978,Diego Moreira,0.8885,Senny Mayulu,0.888,Bruno Guimarães,0.8742,Javier Guerra,0.8703,Kiernan Dewsbury-Hall,0.8584,Keane Lewis-Potter,0.8481,John McGinn,0.8467
Lamine Camara,Mediocentro,Mateus Fernandes,0.9563,Cristian Cásseres Jr.,0.8873,Sean Longstaff,0.8823,Elliot Anderson,0.8819,Sergi Altimira,0.8728,Conor Gallagher,0.8613,Maxence Caqueret,0.826,Alessio Castro-Montes,0.7815,Ramón Terrats,0.775,Petar Sučić,0.7717,Luca Mazzitelli,0.7527,Mamadou Sangare,0.7431,Ilaix Moriba,0.7373,Panos Katseris,0.7235,Djibril Sow,0.7212
Noah Cadiou,Mediocentro,Oscar Fraulo,0.9342,Amadou Haidara,0.8428,Hugo Larsson,0.8384,Ross Barkley,0.8357,Archie Gray,0.8353,João Neves,0.8237,Albert Sambi Lokonga,0.81,Warren Zaïre-Emery,0.8051,Lucas Tousart,0.8039,Felipe Loyola,0.8005,Andre-Frank Zambo Anguissa,0.7946,Maximilian Eggestein,0.7881,Leon Goretzka,0.7834,Tommaso Pobega,0.7725,Ao Tanaka,0.7382
Simon Ebonog,Mediocentro,Roberto Gagliardini,0.9023,Eduardo Camavinga,0.879,Aldasoro,0.8512,Johnny Cardoso,0.8164,Andrey Santos,0.8054,João Gomes,0.793,Javi Morcillo,0.7906,Iñigo Ruiz de Galarreta,0.767,Dani Ceballos,0.7606,Jean-Daniel Akpa-Akpro,0.7394,Jacopo Fazzini,0.7351,Tyrese Noubissié,0.7257,Grigoris Kastanos,0.7244,Michel Aebischer,0.7179,Brando Bettazzi,0.7115
Hicham Boudaoui,Mediocentro,Azzedine Ounahi,0.8169,Edu Expósito,0.8121,Nicola Zalewski,0.7915,Valentín Barco,0.7806,Alexis Saelemaekers,0.7598,Habib Diarra,0.7587,Ludovic Blas,0.7547,Jean-Ricner Bellegarde,0.7539,Jakub Piotrowski,0.7408,Nadiem Amiri,0.7151,Bruno Guimarães,0.7031,Pablo Ibáñez,0.688,Adrian Bernabe,0.6691,Alex Scott,0.6574,Corentin Tolisso,0.6545
Morgan Sanson,Mediocentro,Nikolas Veratschnig,0.9211,Gvidas Gineitis,0.8968,Hugo Sotelo,0.8846,Pierrick Capelle,0.864,Ebenezer Akinsanmiro,0.8137,Valentino Lazaro,0.8006,Lennon Miller,0.7992,Obed Vargas,0.7901,Janik Haberer,0.7867,Krépin Diatta,0.7835,Jon Moncayola,0.7803,Tim Iroegbunam,0.7738,Oier Zarraga,0.7722,Douglas Luiz,0.7655,Carles Aleñá,0.7645
Senny Mayulu,Mediocentro,Nikolas Nartey,0.9634,Tom Bischof,0.9564,Filip Kostić,0.9541,Javier Guerra,0.9491,Mikel Merino,0.9443,John McGinn,0.9345,Corentin Tolisso,0.9327,Medon Berisha,0.9307,Bruno Guimarães,0.9223,Kiernan Dewsbury-Hall,0.9159,Jens Stage,0.914,Leon Goretzka,0.913,Grischa Prömel,0.9109,Pablo Fornals,0.9106,Diego Moreira,0.8979
Yassine Kechta,Mediocentro,Henrikh Mkhitaryan,0.9836,Diego Gómez,0.9144,Alexander Prass,0.8973,Marshall Munetsi,0.8819,Bruno Guimarães,0.8345,Filip Kostić,0.8329,Ruslan Malinovskyi,0.8297,Suat Serdar,0.8288,Yassin Belkhdim,0.8079,Jahyann Pandore,0.7995,Panos Katseris,0.7976,Nicolás Domínguez,0.7807,Timothy Weah,0.7803,Nadiem Amiri,0.7786,Castrop Jens,0.7756
João Neves,Mediocentro,Ross Barkley,0.9367,Amadou Haidara,0.9321,Luka Sučić,0.9003,Leon Goretzka,0.8887,Albert Sambi Lokonga,0.8853,Warren Zaïre-Emery,0.8781,Andre-Frank Zambo Anguissa,0.8731,Harrison Reed,0.8603,Grischa Prömel,0.854,Kenneth Taylor,0.8429,Mario Pašalić,0.8404,Mezian Soares,0.8397,Assan Ouedraogo,0.826,Noah Cadiou,0.8237,Jens Stage,0.8236
Dehmaine Assoumani,Mediocentro,Juan Cuadrado,0.8771,Kevin Paredes,0.8097,Pablo Ibáñez,0.8028,Alex Scott,0.7802,João Gomes,0.7706,Yassin Belkhdim,0.7109,Jakub Piotrowski,0.706,Djaoui Cissé,0.6981,Patrizio Masini,0.684,Cameron Puertas,0.6804,Jean-Daniel Akpa-Akpro,0.6745,Gabriele Piccinini,0.6552,Joelinton,0.6547,Gvidas Gineitis,0.6537,Sandi Lovrić,0.6533
Pape Demba Diop,Mediocentro,Álex Sala,0.8331,Yassin Belkhdim,0.7957,Yasin Ayari,0.7927,Mamadou Sangare,0.7588,András Schäfer,0.7143,Andrija Bulatović,0.6939,Valentin Rongier,0.6727,Fabio Miretti,0.6542,Tom Bischof,0.612,Connor Metcalfe,0.6005,Luca Mazzitelli,0.5884,Nicolás Domínguez,0.5787,Filip Kostić,0.5772,Andre-Frank Zambo Anguissa,0.5614,Senny Mayulu,0.5523
Jessy Deminguet,Mediocentro,Fran Beltrán,0.8918,Ao Tanaka,0.7664,Lucas Tousart,0.7466,Cher Ndour,0.7216,Carney Chukwuemeka,0.7077,Andrey Santos,0.6845,Albert Sambi Lokonga,0.6835,Rudy Matondo,0.6516,Felipe Loyola,0.6494,Han-Noah Massengo,0.6444,Miguel Román,0.6414,Yannick Gerhardt,0.637,Gonzalo Villar,0.6129,Seko Fofana,0.6123,Suat Serdar,0.5897
Théo Le Bris,Mediocentro,Luka Modrić,0.9156,Declan Rice,0.8944,Mathias Jensen,0.8406,Ao Tanaka,0.8223,Hugo Larsson,0.8208,Lewis Miley,0.8173,Rodrigo Gomes,0.7609,Kévin Danois,0.7492,Archie Gray,0.7461,Luis Henrique,0.7217,Álvaro Fidalgo,0.6992,Maximilian Eggestein,0.6988,Jurgen Ekkelenkamp,0.6973,Pablo Fornals,0.6824,Sebastian Nanasi,0.6697
Mamadou Coulibaly,Mediocentro,Neil El Aynaoui,0.8775,Djibril Sow,0.8619,Santi Comesaña,0.8303,Yan Couto,0.8179,Pape Matar Sarr,0.8027,Luca Mazzitelli,0.7907,Panos Katseris,0.7803,Filip Kostić,0.7727,Niccolò Pisilli,0.7704,Mattias Svanberg,0.7642,Maxence Caqueret,0.7439,Edoardo Iannoni,0.7423,Ander Guevara,0.7423,Castrop Jens,0.7416,Matt O'Riley,0.7311
Tom Louchet,Mediocentro,Carlos Soler,0.8856,Federico Valverde,0.8827,Leon Goretzka,0.8645,Mattéo Guendouzi,0.8363,Johan Manzambi,0.836,Javier Guerra,0.8164,Pablo Fornals,0.8127,Jurgen Ekkelenkamp,0.8061,Sebastian Nanasi,0.8041,Andre-Frank Zambo Anguissa,0.804,Amadou Haidara,0.798,Archie Gray,0.7935,Jan Schöppner,0.7826,John McGinn,0.7738,Tom Bischof,0.7718
Adrien Rabiot,Mediocentro,Manu Bueno,0.931,Yunus Musah,0.9171,Umut Tohumcu,0.9158,Aster Vranckx,0.9085,Janik Haberer,0.9013,İsak Vural,0.899,Myles Lewis-Skelly,0.8979,Quinten Timber,0.8751,Will Hughes,0.872,Sergio Martínez,0.8625,Samu Becerra,0.8572,Hernani,0.8452,Noah Sadiki,0.8399,Warren Bondo,0.8391,Nelson Deossa,0.8357
Believe Munongo,Mediocentro,Beñat Prados,0.9597,Matías Vecino,0.9557,Javi Morcillo,0.9184,Damián,0.9059,Francis Abu,0.895,Oier Zarraga,0.8865,Paul Pogba,0.8842,Carlos Macià,0.8807,Ivan Ilić,0.8762,Johnny Cardoso,0.8544,Aldasoro,0.8424,Youssef Maleh,0.8365,Sergi Roberto,0.835,Daniel Xavier Semedo,0.8202,Sergio Martínez,0.7928
Mathis Amougou,Mediocentro,Jon Guridi,0.8598,Gabriele Piccinini,0.8512,Juan Arizala,0.8451,Djaoui Cissé,0.8323,Michele Collocolo,0.8321,Javier Muñoz,0.8214,Mathias Rasmussen,0.8188,Felipe Chávez,0.8109,Mohamed Kaba,0.7976,Alex Král,0.7848,Paul Pogba,0.7834,Harrison Armstrong,0.7816,Jhon Solis,0.7805,Sergi Roberto,0.7763,Pape Cabral,0.7747
Mahdi Camara,Mediocentro,Mattéo Guendouzi,0.8618,Castrop Jens,0.8275,Asier Osambela,0.8222,Alberto Reina,0.8106,Rudy Matondo,0.8,Mattias Svanberg,0.7608,Pathé Ciss,0.7566,Carlos Soler,0.7525,Ryan Christie,0.7519,Manu Morlanes,0.7391,Tom Louchet,0.6944,Oscar Højlund,0.6921,Ismaël Koné,0.6813,Aron Dønnum,0.6532,Tommaso Pobega,0.6525
Adrien Thomasson,Mediocentro,Panos Katseris,0.9363,Alexander Prass,0.8608,Bruno Guimarães,0.8359,Ruslan Malinovskyi,0.8355,Yan Couto,0.8348,Alessio Castro-Montes,0.8321,Lucas Bergvall,0.828,Maxence Caqueret,0.8243,Edu Expósito,0.8171,Henrikh Mkhitaryan,0.8154,Neil El Aynaoui,0.8127,Jari Vandeputte,0.8069,Enzo Le Fée,0.8035,Sean Longstaff,0.7922,Pape Matar Sarr,0.7859
Hugo Magnetti,Mediocentro,Óscar Valentín,0.8974,Lewis Cook,0.7863,Jobe Bellingham,0.773,Ayyoub Bouaddi,0.7453,Michel Aebischer,0.6917,Íñigo Sainz-Maza,0.6773,Lancinet Kourouma,0.6695,Bara Ndiaye,0.6684,Mikel Jauregizar,0.6551,Francis Abu,0.6251,Roberto Gagliardini,0.6206,Dani Ceballos,0.6187,Josh Laurent,0.5964,Daniel Parejo,0.578,Damián,0.5764
Rassoul Ndiaye,Mediocentro,Diego Moreira,0.9296,Keane Lewis-Potter,0.9293,Kiernan Dewsbury-Hall,0.9071,Medon Berisha,0.8936,Pablo Fornals,0.8825,John McGinn,0.8365,Aleix García,0.8362,Arthur Atta,0.8299,Davide Zappacosta,0.8173,Jurgen Ekkelenkamp,0.8168,Nicolò Barella,0.8122,Nicola Zalewski,0.8118,Ramón Terrats,0.7976,Javier Guerra,0.796,Sean Longstaff,0.7946
Tanguy Ndombele,Mediocentro,Mateo Kovačić,0.8273,Selton Sánchez,0.7713,Frank Onyeka,0.7687,Luka Topalović,0.6801,Alexis Mac Allister,0.6521,Florian Neuhaus,0.6512,Youri Tielemans,0.6231,Exequiel Palacios,0.6,Naouirou Ahamada,0.5885,Curtis Jones,0.5857,Rodrigo Mendoza,0.5744,Olasagasti,0.5566,Yellu Santiago,0.5224,Felix Nmecha,0.5037,Álex Sala,0.5004
Cristian Cásseres Jr.,Mediocentro,Elliot Anderson,0.9081,Lamine Camara,0.8873,Mateus Fernandes,0.8675,Conor Gallagher,0.8438,Sean Longstaff,0.7596,Iñigo Ruiz de Galarreta,0.7333,Alessio Castro-Montes,0.7282,Sergi Altimira,0.7154,Samir El Mourabet,0.7148,Maxence Caqueret,0.6495,Panos Katseris,0.6483,Kévin Danois,0.6347,Alexis Saelemaekers,0.6208,Yan Couto,0.605,Ramón Terrats,0.5987
Amadou Haidara,Mediocentro,Ross Barkley,0.9353,João Neves,0.9321,Leon Goretzka,0.9275,Warren Zaïre-Emery,0.9254,Mario Pašalić,0.9034,Luka Sučić,0.9021,Kenneth Taylor,0.8615,Sebastian Nanasi,0.8571,Oscar Fraulo,0.8525,Martim Neto,0.8515,Mahmoud Dahoud,0.851,Noah Cadiou,0.8428,Vincent Marchetti,0.84,Jan Schöppner,0.8359,Archie Gray,0.8336
Mamadou Sangare,Mediocentro,Luca Mazzitelli,0.9239,Pape Gueye,0.9045,Kristian Thorstvedt,0.8634,Fabio Miretti,0.8466,Yasin Ayari,0.8296,Bruno Guimarães,0.818,Conor Gallagher,0.7941,Senny Mayulu,0.7866,Mikel Merino,0.7759,Filip Kostić,0.7715,Sean Longstaff,0.7612,Pape Demba Diop,0.7588,Azzedine Ounahi,0.7463,Lamine Camara,0.7431,Adrien Thomasson,0.7353
Seko Fofana,Mediocentro,Adrian Bernabe,0.8146,Cher Ndour,0.8135,Lassana Coulibaly,0.8029,Albert Sambi Lokonga,0.7898,Álvaro Fidalgo,0.7699,João Neves,0.6971,Mezian Soares,0.6818,Scott McTominay,0.6817,Maximilian Eggestein,0.6742,Assan Ouedraogo,0.6587,Elvis Rexhbeçaj,0.6434,Harrison Reed,0.6428,Jessy Deminguet,0.6123,Ross Barkley,0.6108,Tom Cairney,0.5999
Pierrick Capelle,Mediocentro,Tim Iroegbunam,0.9136,Ebenezer Akinsanmiro,0.9048,Leonardo Bittencourt,0.9011,Ryan Yates,0.8966,Patrizio Masini,0.8759,Gvidas Gineitis,0.866,Morgan Sanson,0.864,Beñat Turrientes,0.8368,Nikolas Veratschnig,0.8126,Ezechiel Banzuzi,0.7748,Grigoris Kastanos,0.7657,Gavi,0.7632,Aldasoro,0.7625,Simon Sohm,0.7482,Youssef Maleh,0.7368
Mario Sauer,Mediocentro,Lucas Tousart,0.8448,Diego Gómez,0.8165,Suat Serdar,0.8067,Alejandro Rego,0.773,Joelinton,0.7663,Edoardo Iannoni,0.7573,Oscar Fraulo,0.7227,Asier Osambela,0.7156,Nicolás Domínguez,0.7116,Jean-Daniel Akpa-Akpro,0.6971,Tommaso Pobega,0.6759,Luca Kerber,0.6708,Cesare Casadei,0.6528,Pathé Ciss,0.6334,Noah Cadiou,0.6265
Ayyoub Bouaddi,Mediocentro,Unai Vencedor Paris,0.827,Oier Zarraga,0.8117,Kwasi Sibo,0.8068,Jobe Bellingham,0.8035,Francis Abu,0.7739,Lewis Cook,0.7695,Believe Munongo,0.7527,Lancinet Kourouma,0.7486,Hugo Magnetti,0.7453,Matías Vecino,0.7434,Johnny Cardoso,0.7366,Beñat Prados,0.7338,Antonio Sánchez,0.7325,Aldasoro,0.7305,Sandi Lovrić,0.7291
Andrija Bulatović,Mediocentro,Álex Sala,0.921,Connor Metcalfe,0.8248,Ryan Yates,0.8214,Edu Expósito,0.7952,Rocco Reitz,0.7883,Beñat Turrientes,0.7845,Youri Tielemans,0.783,Ezechiel Banzuzi,0.7634,Joe Willock,0.7546,Jari Vandeputte,0.704,Cameron Puertas,0.7019,Pape Demba Diop,0.6939,Mamadou Sangare,0.6696,Carles Aleñá,0.6615,Adrien Thomasson,0.659
Panos Katseris,Mediocentro,Adrien Thomasson,0.9363,Yan Couto,0.9331,Sean Longstaff,0.918,Alexander Prass,0.8964,Enzo Le Fée,0.8857,Bruno Guimarães,0.8828,Diego Moreira,0.8777,Neil El Aynaoui,0.8577,Alessio Castro-Montes,0.8513,Filip Kostić,0.8512,Maxence Caqueret,0.8502,Henrikh Mkhitaryan,0.8456,Senny Mayulu,0.8141,Djibril Sow,0.8081,Elliot Anderson,0.8
Rudy Matondo,Mediocentro,Mattéo Guendouzi,0.8875,Ryan Christie,0.8602,Castrop Jens,0.8551,Asier Osambela,0.8267,Tommaso Pobega,0.8144,András Schäfer,0.8029,Albert Sambi Lokonga,0.8004,Mahdi Camara,0.8,Jahyann Pandore,0.7624,Andre-Frank Zambo Anguissa,0.7541,Mattias Svanberg,0.7438,Suat Serdar,0.7328,Tom Louchet,0.7146,Ismaël Koné,0.7123,Jens Stage,0.7025
Matt O'Riley,Mediocentro,Pape Matar Sarr,0.9445,Weston McKennie,0.9306,Niccolò Pisilli,0.9247,Morten Thorsby,0.892,Lucas Bergvall,0.8809,Neil El Aynaoui,0.8649,Kenneth Taylor,0.8648,Martim Neto,0.8631,Djibril Sow,0.8482,Javier Guerra,0.8318,Mario Pašalić,0.8145,Edoardo Iannoni,0.8116,Tom Bischof,0.8019,Nicolò Barella,0.7966,Vincent Marchetti,0.7964
Corentin Tolisso,Mediocentro,Nikolas Nartey,0.981,Mikel Merino,0.9673,Azzedine Ounahi,0.9551,Bruno Guimarães,0.9521,John McGinn,0.9509,Grischa Prömel,0.9461,Jens Stage,0.9389,Kiernan Dewsbury-Hall,0.9339,Senny Mayulu,0.9327,Ludovic Blas,0.917,Scott McTominay,0.9151,Ruslan Malinovskyi,0.9047,Alexander Prass,0.8989,Tijjani Reijnders,0.8962,Assan Ouedraogo,0.8912
Naouirou Ahamada,Mediocentro,Samuele Angori,0.9078,Lorenzo Bernasconi,0.8178,Obed Vargas,0.8099,Filip Ugrinic,0.7767,Exequiel Palacios,0.7674,Jon Moncayola,0.7641,Noah Sadiki,0.7583,Krépin Diatta,0.7555,Khalis Merah,0.7394,Tidiane Devernois,0.7331,Joseph Nduquidi,0.7327,Santi Cazorla,0.7319,Lennon Miller,0.7315,Vincent Burlet,0.7257,Yangel Herrera,0.7223
Francis Abu,Mediocentro,Damián,0.9643,Matías Vecino,0.944,Paul Pogba,0.9348,Ivan Ilić,0.93,Íñigo Sainz-Maza,0.9237,Johnny Cardoso,0.9124,Oier Zarraga,0.9036,Carlos Macià,0.9014,Robert Skov,0.9013,Believe Munongo,0.895,Javi Morcillo,0.8906,Alex Tóth,0.8882,Tyrese Noubissié,0.8861,Beñat Prados,0.8831,Dani Ceballos,0.8807
Warren Zaïre-Emery,Mediocentro,Mario Pašalić,0.9564,Amadou Haidara,0.9254,Archie Gray,0.9129,Jan Schöppner,0.9123,Martim Neto,0.8924,João Neves,0.8781,Kenneth Taylor,0.8639,Marco Brescianini,0.8626,Leon Goretzka,0.8418,Mahmoud Dahoud,0.8302,Luka Sučić,0.8099,Noah Cadiou,0.8051,Ross Barkley,0.7882,Hugo Larsson,0.7761,Felix Nmecha,0.771
Bilal Nadir,Mediocentro,Unai López,0.978,Aron Dønnum,0.7894,Jackson Irvine,0.7454,Oscar Højlund,0.7244,Jacob Ramsey,0.7137,Pol Lozano,0.6865,Iván Martín,0.6865,Frenkie de Jong,0.6851,Ander Guevara,0.6815,Antonio Sánchez,0.6596,Lewis Ferguson,0.6277,Pedri,0.5948,Thiago Pinar,0.5825,Mattias Svanberg,0.5818,Christian Ordoñez,0.5672
Joel Mvuka,Mediocentro,Daniel Parejo,0.8987,Harrison Armstrong,0.8829,Amorim,0.875,Khalis Merah,0.8718,Yangel Herrera,0.8386,Samuele Angori,0.8354,Douglas Luiz,0.8301,Hernani,0.8211,Alex Tóth,0.8099,Robert Skov,0.8056,Quinten Timber,0.8015,Amir Richardson,0.7889,Bara Ndiaye,0.7777,Noah Sadiki,0.7693,Alex Král,0.7692
Aron Dønnum,Mediocentro,Pedri,0.8648,Mattias Svanberg,0.8617,Unai López,0.8209,Mikel Jauregizar,0.802,Alberto Reina,0.7992,Bilal Nadir,0.7894,Jacob Ramsey,0.7858,Pol Lozano,0.7727,Oscar Højlund,0.7725,Frenkie de Jong,0.7413,Ander Guevara,0.7345,Valentín Barco,0.7058,Jackson Irvine,0.7021,Castrop Jens,0.697,Antonio Sánchez,0.695
Sergio Martínez,Mediocentro,Adrien Rabiot,0.8625,Eder García,0.8563,Taufik Seidu,0.8557,Samu Becerra,0.8475,Jon Guridi,0.818,Trey Nyoni,0.8106,Manu Bueno,0.8085,Joan Jordán,0.8068,Carlos Macià,0.8024,Abdou Harroui,0.7987,Believe Munongo,0.7928,Kwasi Sibo,0.7883,André Gomes,0.7817,Ibai Aguirre,0.7805,Djibril Coulibaly,0.7805
Íñigo Sainz-Maza,Mediocentro,Dani Ceballos,0.9861,Bara Ndiaye,0.9626,Haris Belkebla,0.9571,Robert Skov,0.9352,Alex Tóth,0.9306,Francis Abu,0.9237,Daniel Parejo,0.8875,Will Hughes,0.8709,Johnny Cardoso,0.8676,Tyrese Noubissié,0.8659,Grigoris Kastanos,0.8633,Michel Aebischer,0.8608,Paul Pogba,0.8473,Ebenezer Akinsanmiro,0.8448,Oier Zarraga,0.8312
Aldasoro,Mediocentro,Johnny Cardoso,0.9724,Javi Morcillo,0.9666,Youssef Maleh,0.9184,Tyrese Noubissié,0.9072,Ebenezer Akinsanmiro,0.9018,Jacopo Fazzini,0.8954,Grigoris Kastanos,0.8877,Patrizio Masini,0.8796,Beñat Prados,0.8736,Oier Zarraga,0.8618,Tim Iroegbunam,0.8611,Sergi Roberto,0.8587,Ivan Ilić,0.855,Francis Abu,0.8523,Dani Ceballos,0.8517
Gustavo Puerta,Mediocentro,Ryan Christie,0.8319,Mattias Svanberg,0.7732,Castrop Jens,0.7121,Pol Lozano,0.7002,Mamadou Coulibaly,0.6958,Rudy Matondo,0.6724,Lewis Ferguson,0.6487,Joelinton,0.6471,Alberto Reina,0.6408,Pathé Ciss,0.6329,Pape Gueye,0.6275,Aron Dønnum,0.623,Conor Gallagher,0.6186,Oscar Højlund,0.6147,Manu Morlanes,0.6015
Armando Broja,Delantero centro,Jørgen Strand Larsen,0.9296,Lanroy Machine,0.9046,Tim Kleindienst,0.8961,Daniel Mosquera,0.8931,Antonio Sanabria,0.8877,Daniel Mikołajewski,0.8681,Umar Sadiq,0.8615,Edin Džeko,0.8472,Bernard Nguene,0.8442,David Datro Fofana,0.8418,Hwang Hee-chan,0.8286,Santi Franco,0.8249,Randal Kolo Muani,0.8195,Jean-Philippe Krasso,0.8144,Fynn Schenten,0.8062
Chris Wood,Delantero centro,Eliezer Mayenda,0.8475,Ibrahim Diabaté,0.812,Andreas Hountondji,0.7237,Terem Moffi,0.7207,Esteban Lepaul,0.6886,Ibrahim Kanté,0.6565,Pau Cabanes,0.6565,Enzo Molebe,0.6565,Ryan Rodin,0.6565,Theo Bair,0.6565,Bojan Miovski,0.6565,Asier Hierro,0.6442,Tammy Abraham,0.6297,Taichi Hara,0.6279,Alejo Sarco,0.6265
Viktor Gyökeres,Delantero centro,Beto,0.9421,Anastasios Douvikas,0.9135,Manex Carmona,0.9072,Igor Matanović,0.897,William Osula,0.8872,Hugo Duro,0.8689,Gonzalo García,0.8369,Lorenzo Lucca,0.8319,Romelu Lukaku,0.824,Roman Yaremchuk,0.823,Ermedin Demirović,0.8214,Jonathan Burkardt,0.8187,Hugo Ekitike,0.8052,Younes Ebnoutalib,0.8012,Abdoulie Ceesay,0.7991
Jean-Philippe Mateta,Delantero centro,Wilson Isidor,0.8835,Andreas Hountondji,0.8543,Terem Moffi,0.8257,Gabriel Jesus,0.8088,Benjamin Šeško,0.794,Dominic Calvert-Lewin,0.7258,Dženan Pejčinović,0.7067,Ante Budimir,0.7041,Bamba Dieng,0.6819,Akor Adams,0.6727,George Ilenikhena,0.6713,Ferrán Torres,0.6649,Willem Geubbels,0.6583,Andrea Belotti,0.6562,Giorgi Guliashvili,0.6504
William Osula,Delantero centro,Igor Matanović,0.9647,Anastasios Douvikas,0.9559,Miguel Cubo,0.9553,Noam Obougou Jacquet,0.9072,Romelu Lukaku,0.9071,Abdoulie Ceesay,0.8938,Viktor Gyökeres,0.8872,Zian Flemming,0.8829,Ermedin Demirović,0.8826,Younes Ebnoutalib,0.8808,Paul Mendy,0.8763,Marin Ljubicic,0.8646,Joaquín Panichelli,0.8608,Serhou Guirassy,0.8575,Gianluca Scamacca,0.8562
Igor Jesus,Delantero centro,Benedict Hollerbach,0.8652,Keke Topp,0.8272,Lucas Beltrán,0.795,Jean-Philippe Krasso,0.7745,Roberto Férnandez,0.7519,Thijs Dallinga,0.7473,Marc Domenech,0.7427,Diego Morcillo,0.7422,Vakoun Bayo,0.7226,Loïs Openda,0.711,Álvaro Rodríguez,0.7091,Otto Stange,0.6909,Uchenna Ogundu,0.6846,Matthis Abline,0.6845,Giovane,0.6721
Eliezer Mayenda,Delantero centro,Ibrahim Diabaté,0.9048,Chris Wood,0.8475,Henrik Meister,0.7934,Francesco Camarda,0.7354,Sasa Kalajdzic,0.7352,Bojan Miovski,0.7275,Enzo Molebe,0.7275,Ryan Rodin,0.7275,Pau Cabanes,0.7275,Theo Bair,0.7275,Ibrahim Kanté,0.7275,Boulaye Dia,0.7184,Damion Downs,0.7179,Pierre-Yves Hamel,0.6808,Jacen Russell-Rowe,0.678
Danny Welbeck,Delantero centro,Gonzalo García,0.9566,Eli Junior Kroupi,0.9558,Arnaud Kalimuendo,0.894,Grant Ranos,0.8824,Dženan Pejčinović,0.8617,Gerard Moreno,0.8572,Jaime Mata,0.8493,Tosin Aiyegun,0.8308,Igor Thiago,0.8257,Jonathan Burkardt,0.7621,Joaquín Panichelli,0.754,Viktor Gyökeres,0.7526,Ferrán Torres,0.744,Zian Flemming,0.7434,Orri Steinn Óskarsson,0.7393
Omar Marmoush,Delantero centro,Valentín Castellanos,0.9749,Charalampos Kostoulas,0.9432,Fábio Silva,0.9428,Conrad Harder,0.9073,Álvaro Rodríguez,0.8796,Marcus Thuram,0.8395,Cucho,0.828,Nikola Krstović,0.8212,Santiago Hidalgo,0.8059,Richarlison,0.7945,Lautaro Martínez,0.7781,Ayoze Pérez,0.7769,Lassine Sinayoko,0.7762,Deniz Undav,0.7706,Hamza Igamane,0.7682
Raúl Jiménez,Delantero centro,Santiago Hidalgo,0.8273,Junior Adamu,0.818,Valentín Castellanos,0.7869,Ibou Sané,0.7568,Samuel Essende,0.754,Conrad Harder,0.7503,Álvaro Rodríguez,0.7373,Omar Marmoush,0.7223,Keke Topp,0.7214,Fábio Silva,0.7182,Thijs Dallinga,0.6931,Marvin Pieringer,0.6647,Iván Romero,0.662,Charalampos Kostoulas,0.647,Jeff Ekhator,0.6366
Dominic Solanke,Delantero centro,Aitor Mañas,0.6871,Yussuf Poulsen,0.6664,Stefano Moreo,0.6554,Danny Welbeck,0.6365,Jacen Russell-Rowe,0.6242,Adam Buksa,0.6144,Ibrahim Diabaté,0.6032,Sidiki Cherif,0.603,Boulaye Dia,0.6002,Lucas Höler,0.5781,Dženan Pejčinović,0.5691,Kento Shiogai,0.5621,Eliezer Mayenda,0.5591,Giorgi Kvilitaia,0.5424,Grant Ranos,0.5253
Rodrigo Muniz,Delantero centro,Georginio Rutter,0.9691,Nick Woltemade,0.9028,Sekou Mara,0.2791,Armando Broja,0.2729,Jean-Philippe Krasso,0.2498,Roberto Piccoli,0.2248,Daniel Mosquera,0.2229,Luca Moro,0.2089,M'Bala Nzola,0.2009,Tim Kleindienst,0.1988,Lucas Beltrán,0.1972,Tolu Arokodare,0.1951,Damián Pizarro,0.1935,Vakoun Bayo,0.1926,Álex Forés,0.1925
Alexander Isak,Delantero centro,Tammy Abraham,0.883,Iker Bravo,0.8035,Tosin Aiyegun,0.7915,Gonzalo García,0.7412,Gerard Moreno,0.7382,Che Adams,0.7362,Karl Etta Eyong,0.7323,Hugo Ekitike,0.7216,Nathan Mbala,0.7165,Viktor Gyökeres,0.6809,Esteban Lepaul,0.6788,Jonathan Burkardt,0.6747,Nesta Elphege,0.6538,Amine Gouiri,0.6515,Jonathan David,0.647
Lorenzo Lucca,Delantero centro,Nesta Elphege,0.9686,Manex Carmona,0.9628,Roman Yaremchuk,0.9331,Beto,0.9325,Haris Tabaković,0.9217,Rasmus Højlund,0.8863,Callum Wilson,0.8831,Robert Lewandowski,0.873,Giorgi Guliashvili,0.8638,Ollie Watkins,0.8571,Asier Villalibre,0.8544,Esteban Lepaul,0.8459,Viktor Gyökeres,0.8319,Jovan Milošević,0.8296,Ferrán Torres,0.8153
Eddie Nketiah,Delantero centro,Ricky-Jade Jones,0.9009,Cristhian Stuani,0.8897,Carlos Espí,0.8587,Igor Thiago,0.8569,Andrea Belotti,0.8475,Maroan Sannadi,0.8448,Kento Shiogai,0.8399,Joaquín Panichelli,0.8379,Salim Musah,0.8297,Rémy Labeau Lascary,0.8152,Zian Flemming,0.8093,Jaime Mata,0.7659,Giorgi Kvilitaia,0.7581,Orri Steinn Óskarsson,0.7447,Rafa Mir,0.7442
Gabriel Jesus,Delantero centro,Ante Budimir,0.9103,Dominic Calvert-Lewin,0.8997,Andrea Belotti,0.893,Wilson Isidor,0.8861,Orri Steinn Óskarsson,0.8685,Jean-Philippe Mateta,0.8088,Bamba Dieng,0.806,Cristhian Stuani,0.7943,Elye Wahi,0.7906,Phillip Tietz,0.7812,Carlos Espí,0.7719,Joaquín Panichelli,0.7658,Giovanni Simeone,0.7614,Borja Iglesias,0.7533,Giorgi Guliashvili,0.7508
Taiwo Awoniyi,Delantero centro,Borja Iglesias,0.9581,Asier Villalibre,0.9463,Orri Steinn Óskarsson,0.9452,Ollie Watkins,0.9332,Ermedin Demirović,0.9287,Artem Dovbyk,0.9241,Emanuel Emegha,0.9211,Cédric Bakambu,0.9106,Giorgi Guliashvili,0.9044,Sambou Soumano,0.9008,Haris Tabaković,0.8968,Robert Lewandowski,0.8848,Bamba Dieng,0.8824,Gianluca Scamacca,0.8798,Ragnar Ache,0.8789
Tammy Abraham,Delantero centro,Tosin Aiyegun,0.9259,Alexander Isak,0.883,Jonathan Burkardt,0.8698,Gerard Moreno,0.8411,Erling Haaland,0.8323,Younes Ebnoutalib,0.8256,Patrik Schick,0.8135,Manex Carmona,0.8044,Anastasios Douvikas,0.7949,Viktor Gyökeres,0.7696,Marin Ljubicic,0.7661,Karl Etta Eyong,0.7589,Esteban Lepaul,0.7527,Gonzalo García,0.7516,Hugo Ekitike,0.7423
Charalampos Kostoulas,Delantero centro,Omar Marmoush,0.9432,Valentín Castellanos,0.9276,Kiké,0.8985,Nikola Krstović,0.8924,Conrad Harder,0.8836,Rémy Labeau Lascary,0.8483,Lassine Sinayoko,0.8348,Cédric Bakambu,0.8321,Hamza Igamane,0.8256,Deniz Undav,0.8157,Marcus Thuram,0.8134,Richarlison,0.8053,Mikel Oyarzabal,0.8035,Ricky-Jade Jones,0.8012,Lautaro Martínez,0.7998
Joshua Zirkzee,Delantero centro,Lassine Sinayoko,0.9035,Federico Bonazzoli,0.8894,Mikel Oyarzabal,0.8681,Julián Álvarez,0.8521,Matias Fernandez-Pardo,0.8197,Luca Waldschmidt,0.8126,Conrad Harder,0.798,Iago Aspas,0.7845,Lukas Nmecha,0.7573,Cucho,0.7474,Matthis Abline,0.7397,Mohamed Amoura,0.7028,Charalampos Kostoulas,0.6751,José Luis Morales,0.6479,Omar Marmoush,0.6447
Yoane Wissa,Delantero centro,David Datro Fofana,0.916,Niclas Füllkrug,0.8978,Nelson Weiper,0.8969,Mariano,0.8884,Callum Marshall,0.8455,Filip Stojilković,0.8225,Tim Kleindienst,0.8225,Jørgen Strand Larsen,0.7991,Lucas Höler,0.7924,Ihlas Bebou,0.7772,Damion Downs,0.7603,Boulaye Dia,0.756,Evanilson,0.7255,Rodrigo Ribeiro,0.7207,Umar Sadiq,0.7108
Kai Havertz,Delantero centro,Fábio Silva,0.9047,Nathan Mbala,0.8743,Jonathan David,0.872,Stefanos Tzimas,0.8181,Michael Gregoritsch,0.8148,Ange-Yoan Bonny,0.8095,Cucho,0.8033,Maximilian Beier,0.7867,João Pedro,0.7784,Mohamed Amoura,0.776,Ayoze Pérez,0.7697,Omar Marmoush,0.7667,Fisnik Asllani,0.7542,Thijs Dallinga,0.7507,Amine Gouiri,0.7505
Beto,Delantero centro,Manex Carmona,0.9441,Viktor Gyökeres,0.9421,Lorenzo Lucca,0.9325,Haris Tabaković,0.9118,Roman Yaremchuk,0.8987,Asier Villalibre,0.8891,Borja Iglesias,0.8816,Ermedin Demirović,0.8625,Ollie Watkins,0.8558,Taiwo Awoniyi,0.8538,Artem Dovbyk,0.8531,Romelu Lukaku,0.8486,Nesta Elphege,0.8424,Anastasios Douvikas,0.8419,Paul Mendy,0.8358
Hwang Hee-chan,Delantero centro,Bernard Nguene,0.9108,Marvin Pieringer,0.894,Ezequiel Ávila,0.8893,Lucas Höler,0.8697,Adrian Benedyczak,0.8634,Tim Kleindienst,0.8488,Joshua King,0.8404,Sandro Kulenović,0.839,Randal Kolo Muani,0.8303,Armando Broja,0.8286,Paris Brunner,0.7959,Daniel Mosquera,0.7894,Lanroy Machine,0.7718,Mateo Joseph,0.7675,Arthur,0.7656
Tolu Arokodare,Delantero centro,Dmytro Bohdanov,0.9341,Pierre Mounguengue,0.9328,Ioan Vermeșan,0.9052,Dawda Camara,0.8923,Zeki Amdouni,0.8855,Arkadiusz Milik,0.8821,Adam Hložek,0.8677,Joël Piroe,0.8596,Abdón Prats,0.8543,Laurs Skjellerup,0.8492,Sean Neave,0.847,Marc Guiu,0.8466,Jeremy Arévalo,0.8367,Michy Batshuayi,0.8352,Alejo Sarco,0.8306
Eli Junior Kroupi,Delantero centro,Danny Welbeck,0.9558,Grant Ranos,0.9234,Dženan Pejčinović,0.905,Gonzalo García,0.902,Igor Thiago,0.8859,Gerard Moreno,0.8747,Orri Steinn Óskarsson,0.8713,Jaime Mata,0.8671,Joaquín Panichelli,0.8624,Arnaud Kalimuendo,0.8507,Ferrán Torres,0.8372,Carlos Espí,0.8294,Jonathan Burkardt,0.8258,Ollie Watkins,0.8241,Julián Vignolo,0.8169
Zian Flemming,Delantero centro,Jaime Mata,0.9651,William Osula,0.8829,Joaquín Panichelli,0.8795,Carlos Espí,0.8619,Igor Matanović,0.8353,Noam Obougou Jacquet,0.8317,Eli Junior Kroupi,0.815,Giorgi Kvilitaia,0.8102,Eddie Nketiah,0.8093,Abdoulie Ceesay,0.8057,Ermedin Demirović,0.8057,Miguel Cubo,0.7902,Max Moerstedt,0.789,Gennaro Borrelli,0.7596,Igor Thiago,0.7497
Georginio Rutter,Delantero centro,Rodrigo Muniz,0.9691,Nick Woltemade,0.923,Mateo Joseph,0.2669,Giuliano Simeone,0.2385,Armando Broja,0.2374,Junior Adamu,0.237,Lucas Beltrán,0.2241,Martin Satriano,0.2158,Raúl Jiménez,0.2145,Joshua King,0.2143,Marvin Pieringer,0.2085,Jean-Philippe Krasso,0.2082,Daniel Mosquera,0.2055,Sandro Kulenović,0.2023,Mama Samba Baldé,0.2007
Hugo Ekitike,Delantero centro,Karl Etta Eyong,0.9783,Fisnik Asllani,0.9377,Stefanos Tzimas,0.9296,Georges Mikautadze,0.928,Roman Yaremchuk,0.9081,Toni Martínez,0.8959,Kader Meïté,0.8819,Artem Dovbyk,0.878,Michael Gregoritsch,0.8763,Ousmane Dembélé,0.8761,Erling Haaland,0.8685,Manex Carmona,0.8678,Ragnar Ache,0.8671,Amine Gouiri,0.8585,Jonathan Burkardt,0.8541
Randal Kolo Muani,Delantero centro,Sandro Kulenović,0.9066,Adrian Benedyczak,0.8904,Florian Sotoca,0.8806,Edin Džeko,0.8725,Marvin Pieringer,0.8704,Lucas Beltrán,0.8646,Ali Yousuf,0.8422,Joshua King,0.8326,Hwang Hee-chan,0.8303,Bernard Nguene,0.8216,Armando Broja,0.8195,Ezequiel Ávila,0.806,William Bøving,0.8039,Keke Topp,0.7944,Idrissa Guèye,0.7922
Benjamin Šeško,Delantero centro,Ferrán Torres,0.9547,Wilson Isidor,0.9512,Patrik Schick,0.9504,Bamba Dieng,0.9389,Jonathan Burkardt,0.9153,Erling Haaland,0.9147,Robert Lewandowski,0.8987,Callum Wilson,0.8983,Giorgi Guliashvili,0.8941,Donyell Malen,0.8892,Dženan Pejčinović,0.8676,Gerard Moreno,0.8473,Julián Vignolo,0.8462,Harry Kane,0.8445,Marin Ljubicic,0.8404
Callum Wilson,Delantero centro,Ferrán Torres,0.9718,Giorgi Guliashvili,0.9694,Ollie Watkins,0.9607,Robert Lewandowski,0.9572,Bamba Dieng,0.9333,Donyell Malen,0.9253,Roman Yaremchuk,0.9159,Jonathan Burkardt,0.9127,Erling Haaland,0.9123,Patrik Schick,0.909,Benjamin Šeško,0.8983,Harry Kane,0.8929,Ragnar Ache,0.8917,Lorenzo Lucca,0.8831,Asier Villalibre,0.875
Lukas Nmecha,Delantero centro,Julián Vignolo,0.9086,Grant Ranos,0.8881,Luca Waldschmidt,0.8694,Stefan Schimmer,0.862,Noam Obougou Jacquet,0.841,Salim Musah,0.806,Amine Gouiri,0.805,Lautaro Martínez,0.8029,Dženan Pejčinović,0.7983,Evan Ferguson,0.7943,Richarlison,0.7931,Georges Mikautadze,0.793,Toni Martínez,0.7917,Mikel Oyarzabal,0.7875,Gerard Moreno,0.7798
Liam Delap,Delantero centro,Kevin Carlos,0.945,Jon Karrikaburu,0.8963,Christantus Uche,0.8944,Thiago Borbas,0.8667,Luca Moro,0.8394,Mbwana Samatta,0.8292,Santiago Giménez,0.8016,Ashley Barnes,0.7978,Diego Morcillo,0.7938,Joselu Pérez,0.786,Mattia Mosconi,0.7837,Gorka Carrera,0.7783,Samuel Essende,0.7775,Lanroy Machine,0.7682,Daniel Mosquera,0.7673
Adam Armstrong,Delantero centro,Timo Werner,0.9021,Martijn Kaars,0.896,Callum Marshall,0.86,Matteo Lavelli,0.8405,Fabio Moreno Fell,0.7959,Sasa Kalajdzic,0.7892,Riccardo Braschi,0.7849,Armando Broja,0.7776,Abel Ruiz,0.7756,Filip Stojilković,0.7744,Jørgen Strand Larsen,0.7738,William Bøving,0.7737,Christian Kouamé,0.77,Álex Forés,0.7621,Evanilson,0.7584
Wilson Isidor,Delantero centro,Benjamin Šeško,0.9512,Bamba Dieng,0.909,Gabriel Jesus,0.8861,Ferrán Torres,0.885,Jean-Philippe Mateta,0.8835,Giorgi Guliashvili,0.8624,Robert Lewandowski,0.8613,Patrik Schick,0.8526,Dominic Calvert-Lewin,0.8407,Callum Wilson,0.8306,Dženan Pejčinović,0.8277,Ante Budimir,0.8251,Orri Steinn Óskarsson,0.8208,Romelu Lukaku,0.8135,Giovanni Simeone,0.8017
Brian Brobbey,Delantero centro,Prosper Peter,0.8877,Thierno Barry,0.8429,Hugo Duro,0.8254,Semih Kılıçsoy,0.8011,Alexandre Alemão,0.794,Beto,0.7859,Max Moerstedt,0.759,Esteban Lepaul,0.7311,Paul Mendy,0.7269,Viktor Gyökeres,0.7207,Haris Tabaković,0.716,Borja Iglesias,0.7133,Rasmus Højlund,0.7077,Giorgi Kvilitaia,0.6833,Gennaro Borrelli,0.6814
Lyle Foster,Delantero centro,Ibou Sané,0.8717,Jeff Ekhator,0.8267,Arthur,0.8263,Junior Adamu,0.8199,Ilyas Ansah,0.8037,Marvin Pieringer,0.7845,Jamie Vardy,0.7764,Leonardo Pavoletti,0.7304,Tani Oluwaseyi,0.73,Hwang Hee-chan,0.7158,Giuliano Simeone,0.6614,Borja Mayoral,0.6393,Martin Satriano,0.635,Jonathan David,0.63,Kenny Quetant,0.6052
Jørgen Strand Larsen,Delantero centro,David Datro Fofana,0.9516,Umar Sadiq,0.9374,Armando Broja,0.9296,Tim Kleindienst,0.9288,Niclas Füllkrug,0.9209,Callum Marshall,0.8987,Lanroy Machine,0.8934,Filip Stojilković,0.8905,Antonio Sanabria,0.8905,Daniel Mikołajewski,0.8581,Fabio Moreno Fell,0.8565,Brian Madjo,0.8535,Timo Werner,0.8434,Pierre-Yves Hamel,0.8416,Santi Franco,0.84
Thierno Barry,Delantero centro,Hugo Duro,0.8863,Semih Kılıçsoy,0.8739,Brian Brobbey,0.8429,Vladyslav Vanat,0.8377,Prosper Peter,0.7795,Ibrahim Diabaté,0.7688,Adam Buksa,0.7661,Esteban Lepaul,0.7362,Jamie Vardy,0.715,Beto,0.7144,Kenny Quetant,0.713,Max Moerstedt,0.6881,Iker Bravo,0.6831,Youssef El-Arabi,0.6693,Viktor Gyökeres,0.6564
Nick Woltemade,Delantero centro,Georginio Rutter,0.923,Rodrigo Muniz,0.9028,Jonathan David,0.2966,Borja Mayoral,0.2571,Lorenzo Lucca,0.2402,Igor Matanović,0.2302,Karl Etta Eyong,0.2263,Alexander Isak,0.2094,Leonardo Pavoletti,0.2074,Gonzalo García,0.1955,Nesta Elphege,0.1945,Ragnar Ache,0.1914,Ange-Yoan Bonny,0.1909,Caleb Ekuban,0.1892,Hugo Ekitike,0.1819
Mathys Tel,Delantero centro,Giuliano Simeone,0.9271,Arthur,0.8912,Mostafa Mohamed,0.8325,Mama Samba Baldé,0.8304,Ilyas Ansah,0.8248,Matthis Abline,0.8019,Iván Romero,0.7947,Ignatius Ganago,0.7854,Florian Sotoca,0.7853,Mateo Joseph,0.7686,Iago Aspas,0.7443,William Bøving,0.7402,Marvin Pieringer,0.7362,Adrian Benedyczak,0.7255,Martin Satriano,0.7214
Joshua King,Delantero centro,Adrian Benedyczak,0.9831,Mateo Joseph,0.9628,Ezequiel Ávila,0.9414,Sandro Kulenović,0.9063,Keke Topp,0.856,Amady Camara,0.8538,Florian Sotoca,0.8529,Lucas Beltrán,0.8497,Marvin Pieringer,0.847,Bernard Nguene,0.8426,Hwang Hee-chan,0.8404,Randal Kolo Muani,0.8326,Matthis Abline,0.8162,Paris Brunner,0.8162,Christian Kouamé,0.7835
Richarlison,Delantero centro,Hamza Igamane,0.9615,Michael Gregoritsch,0.9561,Stefan Schimmer,0.9446,Amine Gouiri,0.9331,Robinio Vaz,0.9239,João Pedro,0.8997,Lautaro Martínez,0.8957,Ayoze Pérez,0.8889,Deniz Undav,0.88,Luca Waldschmidt,0.8774,Maximilian Beier,0.8763,Ragnar Ache,0.8682,Harry Kane,0.8676,Grant Ranos,0.8444,Georges Mikautadze,0.8407
Callum Marshall,Delantero centro,Filip Stojilković,0.9686,Niclas Füllkrug,0.9606,Fabio Moreno Fell,0.9419,Timo Werner,0.9283,Evanilson,0.9195,David Datro Fofana,0.9124,Jørgen Strand Larsen,0.8987,Riccardo Braschi,0.8852,Sasa Kalajdzic,0.8718,Damion Downs,0.8614,Adam Armstrong,0.86,Yoane Wissa,0.8455,Bojan Miovski,0.8396,Ibrahim Kanté,0.8396,Enzo Molebe,0.8396
Sasa Kalajdzic,Delantero centro,Ibrahim Kanté,0.9401,Theo Bair,0.9401,Pau Cabanes,0.9401,Bojan Miovski,0.9401,Enzo Molebe,0.9401,Ryan Rodin,0.9401,Pierre-Yves Hamel,0.9332,Matteo Lavelli,0.9232,Petar Ratkov,0.9222,Faris Pemi Moumbagna,0.9119,Fynn Schenten,0.9023,Damion Downs,0.9,Jacen Russell-Rowe,0.887,Asier Hierro,0.8814,Callum Marshall,0.8718
Evanilson,Delantero centro,Filip Stojilković,0.9644,Fabio Moreno Fell,0.9534,Timo Werner,0.9311,Niclas Füllkrug,0.9274,Callum Marshall,0.9195,Antonio Arena,0.8988,Riccardo Braschi,0.8903,Umar Sadiq,0.8608,Salomón Rondón,0.8261,Ransford Königsdörffer,0.8257,Jørgen Strand Larsen,0.8168,Brian Madjo,0.792,David Datro Fofana,0.7799,Patrick Cutrone,0.7675,Adam Armstrong,0.7584
Stefanos Tzimas,Delantero centro,Ange-Yoan Bonny,0.941,Hugo Ekitike,0.9296,Karl Etta Eyong,0.9083,João Pedro,0.8929,Caleb Ekuban,0.8826,Jonathan David,0.8663,Roman Yaremchuk,0.866,Jovan Milošević,0.8647,Fisnik Asllani,0.8565,Kader Meïté,0.8342,Artem Dovbyk,0.8324,Michael Gregoritsch,0.8251,Kai Havertz,0.8181,Rasmus Højlund,0.8113,Marcus Thuram,0.7968
Dominic Calvert-Lewin,Delantero centro,Gabriel Jesus,0.8997,Borja Iglesias,0.874,Haris Tabaković,0.8491,Wilson Isidor,0.8407,Giorgi Guliashvili,0.835,Orri Steinn Óskarsson,0.8277,Robert Lewandowski,0.8275,Bamba Dieng,0.822,Asier Villalibre,0.8175,Taiwo Awoniyi,0.8116,George Ilenikhena,0.803,Akor Adams,0.7925,Ollie Watkins,0.7809,Giovanni Simeone,0.777,Phillip Tietz,0.7719
Sean Neave,Delantero centro,Marc Guiu,1.0,Laurs Skjellerup,0.9999,Alejo Sarco,0.997,Taichi Hara,0.9965,Asier Hierro,0.983,Ioan Vermeșan,0.955,Sérigné Diop,0.9311,Michy Batshuayi,0.9257,Faris Pemi Moumbagna,0.9233,Ryan Rodin,0.9065,Ibrahim Kanté,0.9065,Theo Bair,0.9065,Bojan Miovski,0.9065,Enzo Molebe,0.9065,Pau Cabanes,0.9065
Ashley Barnes,Delantero centro,Thiago Borbas,0.9155,Liam Delap,0.7978,Samuel Essende,0.7646,Jon Karrikaburu,0.7556,Kevin Carlos,0.7456,Christantus Uche,0.7356,Moise Kean,0.726,Mariano,0.7228,Roberto Piccoli,0.7154,Mbwana Samatta,0.6766,Gorka Carrera,0.6704,Brian Madjo,0.6658,Enes Ünal,0.6532,Santiago Giménez,0.6249,Jonas Wind,0.6208
Erling Haaland,Delantero centro,Jonathan Burkardt,0.9809,Patrik Schick,0.9794,Ferrán Torres,0.949,Georges Mikautadze,0.9211,Benjamin Šeško,0.9147,Callum Wilson,0.9123,Donyell Malen,0.9115,Gerard Moreno,0.9057,Bamba Dieng,0.8988,Robert Lewandowski,0.8947,Julián Vignolo,0.8936,Toni Martínez,0.8907,Serhou Guirassy,0.8901,Harry Kane,0.89,Giorgi Guliashvili,0.8775
Ollie Watkins,Delantero centro,Giorgi Guliashvili,0.9746,Callum Wilson,0.9607,Robert Lewandowski,0.9492,Ferrán Torres,0.9489,Bamba Dieng,0.9378,Taiwo Awoniyi,0.9332,Ragnar Ache,0.9329,Roman Yaremchuk,0.9253,Asier Villalibre,0.922,Harry Kane,0.9207,Orri Steinn Óskarsson,0.9186,Donyell Malen,0.8997,Deniz Undav,0.8749,Artem Dovbyk,0.8698,Hamza Igamane,0.8646
Zeki Amdouni,Delantero centro,Adam Hložek,0.981,Ioan Vermeșan,0.9763,Jeremy Arévalo,0.9748,Abdón Prats,0.9666,Ugo Lamare,0.9342,Michy Batshuayi,0.9287,Dmytro Bohdanov,0.9239,Arkadiusz Milik,0.9132,Milan Đurić,0.9112,Laurs Skjellerup,0.897,Sean Neave,0.8936,Marc Guiu,0.8928,Tolu Arokodare,0.8855,Pierre Mounguengue,0.8842,Alejo Sarco,0.8691
Enes Ünal,Delantero centro,Moise Kean,0.7845,Walid Cheddira,0.7812,Kiké,0.7789,Samuel Essende,0.7692,Keinan Davis,0.7689,Nikola Krstović,0.7219,Álvaro Rodríguez,0.7026,Rayan Fofana,0.6751,Cristhian Stuani,0.6562,Ashley Barnes,0.6532,Phillip Tietz,0.647,Roberto Piccoli,0.6294,Nouha Dicko,0.6222,Raúl Jiménez,0.593,Andrej Ilic,0.5827
Igor Thiago,Delantero centro,Orri Steinn Óskarsson,0.8893,Eli Junior Kroupi,0.8859,Elye Wahi,0.8767,Ricky-Jade Jones,0.8757,Andrea Belotti,0.8639,Joaquín Panichelli,0.859,Eddie Nketiah,0.8569,Rémy Labeau Lascary,0.8487,Robinio Vaz,0.8414,Danny Welbeck,0.8257,Carlos Espí,0.8218,Grant Ranos,0.8182,Jaime Mata,0.8181,Arnaud Kalimuendo,0.7966,Ermedin Demirović,0.7727
Marc Guiu,Delantero centro,Sean Neave,1.0,Laurs Skjellerup,0.9999,Alejo Sarco,0.9972,Taichi Hara,0.9967,Asier Hierro,0.9835,Ioan Vermeșan,0.9543,Sérigné Diop,0.9309,Michy Batshuayi,0.9252,Faris Pemi Moumbagna,0.9241,Ryan Rodin,0.9076,Ibrahim Kanté,0.9076,Theo Bair,0.9076,Bojan Miovski,0.9076,Enzo Molebe,0.9076,Pau Cabanes,0.9076
Joël Piroe,Delantero centro,Abel Ruiz,0.8821,Tolu Arokodare,0.8596,Yassir Zabiri,0.8523,Patrick Cutrone,0.8466,Sérigné Diop,0.8436,Amady Camara,0.8183,Petar Ratkov,0.8056,Abdón Prats,0.7999,Dmytro Bohdanov,0.7597,Ioan Vermeșan,0.758,Santiago Giménez,0.7483,Nelson Weiper,0.7435,Otto Stange,0.7397,Pierre Mounguengue,0.7295,Laurs Skjellerup,0.7278
Dane Scarlett,Delantero centro,Jonah Kusi-Asare,1.0,Francesco Camarda,0.9767,Giuseppe Ambrosino,0.9451,Louis Buffon,0.9451,Jan Urbich,0.9336,Pierre-Yves Hamel,0.9328,Jessic Ngankam,0.9252,Idrissa Guèye,0.9203,Zoumana Diallo,0.9127,Henrik Meister,0.9087,Ibrahim Kanté,0.9069,Ryan Rodin,0.9069,Enzo Molebe,0.9069,Theo Bair,0.9069,Pau Cabanes,0.9069
Christantus Uche,Delantero centro,Jon Karrikaburu,0.9855,Loïs Openda,0.9549,Santiago Giménez,0.9046,Liam Delap,0.8944,Daniel Mosquera,0.844,Jean-Philippe Krasso,0.8357,Kevin Carlos,0.8085,Diego Morcillo,0.802,Lanroy Machine,0.7959,Daniel Mikołajewski,0.7783,Samuel Essende,0.777,Uchenna Ogundu,0.7719,Mbwana Samatta,0.7636,Roberto Piccoli,0.7592,Thiago Borbas,0.7568
João Pedro,Delantero centro,Michael Gregoritsch,0.9369,Ange-Yoan Bonny,0.9299,Robinio Vaz,0.9158,Ayoze Pérez,0.9028,Richarlison,0.8997,Stefanos Tzimas,0.8929,Marcus Thuram,0.8844,Breel Embolo,0.8817,Amine Gouiri,0.8735,Ermedin Demirović,0.8715,Lautaro Martínez,0.8712,Artem Dovbyk,0.8669,Jonathan David,0.8583,Hugo Ekitike,0.8491,Hamza Igamane,0.8404
Robert Lewandowski,Delantero centro,Giorgi Guliashvili,0.9923,Bamba Dieng,0.9822,Ferrán Torres,0.9659,Asier Villalibre,0.9595,Callum Wilson,0.9572,Donyell Malen,0.9508,Ollie Watkins,0.9492,Patrik Schick,0.9278,Benjamin Šeško,0.8987,Ragnar Ache,0.8975,Harry Kane,0.8948,Erling Haaland,0.8947,Giovanni Simeone,0.8932,Taiwo Awoniyi,0.8848,Roman Yaremchuk,0.8842
Endrick,Delantero centro,Dane Scarlett,0.8218,Jonah Kusi-Asare,0.8218,Ibrahim Kanté,0.7902,Ryan Rodin,0.7902,Enzo Molebe,0.7902,Bojan Miovski,0.7902,Pau Cabanes,0.7902,Theo Bair,0.7902,Giuseppe Ambrosino,0.7795,Louis Buffon,0.7795,Ugo Lamare,0.7782,Asier Hierro,0.7779,Francesco Camarda,0.7775,Fynn Schenten,0.7771,Jan Urbich,0.7697
Mateo Joseph,Delantero centro,Joshua King,0.9628,Adrian Benedyczak,0.9393,Ezequiel Ávila,0.8505,Giuliano Simeone,0.8486,Christian Kouamé,0.839,Arthur,0.8387,Stefano Moreo,0.8332,Sandro Kulenović,0.8197,Amady Camara,0.8194,Florian Sotoca,0.8172,Matthis Abline,0.8154,Marvin Pieringer,0.7985,Randal Kolo Muani,0.7768,Mathys Tel,0.7686,Hwang Hee-chan,0.7675
Luis Vázquez,Delantero centro,M'Bala Nzola,0.9662,Jeff Ekhator,0.8105,Santi Franco,0.7708,Antonio Sanabria,0.7289,Salomón Rondón,0.7109,Roberto Piccoli,0.7016,Junior Adamu,0.6957,Kenny Quetant,0.6893,Damián Pizarro,0.6428,Ibou Sané,0.6383,Mikkel Kaufmann,0.627,Lyle Foster,0.6031,Mateo Pellegrino,0.603,Daniel Mikołajewski,0.6016,Thiago Borbas,0.5721
Kiké,Delantero centro,Nikola Krstović,0.9259,Charalampos Kostoulas,0.8985,Cédric Bakambu,0.8931,Ricky-Jade Jones,0.8624,Cristhian Stuani,0.8502,Andrea Belotti,0.7798,Enes Ünal,0.7789,Rémy Labeau Lascary,0.7786,Moise Kean,0.7554,Omar Marmoush,0.7538,Valentín Castellanos,0.7525,Keinan Davis,0.7328,Elye Wahi,0.7313,Marcus Thuram,0.7206,Deniz Undav,0.7203
Asier Hierro,Delantero centro,Taichi Hara,0.995,Alejo Sarco,0.9942,Marc Guiu,0.9835,Sean Neave,0.983,Laurs Skjellerup,0.9806,Enzo Molebe,0.9686,Theo Bair,0.9686,Ibrahim Kanté,0.9686,Pau Cabanes,0.9686,Ryan Rodin,0.9686,Bojan Miovski,0.9686,Faris Pemi Moumbagna,0.9581,Matteo Lavelli,0.9185,Fynn Schenten,0.9105,Sérigné Diop,0.8981
Karl Etta Eyong,Delantero centro,Hugo Ekitike,0.9783,Robert Glatzel,0.9226,Stefanos Tzimas,0.9083,Fisnik Asllani,0.8968,Georges Mikautadze,0.8866,Toni Martínez,0.8537,Caleb Ekuban,0.8509,Manex Carmona,0.8505,Kader Meïté,0.8406,Erling Haaland,0.8404,Roman Yaremchuk,0.8393,Ousmane Dembélé,0.838,Artem Dovbyk,0.83,Jonathan Burkardt,0.8104,Anastasios Douvikas,0.8038
Pau Cabanes,Delantero centro,Ibrahim Kanté,1.0,Bojan Miovski,1.0,Enzo Molebe,1.0,Ryan Rodin,1.0,Theo Bair,1.0,Asier Hierro,0.9686,Faris Pemi Moumbagna,0.9529,Sasa Kalajdzic,0.9401,Taichi Hara,0.9388,Matteo Lavelli,0.9368,Alejo Sarco,0.9363,Fynn Schenten,0.9345,Francesco Camarda,0.9214,Marc Guiu,0.9076,Dane Scarlett,0.9069
Isaac Romero,Delantero centro,Federico Viñas,0.8973,Amin Sarr,0.8785,Álvaro Morata,0.8364,Gonçalo Ramos,0.821,Lucas Boyé,0.8204,Tim Lemperle,0.8099,Emersonn,0.8088,Gorka Guruzeta,0.7796,Rafiu Durosinmi,0.6395,Ludovic Ajorque,0.6262,Budu Zivzivadze,0.5121,Sandro Kulenović,0.5013,Sergio Camello,0.4913,Arana,0.4722,Emmanuel Lago,0.4578
Diego Morcillo,Delantero centro,Uchenna Ogundu,0.9838,Mattia Mosconi,0.9373,Joselu Pérez,0.9322,Otto Stange,0.907,Milan Đurić,0.8915,Abdón Prats,0.8339,Ugo Lamare,0.8183,Mourad El Ghezouani,0.8131,Zoumana Diallo,0.8033,Lorenzo Colombo,0.8025,Christantus Uche,0.802,Jan Urbich,0.8018,Jon Karrikaburu,0.7994,Jessic Ngankam,0.797,Liam Delap,0.7938
Carlos Espí,Delantero centro,Joaquín Panichelli,0.9696,Ermedin Demirović,0.9165,Andrea Belotti,0.9059,Gianluca Scamacca,0.904,Orri Steinn Óskarsson,0.9029,Abdoulie Ceesay,0.8907,Cristhian Stuani,0.8751,Noam Obougou Jacquet,0.8722,Ricky-Jade Jones,0.8638,Taiwo Awoniyi,0.862,Zian Flemming,0.8619,Christian Kofane,0.8613,Paul Mendy,0.8611,Eddie Nketiah,0.8587,William Osula,0.8556
Gerard Moreno,Delantero centro,Jonathan Burkardt,0.951,Tosin Aiyegun,0.9244,Gonzalo García,0.921,Julián Vignolo,0.9173,Erling Haaland,0.9057,Ferrán Torres,0.8826,Georges Mikautadze,0.8773,Eli Junior Kroupi,0.8747,Amine Gouiri,0.8746,Patrik Schick,0.8694,Stefan Schimmer,0.865,Dženan Pejčinović,0.8629,Pierre-Emerick Aubameyang,0.8602,Callum Wilson,0.8602,Grant Ranos,0.8578
Joselu Pérez,Delantero centro,Mattia Mosconi,0.9992,Milan Đurić,0.9682,Diego Morcillo,0.9322,Zoumana Diallo,0.9223,Uchenna Ogundu,0.9196,Jan Urbich,0.9184,Jessic Ngankam,0.9181,Ugo Lamare,0.9145,Louis Buffon,0.9114,Giuseppe Ambrosino,0.9114,Mourad El Ghezouani,0.8434,Abdón Prats,0.8217,Zeki Amdouni,0.8128,Idrissa Guèye,0.811,Jeremy Arévalo,0.7863
Lucas Beltrán,Delantero centro,Keke Topp,0.9587,Adrian Benedyczak,0.8791,Sandro Kulenović,0.8765,Otto Stange,0.8675,Randal Kolo Muani,0.8646,Joshua King,0.8497,Amady Camara,0.8446,Daniel Mosquera,0.8404,Florian Sotoca,0.8275,Roberto Férnandez,0.8275,Ezequiel Ávila,0.7993,Igor Jesus,0.795,Benedict Hollerbach,0.7887,Marc Domenech,0.7792,Marvin Pieringer,0.7643
Pablo Durán,Delantero centro,José Luis Morales,0.93,Shuto Machino,0.8315,Nelson Weiper,0.8187,Ransford Königsdörffer,0.8057,Rodrigo Ribeiro,0.7938,Matias Fernandez-Pardo,0.7329,Tim Skarke,0.7054,Hwang Hee-chan,0.6891,Abel Ruiz,0.6832,Patrick Cutrone,0.6694,Mateo Joseph,0.6576,Stefano Moreo,0.6561,Joshua King,0.6509,Ezequiel Ávila,0.633,Adrian Benedyczak,0.6293
Ibrahim Diabaté,Delantero centro,Eliezer Mayenda,0.9048,Chris Wood,0.812,Thierno Barry,0.7688,Andreas Hountondji,0.7437,Vladyslav Vanat,0.7145,Semih Kılıçsoy,0.7047,Kenny Quetant,0.703,Esteban Lepaul,0.6904,Henrik Meister,0.6686,Jonas Wind,0.6179,Willem Geubbels,0.6172,Boulaye Dia,0.6045,Dominic Solanke,0.6032,Damion Downs,0.5891,Hugo Duro,0.5703
Cédric Bakambu,Delantero centro,Nikola Krstović,0.946,Deniz Undav,0.911,Taiwo Awoniyi,0.9106,Kiké,0.8931,Andrea Belotti,0.883,Orri Steinn Óskarsson,0.8733,Ragnar Ache,0.8692,Hamza Igamane,0.8637,Elye Wahi,0.8565,Nouha Dicko,0.8556,Sambou Soumano,0.8515,Ricky-Jade Jones,0.85,Harry Kane,0.85,Emanuel Emegha,0.8406,Charalampos Kostoulas,0.8321
Thiago Borbas,Delantero centro,Ashley Barnes,0.9155,Kevin Carlos,0.913,Mariano,0.8909,Liam Delap,0.8667,Mbwana Samatta,0.864,Santi Franco,0.8338,Luca Moro,0.8205,Ihlas Bebou,0.8088,Brian Madjo,0.7978,Samuel Essende,0.7845,Gorka Carrera,0.7696,Roberto Piccoli,0.7695,Damián Pizarro,0.7631,Christantus Uche,0.7568,Santiago Giménez,0.7527
Abel Ruiz,Delantero centro,Christian Kouamé,0.9109,Patrick Cutrone,0.9037,Petar Ratkov,0.9031,Joël Piroe,0.8821,Edin Džeko,0.8702,Matteo Lavelli,0.8582,Álex Forés,0.8487,Amady Camara,0.8485,Sasa Kalajdzic,0.843,Faris Pemi Moumbagna,0.8382,Ali Yousuf,0.8349,Fynn Schenten,0.8234,Nelson Weiper,0.8133,Callum Marshall,0.81,Lanroy Machine,0.8094
Jon Karrikaburu,Delantero centro,Christantus Uche,0.9855,Loïs Openda,0.9282,Liam Delap,0.8963,Santiago Giménez,0.8615,Diego Morcillo,0.7994,Daniel Mosquera,0.7781,Samuel Essende,0.7735,Kevin Carlos,0.7677,Uchenna Ogundu,0.7644,Ashley Barnes,0.7556,Abdón Prats,0.7485,Jean-Philippe Krasso,0.7471,Mbwana Samatta,0.7324,Thiago Borbas,0.7294,Moise Kean,0.7154
Abdón Prats,Delantero centro,Jeremy Arévalo,0.9756,Adam Hložek,0.9717,Zeki Amdouni,0.9666,Ioan Vermeșan,0.9378,Milan Đurić,0.8926,Ugo Lamare,0.89,Michy Batshuayi,0.8857,Uchenna Ogundu,0.8819,Dmytro Bohdanov,0.874,Arkadiusz Milik,0.8602,Tolu Arokodare,0.8543,Mattia Mosconi,0.8402,Laurs Skjellerup,0.8387,Diego Morcillo,0.8339,Sean Neave,0.8338
Aitor Mañas,Delantero centro,Ali Yousuf,0.9273,Jacen Russell-Rowe,0.9236,Petar Ratkov,0.8845,Edin Džeko,0.8772,Boulaye Dia,0.8545,Dawda Camara,0.8479,Pierre-Yves Hamel,0.8451,Sasa Kalajdzic,0.8091,Christian Kouamé,0.793,Abel Ruiz,0.7715,Damion Downs,0.7668,Lucas Höler,0.7463,Amady Camara,0.7416,David Datro Fofana,0.7406,Tim Kleindienst,0.7249
José Luis Morales,Delantero centro,Pablo Durán,0.93,Matias Fernandez-Pardo,0.8842,Matthis Abline,0.725,Shuto Machino,0.7114,Joshua King,0.7058,Lassine Sinayoko,0.699,Tim Skarke,0.6973,Mateo Joseph,0.6883,Rodrigo Ribeiro,0.677,Adrian Benedyczak,0.6615,Ransford Königsdörffer,0.653,Joshua Zirkzee,0.6479,Ezequiel Ávila,0.6426,Cucho,0.6409,Valentín Castellanos,0.6336
Álex Forés,Delantero centro,Marc Domenech,0.9079,Tim Skarke,0.8911,William Bøving,0.8898,Matteo Lavelli,0.872,Ignatius Ganago,0.8622,Faris Pemi Moumbagna,0.8563,Abel Ruiz,0.8487,Fynn Schenten,0.8481,Patrick Cutrone,0.8455,Sérigné Diop,0.8419,Otto Stange,0.8257,Amady Camara,0.8044,Giovane,0.7983,Armando Broja,0.796,Christian Kouamé,0.7934
Mariano,Delantero centro,Mbwana Samatta,0.8967,Ihlas Bebou,0.891,Thiago Borbas,0.8909,Yoane Wissa,0.8884,David Datro Fofana,0.871,Niclas Füllkrug,0.8512,Nelson Weiper,0.8397,Umar Sadiq,0.8296,Kevin Carlos,0.813,Santiago Giménez,0.8078,Jørgen Strand Larsen,0.804,Lanroy Machine,0.8004,Tim Kleindienst,0.7955,Paris Brunner,0.7705,Filip Stojilković,0.7636
Maroan Sannadi,Delantero centro,Kento Shiogai,0.9107,Eddie Nketiah,0.8448,Cristhian Stuani,0.8238,Ricky-Jade Jones,0.8005,Phillip Tietz,0.7466,Yussuf Poulsen,0.742,Youssef El-Arabi,0.7334,Sidiki Cherif,0.7113,Elye Wahi,0.685,Rémy Labeau Lascary,0.6683,Kiké,0.6625,Andrea Belotti,0.658,Gabriel Jesus,0.6514,Samuel Essende,0.6449,Igor Thiago,0.6418
Urko Izeta,Delantero centro,André Silva,0.9077,Ante Budimir,0.8772,Rafa Mir,0.8451,Salim Musah,0.8298,Manuel De Luca,0.7903,Noam Obougou Jacquet,0.7764,Evan Ferguson,0.7485,Marin Ljubicic,0.7272,Giovanni Simeone,0.7177,Miguel Cubo,0.71,Serhou Guirassy,0.7029,Julián Vignolo,0.7017,Gianluca Scamacca,0.7009,Romelu Lukaku,0.691,Dženan Pejčinović,0.687
Cristhian Stuani,Delantero centro,Ricky-Jade Jones,0.898,Eddie Nketiah,0.8897,Carlos Espí,0.8751,Andrea Belotti,0.8692,Phillip Tietz,0.8609,Kiké,0.8502,Ante Budimir,0.8375,Maroan Sannadi,0.8238,Gabriel Jesus,0.7943,Joaquín Panichelli,0.7894,Cédric Bakambu,0.7782,Salim Musah,0.7613,Orri Steinn Óskarsson,0.7492,Christian Kofane,0.7481,Keinan Davis,0.7477
Marc Domenech,Delantero centro,Ignatius Ganago,0.9635,William Bøving,0.948,Benedict Hollerbach,0.9083,Álex Forés,0.9079,Tim Skarke,0.8833,Lucas Beltrán,0.7792,Adrian Benedyczak,0.7571,Otto Stange,0.7522,Mika Biereth,0.7485,Randal Kolo Muani,0.7438,Igor Jesus,0.7427,Matthis Abline,0.7371,Keke Topp,0.7332,Mathys Tel,0.7192,Amady Camara,0.7163
Ezequiel Ávila,Delantero centro,Bernard Nguene,0.9624,Paris Brunner,0.9549,Sandro Kulenović,0.945,Joshua King,0.9414,Adrian Benedyczak,0.9088,Hwang Hee-chan,0.8893,Mbwana Samatta,0.8523,Luca Moro,0.8515,Mateo Joseph,0.8505,Lucas Höler,0.8444,Daniel Mosquera,0.8375,Ihlas Bebou,0.8312,Edin Džeko,0.8309,Marvin Pieringer,0.8288,Florian Sotoca,0.8125
Dawda Camara,Delantero centro,Tolu Arokodare,0.8923,Arkadiusz Milik,0.8643,Damion Downs,0.8489,Aitor Mañas,0.8479,Pierre Mounguengue,0.7891,Gorka Carrera,0.7775,Zeki Amdouni,0.7733,Dmytro Bohdanov,0.7558,Yassir Zabiri,0.7492,Petar Ratkov,0.7382,Pierre-Yves Hamel,0.734,Ioan Vermeșan,0.7265,Abdón Prats,0.7263,Jacen Russell-Rowe,0.7258,Jonas Wind,0.7217
Gonzalo García,Delantero centro,Danny Welbeck,0.9566,Gerard Moreno,0.921,Eli Junior Kroupi,0.902,Arnaud Kalimuendo,0.8954,Tosin Aiyegun,0.8825,Grant Ranos,0.8524,Viktor Gyökeres,0.8369,Jonathan Burkardt,0.8317,Amine Gouiri,0.8201,Igor Matanović,0.7917,Dženan Pejčinović,0.7835,Maximilian Beier,0.7824,Jaime Mata,0.7805,Anastasios Douvikas,0.7784,Iker Bravo,0.7661
Bojan Miovski,Delantero centro,Ibrahim Kanté,1.0,Enzo Molebe,1.0,Ryan Rodin,1.0,Theo Bair,1.0,Pau Cabanes,1.0,Asier Hierro,0.9686,Faris Pemi Moumbagna,0.9529,Sasa Kalajdzic,0.9401,Taichi Hara,0.9388,Matteo Lavelli,0.9368,Alejo Sarco,0.9363,Fynn Schenten,0.9345,Francesco Camarda,0.9214,Marc Guiu,0.9076,Dane Scarlett,0.9069
Iago Aspas,Delantero centro,Mohamed Amoura,0.8949,Giuliano Simeone,0.8465,Maximilian Beier,0.8439,Lassine Sinayoko,0.8384,Cucho,0.8377,Martin Satriano,0.8345,Julián Álvarez,0.8207,Joshua Zirkzee,0.7845,Matias Fernandez-Pardo,0.758,Mathys Tel,0.7443,Federico Bonazzoli,0.7259,Matthis Abline,0.7243,Mikel Oyarzabal,0.7237,Nathan Mbala,0.7213,Luca Waldschmidt,0.7189
Alexandre Alemão,Delantero centro,Giorgi Kvilitaia,0.8479,Prosper Peter,0.8448,Gennaro Borrelli,0.8042,Brian Brobbey,0.794,Max Moerstedt,0.7675,Youssef El-Arabi,0.7662,Olivier Giroud,0.7585,Adam Buksa,0.7359,Phillip Tietz,0.7228,Zian Flemming,0.6976,Kieron Bowie,0.6954,Paul Mendy,0.657,Semih Kılıçsoy,0.6255,Jaime Mata,0.621,Walid Cheddira,0.6189
Ayoze Pérez,Delantero centro,Robinio Vaz,0.9271,João Pedro,0.9028,Maximilian Beier,0.8981,Richarlison,0.8889,Santiago Hidalgo,0.8869,Michael Gregoritsch,0.8487,Frank Magri,0.8399,Breel Embolo,0.8336,Leonardo Pavoletti,0.8303,Jonathan David,0.8285,Ange-Yoan Bonny,0.8236,Rémy Labeau Lascary,0.8124,Martin Satriano,0.8111,Fábio Silva,0.8067,Amine Gouiri,0.7877
Gorka Carrera,Delantero centro,Ihlas Bebou,0.7984,Luca Moro,0.7912,Liam Delap,0.7783,Dawda Camara,0.7775,Kevin Carlos,0.7728,Thiago Borbas,0.7696,Mbwana Samatta,0.7467,Emmanuel Lago,0.742,Paris Brunner,0.7393,Aitor Mañas,0.7088,Ashley Barnes,0.6704,Mariano,0.6613,Olivier Giroud,0.6509,Kento Shiogai,0.6367,Bernard Nguene,0.6351
Mourad El Ghezouani,Delantero centro,Idrissa Guèye,0.9956,Louis Buffon,0.9377,Giuseppe Ambrosino,0.9377,Jan Urbich,0.9356,Jessic Ngankam,0.9304,Zoumana Diallo,0.9263,Dane Scarlett,0.8979,Jonah Kusi-Asare,0.8979,Fynn Schenten,0.8855,Otto Stange,0.8841,Pierre-Yves Hamel,0.8824,Edin Džeko,0.8536,Milan Đurić,0.8519,Ugo Lamare,0.8436,Joselu Pérez,0.8434
Borja Mayoral,Delantero centro,Jamie Vardy,0.9278,Oliver Burke,0.9083,Willem Geubbels,0.9,Arnaud Kalimuendo,0.8419,Tani Oluwaseyi,0.7699,Vladyslav Vanat,0.7443,Nesta Elphege,0.7184,Ciro Immobile,0.713,Gonzalo García,0.7103,Jovan Milošević,0.7094,Jonathan David,0.6967,Iker Bravo,0.6948,Roman Yaremchuk,0.6634,Andreas Hountondji,0.6557,Leonardo Pavoletti,0.6509
Miguel Cubo,Delantero centro,Noam Obougou Jacquet,0.963,William Osula,0.9553,Anastasios Douvikas,0.94,Younes Ebnoutalib,0.9084,Serhou Guirassy,0.907,Christian Kofane,0.9038,Marin Ljubicic,0.9028,Igor Matanović,0.9002,Romelu Lukaku,0.895,Gianluca Scamacca,0.8908,Francesco Esposito,0.8762,Toni Martínez,0.8374,Rayan Fofana,0.8291,Giovanni Simeone,0.8225,Carlos Espí,0.82
Salomón Rondón,Delantero centro,Damián Pizarro,0.9119,Antonio Sanabria,0.9084,Brian Madjo,0.8971,Daniel Mikołajewski,0.8552,Umar Sadiq,0.8443,Evanilson,0.8261,Habib Diallo,0.8182,Jørgen Strand Larsen,0.8178,Fabio Moreno Fell,0.8161,Nikola Štulić,0.7877,Kenny Quetant,0.7876,Filip Stojilković,0.7709,Santi Franco,0.7633,Niclas Füllkrug,0.76,Francesco Camarda,0.7545
Umar Sadiq,Delantero centro,Jørgen Strand Larsen,0.9374,Daniel Mikołajewski,0.9254,Lanroy Machine,0.9154,Brian Madjo,0.9065,Filip Stojilković,0.8963,Niclas Füllkrug,0.891,Santiago Giménez,0.888,Timo Werner,0.8648,Armando Broja,0.8615,Evanilson,0.8608,Damián Pizarro,0.8604,David Datro Fofana,0.8515,Fabio Moreno Fell,0.8466,Salomón Rondón,0.8443,Patrick Cutrone,0.8421
Sergio Camello,Delantero centro,Nicolas Jackson,0.9281,Emersonn,0.8932,Budu Zivzivadze,0.8754,Alexander Sørloth,0.8143,Folarin Balogun,0.8028,Vedat Muriqi,0.7593,Grant Ranos,0.7434,Gonçalo Ramos,0.7373,Lucas Boyé,0.7271,David Okereke,0.7217,Gorka Guruzeta,0.7125,Arana,0.7029,Tim Lemperle,0.702,Eli Junior Kroupi,0.6906,Richarlison,0.6866
Tani Oluwaseyi,Delantero centro,Ciro Immobile,0.9191,Jamie Vardy,0.8685,Borja Mayoral,0.7699,Lyle Foster,0.73,Shuto Machino,0.7123,Mika Biereth,0.7053,Kenny Quetant,0.6855,Willem Geubbels,0.6619,Oliver Burke,0.6488,Adam Armstrong,0.6478,Vladyslav Vanat,0.6454,Jovan Milošević,0.6054,Evanilson,0.5534,Ransford Königsdörffer,0.5368,Timo Werner,0.5264
Orri Steinn Óskarsson,Delantero centro,Taiwo Awoniyi,0.9452,Andrea Belotti,0.9396,Ollie Watkins,0.9186,Joaquín Panichelli,0.9038,Bamba Dieng,0.9031,Carlos Espí,0.9029,Giorgi Guliashvili,0.8923,Igor Thiago,0.8893,Elye Wahi,0.8878,Asier Villalibre,0.8857,Borja Iglesias,0.8811,Cédric Bakambu,0.8733,Eli Junior Kroupi,0.8713,Ermedin Demirović,0.8711,Gabriel Jesus,0.8685
Federico Viñas,Delantero centro,Lucas Boyé,0.9709,Tim Lemperle,0.9665,Gorka Guruzeta,0.9434,Gonçalo Ramos,0.9314,Amin Sarr,0.9158,Álvaro Morata,0.9097,Isaac Romero,0.8973,Emersonn,0.8863,Ludovic Ajorque,0.7964,Rafiu Durosinmi,0.7839,Arana,0.7662,Budu Zivzivadze,0.6734,Folarin Balogun,0.6481,Sergio Camello,0.6104,Andrea Pinamonti,0.6024
Vladyslav Vanat,Delantero centro,Jamie Vardy,0.8412,Thierno Barry,0.8377,Willem Geubbels,0.8036,Andreas Hountondji,0.788,Sidiki Cherif,0.7751,Dominic Calvert-Lewin,0.7701,Borja Mayoral,0.7443,Kenny Quetant,0.7154,Ibrahim Diabaté,0.7145,Haris Tabaković,0.7138,Lorenzo Lucca,0.7096,Nesta Elphege,0.6944,Borja Iglesias,0.6941,Prosper Peter,0.6861,Beto,0.6773
Roberto Férnandez,Delantero centro,Mikkel Kaufmann,0.8986,Mateo Pellegrino,0.8813,Sekou Mara,0.8324,Lucas Beltrán,0.8275,Keke Topp,0.7982,Mostafa Mohamed,0.7609,Florian Sotoca,0.7578,Igor Jesus,0.7519,Iván Romero,0.7144,Olivier Giroud,0.7022,Randal Kolo Muani,0.6943,Thijs Dallinga,0.6853,Lorenzo Colombo,0.6741,Sandro Kulenović,0.6702,Kieron Bowie,0.6676
Lucas Boyé,Delantero centro,Federico Viñas,0.9709,Tim Lemperle,0.9696,Gorka Guruzeta,0.9683,Gonçalo Ramos,0.9627,Emersonn,0.9282,Álvaro Morata,0.8555,Arana,0.8471,Amin Sarr,0.839,Isaac Romero,0.8204,Ludovic Ajorque,0.79,Folarin Balogun,0.7844,Sergio Camello,0.7271,Rafiu Durosinmi,0.7225,Budu Zivzivadze,0.7168,Andrea Pinamonti,0.6483
Gorka Guruzeta,Delantero centro,Gonçalo Ramos,0.9844,Tim Lemperle,0.9736,Lucas Boyé,0.9683,Federico Viñas,0.9434,Emersonn,0.9149,Arana,0.9012,Álvaro Morata,0.8581,Amin Sarr,0.8277,Folarin Balogun,0.809,Rafiu Durosinmi,0.8066,Andrea Pinamonti,0.7856,Isaac Romero,0.7796,Budu Zivzivadze,0.7448,Gift Orban,0.7404,Sergio Camello,0.7125
Hugo Duro,Delantero centro,Semih Kılıçsoy,0.9636,Thierno Barry,0.8863,Viktor Gyökeres,0.8689,Iker Bravo,0.8535,Brian Brobbey,0.8254,Beto,0.7971,Esteban Lepaul,0.7625,Jaime Mata,0.7589,Adam Buksa,0.7433,Gonzalo García,0.7368,Danny Welbeck,0.7038,Max Moerstedt,0.6959,William Osula,0.6907,Igor Matanović,0.6887,Manex Carmona,0.676
Ferrán Torres,Delantero centro,Bamba Dieng,0.978,Callum Wilson,0.9718,Giorgi Guliashvili,0.9703,Robert Lewandowski,0.9659,Patrik Schick,0.9621,Benjamin Šeško,0.9547,Jonathan Burkardt,0.9499,Erling Haaland,0.949,Ollie Watkins,0.9489,Donyell Malen,0.9449,Harry Kane,0.9361,Asier Villalibre,0.9084,Ragnar Ache,0.9003,Wilson Isidor,0.885,Gerard Moreno,0.8826
André Silva,Delantero centro,Salim Musah,0.9413,Urko Izeta,0.9077,Ante Budimir,0.9022,Rafa Mir,0.8844,Dženan Pejčinović,0.8359,Noam Obougou Jacquet,0.8025,Wilson Isidor,0.7472,Giorgi Kvilitaia,0.7462,Romelu Lukaku,0.743,Younes Ebnoutalib,0.7406,Eddie Nketiah,0.7394,Gabriel Jesus,0.7383,Marin Ljubicic,0.734,Carlos Espí,0.7236,Miguel Cubo,0.7175
Borja Iglesias,Delantero centro,Taiwo Awoniyi,0.9581,Haris Tabaković,0.952,Emanuel Emegha,0.9234,Asier Villalibre,0.9158,Sambou Soumano,0.8862,Beto,0.8816,Orri Steinn Óskarsson,0.8811,Ermedin Demirović,0.8756,Paul Mendy,0.8748,Dominic Calvert-Lewin,0.874,Artem Dovbyk,0.8624,Ollie Watkins,0.8484,Abdoulie Ceesay,0.8481,Joaquín Panichelli,0.8421,Phillip Tietz,0.8385
Julián Álvarez,Delantero centro,Mikel Oyarzabal,0.8946,Luca Waldschmidt,0.886,Mohamed Amoura,0.8832,Pierre-Emerick Aubameyang,0.8539,Joshua Zirkzee,0.8521,Cucho,0.8442,Iago Aspas,0.8207,Nathan Mbala,0.8128,Stefan Schimmer,0.8001,Amine Gouiri,0.7662,Matias Fernandez-Pardo,0.7606,Lukas Nmecha,0.7527,Lassine Sinayoko,0.7242,Christopher Nkunku,0.7036,Georges Mikautadze,0.6988
Ante Budimir,Delantero centro,Gabriel Jesus,0.9103,André Silva,0.9022,Urko Izeta,0.8772,Salim Musah,0.8459,Andrea Belotti,0.8433,Cristhian Stuani,0.8375,Wilson Isidor,0.8251,Rafa Mir,0.8202,Giovanni Simeone,0.8179,Gianluca Scamacca,0.7855,Carlos Espí,0.7791,Romelu Lukaku,0.7511,Dominic Calvert-Lewin,0.748,Bamba Dieng,0.7459,Orri Steinn Óskarsson,0.7417
Álvaro Rodríguez,Delantero centro,Omar Marmoush,0.8796,Andrej Ilic,0.8602,Fábio Silva,0.8539,Valentín Castellanos,0.8416,Conrad Harder,0.7791,Nikola Krstović,0.773,Marcus Thuram,0.7658,Charalampos Kostoulas,0.763,Raúl Jiménez,0.7373,Igor Jesus,0.7091,Caleb Ekuban,0.703,Enes Ünal,0.7026,Nouha Dicko,0.6988,Yael Trepy,0.6957,Kai Havertz,0.6948
Georges Mikautadze,Delantero centro,Toni Martínez,0.9679,Amine Gouiri,0.9398,Hugo Ekitike,0.928,Michael Gregoritsch,0.9231,Erling Haaland,0.9211,Stefan Schimmer,0.9187,Fisnik Asllani,0.9163,Harry Kane,0.8996,Ragnar Ache,0.8994,Jonathan Burkardt,0.8966,Karl Etta Eyong,0.8866,Ousmane Dembélé,0.884,Yael Trepy,0.8795,Gerard Moreno,0.8773,Julián Vignolo,0.8751
Akor Adams,Delantero centro,Kylian Mbappé,0.8788,Dominic Calvert-Lewin,0.7925,Donyell Malen,0.7891,Cédric Bakambu,0.7865,Giorgi Guliashvili,0.7528,Elye Wahi,0.7479,Deniz Undav,0.7342,Robert Lewandowski,0.7335,Dušan Vlahović,0.723,George Ilenikhena,0.7119,Bamba Dieng,0.7075,Kader Meïté,0.6999,Ollie Watkins,0.6901,Gabriel Jesus,0.6893,Nikola Krstović,0.6871
Giuliano Simeone,Delantero centro,Arthur,0.9392,Mathys Tel,0.9271,Mateo Joseph,0.8486,Iago Aspas,0.8465,Matthis Abline,0.8287,Martin Satriano,0.8157,Adrian Benedyczak,0.7745,Marvin Pieringer,0.7742,Joshua King,0.7699,Mohamed Amoura,0.7691,William Bøving,0.7523,Ilyas Ansah,0.7325,Florian Sotoca,0.7308,Ignatius Ganago,0.7305,Iván Romero,0.7264
Alexander Sørloth,Delantero centro,Vedat Muriqi,0.943,Nicolas Jackson,0.9129,Budu Zivzivadze,0.889,David Okereke,0.8474,Folarin Balogun,0.8282,Arana,0.8248,Sergio Camello,0.8143,Andrea Pinamonti,0.7625,Benjamin Šeško,0.7388,Bamba Dieng,0.7354,Patrik Schick,0.7258,Romelu Lukaku,0.7214,Ferrán Torres,0.719,Emersonn,0.7074,Robert Lewandowski,0.7026
Vedat Muriqi,Delantero centro,Alexander Sørloth,0.943,Folarin Balogun,0.893,Arana,0.8827,Nicolas Jackson,0.8476,Budu Zivzivadze,0.7748,Sergio Camello,0.7593,Andrea Pinamonti,0.7474,Serhou Guirassy,0.7337,Gianluca Scamacca,0.722,Patrik Schick,0.7191,Asier Villalibre,0.7089,Gorka Guruzeta,0.708,Romelu Lukaku,0.7072,Marin Ljubicic,0.7017,David Okereke,0.7008
Iván Romero,Delantero centro,Mostafa Mohamed,0.9267,Florian Sotoca,0.9137,Santiago Hidalgo,0.8337,Martin Satriano,0.8331,Marvin Pieringer,0.8132,Mathys Tel,0.7947,Ibou Sané,0.7912,Keke Topp,0.765,Frank Magri,0.7427,Arthur,0.741,Sandro Kulenović,0.73,Giuliano Simeone,0.7264,Junior Adamu,0.725,Roberto Férnandez,0.7144,Mikkel Kaufmann,0.6988
Toni Martínez,Delantero centro,Georges Mikautadze,0.9679,Lautaro Martínez,0.9339,Yael Trepy,0.933,Ragnar Ache,0.9062,Harry Kane,0.9058,Marcus Thuram,0.9006,Hugo Ekitike,0.8959,Artem Dovbyk,0.8924,Erling Haaland,0.8907,Fisnik Asllani,0.8904,Michael Gregoritsch,0.8825,Stefan Schimmer,0.8818,Deniz Undav,0.8771,Amine Gouiri,0.8763,Jonathan Burkardt,0.8701
Mikel Oyarzabal,Delantero centro,Luca Waldschmidt,0.9709,Cucho,0.8979,Julián Álvarez,0.8946,Stefan Schimmer,0.8826,Pierre-Emerick Aubameyang,0.8759,Joshua Zirkzee,0.8681,Matias Fernandez-Pardo,0.8635,Lassine Sinayoko,0.8539,Evan Ferguson,0.8427,Hamza Igamane,0.8278,Mohamed Amoura,0.8206,Richarlison,0.8069,Charalampos Kostoulas,0.8035,Deniz Undav,0.7962,Harry Kane,0.7937
Cucho,Delantero centro,Mohamed Amoura,0.9625,Matias Fernandez-Pardo,0.9001,Mikel Oyarzabal,0.8979,Luca Waldschmidt,0.8557,Valentín Castellanos,0.8468,Julián Álvarez,0.8442,Iago Aspas,0.8377,Richarlison,0.8367,Fábio Silva,0.8316,Omar Marmoush,0.828,Hamza Igamane,0.8196,Michael Gregoritsch,0.8196,Lassine Sinayoko,0.8169,Stefan Schimmer,0.8118,Kai Havertz,0.8033
Rafa Mir,Delantero centro,Salim Musah,0.9167,André Silva,0.8844,Urko Izeta,0.8451,Ante Budimir,0.8202,Eddie Nketiah,0.7442,Cristhian Stuani,0.7194,Kento Shiogai,0.7089,Dženan Pejčinović,0.7033,Andrea Belotti,0.7019,Evan Ferguson,0.6767,Gabriel Jesus,0.6689,Ricky-Jade Jones,0.6515,Emmanuel Lago,0.634,Noam Obougou Jacquet,0.6319,Lukas Nmecha,0.6302
Kylian Mbappé,Delantero centro,Donyell Malen,0.9539,Dušan Vlahović,0.9462,Deniz Undav,0.9138,Ousmane Dembélé,0.8965,Yael Trepy,0.8907,Harry Kane,0.8871,Kader Meïté,0.8854,Ragnar Ache,0.8852,Akor Adams,0.8788,Evan Ferguson,0.8635,Fisnik Asllani,0.8581,Robert Lewandowski,0.8463,Giorgi Guliashvili,0.8462,Bamba Dieng,0.831,Cédric Bakambu,0.8281
Louis Buffon,Delantero centro,Giuseppe Ambrosino,1.0,Jan Urbich,0.9994,Jessic Ngankam,0.9978,Zoumana Diallo,0.9954,Jonah Kusi-Asare,0.9451,Dane Scarlett,0.9451,Idrissa Guèye,0.9398,Mourad El Ghezouani,0.9377,Joselu Pérez,0.9114,Milan Đurić,0.9062,Mattia Mosconi,0.8981,Nikola Štulić,0.8971,Ugo Lamare,0.892,Francesco Camarda,0.8875,Damián Pizarro,0.8621
Stefano Moreo,Delantero centro,Christian Kouamé,0.8937,Mateo Joseph,0.8332,Martijn Kaars,0.741,Jacen Russell-Rowe,0.7372,Abel Ruiz,0.7139,Giuliano Simeone,0.7008,Joshua King,0.6887,Arthur,0.6875,Adrian Benedyczak,0.6845,Ali Yousuf,0.6786,Iago Aspas,0.6747,Aitor Mañas,0.6677,Amady Camara,0.6655,Pablo Durán,0.6561,Dominic Solanke,0.6554
Thijs Dallinga,Delantero centro,Benedict Hollerbach,0.8026,Fábio Silva,0.7562,Kai Havertz,0.7507,Igor Jesus,0.7473,Ibou Sané,0.74,Ilyas Ansah,0.7367,Mikkel Kaufmann,0.7298,Mika Biereth,0.723,Keke Topp,0.7076,Raúl Jiménez,0.6931,Álvaro Rodríguez,0.6856,Roberto Férnandez,0.6853,Mathys Tel,0.664,Marvin Pieringer,0.657,Marc Domenech,0.6452
Iker Bravo,Delantero centro,Hugo Duro,0.8535,Alexander Isak,0.8035,Semih Kılıçsoy,0.779,Gonzalo García,0.7661,Viktor Gyökeres,0.7505,Jonathan David,0.7149,Borja Mayoral,0.6948,Ilyas Ansah,0.686,Thierno Barry,0.6831,Tosin Aiyegun,0.666,Maximilian Beier,0.6612,Esteban Lepaul,0.6488,Leonardo Pavoletti,0.6437,Danny Welbeck,0.6395,Ange-Yoan Bonny,0.6243
Giuseppe Ambrosino,Delantero centro,Louis Buffon,1.0,Jan Urbich,0.9994,Jessic Ngankam,0.9978,Zoumana Diallo,0.9954,Jonah Kusi-Asare,0.9451,Dane Scarlett,0.9451,Idrissa Guèye,0.9398,Mourad El Ghezouani,0.9377,Joselu Pérez,0.9114,Milan Đurić,0.9062,Mattia Mosconi,0.8981,Nikola Štulić,0.8971,Ugo Lamare,0.892,Francesco Camarda,0.8875,Damián Pizarro,0.8621
Evan Ferguson,Delantero centro,Harry Kane,0.8992,Donyell Malen,0.8893,Luca Waldschmidt,0.8878,Dušan Vlahović,0.884,Julián Vignolo,0.8683,Kylian Mbappé,0.8635,Pierre-Emerick Aubameyang,0.8443,Stefan Schimmer,0.8442,Mikel Oyarzabal,0.8427,Erling Haaland,0.8324,Benjamin Šeško,0.8291,Yael Trepy,0.828,Toni Martínez,0.8231,Ferrán Torres,0.8158,Bamba Dieng,0.8155
Anastasios Douvikas,Delantero centro,William Osula,0.9559,Igor Matanović,0.942,Younes Ebnoutalib,0.9412,Miguel Cubo,0.94,Serhou Guirassy,0.9253,Marin Ljubicic,0.9196,Jonathan Burkardt,0.9187,Viktor Gyökeres,0.9135,Romelu Lukaku,0.907,Patrik Schick,0.8915,Manex Carmona,0.8689,Erling Haaland,0.8677,Noam Obougou Jacquet,0.8602,Toni Martínez,0.86,Gianluca Scamacca,0.8553
Luca Moro,Delantero centro,Mbwana Samatta,0.9243,Paris Brunner,0.9082,Bernard Nguene,0.9081,Santi Franco,0.8937,Kevin Carlos,0.8811,Ihlas Bebou,0.8704,Sandro Kulenović,0.8537,Ezequiel Ávila,0.8515,Liam Delap,0.8394,Samuel Essende,0.8309,Thiago Borbas,0.8205,Daniel Mosquera,0.8192,Tim Kleindienst,0.7951,Gorka Carrera,0.7912,Lanroy Machine,0.7394
Arkadiusz Milik,Delantero centro,Pierre Mounguengue,0.9243,Zeki Amdouni,0.9132,Adam Hložek,0.9098,Dmytro Bohdanov,0.8998,Jeremy Arévalo,0.8974,Tolu Arokodare,0.8821,Dawda Camara,0.8643,Abdón Prats,0.8602,Ioan Vermeșan,0.8589,Jonas Wind,0.7767,Michy Batshuayi,0.7747,Yassir Zabiri,0.7569,Ugo Lamare,0.753,Manuel De Luca,0.743,Milan Đurić,0.7116
Paul Mendy,Delantero centro,Abdoulie Ceesay,0.9803,Keinan Davis,0.9237,Ermedin Demirović,0.9206,Emanuel Emegha,0.9193,Artem Dovbyk,0.8909,William Osula,0.8763,Borja Iglesias,0.8748,Gianluca Scamacca,0.8702,Carlos Espí,0.8611,Asier Villalibre,0.8552,Joaquín Panichelli,0.8536,Taiwo Awoniyi,0.8515,Beto,0.8358,Giovanni Simeone,0.8263,Romelu Lukaku,0.8254
Antonio Arena,Delantero centro,Riccardo Braschi,0.9473,Michy Batshuayi,0.9236,Fabio Moreno Fell,0.9124,Filip Stojilković,0.9101,Evanilson,0.8988,Timo Werner,0.8662,Marc Guiu,0.8546,Sean Neave,0.8545,Laurs Skjellerup,0.8541,Alejo Sarco,0.854,Taichi Hara,0.8537,Asier Hierro,0.8448,Patrick Cutrone,0.8269,Umar Sadiq,0.8205,Callum Marshall,0.8187
Lautaro Martínez,Delantero centro,Marcus Thuram,0.9451,Toni Martínez,0.9339,Christian Kofane,0.921,Richarlison,0.8957,Francesco Esposito,0.881,Yael Trepy,0.8766,Michael Gregoritsch,0.8748,João Pedro,0.8712,Georges Mikautadze,0.8641,Rayan Fofana,0.8615,Artem Dovbyk,0.8599,Igor Matanović,0.8546,Deniz Undav,0.8545,Ermedin Demirović,0.8543,Noam Obougou Jacquet,0.8475
Semih Kılıçsoy,Delantero centro,Hugo Duro,0.9636,Thierno Barry,0.8739,Brian Brobbey,0.8011,Viktor Gyökeres,0.7936,Iker Bravo,0.779,Esteban Lepaul,0.7721,Adam Buksa,0.724,Beto,0.7151,Giorgi Kvilitaia,0.7137,Tosin Aiyegun,0.7049,Ibrahim Diabaté,0.7047,Jaime Mata,0.7031,Danny Welbeck,0.6852,Gonzalo García,0.6816,Eliezer Mayenda,0.6736
Dušan Vlahović,Delantero centro,Donyell Malen,0.9516,Kylian Mbappé,0.9462,Yael Trepy,0.933,Ousmane Dembélé,0.896,Kader Meïté,0.8908,Evan Ferguson,0.884,Ragnar Ache,0.8817,Fisnik Asllani,0.8806,Harry Kane,0.8799,Erling Haaland,0.8715,Robert Lewandowski,0.8711,Deniz Undav,0.8703,Nouha Dicko,0.8689,Toni Martínez,0.8635,Bamba Dieng,0.858
Caleb Ekuban,Delantero centro,Marcus Thuram,0.8833,Stefanos Tzimas,0.8826,Artem Dovbyk,0.8513,Karl Etta Eyong,0.8509,Nouha Dicko,0.8467,Hugo Ekitike,0.8366,Robert Glatzel,0.8343,Rayan Fofana,0.8259,João Pedro,0.8226,Toni Martínez,0.8103,Kader Meïté,0.7994,Yael Trepy,0.7972,Ange-Yoan Bonny,0.7954,Lautaro Martínez,0.7954,Fisnik Asllani,0.7915
Walid Cheddira,Delantero centro,Keinan Davis,0.8407,Enes Ünal,0.7812,Kieron Bowie,0.7689,Paul Mendy,0.7652,Rayan Fofana,0.7437,Abdoulie Ceesay,0.7172,Gennaro Borrelli,0.7131,Caleb Ekuban,0.7095,Mateo Pellegrino,0.6777,Santiago Castro,0.6714,Emanuel Emegha,0.6588,Nouha Dicko,0.6499,Christian Kofane,0.6317,Francesco Esposito,0.6299,Breel Embolo,0.62
Jeff Ekhator,Delantero centro,Ibou Sané,0.9207,Junior Adamu,0.8978,Lyle Foster,0.8267,Luis Vázquez,0.8105,Marvin Pieringer,0.805,Mikkel Kaufmann,0.7632,M'Bala Nzola,0.7551,Youssef El-Arabi,0.7351,Florian Sotoca,0.7119,Gennaro Borrelli,0.7061,Adam Buksa,0.6974,Max Moerstedt,0.6964,Leonardo Pavoletti,0.6917,Yussuf Poulsen,0.6902,Iván Romero,0.6875
Antonio Sanabria,Delantero centro,Salomón Rondón,0.9084,Jørgen Strand Larsen,0.8905,Armando Broja,0.8877,Daniel Mikołajewski,0.8621,Santi Franco,0.8603,Damián Pizarro,0.8531,Nikola Štulić,0.8386,Tim Kleindienst,0.8345,Umar Sadiq,0.8261,Habib Diallo,0.8251,Brian Madjo,0.7772,David Datro Fofana,0.7546,Lanroy Machine,0.7535,Kenny Quetant,0.7517,Adam Armstrong,0.7484
Santiago Giménez,Delantero centro,Loïs Openda,0.91,Lanroy Machine,0.9091,Christantus Uche,0.9046,Daniel Mosquera,0.9025,Patrick Cutrone,0.8915,Umar Sadiq,0.888,Jon Karrikaburu,0.8615,Jean-Philippe Krasso,0.8395,Mbwana Samatta,0.8336,Ransford Königsdörffer,0.8117,Kevin Carlos,0.8115,Mariano,0.8078,Daniel Mikołajewski,0.8069,Liam Delap,0.8016,Giovane,0.7978
Patrick Cutrone,Delantero centro,Riccardo Braschi,0.9167,Abel Ruiz,0.9037,Santiago Giménez,0.8915,Timo Werner,0.8847,Ransford Königsdörffer,0.8784,Lanroy Machine,0.8731,Joël Piroe,0.8466,Álex Forés,0.8455,Umar Sadiq,0.8421,Filip Stojilković,0.837,Sérigné Diop,0.8351,Giovane,0.8296,Antonio Arena,0.8269,Loïs Openda,0.8117,Faris Pemi Moumbagna,0.8101
Giovanni Simeone,Delantero centro,Gianluca Scamacca,0.9677,Asier Villalibre,0.9339,Bamba Dieng,0.9277,Serhou Guirassy,0.9174,Robert Lewandowski,0.8932,Emanuel Emegha,0.8802,Giorgi Guliashvili,0.8774,Artem Dovbyk,0.8717,Rayan Fofana,0.8706,Patrik Schick,0.8673,Ferrán Torres,0.8654,Donyell Malen,0.8643,Taiwo Awoniyi,0.859,Dušan Vlahović,0.8573,Romelu Lukaku,0.8564
Mateo Pellegrino,Delantero centro,Mikkel Kaufmann,0.946,Roberto Férnandez,0.8813,Kieron Bowie,0.834,Sekou Mara,0.7729,Santiago Castro,0.7681,Olivier Giroud,0.7576,Zoumana Diallo,0.7309,Nikola Štulić,0.7232,M'Bala Nzola,0.7184,Jessic Ngankam,0.7128,Roberto Piccoli,0.698,Jan Urbich,0.6921,Gennaro Borrelli,0.6889,Walid Cheddira,0.6777,Louis Buffon,0.6726
Christian Kouamé,Delantero centro,Abel Ruiz,0.9109,Stefano Moreo,0.8937,Petar Ratkov,0.8826,Ali Yousuf,0.871,Jacen Russell-Rowe,0.8639,Amady Camara,0.859,Edin Džeko,0.8506,Mateo Joseph,0.839,Adrian Benedyczak,0.8263,Sasa Kalajdzic,0.8163,Martijn Kaars,0.8147,Matteo Lavelli,0.8009,William Bøving,0.7966,Álex Forés,0.7934,Aitor Mañas,0.793
Mattia Mosconi,Delantero centro,Joselu Pérez,0.9992,Milan Đurić,0.9718,Diego Morcillo,0.9373,Uchenna Ogundu,0.9275,Ugo Lamare,0.9186,Zoumana Diallo,0.9077,Jan Urbich,0.9048,Jessic Ngankam,0.9037,Giuseppe Ambrosino,0.8981,Louis Buffon,0.8981,Abdón Prats,0.8402,Mourad El Ghezouani,0.8321,Zeki Amdouni,0.8291,Jeremy Arévalo,0.8084,Idrissa Guèye,0.7973
Álvaro Morata,Delantero centro,Amin Sarr,0.9858,Federico Viñas,0.9097,Tim Lemperle,0.8899,Gorka Guruzeta,0.8581,Lucas Boyé,0.8555,Gonçalo Ramos,0.8506,Isaac Romero,0.8364,Emersonn,0.7078,Gift Orban,0.6997,Rafiu Durosinmi,0.6811,Arana,0.6514,Ludovic Ajorque,0.6299,Andrea Pinamonti,0.5277,Endrick,0.5238,Folarin Balogun,0.5147
Adam Buksa,Delantero centro,Youssef El-Arabi,0.9132,Yussuf Poulsen,0.8403,Max Moerstedt,0.788,Jaime Mata,0.7665,Thierno Barry,0.7661,Gennaro Borrelli,0.761,Hugo Duro,0.7433,Alexandre Alemão,0.7359,Semih Kılıçsoy,0.724,Giorgi Kvilitaia,0.7148,Zian Flemming,0.7,Jeff Ekhator,0.6974,Olivier Giroud,0.6824,Prosper Peter,0.6585,Brian Brobbey,0.6213
Riccardo Braschi,Delantero centro,Timo Werner,0.9594,Antonio Arena,0.9473,Fabio Moreno Fell,0.9298,Filip Stojilković,0.9227,Patrick Cutrone,0.9167,Faris Pemi Moumbagna,0.8958,Matteo Lavelli,0.8933,Evanilson,0.8903,Callum Marshall,0.8852,Asier Hierro,0.8761,Taichi Hara,0.8702,Sérigné Diop,0.87,Alejo Sarco,0.8695,Marc Guiu,0.859,Sean Neave,0.8585
Vakoun Bayo,Delantero centro,Jean-Philippe Krasso,0.8989,Daniel Mikołajewski,0.8695,Giovane,0.851,Loïs Openda,0.8006,Roberto Piccoli,0.7977,Damián Pizarro,0.7621,Umar Sadiq,0.7549,Christantus Uche,0.7465,Igor Jesus,0.7226,Brian Madjo,0.7219,Santiago Giménez,0.704,Uchenna Ogundu,0.7031,Daniel Mosquera,0.6998,Diego Morcillo,0.699,Salomón Rondón,0.6803
Rafiu Durosinmi,Delantero centro,Gorka Guruzeta,0.8066,Arana,0.7972,Tim Lemperle,0.7965,Federico Viñas,0.7839,Budu Zivzivadze,0.7596,Gonçalo Ramos,0.7593,Lucas Boyé,0.7225,Andrea Pinamonti,0.6934,Emersonn,0.6887,Álvaro Morata,0.6811,Alexander Sørloth,0.6673,David Okereke,0.6527,Amin Sarr,0.6526,Isaac Romero,0.6395,Gift Orban,0.6387
Ioan Vermeșan,Delantero centro,Zeki Amdouni,0.9763,Adam Hložek,0.965,Dmytro Bohdanov,0.9623,Laurs Skjellerup,0.9581,Sean Neave,0.955,Marc Guiu,0.9543,Michy Batshuayi,0.9532,Jeremy Arévalo,0.9468,Abdón Prats,0.9378,Alejo Sarco,0.9327,Taichi Hara,0.9303,Pierre Mounguengue,0.9142,Tolu Arokodare,0.9052,Ugo Lamare,0.9039,Asier Hierro,0.8922
Adrian Benedyczak,Delantero centro,Joshua King,0.9831,Mateo Joseph,0.9393,Ezequiel Ávila,0.9088,Sandro Kulenović,0.8941,Randal Kolo Muani,0.8904,Lucas Beltrán,0.8791,Keke Topp,0.8714,Amady Camara,0.8681,William Bøving,0.8635,Hwang Hee-chan,0.8634,Marvin Pieringer,0.8557,Florian Sotoca,0.8416,Bernard Nguene,0.8337,Christian Kouamé,0.8263,Tim Skarke,0.8145
Yael Trepy,Delantero centro,Marcus Thuram,0.9379,Deniz Undav,0.9375,Nouha Dicko,0.9352,Kader Meïté,0.9346,Toni Martínez,0.933,Dušan Vlahović,0.933,Fisnik Asllani,0.9258,Ragnar Ache,0.9113,Kylian Mbappé,0.8907,Rayan Fofana,0.8852,Harry Kane,0.8837,Georges Mikautadze,0.8795,Nikola Krstović,0.8787,Lautaro Martínez,0.8766,Donyell Malen,0.8725
Faris Pemi Moumbagna,Delantero centro,Matteo Lavelli,0.9855,Fynn Schenten,0.9769,Asier Hierro,0.9581,Theo Bair,0.9529,Bojan Miovski,0.9529,Enzo Molebe,0.9529,Ibrahim Kanté,0.9529,Ryan Rodin,0.9529,Pau Cabanes,0.9529,Taichi Hara,0.9432,Alejo Sarco,0.9417,Marc Guiu,0.9241,Sean Neave,0.9233,Sérigné Diop,0.922,Laurs Skjellerup,0.9199
Rasmus Højlund,Delantero centro,Lorenzo Lucca,0.8863,Manex Carmona,0.8783,Haris Tabaković,0.8777,Nesta Elphege,0.8731,Roman Yaremchuk,0.8446,Jovan Milošević,0.8258,Beto,0.8192,Esteban Lepaul,0.8147,Stefanos Tzimas,0.8113,Robert Glatzel,0.8089,Karl Etta Eyong,0.7715,Hugo Ekitike,0.7557,Artem Dovbyk,0.7536,Viktor Gyökeres,0.7435,Emanuel Emegha,0.738
Andrea Pinamonti,Delantero centro,David Okereke,0.8409,Arana,0.8149,Gift Orban,0.8049,Gorka Guruzeta,0.7856,Alexander Sørloth,0.7625,Vedat Muriqi,0.7474,Tim Lemperle,0.7287,Folarin Balogun,0.7173,Budu Zivzivadze,0.7114,Gonçalo Ramos,0.7006,Rafiu Durosinmi,0.6934,Nicolas Jackson,0.6659,Emersonn,0.6487,Lucas Boyé,0.6483,Federico Viñas,0.6024
Federico Bonazzoli,Delantero centro,Joshua Zirkzee,0.8894,Lassine Sinayoko,0.8402,Emmanuel Lago,0.7842,Conrad Harder,0.7613,Matthis Abline,0.7413,Iago Aspas,0.7259,Lukas Nmecha,0.7029,Mateo Joseph,0.6489,Yassir Zabiri,0.6386,Julián Álvarez,0.6111,Mama Samba Baldé,0.611,Mikel Oyarzabal,0.6101,Matias Fernandez-Pardo,0.6087,Martin Satriano,0.6049,Joshua King,0.604
David Okereke,Delantero centro,Budu Zivzivadze,0.8896,Alexander Sørloth,0.8474,Andrea Pinamonti,0.8409,Nicolas Jackson,0.7676,Sergio Camello,0.7217,Vedat Muriqi,0.7008,Emersonn,0.6613,Rafiu Durosinmi,0.6527,Arana,0.6361,Benjamin Šeško,0.6245,Gonzalo García,0.6198,Danny Welbeck,0.6133,Gorka Guruzeta,0.6083,Ferrán Torres,0.5883,Folarin Balogun,0.583
Sandro Kulenović,Delantero centro,Ezequiel Ávila,0.945,Bernard Nguene,0.9264,Florian Sotoca,0.9164,Randal Kolo Muani,0.9066,Joshua King,0.9063,Adrian Benedyczak,0.8941,Marvin Pieringer,0.8793,Lucas Beltrán,0.8765,Paris Brunner,0.8667,Edin Džeko,0.8584,Luca Moro,0.8537,Keke Topp,0.8398,Hwang Hee-chan,0.839,Ali Yousuf,0.8329,Mateo Joseph,0.8197
Artem Dovbyk,Delantero centro,Emanuel Emegha,0.9482,Asier Villalibre,0.9425,Nouha Dicko,0.9322,Taiwo Awoniyi,0.9241,Ermedin Demirović,0.9171,Marcus Thuram,0.9056,Gianluca Scamacca,0.9038,Abdoulie Ceesay,0.8988,Ragnar Ache,0.8986,Toni Martínez,0.8924,Paul Mendy,0.8909,Kader Meïté,0.8852,Roman Yaremchuk,0.8837,Hugo Ekitike,0.878,Giovanni Simeone,0.8717
Milan Đurić,Delantero centro,Ugo Lamare,0.9852,Mattia Mosconi,0.9718,Joselu Pérez,0.9682,Uchenna Ogundu,0.9232,Zeki Amdouni,0.9112,Giuseppe Ambrosino,0.9062,Louis Buffon,0.9062,Jan Urbich,0.9051,Jessic Ngankam,0.8973,Zoumana Diallo,0.8937,Abdón Prats,0.8926,Diego Morcillo,0.8915,Jeremy Arévalo,0.8623,Ioan Vermeșan,0.8603,Michy Batshuayi,0.8558
Nesta Elphege,Delantero centro,Lorenzo Lucca,0.9686,Roman Yaremchuk,0.9161,Manex Carmona,0.9151,Rasmus Højlund,0.8731,Esteban Lepaul,0.8684,Callum Wilson,0.8661,Haris Tabaković,0.8593,Beto,0.8424,Jovan Milošević,0.8278,Robert Lewandowski,0.8188,Giorgi Guliashvili,0.8138,Ollie Watkins,0.7976,Hugo Ekitike,0.769,Ferrán Torres,0.7603,Willem Geubbels,0.7589
Loïs Openda,Delantero centro,Christantus Uche,0.9549,Jon Karrikaburu,0.9282,Santiago Giménez,0.91,Jean-Philippe Krasso,0.8911,Giovane,0.8506,Daniel Mosquera,0.8411,Patrick Cutrone,0.8117,Vakoun Bayo,0.8006,Lanroy Machine,0.7944,Uchenna Ogundu,0.7545,Victor Boniface,0.7532,Diego Morcillo,0.7528,Liam Delap,0.7439,Daniel Mikołajewski,0.741,Umar Sadiq,0.7247
Niclas Füllkrug,Delantero centro,Filip Stojilković,0.9651,Callum Marshall,0.9606,David Datro Fofana,0.9508,Evanilson,0.9274,Jørgen Strand Larsen,0.9209,Yoane Wissa,0.8978,Umar Sadiq,0.891,Fabio Moreno Fell,0.8906,Timo Werner,0.8794,Mariano,0.8512,Tim Kleindienst,0.8337,Riccardo Braschi,0.8234,Ransford Königsdörffer,0.8183,Nelson Weiper,0.8171,Damion Downs,0.8151
Filip Stojilković,Delantero centro,Callum Marshall,0.9686,Niclas Füllkrug,0.9651,Evanilson,0.9644,Fabio Moreno Fell,0.964,Timo Werner,0.9373,Riccardo Braschi,0.9227,Antonio Arena,0.9101,Umar Sadiq,0.8963,Jørgen Strand Larsen,0.8905,David Datro Fofana,0.8791,Damion Downs,0.8516,Patrick Cutrone,0.837,Yoane Wissa,0.8225,Brian Madjo,0.8126,Theo Bair,0.8123
Petar Ratkov,Delantero centro,Jacen Russell-Rowe,0.9265,Sasa Kalajdzic,0.9222,Edin Džeko,0.9051,Pierre-Yves Hamel,0.9051,Abel Ruiz,0.9031,Fynn Schenten,0.8962,Faris Pemi Moumbagna,0.888,Aitor Mañas,0.8845,Christian Kouamé,0.8826,Ali Yousuf,0.8767,Matteo Lavelli,0.8727,Amady Camara,0.8617,Idrissa Guèye,0.8433,Mourad El Ghezouani,0.8383,Theo Bair,0.8254
Santiago Castro,Delantero centro,Mateo Pellegrino,0.7681,Kieron Bowie,0.7388,Mikkel Kaufmann,0.6911,Roberto Piccoli,0.6841,Walid Cheddira,0.6714,Habib Diallo,0.6652,Vakoun Bayo,0.644,Roberto Férnandez,0.6424,Zoumana Diallo,0.6254,Damián Pizarro,0.6245,Thijs Dallinga,0.6232,Jessic Ngankam,0.6144,Jan Urbich,0.6107,M'Bala Nzola,0.6062,Louis Buffon,0.597
Romelu Lukaku,Delantero centro,Marin Ljubicic,0.9695,Serhou Guirassy,0.937,Younes Ebnoutalib,0.9226,William Osula,0.9071,Anastasios Douvikas,0.907,Gianluca Scamacca,0.9012,Miguel Cubo,0.895,Asier Villalibre,0.8736,Patrik Schick,0.8686,Giovanni Simeone,0.8564,Beto,0.8486,Bamba Dieng,0.8484,Joaquín Panichelli,0.8469,Jonathan Burkardt,0.8348,Carlos Espí,0.833
Francesco Camarda,Delantero centro,Jonah Kusi-Asare,0.9767,Dane Scarlett,0.9767,Henrik Meister,0.9243,Ibrahim Kanté,0.9214,Pau Cabanes,0.9214,Bojan Miovski,0.9214,Enzo Molebe,0.9214,Ryan Rodin,0.9214,Theo Bair,0.9214,Pierre-Yves Hamel,0.8933,Habib Diallo,0.8915,Giuseppe Ambrosino,0.8875,Louis Buffon,0.8875,Nikola Štulić,0.8858,Fynn Schenten,0.8782
Lorenzo Colombo,Delantero centro,Sekou Mara,0.8103,Diego Morcillo,0.8025,Uchenna Ogundu,0.73,Otto Stange,0.7278,Mattia Mosconi,0.7009,Yassir Zabiri,0.7007,Joselu Pérez,0.6939,Roberto Férnandez,0.6741,Abdón Prats,0.6505,Lucas Beltrán,0.6398,Igor Jesus,0.6325,Liam Delap,0.6323,Jon Karrikaburu,0.6321,Kieron Bowie,0.6246,Manuel De Luca,0.6238
Andrea Belotti,Delantero centro,Orri Steinn Óskarsson,0.9396,Ricky-Jade Jones,0.9165,Carlos Espí,0.9059,Gabriel Jesus,0.893,Cédric Bakambu,0.883,Elye Wahi,0.8712,Cristhian Stuani,0.8692,Joaquín Panichelli,0.8643,Igor Thiago,0.8639,Eddie Nketiah,0.8475,Ante Budimir,0.8433,Taiwo Awoniyi,0.842,Giovanni Simeone,0.8336,Salim Musah,0.8256,Bamba Dieng,0.8247
Leonardo Pavoletti,Delantero centro,Ange-Yoan Bonny,0.9172,Breel Embolo,0.8854,Jovan Milošević,0.8538,Jonathan David,0.8514,João Pedro,0.8326,Ayoze Pérez,0.8303,Robinio Vaz,0.808,Sambou Soumano,0.8046,Max Moerstedt,0.7695,Jamie Vardy,0.7687,Stefanos Tzimas,0.7423,Lyle Foster,0.7304,Ermedin Demirović,0.726,Frank Magri,0.7217,Ibou Sané,0.7069
Daniel Mikołajewski,Delantero centro,Damián Pizarro,0.9478,Umar Sadiq,0.9254,Brian Madjo,0.9058,Jean-Philippe Krasso,0.8761,Vakoun Bayo,0.8695,Armando Broja,0.8681,Roberto Piccoli,0.867,Lanroy Machine,0.8665,Antonio Sanabria,0.8621,Santi Franco,0.8614,Jørgen Strand Larsen,0.8581,Salomón Rondón,0.8552,Kevin Carlos,0.8502,Daniel Mosquera,0.84,Santiago Giménez,0.8069
Edin Džeko,Delantero centro,Ali Yousuf,0.9721,Petar Ratkov,0.9051,Bernard Nguene,0.883,Pierre-Yves Hamel,0.8773,Aitor Mañas,0.8772,Amady Camara,0.8749,Randal Kolo Muani,0.8725,Tim Kleindienst,0.8704,Abel Ruiz,0.8702,Idrissa Guèye,0.8647,Sandro Kulenović,0.8584,Mourad El Ghezouani,0.8536,Christian Kouamé,0.8506,Armando Broja,0.8472,Jacen Russell-Rowe,0.8374
Daniel Mosquera,Delantero centro,Lanroy Machine,0.9205,Jean-Philippe Krasso,0.9099,Santiago Giménez,0.9025,Armando Broja,0.8931,Bernard Nguene,0.8762,Christantus Uche,0.844,Loïs Openda,0.8411,Lucas Beltrán,0.8404,Daniel Mikołajewski,0.84,Ezequiel Ávila,0.8375,Mbwana Samatta,0.8252,Luca Moro,0.8192,Paris Brunner,0.8143,Umar Sadiq,0.808,Kevin Carlos,0.8055
Boulaye Dia,Delantero centro,Ali Yousuf,0.9031,Pierre-Yves Hamel,0.8936,Tim Kleindienst,0.864,Sasa Kalajdzic,0.8637,Aitor Mañas,0.8545,Henrik Meister,0.8537,David Datro Fofana,0.8353,Jacen Russell-Rowe,0.8348,Lucas Höler,0.8218,Edin Džeko,0.82,Damion Downs,0.7848,Jørgen Strand Larsen,0.7751,Petar Ratkov,0.7744,Callum Marshall,0.774,Yoane Wissa,0.756
Giovane,Delantero centro,Jean-Philippe Krasso,0.9207,Tim Skarke,0.8582,Vakoun Bayo,0.851,Loïs Openda,0.8506,Ransford Königsdörffer,0.8315,Patrick Cutrone,0.8296,Álex Forés,0.7983,Santiago Giménez,0.7978,Daniel Mosquera,0.7913,Benedict Hollerbach,0.7898,Timo Werner,0.7558,Lanroy Machine,0.7532,Umar Sadiq,0.7447,Mika Biereth,0.7365,Daniel Mikołajewski,0.7286
Laurs Skjellerup,Delantero centro,Sean Neave,0.9999,Marc Guiu,0.9999,Alejo Sarco,0.996,Taichi Hara,0.9953,Asier Hierro,0.9806,Ioan Vermeșan,0.9581,Sérigné Diop,0.9322,Michy Batshuayi,0.9282,Faris Pemi Moumbagna,0.9199,Ryan Rodin,0.9011,Theo Bair,0.9011,Bojan Miovski,0.9011,Pau Cabanes,0.9011,Enzo Molebe,0.9011,Ibrahim Kanté,0.9011
Gennaro Borrelli,Delantero centro,Max Moerstedt,0.9154,Breel Embolo,0.858,Frank Magri,0.8166,Alexandre Alemão,0.8042,Olivier Giroud,0.7965,Abdoulie Ceesay,0.78,Youssef El-Arabi,0.7705,Adam Buksa,0.761,Zian Flemming,0.7596,Paul Mendy,0.7379,Jaime Mata,0.7354,Keinan Davis,0.7265,Walid Cheddira,0.7131,Jeff Ekhator,0.7061,Ermedin Demirović,0.6942
Francesco Esposito,Delantero centro,Christian Kofane,0.9444,Rayan Fofana,0.9062,Noam Obougou Jacquet,0.8868,Lautaro Martínez,0.881,Miguel Cubo,0.8762,Toni Martínez,0.8516,Marcus Thuram,0.8041,Yael Trepy,0.7792,Igor Matanović,0.7666,Lukas Nmecha,0.7658,William Osula,0.7657,Caleb Ekuban,0.7646,Gianluca Scamacca,0.7642,Georges Mikautadze,0.7539,Anastasios Douvikas,0.7423
Moise Kean,Delantero centro,Victor Boniface,0.8232,Enes Ünal,0.7845,Kiké,0.7554,Duván Zapata,0.7469,Ashley Barnes,0.726,Jon Karrikaburu,0.7154,Andrej Ilic,0.7154,Christantus Uche,0.6896,Samuel Essende,0.6785,Loïs Openda,0.6772,Nikola Krstović,0.6145,Akor Adams,0.5997,Álvaro Rodríguez,0.5798,Charalampos Kostoulas,0.5544,Santiago Giménez,0.5484
Gift Orban,Delantero centro,Andrea Pinamonti,0.8049,Gorka Guruzeta,0.7404,Arana,0.7318,Gonçalo Ramos,0.7107,Álvaro Morata,0.6997,Tim Lemperle,0.6962,Folarin Balogun,0.6486,Rafiu Durosinmi,0.6387,Amin Sarr,0.616,Lucas Boyé,0.5829,Victor Boniface,0.5708,Federico Viñas,0.5587,Emersonn,0.5433,Goduine Koyalipou,0.5237,Alexander Sørloth,0.512
Kieron Bowie,Delantero centro,Mateo Pellegrino,0.834,Sekou Mara,0.8193,Walid Cheddira,0.7689,Santiago Castro,0.7388,Joselu Pérez,0.727,Zoumana Diallo,0.7201,Mattia Mosconi,0.713,Jessic Ngankam,0.7048,Alexandre Alemão,0.6954,Jan Urbich,0.6875,Giuseppe Ambrosino,0.6707,Louis Buffon,0.6707,Roberto Férnandez,0.6676,Mikkel Kaufmann,0.6377,Lorenzo Colombo,0.6246
Henrik Meister,Delantero centro,Francesco Camarda,0.9243,Pierre-Yves Hamel,0.9108,Nikola Štulić,0.9099,Dane Scarlett,0.9087,Jonah Kusi-Asare,0.9087,Damion Downs,0.8797,Boulaye Dia,0.8537,Ryan Rodin,0.8062,Pau Cabanes,0.8062,Enzo Molebe,0.8062,Theo Bair,0.8062,Bojan Miovski,0.8062,Ibrahim Kanté,0.8062,Sasa Kalajdzic,0.7983,Eliezer Mayenda,0.7934
Marcus Thuram,Delantero centro,Lautaro Martínez,0.9451,Yael Trepy,0.9379,Nouha Dicko,0.9341,Artem Dovbyk,0.9056,Nikola Krstović,0.9025,Toni Martínez,0.9006,Deniz Undav,0.8982,Kader Meïté,0.8878,Rayan Fofana,0.8857,João Pedro,0.8844,Caleb Ekuban,0.8833,Ragnar Ache,0.8683,Fisnik Asllani,0.8662,Michael Gregoritsch,0.8532,Christian Kofane,0.8452
Christopher Nkunku,Delantero centro,Goduine Koyalipou,0.8249,Che Adams,0.7914,Ousmane Dembélé,0.7624,Julián Álvarez,0.7036,Kylian Mbappé,0.699,Victor Boniface,0.6845,Mikel Oyarzabal,0.6718,Pierre-Emerick Aubameyang,0.6695,Andrej Ilic,0.6613,Mohamed Amoura,0.6445,Cucho,0.6424,Matias Fernandez-Pardo,0.6418,Akor Adams,0.6137,Fisnik Asllani,0.6126,Dušan Vlahović,0.5906
Matteo Lavelli,Delantero centro,Faris Pemi Moumbagna,0.9855,Fynn Schenten,0.9545,Bojan Miovski,0.9368,Enzo Molebe,0.9368,Ryan Rodin,0.9368,Theo Bair,0.9368,Ibrahim Kanté,0.9368,Pau Cabanes,0.9368,Sasa Kalajdzic,0.9232,Asier Hierro,0.9185,Sérigné Diop,0.8974,Taichi Hara,0.8948,Riccardo Braschi,0.8933,Alejo Sarco,0.8928,Martijn Kaars,0.8902
Che Adams,Delantero centro,Christopher Nkunku,0.7914,Alexander Isak,0.7362,Martijn Kaars,0.6785,Ignatius Ganago,0.6531,Nathan Mbala,0.6361,Julián Álvarez,0.6064,Ousmane Dembélé,0.602,Goduine Koyalipou,0.5915,Tammy Abraham,0.5772,Sérigné Diop,0.552,Mika Biereth,0.5459,Matteo Lavelli,0.5366,Mohamed Amoura,0.5365,Marc Domenech,0.5326,Tim Skarke,0.5219
Valentín Castellanos,Delantero centro,Omar Marmoush,0.9749,Charalampos Kostoulas,0.9276,Fábio Silva,0.9189,Conrad Harder,0.8753,Cucho,0.8468,Álvaro Rodríguez,0.8416,Matias Fernandez-Pardo,0.8267,Santiago Hidalgo,0.8104,Lassine Sinayoko,0.7889,Raúl Jiménez,0.7869,Nikola Krstović,0.7758,Kiké,0.7525,Ayoze Pérez,0.7523,Hamza Igamane,0.7465,Richarlison,0.7442
Gianluca Scamacca,Delantero centro,Giovanni Simeone,0.9677,Asier Villalibre,0.9475,Serhou Guirassy,0.9351,Emanuel Emegha,0.9168,Bamba Dieng,0.9119,Carlos Espí,0.904,Artem Dovbyk,0.9038,Romelu Lukaku,0.9012,Christian Kofane,0.8989,Miguel Cubo,0.8908,Rayan Fofana,0.8853,Taiwo Awoniyi,0.8798,Robert Lewandowski,0.8742,Noam Obougou Jacquet,0.8711,Paul Mendy,0.8702
Donyell Malen,Delantero centro,Kylian Mbappé,0.9539,Harry Kane,0.9528,Dušan Vlahović,0.9516,Robert Lewandowski,0.9508,Giorgi Guliashvili,0.9479,Bamba Dieng,0.9472,Ferrán Torres,0.9449,Ragnar Ache,0.9342,Callum Wilson,0.9253,Erling Haaland,0.9115,Ousmane Dembélé,0.9101,Deniz Undav,0.9072,Patrik Schick,0.9006,Ollie Watkins,0.8997,Evan Ferguson,0.8893
Jamie Vardy,Delantero centro,Borja Mayoral,0.9278,Tani Oluwaseyi,0.8685,Vladyslav Vanat,0.8412,Willem Geubbels,0.8213,Ciro Immobile,0.8098,Oliver Burke,0.8045,Lyle Foster,0.7764,Jovan Milošević,0.7733,Leonardo Pavoletti,0.7687,Arnaud Kalimuendo,0.7404,Thierno Barry,0.715,Shuto Machino,0.6759,Jonathan David,0.6562,Kenny Quetant,0.6484,Nesta Elphege,0.6412
Nikola Krstović,Delantero centro,Cédric Bakambu,0.946,Kiké,0.9259,Nouha Dicko,0.9121,Marcus Thuram,0.9025,Charalampos Kostoulas,0.8924,Yael Trepy,0.8787,Deniz Undav,0.8773,Rayan Fofana,0.8419,Omar Marmoush,0.8212,Kader Meïté,0.8192,Emanuel Emegha,0.8184,Lautaro Martínez,0.8154,Keinan Davis,0.8149,Sambou Soumano,0.8049,Ragnar Ache,0.8004
M'Bala Nzola,Delantero centro,Luis Vázquez,0.9662,Roberto Piccoli,0.8188,Santi Franco,0.8034,Jeff Ekhator,0.7551,Mikkel Kaufmann,0.7185,Mateo Pellegrino,0.7184,Damián Pizarro,0.7083,Antonio Sanabria,0.6936,Salomón Rondón,0.6808,Samuel Essende,0.6786,Daniel Mikołajewski,0.6681,Luca Moro,0.6362,Junior Adamu,0.6328,Thiago Borbas,0.6276,Raúl Jiménez,0.6254
Manuel De Luca,Delantero centro,Urko Izeta,0.7903,Arkadiusz Milik,0.743,Jeremy Arévalo,0.7243,Adam Hložek,0.6924,André Silva,0.655,Ante Budimir,0.6355,Zeki Amdouni,0.6296,Abdón Prats,0.6272,Lorenzo Colombo,0.6238,Duván Zapata,0.6132,Ashley Barnes,0.5956,Mattia Mosconi,0.5685,Yassir Zabiri,0.5563,Joselu Pérez,0.5508,Kieron Bowie,0.5504
Roberto Piccoli,Delantero centro,Damián Pizarro,0.8905,Daniel Mikołajewski,0.867,M'Bala Nzola,0.8188,Brian Madjo,0.8118,Vakoun Bayo,0.7977,Santi Franco,0.7887,Kevin Carlos,0.7784,Thiago Borbas,0.7695,Christantus Uche,0.7592,Jean-Philippe Krasso,0.7487,Salomón Rondón,0.735,Samuel Essende,0.7287,Liam Delap,0.7279,Joselu Pérez,0.7175,Zoumana Diallo,0.7161
Amin Sarr,Delantero centro,Álvaro Morata,0.9858,Federico Viñas,0.9158,Isaac Romero,0.8785,Tim Lemperle,0.873,Lucas Boyé,0.839,Gorka Guruzeta,0.8277,Gonçalo Ramos,0.8173,Emersonn,0.7028,Ludovic Ajorque,0.6598,Rafiu Durosinmi,0.6526,Gift Orban,0.616,Endrick,0.5844,Arana,0.5706,Andrea Pinamonti,0.4945,Sandro Kulenović,0.4479
Duván Zapata,Delantero centro,Victor Boniface,0.8312,Moise Kean,0.7469,Jeremy Arévalo,0.7017,Adam Hložek,0.6838,Loïs Openda,0.6798,Andrej Ilic,0.6711,Goduine Koyalipou,0.668,Jon Karrikaburu,0.6564,Michy Batshuayi,0.6438,Abdón Prats,0.632,Manuel De Luca,0.6132,Christantus Uche,0.611,Dmytro Bohdanov,0.5748,Ioan Vermeșan,0.5654,Zeki Amdouni,0.5591
Jonathan David,Delantero centro,Ange-Yoan Bonny,0.9344,Kai Havertz,0.872,Stefanos Tzimas,0.8663,João Pedro,0.8583,Leonardo Pavoletti,0.8514,Maximilian Beier,0.8498,Ayoze Pérez,0.8285,Michael Gregoritsch,0.8132,Jovan Milošević,0.7945,Amine Gouiri,0.7655,Hugo Ekitike,0.7458,Nathan Mbala,0.737,Iker Bravo,0.7149,Roman Yaremchuk,0.7083,Breel Embolo,0.7068
Nikola Štulić,Delantero centro,Henrik Meister,0.9099,Jessic Ngankam,0.8992,Louis Buffon,0.8971,Giuseppe Ambrosino,0.8971,Zoumana Diallo,0.8953,Jan Urbich,0.8935,Jonah Kusi-Asare,0.8883,Dane Scarlett,0.8883,Francesco Camarda,0.8858,Idrissa Guèye,0.8486,Damián Pizarro,0.8415,Antonio Sanabria,0.8386,Pierre-Yves Hamel,0.8189,Mourad El Ghezouani,0.8104,Habib Diallo,0.8012
Ange-Yoan Bonny,Delantero centro,Stefanos Tzimas,0.941,Jonathan David,0.9344,João Pedro,0.9299,Leonardo Pavoletti,0.9172,Jovan Milošević,0.9074,Breel Embolo,0.8594,Ayoze Pérez,0.8236,Roman Yaremchuk,0.8159,Kai Havertz,0.8095,Michael Gregoritsch,0.8069,Sambou Soumano,0.8027,Hugo Ekitike,0.7996,Caleb Ekuban,0.7954,Robinio Vaz,0.7773,Artem Dovbyk,0.7693
Keinan Davis,Delantero centro,Paul Mendy,0.9237,Emanuel Emegha,0.9145,Abdoulie Ceesay,0.9043,Sambou Soumano,0.8617,Phillip Tietz,0.8477,Nouha Dicko,0.8475,Walid Cheddira,0.8407,Rayan Fofana,0.8396,Borja Iglesias,0.8262,Artem Dovbyk,0.8252,Ermedin Demirović,0.822,Nikola Krstović,0.8149,Breel Embolo,0.8034,Taiwo Awoniyi,0.7966,Gianluca Scamacca,0.7878
Michy Batshuayi,Delantero centro,Ioan Vermeșan,0.9532,Zeki Amdouni,0.9287,Laurs Skjellerup,0.9282,Sean Neave,0.9257,Marc Guiu,0.9252,Antonio Arena,0.9236,Adam Hložek,0.9125,Alejo Sarco,0.9073,Taichi Hara,0.9053,Jeremy Arévalo,0.8987,Dmytro Bohdanov,0.8907,Ugo Lamare,0.8888,Abdón Prats,0.8857,Asier Hierro,0.8726,Milan Đurić,0.8558
Mohamed Amoura,Delantero centro,Cucho,0.9625,Iago Aspas,0.8949,Julián Álvarez,0.8832,Matias Fernandez-Pardo,0.8426,Maximilian Beier,0.8254,Mikel Oyarzabal,0.8206,Oliver Burke,0.8075,Nathan Mbala,0.8057,Luca Waldschmidt,0.7903,Amine Gouiri,0.784,Kai Havertz,0.776,Pierre-Emerick Aubameyang,0.7757,Giuliano Simeone,0.7691,Michael Gregoritsch,0.7665,Stefan Schimmer,0.76
Ermedin Demirović,Delantero centro,Abdoulie Ceesay,0.9662,Joaquín Panichelli,0.9306,Taiwo Awoniyi,0.9287,Paul Mendy,0.9206,Artem Dovbyk,0.9171,Carlos Espí,0.9165,Igor Matanović,0.9056,Robinio Vaz,0.8921,Breel Embolo,0.8879,William Osula,0.8826,Borja Iglesias,0.8756,João Pedro,0.8715,Orri Steinn Óskarsson,0.8711,Emanuel Emegha,0.8708,Asier Villalibre,0.8708
Junior Adamu,Delantero centro,Ibou Sané,0.9666,Jeff Ekhator,0.8978,Santiago Hidalgo,0.8377,Marvin Pieringer,0.8334,Lyle Foster,0.8199,Raúl Jiménez,0.818,Martin Satriano,0.7785,Iván Romero,0.725,Arthur,0.7127,Hwang Hee-chan,0.7057,Luis Vázquez,0.6957,Florian Sotoca,0.6955,Leonardo Pavoletti,0.6847,Ayoze Pérez,0.6836,Yussuf Poulsen,0.6414
Max Moerstedt,Delantero centro,Gennaro Borrelli,0.9154,Breel Embolo,0.8923,Abdoulie Ceesay,0.8409,Youssef El-Arabi,0.8304,Jaime Mata,0.8204,Ermedin Demirović,0.8154,Joaquín Panichelli,0.8108,Paul Mendy,0.8062,Zian Flemming,0.789,Adam Buksa,0.788,Leonardo Pavoletti,0.7695,Alexandre Alemão,0.7675,Prosper Peter,0.767,Brian Brobbey,0.759,Sambou Soumano,0.7584
Younes Ebnoutalib,Delantero centro,Marin Ljubicic,0.9652,Anastasios Douvikas,0.9412,Romelu Lukaku,0.9226,Miguel Cubo,0.9084,Serhou Guirassy,0.9032,Jonathan Burkardt,0.8953,Patrik Schick,0.8926,William Osula,0.8808,Tosin Aiyegun,0.8731,Julián Vignolo,0.8422,Erling Haaland,0.8393,Noam Obougou Jacquet,0.8389,Tammy Abraham,0.8256,Dženan Pejčinović,0.8251,Benjamin Šeško,0.8249
Fabio Moreno Fell,Delantero centro,Filip Stojilković,0.964,Evanilson,0.9534,Callum Marshall,0.9419,Timo Werner,0.9352,Riccardo Braschi,0.9298,Antonio Arena,0.9124,Pau Cabanes,0.8992,Ibrahim Kanté,0.8992,Bojan Miovski,0.8992,Theo Bair,0.8992,Enzo Molebe,0.8992,Ryan Rodin,0.8992,Niclas Füllkrug,0.8906,Asier Hierro,0.8568,Jørgen Strand Larsen,0.8565
Jonas Wind,Delantero centro,Arkadiusz Milik,0.7767,Damion Downs,0.7684,Dawda Camara,0.7217,Henrik Meister,0.7127,Brian Madjo,0.6912,Zeki Amdouni,0.6649,Pierre Mounguengue,0.6447,Ugo Lamare,0.6371,Tolu Arokodare,0.6246,Dane Scarlett,0.6237,Jonah Kusi-Asare,0.6237,Francesco Camarda,0.6228,Ashley Barnes,0.6208,Ibrahim Diabaté,0.6179,Michy Batshuayi,0.613
Dmytro Bohdanov,Delantero centro,Pierre Mounguengue,0.9879,Ioan Vermeșan,0.9623,Adam Hložek,0.9366,Tolu Arokodare,0.9341,Zeki Amdouni,0.9239,Jeremy Arévalo,0.9065,Arkadiusz Milik,0.8998,Laurs Skjellerup,0.8917,Michy Batshuayi,0.8907,Sean Neave,0.8876,Marc Guiu,0.8867,Abdón Prats,0.874,Alejo Sarco,0.8588,Taichi Hara,0.8558,Sérigné Diop,0.8133
Jovan Milošević,Delantero centro,Roman Yaremchuk,0.9338,Ange-Yoan Bonny,0.9074,Haris Tabaković,0.8701,Stefanos Tzimas,0.8647,Leonardo Pavoletti,0.8538,Lorenzo Lucca,0.8296,Nesta Elphege,0.8278,Rasmus Højlund,0.8258,João Pedro,0.8231,Sambou Soumano,0.822,Ollie Watkins,0.8153,Beto,0.8129,Taiwo Awoniyi,0.7996,Ciro Immobile,0.7976,Jonathan David,0.7945
Arnaud Kalimuendo,Delantero centro,Gonzalo García,0.8954,Danny Welbeck,0.894,Oliver Burke,0.8912,Eli Junior Kroupi,0.8507,Willem Geubbels,0.8507,Borja Mayoral,0.8419,Grant Ranos,0.8303,Gerard Moreno,0.8269,Ollie Watkins,0.8071,Pierre-Emerick Aubameyang,0.8057,Igor Thiago,0.7966,Callum Wilson,0.7957,Stefan Schimmer,0.7801,Amine Gouiri,0.7766,Hamza Igamane,0.7593
Ragnar Ache,Delantero centro,Deniz Undav,0.9754,Harry Kane,0.9735,Fisnik Asllani,0.9371,Donyell Malen,0.9342,Ollie Watkins,0.9329,Hamza Igamane,0.9297,Kader Meïté,0.9258,Yael Trepy,0.9113,Giorgi Guliashvili,0.9086,Toni Martínez,0.9062,Ferrán Torres,0.9003,Georges Mikautadze,0.8994,Artem Dovbyk,0.8986,Robert Lewandowski,0.8975,Stefan Schimmer,0.8965
Dženan Pejčinović,Delantero centro,Eli Junior Kroupi,0.905,Julián Vignolo,0.8966,Grant Ranos,0.884,Salim Musah,0.8704,Benjamin Šeško,0.8676,Gerard Moreno,0.8629,Danny Welbeck,0.8617,André Silva,0.8359,Wilson Isidor,0.8277,Tosin Aiyegun,0.8271,Younes Ebnoutalib,0.8251,Jonathan Burkardt,0.8131,Lukas Nmecha,0.7983,Ferrán Torres,0.7945,Gonzalo García,0.7835
Ilyas Ansah,Delantero centro,Arthur,0.8518,Mathys Tel,0.8248,Lyle Foster,0.8037,Marvin Pieringer,0.7633,Ignatius Ganago,0.7461,Thijs Dallinga,0.7367,Randal Kolo Muani,0.7327,Giuliano Simeone,0.7325,Ibou Sané,0.7246,Mika Biereth,0.7205,Florian Sotoca,0.7069,William Bøving,0.7059,Iker Bravo,0.686,Jonathan David,0.6783,Marc Domenech,0.6754
Alejo Sarco,Delantero centro,Taichi Hara,1.0,Marc Guiu,0.9972,Sean Neave,0.997,Laurs Skjellerup,0.996,Asier Hierro,0.9942,Faris Pemi Moumbagna,0.9417,Ryan Rodin,0.9363,Ibrahim Kanté,0.9363,Theo Bair,0.9363,Bojan Miovski,0.9363,Pau Cabanes,0.9363,Enzo Molebe,0.9363,Ioan Vermeșan,0.9327,Sérigné Diop,0.9212,Michy Batshuayi,0.9073
Marvin Pieringer,Delantero centro,Florian Sotoca,0.9407,Hwang Hee-chan,0.894,Arthur,0.8927,Ibou Sané,0.8889,Sandro Kulenović,0.8793,Randal Kolo Muani,0.8704,Adrian Benedyczak,0.8557,Joshua King,0.847,Junior Adamu,0.8334,Ezequiel Ávila,0.8288,Iván Romero,0.8132,Jeff Ekhator,0.805,Keke Topp,0.8024,Mateo Joseph,0.7985,Bernard Nguene,0.7918
William Bøving,Delantero centro,Ignatius Ganago,0.9553,Marc Domenech,0.948,Tim Skarke,0.9442,Álex Forés,0.8898,Benedict Hollerbach,0.8845,Adrian Benedyczak,0.8635,Randal Kolo Muani,0.8039,Christian Kouamé,0.7966,Adam Armstrong,0.7737,Mika Biereth,0.7692,Arthur,0.769,Joshua King,0.7659,Matthis Abline,0.7601,Giuliano Simeone,0.7523,Mateo Joseph,0.7479
Otto Stange,Delantero centro,Uchenna Ogundu,0.9251,Amady Camara,0.9096,Diego Morcillo,0.907,Mourad El Ghezouani,0.8841,Lucas Beltrán,0.8675,Idrissa Guèye,0.8446,Álex Forés,0.8257,Petar Ratkov,0.8061,Edin Džeko,0.8019,Fynn Schenten,0.8016,Milan Đurić,0.7828,Mattia Mosconi,0.7804,Joselu Pérez,0.7777,Daniel Mosquera,0.7765,Abdón Prats,0.7592
Igor Matanović,Delantero centro,William Osula,0.9647,Anastasios Douvikas,0.942,Ermedin Demirović,0.9056,Miguel Cubo,0.9002,Viktor Gyökeres,0.897,Abdoulie Ceesay,0.878,Lautaro Martínez,0.8546,Noam Obougou Jacquet,0.8535,Toni Martínez,0.8485,Artem Dovbyk,0.848,Jaime Mata,0.8413,Zian Flemming,0.8353,João Pedro,0.8344,Joaquín Panichelli,0.8257,Paul Mendy,0.8233
Kento Shiogai,Delantero centro,Maroan Sannadi,0.9107,Eddie Nketiah,0.8399,Yussuf Poulsen,0.7948,Sidiki Cherif,0.7714,Ricky-Jade Jones,0.7242,Rafa Mir,0.7089,Emmanuel Lago,0.7022,Ihlas Bebou,0.6985,Cristhian Stuani,0.6796,Rodrigo Ribeiro,0.6776,Igor Thiago,0.6672,Youssef El-Arabi,0.6514,Rémy Labeau Lascary,0.637,Gorka Carrera,0.6367,Elye Wahi,0.6143
Fynn Schenten,Delantero centro,Faris Pemi Moumbagna,0.9769,Matteo Lavelli,0.9545,Theo Bair,0.9345,Enzo Molebe,0.9345,Ibrahim Kanté,0.9345,Pau Cabanes,0.9345,Ryan Rodin,0.9345,Bojan Miovski,0.9345,Asier Hierro,0.9105,Dane Scarlett,0.9051,Jonah Kusi-Asare,0.9051,Pierre-Yves Hamel,0.9041,Sasa Kalajdzic,0.9023,Petar Ratkov,0.8962,Idrissa Guèye,0.8944
Grant Ranos,Delantero centro,Eli Junior Kroupi,0.9234,Stefan Schimmer,0.8884,Lukas Nmecha,0.8881,Dženan Pejčinović,0.884,Danny Welbeck,0.8824,Gerard Moreno,0.8578,Julián Vignolo,0.8542,Gonzalo García,0.8524,Richarlison,0.8444,Amine Gouiri,0.8369,Arnaud Kalimuendo,0.8303,Igor Thiago,0.8182,Luca Waldschmidt,0.8165,Pierre-Emerick Aubameyang,0.8128,Maximilian Beier,0.7893
Phillip Tietz,Delantero centro,Cristhian Stuani,0.8609,Keinan Davis,0.8477,Borja Iglesias,0.8385,Prosper Peter,0.8379,Paul Mendy,0.7952,Carlos Espí,0.7835,Joaquín Panichelli,0.7813,Gabriel Jesus,0.7812,Emanuel Emegha,0.7812,Dominic Calvert-Lewin,0.7719,Maroan Sannadi,0.7466,Abdoulie Ceesay,0.74,Ante Budimir,0.7368,Taiwo Awoniyi,0.7366,Max Moerstedt,0.7347
Yussuf Poulsen,Delantero centro,Youssef El-Arabi,0.8996,Adam Buksa,0.8403,Kento Shiogai,0.7948,Sidiki Cherif,0.7789,Lucas Höler,0.757,Maroan Sannadi,0.742,Jeff Ekhator,0.6902,Dominic Solanke,0.6664,Eddie Nketiah,0.6574,Olivier Giroud,0.646,Junior Adamu,0.6414,Martin Satriano,0.6369,Ihlas Bebou,0.6327,Max Moerstedt,0.6213,Gorka Carrera,0.6169
Salim Musah,Delantero centro,André Silva,0.9413,Rafa Mir,0.9167,Dženan Pejčinović,0.8704,Noam Obougou Jacquet,0.8479,Ante Budimir,0.8459,Urko Izeta,0.8298,Eddie Nketiah,0.8297,Andrea Belotti,0.8256,Lukas Nmecha,0.806,Carlos Espí,0.798,Julián Vignolo,0.7783,Evan Ferguson,0.7652,Grant Ranos,0.7651,Cristhian Stuani,0.7613,Eli Junior Kroupi,0.7589
Ihlas Bebou,Delantero centro,Mbwana Samatta,0.9704,Paris Brunner,0.9518,Mariano,0.891,Bernard Nguene,0.8729,Luca Moro,0.8704,Nelson Weiper,0.8333,Ezequiel Ávila,0.8312,Lucas Höler,0.8203,Thiago Borbas,0.8088,Gorka Carrera,0.7984,Tim Kleindienst,0.796,David Datro Fofana,0.7824,Yoane Wissa,0.7772,Kevin Carlos,0.771,Liam Delap,0.7368
Samuel Essende,Delantero centro,Luca Moro,0.8309,Mbwana Samatta,0.7847,Thiago Borbas,0.7845,Liam Delap,0.7775,Christantus Uche,0.777,Jon Karrikaburu,0.7735,Enes Ünal,0.7692,Ashley Barnes,0.7646,Raúl Jiménez,0.754,Roberto Piccoli,0.7287,Kevin Carlos,0.7027,Santi Franco,0.6854,Ihlas Bebou,0.6844,Olivier Giroud,0.6801,M'Bala Nzola,0.6786
Oliver Burke,Delantero centro,Borja Mayoral,0.9083,Arnaud Kalimuendo,0.8912,Willem Geubbels,0.8076,Mohamed Amoura,0.8075,Jamie Vardy,0.8045,Maximilian Beier,0.7301,Shuto Machino,0.7277,Gonzalo García,0.7104,Pierre-Emerick Aubameyang,0.6917,Iago Aspas,0.6858,Jonathan David,0.6798,Cucho,0.6792,Amine Gouiri,0.6593,Danny Welbeck,0.6555,Tani Oluwaseyi,0.6488
Abdoulie Ceesay,Delantero centro,Paul Mendy,0.9803,Ermedin Demirović,0.9662,Keinan Davis,0.9043,Artem Dovbyk,0.8988,William Osula,0.8938,Breel Embolo,0.8919,Carlos Espí,0.8907,Emanuel Emegha,0.8894,Joaquín Panichelli,0.8825,Igor Matanović,0.878,Taiwo Awoniyi,0.8645,Gianluca Scamacca,0.8537,Borja Iglesias,0.8481,Max Moerstedt,0.8409,Lautaro Martínez,0.8327
Ricky-Jade Jones,Delantero centro,Rémy Labeau Lascary,0.9415,Andrea Belotti,0.9165,Eddie Nketiah,0.9009,Cristhian Stuani,0.898,Elye Wahi,0.8813,Igor Thiago,0.8757,Carlos Espí,0.8638,Kiké,0.8624,Cédric Bakambu,0.85,Orri Steinn Óskarsson,0.8408,Robinio Vaz,0.8202,Joaquín Panichelli,0.8031,Charalampos Kostoulas,0.8012,Maroan Sannadi,0.8005,Hamza Igamane,0.7639
Victor Boniface,Delantero centro,Andrej Ilic,0.8785,Duván Zapata,0.8312,Moise Kean,0.8232,Loïs Openda,0.7532,Goduine Koyalipou,0.723,Giovane,0.7171,Christopher Nkunku,0.6845,Ransford Königsdörffer,0.6286,Jon Karrikaburu,0.6189,Christantus Uche,0.6156,Álvaro Rodríguez,0.6146,José Luis Morales,0.5931,Vakoun Bayo,0.5896,Matias Fernandez-Pardo,0.5786,Gift Orban,0.5708
Stefan Schimmer,Delantero centro,Luca Waldschmidt,0.9572,Amine Gouiri,0.9522,Richarlison,0.9446,Pierre-Emerick Aubameyang,0.944,Harry Kane,0.9389,Hamza Igamane,0.9378,Michael Gregoritsch,0.9269,Georges Mikautadze,0.9187,Ragnar Ache,0.8965,Grant Ranos,0.8884,Deniz Undav,0.8878,Mikel Oyarzabal,0.8826,Toni Martínez,0.8818,Julián Vignolo,0.8658,Gerard Moreno,0.865
Fábio Silva,Delantero centro,Omar Marmoush,0.9428,Valentín Castellanos,0.9189,Kai Havertz,0.9047,Álvaro Rodríguez,0.8539,Cucho,0.8316,Conrad Harder,0.829,Santiago Hidalgo,0.8083,Ayoze Pérez,0.8067,Charalampos Kostoulas,0.788,Thijs Dallinga,0.7562,Marcus Thuram,0.7534,Michael Gregoritsch,0.7375,Mohamed Amoura,0.7246,Richarlison,0.7238,João Pedro,0.7234
Deniz Undav,Delantero centro,Ragnar Ache,0.9754,Harry Kane,0.9533,Hamza Igamane,0.9526,Yael Trepy,0.9375,Kader Meïté,0.9274,Fisnik Asllani,0.9197,Kylian Mbappé,0.9138,Cédric Bakambu,0.911,Donyell Malen,0.9072,Marcus Thuram,0.8982,Stefan Schimmer,0.8878,Richarlison,0.88,Nikola Krstović,0.8773,Toni Martínez,0.8771,Michael Gregoritsch,0.875
Lucas Höler,Delantero centro,Tim Kleindienst,0.8886,Bernard Nguene,0.8832,Hwang Hee-chan,0.8697,Ali Yousuf,0.8655,Paris Brunner,0.8448,Ezequiel Ávila,0.8444,Boulaye Dia,0.8218,Ihlas Bebou,0.8203,David Datro Fofana,0.7946,Yoane Wissa,0.7924,Sandro Kulenović,0.7849,Edin Džeko,0.7814,Nelson Weiper,0.7646,Yussuf Poulsen,0.757,Mbwana Samatta,0.7522
Budu Zivzivadze,Delantero centro,David Okereke,0.8896,Alexander Sørloth,0.889,Nicolas Jackson,0.8827,Sergio Camello,0.8754,Emersonn,0.8462,Arana,0.7749,Vedat Muriqi,0.7748,Rafiu Durosinmi,0.7596,Folarin Balogun,0.7578,Tim Lemperle,0.7461,Gorka Guruzeta,0.7448,Lucas Boyé,0.7168,Andrea Pinamonti,0.7114,Gonçalo Ramos,0.7107,Federico Viñas,0.6734
Benedict Hollerbach,Delantero centro,Marc Domenech,0.9083,Tim Skarke,0.9021,William Bøving,0.8845,Igor Jesus,0.8652,Ignatius Ganago,0.8641,Matthis Abline,0.8383,Keke Topp,0.8359,Thijs Dallinga,0.8026,Giovane,0.7898,Lucas Beltrán,0.7887,Álex Forés,0.7747,Jean-Philippe Krasso,0.7654,Adrian Benedyczak,0.7653,Mika Biereth,0.7483,Mathys Tel,0.7125
Timo Werner,Delantero centro,Riccardo Braschi,0.9594,Filip Stojilković,0.9373,Fabio Moreno Fell,0.9352,Evanilson,0.9311,Callum Marshall,0.9283,Adam Armstrong,0.9021,Patrick Cutrone,0.8847,Niclas Füllkrug,0.8794,Antonio Arena,0.8662,Umar Sadiq,0.8648,Matteo Lavelli,0.8577,Ransford Königsdörffer,0.8564,Jørgen Strand Larsen,0.8434,Faris Pemi Moumbagna,0.8263,Martijn Kaars,0.8183
Maximilian Beier,Delantero centro,Amine Gouiri,0.9159,Ayoze Pérez,0.8981,Michael Gregoritsch,0.8973,Richarlison,0.8763,Jonathan David,0.8498,Iago Aspas,0.8439,João Pedro,0.8366,Nathan Mbala,0.8363,Mohamed Amoura,0.8254,Stefan Schimmer,0.8057,Cucho,0.7903,Grant Ranos,0.7893,Kai Havertz,0.7867,Gonzalo García,0.7824,Robinio Vaz,0.7819
Jeremy Arévalo,Delantero centro,Adam Hložek,0.9969,Abdón Prats,0.9756,Zeki Amdouni,0.9748,Ioan Vermeșan,0.9468,Dmytro Bohdanov,0.9065,Michy Batshuayi,0.8987,Arkadiusz Milik,0.8974,Pierre Mounguengue,0.8679,Milan Đurić,0.8623,Ugo Lamare,0.8603,Tolu Arokodare,0.8367,Laurs Skjellerup,0.8244,Sean Neave,0.8185,Marc Guiu,0.8172,Uchenna Ogundu,0.8086
Jan Urbich,Delantero centro,Louis Buffon,0.9994,Giuseppe Ambrosino,0.9994,Jessic Ngankam,0.9992,Zoumana Diallo,0.9978,Idrissa Guèye,0.9359,Mourad El Ghezouani,0.9356,Dane Scarlett,0.9336,Jonah Kusi-Asare,0.9336,Joselu Pérez,0.9184,Milan Đurić,0.9051,Mattia Mosconi,0.9048,Nikola Štulić,0.8935,Ugo Lamare,0.8852,Francesco Camarda,0.8729,Damián Pizarro,0.8637
Christian Kofane,Delantero centro,Francesco Esposito,0.9444,Rayan Fofana,0.9362,Noam Obougou Jacquet,0.9303,Lautaro Martínez,0.921,Miguel Cubo,0.9038,Gianluca Scamacca,0.8989,Carlos Espí,0.8613,Toni Martínez,0.8584,Marcus Thuram,0.8452,Abdoulie Ceesay,0.8307,William Osula,0.8288,Giovanni Simeone,0.8257,Nouha Dicko,0.8152,Igor Matanović,0.8073,Artem Dovbyk,0.8072
Adam Hložek,Delantero centro,Jeremy Arévalo,0.9969,Zeki Amdouni,0.981,Abdón Prats,0.9717,Ioan Vermeșan,0.965,Dmytro Bohdanov,0.9366,Michy Batshuayi,0.9125,Arkadiusz Milik,0.9098,Pierre Mounguengue,0.9014,Tolu Arokodare,0.8677,Ugo Lamare,0.8611,Laurs Skjellerup,0.8527,Milan Đurić,0.8498,Sean Neave,0.8471,Marc Guiu,0.8459,Alejo Sarco,0.8095
Andrej Ilic,Delantero centro,Victor Boniface,0.8785,Álvaro Rodríguez,0.8602,Valentín Castellanos,0.7163,Moise Kean,0.7154,Omar Marmoush,0.7028,Nikola Krstović,0.6855,Kader Meïté,0.6784,Kylian Mbappé,0.6714,Duván Zapata,0.6711,Fábio Silva,0.6648,Christopher Nkunku,0.6613,Yael Trepy,0.6522,Charalampos Kostoulas,0.6268,Akor Adams,0.6257,Nouha Dicko,0.6195
Arthur,Delantero centro,Giuliano Simeone,0.9392,Marvin Pieringer,0.8927,Mathys Tel,0.8912,Ilyas Ansah,0.8518,Mateo Joseph,0.8387,Florian Sotoca,0.8321,Lyle Foster,0.8263,Ibou Sané,0.8141,Adrian Benedyczak,0.8057,Joshua King,0.7801,Martin Satriano,0.7771,Randal Kolo Muani,0.7738,William Bøving,0.769,Hwang Hee-chan,0.7656,Iván Romero,0.741
Andreas Hountondji,Delantero centro,Willem Geubbels,0.8609,Jean-Philippe Mateta,0.8543,Terem Moffi,0.8097,Vladyslav Vanat,0.788,Wilson Isidor,0.7558,Ibrahim Diabaté,0.7437,Chris Wood,0.7237,Dominic Calvert-Lewin,0.6977,Nesta Elphege,0.6707,Callum Wilson,0.6643,Benjamin Šeško,0.664,Borja Mayoral,0.6557,Arnaud Kalimuendo,0.6441,Giorgi Guliashvili,0.6134,George Ilenikhena,0.6117
Shuto Machino,Delantero centro,Pablo Durán,0.8315,Sidiki Cherif,0.7542,Oliver Burke,0.7277,Tani Oluwaseyi,0.7123,Rodrigo Ribeiro,0.7122,José Luis Morales,0.7114,Jamie Vardy,0.6759,Matias Fernandez-Pardo,0.6481,Nelson Weiper,0.6298,Lucas Höler,0.6202,Lyle Foster,0.5981,Borja Mayoral,0.598,Elye Wahi,0.5938,Willem Geubbels,0.5832,Hwang Hee-chan,0.583
Marin Ljubicic,Delantero centro,Romelu Lukaku,0.9695,Serhou Guirassy,0.9663,Younes Ebnoutalib,0.9652,Anastasios Douvikas,0.9196,Patrik Schick,0.9127,Miguel Cubo,0.9028,Jonathan Burkardt,0.8712,Gianluca Scamacca,0.8682,William Osula,0.8646,Benjamin Šeško,0.8404,Giovanni Simeone,0.8398,Erling Haaland,0.8333,Bamba Dieng,0.8291,Asier Villalibre,0.8289,Manex Carmona,0.8255
Nicolas Jackson,Delantero centro,Sergio Camello,0.9281,Alexander Sørloth,0.9129,Folarin Balogun,0.8861,Budu Zivzivadze,0.8827,Vedat Muriqi,0.8476,Arana,0.7906,Harry Kane,0.7774,Emersonn,0.7743,David Okereke,0.7676,Orri Steinn Óskarsson,0.7571,Hamza Igamane,0.7499,Ferrán Torres,0.7484,Bamba Dieng,0.7446,Ollie Watkins,0.7311,Giorgi Guliashvili,0.7299
Conrad Harder,Delantero centro,Omar Marmoush,0.9073,Charalampos Kostoulas,0.8836,Valentín Castellanos,0.8753,Lassine Sinayoko,0.8715,Fábio Silva,0.829,Joshua Zirkzee,0.798,Santiago Hidalgo,0.7959,Álvaro Rodríguez,0.7791,Federico Bonazzoli,0.7613,Raúl Jiménez,0.7503,Matias Fernandez-Pardo,0.7422,Rémy Labeau Lascary,0.7109,Mikel Oyarzabal,0.7087,Cucho,0.7068,Matthis Abline,0.7055
Michael Gregoritsch,Delantero centro,Amine Gouiri,0.9783,Richarlison,0.9561,João Pedro,0.9369,Stefan Schimmer,0.9269,Georges Mikautadze,0.9231,Hamza Igamane,0.9074,Maximilian Beier,0.8973,Ragnar Ache,0.8928,Fisnik Asllani,0.8921,Toni Martínez,0.8825,Hugo Ekitike,0.8763,Deniz Undav,0.875,Lautaro Martínez,0.8748,Harry Kane,0.8553,Marcus Thuram,0.8532
Taichi Hara,Delantero centro,Alejo Sarco,1.0,Marc Guiu,0.9967,Sean Neave,0.9965,Laurs Skjellerup,0.9953,Asier Hierro,0.995,Faris Pemi Moumbagna,0.9432,Pau Cabanes,0.9388,Bojan Miovski,0.9388,Theo Bair,0.9388,Enzo Molebe,0.9388,Ryan Rodin,0.9388,Ibrahim Kanté,0.9388,Ioan Vermeșan,0.9303,Sérigné Diop,0.92,Michy Batshuayi,0.9053
Tim Skarke,Delantero centro,William Bøving,0.9442,Benedict Hollerbach,0.9021,Ignatius Ganago,0.9013,Álex Forés,0.8911,Marc Domenech,0.8833,Giovane,0.8582,Adrian Benedyczak,0.8145,Mika Biereth,0.7804,Matthis Abline,0.7701,Patrick Cutrone,0.7563,Adam Armstrong,0.7506,Jean-Philippe Krasso,0.7437,Abel Ruiz,0.7358,Joshua King,0.7329,Christian Kouamé,0.7277
Jonathan Burkardt,Delantero centro,Erling Haaland,0.9809,Patrik Schick,0.9745,Gerard Moreno,0.951,Ferrán Torres,0.9499,Anastasios Douvikas,0.9187,Benjamin Šeško,0.9153,Callum Wilson,0.9127,Julián Vignolo,0.9056,Georges Mikautadze,0.8966,Serhou Guirassy,0.8953,Younes Ebnoutalib,0.8953,Bamba Dieng,0.8916,Tosin Aiyegun,0.8806,Robert Lewandowski,0.876,Marin Ljubicic,0.8712
Harry Kane,Delantero centro,Ragnar Ache,0.9735,Deniz Undav,0.9533,Donyell Malen,0.9528,Stefan Schimmer,0.9389,Ferrán Torres,0.9361,Hamza Igamane,0.9315,Ollie Watkins,0.9207,Bamba Dieng,0.9185,Giorgi Guliashvili,0.911,Toni Martínez,0.9058,Pierre-Emerick Aubameyang,0.9008,Georges Mikautadze,0.8996,Evan Ferguson,0.8992,Robert Lewandowski,0.8948,Callum Wilson,0.8929
Haris Tabaković,Delantero centro,Borja Iglesias,0.952,Lorenzo Lucca,0.9217,Beto,0.9118,Asier Villalibre,0.9091,Roman Yaremchuk,0.9017,Taiwo Awoniyi,0.8968,Emanuel Emegha,0.8902,Manex Carmona,0.8808,Rasmus Højlund,0.8777,Jovan Milošević,0.8701,Robert Lewandowski,0.8633,Giorgi Guliashvili,0.8631,Nesta Elphege,0.8593,Artem Dovbyk,0.8579,Ollie Watkins,0.8537
Robert Glatzel,Delantero centro,Karl Etta Eyong,0.9226,Hugo Ekitike,0.8452,Caleb Ekuban,0.8343,Rasmus Højlund,0.8089,Stefanos Tzimas,0.7932,Manex Carmona,0.7898,Nouha Dicko,0.7684,Serhou Guirassy,0.7645,Fisnik Asllani,0.7588,Kader Meïté,0.7577,Artem Dovbyk,0.7556,Dušan Vlahović,0.7378,Toni Martínez,0.7301,Rayan Fofana,0.7263,Anastasios Douvikas,0.7184
Jonah Kusi-Asare,Delantero centro,Dane Scarlett,1.0,Francesco Camarda,0.9767,Giuseppe Ambrosino,0.9451,Louis Buffon,0.9451,Jan Urbich,0.9336,Pierre-Yves Hamel,0.9328,Jessic Ngankam,0.9252,Idrissa Guèye,0.9203,Zoumana Diallo,0.9127,Henrik Meister,0.9087,Ibrahim Kanté,0.9069,Ryan Rodin,0.9069,Enzo Molebe,0.9069,Theo Bair,0.9069,Pau Cabanes,0.9069
Rodrigo Ribeiro,Delantero centro,Nelson Weiper,0.8758,Pablo Durán,0.7938,Mariano,0.7283,Ihlas Bebou,0.7211,Yoane Wissa,0.7207,Shuto Machino,0.7122,Ransford Königsdörffer,0.7071,Kento Shiogai,0.6776,José Luis Morales,0.677,Mbwana Samatta,0.6344,Sidiki Cherif,0.6237,Jean-Philippe Mateta,0.5909,Niclas Füllkrug,0.5845,Paris Brunner,0.5795,Santiago Giménez,0.5658
Fisnik Asllani,Delantero centro,Kader Meïté,0.9719,Ousmane Dembélé,0.9523,Hugo Ekitike,0.9377,Ragnar Ache,0.9371,Yael Trepy,0.9258,Deniz Undav,0.9197,Georges Mikautadze,0.9163,Karl Etta Eyong,0.8968,Michael Gregoritsch,0.8921,Toni Martínez,0.8904,Dušan Vlahović,0.8806,Harry Kane,0.8702,Donyell Malen,0.8694,Marcus Thuram,0.8662,Kylian Mbappé,0.8581
Serhou Guirassy,Delantero centro,Marin Ljubicic,0.9663,Patrik Schick,0.9439,Romelu Lukaku,0.937,Gianluca Scamacca,0.9351,Anastasios Douvikas,0.9253,Giovanni Simeone,0.9174,Asier Villalibre,0.9123,Miguel Cubo,0.907,Younes Ebnoutalib,0.9032,Jonathan Burkardt,0.8953,Erling Haaland,0.8901,Bamba Dieng,0.8901,Robert Lewandowski,0.8716,Manex Carmona,0.8684,Ferrán Torres,0.8639
Keke Topp,Delantero centro,Lucas Beltrán,0.9587,Adrian Benedyczak,0.8714,Joshua King,0.856,Sandro Kulenović,0.8398,Florian Sotoca,0.8392,Benedict Hollerbach,0.8359,Igor Jesus,0.8272,Matthis Abline,0.8056,Marvin Pieringer,0.8024,Roberto Férnandez,0.7982,Randal Kolo Muani,0.7944,Ezequiel Ávila,0.7936,Daniel Mosquera,0.7884,Iván Romero,0.765,Amady Camara,0.7401
Uchenna Ogundu,Delantero centro,Diego Morcillo,0.9838,Mattia Mosconi,0.9275,Otto Stange,0.9251,Milan Đurić,0.9232,Joselu Pérez,0.9196,Abdón Prats,0.8819,Ugo Lamare,0.876,Mourad El Ghezouani,0.835,Jeremy Arévalo,0.8086,Jan Urbich,0.8084,Zeki Amdouni,0.807,Giuseppe Ambrosino,0.8041,Louis Buffon,0.8041,Zoumana Diallo,0.7983,Jessic Ngankam,0.7976
Martijn Kaars,Delantero centro,Adam Armstrong,0.896,Matteo Lavelli,0.8902,Sasa Kalajdzic,0.8409,Timo Werner,0.8183,Christian Kouamé,0.8147,Faris Pemi Moumbagna,0.8083,Abel Ruiz,0.7963,Callum Marshall,0.7959,Riccardo Braschi,0.7833,Theo Bair,0.7772,Bojan Miovski,0.7772,Ryan Rodin,0.7772,Ibrahim Kanté,0.7772,Pau Cabanes,0.7772,Enzo Molebe,0.7772
Mikkel Kaufmann,Delantero centro,Mateo Pellegrino,0.946,Roberto Férnandez,0.8986,Jeff Ekhator,0.7632,Florian Sotoca,0.7565,Thijs Dallinga,0.7298,Marvin Pieringer,0.7192,M'Bala Nzola,0.7185,Sekou Mara,0.7103,Randal Kolo Muani,0.7075,Lucas Beltrán,0.7072,Keke Topp,0.7015,Iván Romero,0.6988,Santiago Castro,0.6911,Olivier Giroud,0.6898,Mostafa Mohamed,0.6744
Damion Downs,Delantero centro,Pierre-Yves Hamel,0.9062,Sasa Kalajdzic,0.9,Ryan Rodin,0.8935,Theo Bair,0.8935,Enzo Molebe,0.8935,Bojan Miovski,0.8935,Pau Cabanes,0.8935,Ibrahim Kanté,0.8935,Henrik Meister,0.8797,Dane Scarlett,0.8692,Jonah Kusi-Asare,0.8692,Asier Hierro,0.8682,Callum Marshall,0.8614,Filip Stojilković,0.8516,Dawda Camara,0.8489
Nelson Weiper,Delantero centro,Yoane Wissa,0.8969,Rodrigo Ribeiro,0.8758,David Datro Fofana,0.8414,Mariano,0.8397,Ihlas Bebou,0.8333,Pablo Durán,0.8187,Niclas Füllkrug,0.8171,Abel Ruiz,0.8133,Ransford Königsdörffer,0.7823,Paris Brunner,0.7748,Mbwana Samatta,0.7717,Lucas Höler,0.7646,Callum Marshall,0.7636,Patrick Cutrone,0.7624,Santiago Giménez,0.7442
Tim Kleindienst,Delantero centro,David Datro Fofana,0.9448,Jørgen Strand Larsen,0.9288,Bernard Nguene,0.9133,Armando Broja,0.8961,Lucas Höler,0.8886,Ali Yousuf,0.8797,Edin Džeko,0.8704,Santi Franco,0.8669,Boulaye Dia,0.864,Hwang Hee-chan,0.8488,Antonio Sanabria,0.8345,Niclas Füllkrug,0.8337,Lanroy Machine,0.8233,Yoane Wissa,0.8225,Paris Brunner,0.8145
Tim Lemperle,Delantero centro,Gorka Guruzeta,0.9736,Lucas Boyé,0.9696,Federico Viñas,0.9665,Gonçalo Ramos,0.9504,Emersonn,0.9211,Álvaro Morata,0.8899,Amin Sarr,0.873,Arana,0.8504,Isaac Romero,0.8099,Rafiu Durosinmi,0.7965,Folarin Balogun,0.7702,Ludovic Ajorque,0.7663,Budu Zivzivadze,0.7461,Andrea Pinamonti,0.7287,Sergio Camello,0.702
Jessic Ngankam,Delantero centro,Zoumana Diallo,0.9995,Jan Urbich,0.9992,Giuseppe Ambrosino,0.9978,Louis Buffon,0.9978,Idrissa Guèye,0.9311,Mourad El Ghezouani,0.9304,Jonah Kusi-Asare,0.9252,Dane Scarlett,0.9252,Joselu Pérez,0.9181,Mattia Mosconi,0.9037,Nikola Štulić,0.8992,Milan Đurić,0.8973,Ugo Lamare,0.8743,Damián Pizarro,0.866,Francesco Camarda,0.8627
Ransford Königsdörffer,Delantero centro,Patrick Cutrone,0.8784,Timo Werner,0.8564,Giovane,0.8315,Evanilson,0.8257,Niclas Füllkrug,0.8183,Santiago Giménez,0.8117,Filip Stojilković,0.8108,Pablo Durán,0.8057,Riccardo Braschi,0.8032,Umar Sadiq,0.8023,Nelson Weiper,0.7823,Lanroy Machine,0.7625,Callum Marshall,0.7613,Antonio Arena,0.7503,Mariano,0.7167
Luca Waldschmidt,Delantero centro,Mikel Oyarzabal,0.9709,Stefan Schimmer,0.9572,Pierre-Emerick Aubameyang,0.9258,Evan Ferguson,0.8878,Julián Álvarez,0.886,Hamza Igamane,0.8784,Richarlison,0.8774,Harry Kane,0.8765,Lukas Nmecha,0.8694,Amine Gouiri,0.868,Cucho,0.8557,Georges Mikautadze,0.8513,Deniz Undav,0.8409,Michael Gregoritsch,0.8408,Julián Vignolo,0.8243
Patrik Schick,Delantero centro,Erling Haaland,0.9794,Jonathan Burkardt,0.9745,Ferrán Torres,0.9621,Benjamin Šeško,0.9504,Serhou Guirassy,0.9439,Bamba Dieng,0.9416,Robert Lewandowski,0.9278,Marin Ljubicic,0.9127,Callum Wilson,0.909,Giorgi Guliashvili,0.9047,Donyell Malen,0.9006,Younes Ebnoutalib,0.8926,Anastasios Douvikas,0.8915,Asier Villalibre,0.8855,Gerard Moreno,0.8694
Paris Brunner,Delantero centro,Bernard Nguene,0.9555,Ezequiel Ávila,0.9549,Ihlas Bebou,0.9518,Mbwana Samatta,0.9508,Luca Moro,0.9082,Sandro Kulenović,0.8667,Lucas Höler,0.8448,Edin Džeko,0.819,Joshua King,0.8162,Tim Kleindienst,0.8145,Daniel Mosquera,0.8143,Ali Yousuf,0.7976,Hwang Hee-chan,0.7959,Lanroy Machine,0.7875,Emmanuel Lago,0.7756
Theo Bair,Delantero centro,Ibrahim Kanté,1.0,Bojan Miovski,1.0,Enzo Molebe,1.0,Ryan Rodin,1.0,Pau Cabanes,1.0,Asier Hierro,0.9686,Faris Pemi Moumbagna,0.9529,Sasa Kalajdzic,0.9401,Taichi Hara,0.9388,Matteo Lavelli,0.9368,Alejo Sarco,0.9363,Fynn Schenten,0.9345,Francesco Camarda,0.9214,Marc Guiu,0.9076,Dane Scarlett,0.9069
Pierre-Yves Hamel,Delantero centro,Sasa Kalajdzic,0.9332,Dane Scarlett,0.9328,Jonah Kusi-Asare,0.9328,Idrissa Guèye,0.9142,Henrik Meister,0.9108,Damion Downs,0.9062,Petar Ratkov,0.9051,Fynn Schenten,0.9041,Boulaye Dia,0.8936,Francesco Camarda,0.8933,Ibrahim Kanté,0.8881,Theo Bair,0.8881,Pau Cabanes,0.8881,Ryan Rodin,0.8881,Enzo Molebe,0.8881
Ryan Rodin,Delantero centro,Ibrahim Kanté,1.0,Bojan Miovski,1.0,Enzo Molebe,1.0,Theo Bair,1.0,Pau Cabanes,1.0,Asier Hierro,0.9686,Faris Pemi Moumbagna,0.9529,Sasa Kalajdzic,0.9401,Taichi Hara,0.9388,Matteo Lavelli,0.9368,Alejo Sarco,0.9363,Fynn Schenten,0.9345,Francesco Camarda,0.9214,Marc Guiu,0.9076,Dane Scarlett,0.9069
Pierre Mounguengue,Delantero centro,Dmytro Bohdanov,0.9879,Tolu Arokodare,0.9328,Arkadiusz Milik,0.9243,Ioan Vermeșan,0.9142,Adam Hložek,0.9014,Zeki Amdouni,0.8842,Jeremy Arévalo,0.8679,Michy Batshuayi,0.8282,Abdón Prats,0.8252,Laurs Skjellerup,0.8225,Sean Neave,0.8181,Marc Guiu,0.8171,Dawda Camara,0.7891,Alejo Sarco,0.7879,Taichi Hara,0.7848
Nouha Dicko,Delantero centro,Yael Trepy,0.9352,Marcus Thuram,0.9341,Artem Dovbyk,0.9322,Emanuel Emegha,0.9295,Rayan Fofana,0.9264,Kader Meïté,0.9205,Nikola Krstović,0.9121,Dušan Vlahović,0.8689,Deniz Undav,0.8642,Asier Villalibre,0.8584,Cédric Bakambu,0.8556,Gianluca Scamacca,0.8546,Ragnar Ache,0.8489,Toni Martínez,0.8479,Keinan Davis,0.8475
Ludovic Ajorque,Delantero centro,Federico Viñas,0.7964,Lucas Boyé,0.79,Tim Lemperle,0.7663,Emersonn,0.6971,Leonardo Pavoletti,0.6678,Amin Sarr,0.6598,Gorka Guruzeta,0.6522,Álvaro Morata,0.6299,Isaac Romero,0.6262,Gonçalo Ramos,0.6087,Budu Zivzivadze,0.595,Ibou Sané,0.5946,Ayoze Pérez,0.593,Junior Adamu,0.5781,Santiago Hidalgo,0.574
Enzo Molebe,Delantero centro,Ibrahim Kanté,1.0,Bojan Miovski,1.0,Ryan Rodin,1.0,Theo Bair,1.0,Pau Cabanes,1.0,Asier Hierro,0.9686,Faris Pemi Moumbagna,0.9529,Sasa Kalajdzic,0.9401,Taichi Hara,0.9388,Matteo Lavelli,0.9368,Alejo Sarco,0.9363,Fynn Schenten,0.9345,Francesco Camarda,0.9214,Marc Guiu,0.9076,Dane Scarlett,0.9069
Zoumana Diallo,Delantero centro,Jessic Ngankam,0.9995,Jan Urbich,0.9978,Giuseppe Ambrosino,0.9954,Louis Buffon,0.9954,Mourad El Ghezouani,0.9263,Idrissa Guèye,0.9254,Joselu Pérez,0.9223,Dane Scarlett,0.9127,Jonah Kusi-Asare,0.9127,Mattia Mosconi,0.9077,Nikola Štulić,0.8953,Milan Đurić,0.8937,Damián Pizarro,0.8662,Ugo Lamare,0.8654,Francesco Camarda,0.8473
Ugo Lamare,Delantero centro,Milan Đurić,0.9852,Zeki Amdouni,0.9342,Mattia Mosconi,0.9186,Joselu Pérez,0.9145,Ioan Vermeșan,0.9039,Marc Guiu,0.9011,Sean Neave,0.9011,Laurs Skjellerup,0.901,Alejo Sarco,0.8986,Taichi Hara,0.8981,Dane Scarlett,0.8979,Jonah Kusi-Asare,0.8979,Giuseppe Ambrosino,0.892,Louis Buffon,0.892,Abdón Prats,0.89
Yassir Zabiri,Delantero centro,Joël Piroe,0.8523,Abdón Prats,0.825,Emmanuel Lago,0.7772,Tolu Arokodare,0.7641,Jeremy Arévalo,0.7575,Arkadiusz Milik,0.7569,Adam Hložek,0.7548,Dawda Camara,0.7492,Zeki Amdouni,0.7128,Pierre Mounguengue,0.7049,Lorenzo Colombo,0.7007,Amady Camara,0.6999,Dmytro Bohdanov,0.6963,Jon Karrikaburu,0.6916,Liam Delap,0.6761
Sérigné Diop,Delantero centro,Laurs Skjellerup,0.9322,Sean Neave,0.9311,Marc Guiu,0.9309,Faris Pemi Moumbagna,0.922,Alejo Sarco,0.9212,Taichi Hara,0.92,Asier Hierro,0.8981,Matteo Lavelli,0.8974,Ioan Vermeșan,0.8762,Riccardo Braschi,0.87,Joël Piroe,0.8436,Michy Batshuayi,0.8427,Álex Forés,0.8419,Fynn Schenten,0.8415,Patrick Cutrone,0.8351
Noam Obougou Jacquet,Delantero centro,Miguel Cubo,0.963,Christian Kofane,0.9303,William Osula,0.9072,Francesco Esposito,0.8868,Carlos Espí,0.8722,Gianluca Scamacca,0.8711,Anastasios Douvikas,0.8602,Julián Vignolo,0.8601,Igor Matanović,0.8535,Salim Musah,0.8479,Lautaro Martínez,0.8475,Lukas Nmecha,0.841,Younes Ebnoutalib,0.8389,Toni Martínez,0.8343,Zian Flemming,0.8317
Emmanuel Lago,Delantero centro,Federico Bonazzoli,0.7842,Yassir Zabiri,0.7772,Paris Brunner,0.7756,Gorka Carrera,0.742,Ihlas Bebou,0.7302,Kento Shiogai,0.7022,Ezequiel Ávila,0.6971,Mbwana Samatta,0.682,Luca Moro,0.6717,Samuel Essende,0.6382,Liam Delap,0.6368,Rafa Mir,0.634,Sandro Kulenović,0.618,Joshua King,0.6158,Lorenzo Colombo,0.608
Lassine Sinayoko,Delantero centro,Joshua Zirkzee,0.9035,Matias Fernandez-Pardo,0.8775,Conrad Harder,0.8715,Mikel Oyarzabal,0.8539,Federico Bonazzoli,0.8402,Iago Aspas,0.8384,Charalampos Kostoulas,0.8348,Cucho,0.8169,Luca Waldschmidt,0.8032,Rémy Labeau Lascary,0.7978,Valentín Castellanos,0.7889,Omar Marmoush,0.7762,Richarlison,0.7384,Mohamed Amoura,0.737,Lukas Nmecha,0.7344
Ibrahim Kanté,Delantero centro,Bojan Miovski,1.0,Enzo Molebe,1.0,Ryan Rodin,1.0,Theo Bair,1.0,Pau Cabanes,1.0,Asier Hierro,0.9686,Faris Pemi Moumbagna,0.9529,Sasa Kalajdzic,0.9401,Taichi Hara,0.9388,Matteo Lavelli,0.9368,Alejo Sarco,0.9363,Fynn Schenten,0.9345,Francesco Camarda,0.9214,Marc Guiu,0.9076,Dane Scarlett,0.9069
Damián Pizarro,Delantero centro,Brian Madjo,0.9619,Daniel Mikołajewski,0.9478,Salomón Rondón,0.9119,Roberto Piccoli,0.8905,Santi Franco,0.8676,Zoumana Diallo,0.8662,Jessic Ngankam,0.866,Jan Urbich,0.8637,Louis Buffon,0.8621,Giuseppe Ambrosino,0.8621,Umar Sadiq,0.8604,Kevin Carlos,0.857,Antonio Sanabria,0.8531,Nikola Štulić,0.8415,Jørgen Strand Larsen,0.8262
Jean-Philippe Krasso,Delantero centro,Giovane,0.9207,Daniel Mosquera,0.9099,Vakoun Bayo,0.8989,Loïs Openda,0.8911,Daniel Mikołajewski,0.8761,Santiago Giménez,0.8395,Christantus Uche,0.8357,Lanroy Machine,0.8289,Armando Broja,0.8144,Umar Sadiq,0.7917,Igor Jesus,0.7745,Benedict Hollerbach,0.7654,Patrick Cutrone,0.7492,Roberto Piccoli,0.7487,Jon Karrikaburu,0.7471
Mika Biereth,Delantero centro,Tim Skarke,0.7804,William Bøving,0.7692,Ignatius Ganago,0.7678,Adam Armstrong,0.7508,Marc Domenech,0.7485,Benedict Hollerbach,0.7483,Giovane,0.7365,Thijs Dallinga,0.723,Ilyas Ansah,0.7205,Habib Diallo,0.7084,Tani Oluwaseyi,0.7053,Ciro Immobile,0.6959,Antonio Sanabria,0.6803,Timo Werner,0.6691,Álex Forés,0.6618
Ousmane Dembélé,Delantero centro,Fisnik Asllani,0.9523,Donyell Malen,0.9101,Kader Meïté,0.9027,Kylian Mbappé,0.8965,Dušan Vlahović,0.896,Georges Mikautadze,0.884,Ragnar Ache,0.8821,Hugo Ekitike,0.8761,Erling Haaland,0.8743,Callum Wilson,0.8669,Pierre-Emerick Aubameyang,0.8638,Deniz Undav,0.8591,Yael Trepy,0.8571,Harry Kane,0.8561,Karl Etta Eyong,0.838
Tosin Aiyegun,Delantero centro,Tammy Abraham,0.9259,Gerard Moreno,0.9244,Gonzalo García,0.8825,Jonathan Burkardt,0.8806,Younes Ebnoutalib,0.8731,Danny Welbeck,0.8308,Dženan Pejčinović,0.8271,Anastasios Douvikas,0.8201,Julián Vignolo,0.815,Erling Haaland,0.796,Patrik Schick,0.7959,Viktor Gyökeres,0.7934,Alexander Isak,0.7915,Eli Junior Kroupi,0.7864,Benjamin Šeško,0.7804
Sekou Mara,Delantero centro,Roberto Férnandez,0.8324,Kieron Bowie,0.8193,Lorenzo Colombo,0.8103,Mateo Pellegrino,0.7729,Mikkel Kaufmann,0.7103,Joselu Pérez,0.7077,Diego Morcillo,0.7031,Mattia Mosconi,0.6984,Mostafa Mohamed,0.6896,Zoumana Diallo,0.6735,Mourad El Ghezouani,0.6612,Jessic Ngankam,0.6577,Jan Urbich,0.6483,Lucas Beltrán,0.6362,Giuseppe Ambrosino,0.6298
Bamba Dieng,Delantero centro,Robert Lewandowski,0.9822,Giorgi Guliashvili,0.9805,Ferrán Torres,0.978,Asier Villalibre,0.9521,Donyell Malen,0.9472,Patrik Schick,0.9416,Benjamin Šeško,0.9389,Ollie Watkins,0.9378,Callum Wilson,0.9333,Giovanni Simeone,0.9277,Harry Kane,0.9185,Gianluca Scamacca,0.9119,Wilson Isidor,0.909,Orri Steinn Óskarsson,0.9031,Erling Haaland,0.8988
Rémy Labeau Lascary,Delantero centro,Ricky-Jade Jones,0.9415,Robinio Vaz,0.8984,Igor Thiago,0.8487,Charalampos Kostoulas,0.8483,Richarlison,0.8299,Santiago Hidalgo,0.8297,Eddie Nketiah,0.8152,Ayoze Pérez,0.8124,Hamza Igamane,0.799,Lassine Sinayoko,0.7978,Elye Wahi,0.7857,Andrea Belotti,0.7848,Kiké,0.7786,Carlos Espí,0.7694,Lautaro Martínez,0.7537
Pierre-Emerick Aubameyang,Delantero centro,Stefan Schimmer,0.944,Luca Waldschmidt,0.9258,Harry Kane,0.9008,Mikel Oyarzabal,0.8759,Amine Gouiri,0.8699,Ousmane Dembélé,0.8638,Gerard Moreno,0.8602,Hamza Igamane,0.8573,Donyell Malen,0.854,Julián Álvarez,0.8539,Georges Mikautadze,0.8515,Evan Ferguson,0.8443,Ragnar Ache,0.8428,Ferrán Torres,0.8427,Callum Wilson,0.8392
Sidiki Cherif,Delantero centro,Yussuf Poulsen,0.7789,Vladyslav Vanat,0.7751,Kento Shiogai,0.7714,Shuto Machino,0.7542,Elye Wahi,0.719,Igor Thiago,0.7116,Maroan Sannadi,0.7113,Youssef El-Arabi,0.6736,Jamie Vardy,0.6344,Yoane Wissa,0.6331,Rodrigo Ribeiro,0.6237,Dominic Solanke,0.603,Jean-Philippe Mateta,0.5981,Gabriel Jesus,0.5977,Eddie Nketiah,0.5943
Mostafa Mohamed,Delantero centro,Iván Romero,0.9267,Florian Sotoca,0.8732,Mathys Tel,0.8325,Roberto Férnandez,0.7609,Mama Samba Baldé,0.7192,Frank Magri,0.7164,Keke Topp,0.6958,Martin Satriano,0.6951,Marvin Pieringer,0.6943,Sekou Mara,0.6896,Lucas Beltrán,0.6853,Arthur,0.6771,Mikkel Kaufmann,0.6744,Sandro Kulenović,0.6642,Randal Kolo Muani,0.658
Willem Geubbels,Delantero centro,Borja Mayoral,0.9,Andreas Hountondji,0.8609,Arnaud Kalimuendo,0.8507,Jamie Vardy,0.8213,Oliver Burke,0.8076,Vladyslav Vanat,0.8036,Callum Wilson,0.7622,Nesta Elphege,0.7589,Lorenzo Lucca,0.7173,Ollie Watkins,0.7054,Roman Yaremchuk,0.6805,Gonzalo García,0.6713,Danny Welbeck,0.6628,Tani Oluwaseyi,0.6619,Jean-Philippe Mateta,0.6583
Folarin Balogun,Delantero centro,Arana,0.9497,Vedat Muriqi,0.893,Nicolas Jackson,0.8861,Alexander Sørloth,0.8282,Gorka Guruzeta,0.809,Sergio Camello,0.8028,Gonçalo Ramos,0.7892,Lucas Boyé,0.7844,Emersonn,0.7703,Tim Lemperle,0.7702,Budu Zivzivadze,0.7578,Andrea Pinamonti,0.7173,Gift Orban,0.6486,Federico Viñas,0.6481,Nikola Krstović,0.6471
Bernard Nguene,Delantero centro,Ezequiel Ávila,0.9624,Paris Brunner,0.9555,Sandro Kulenović,0.9264,Tim Kleindienst,0.9133,Hwang Hee-chan,0.9108,Luca Moro,0.9081,Mbwana Samatta,0.9036,Lucas Höler,0.8832,Edin Džeko,0.883,Daniel Mosquera,0.8762,Ihlas Bebou,0.8729,Ali Yousuf,0.8587,Lanroy Machine,0.8493,Armando Broja,0.8442,Joshua King,0.8426
Elye Wahi,Delantero centro,Orri Steinn Óskarsson,0.8878,Ricky-Jade Jones,0.8813,Igor Thiago,0.8767,Andrea Belotti,0.8712,Cédric Bakambu,0.8565,Taiwo Awoniyi,0.8217,Hamza Igamane,0.8004,Gabriel Jesus,0.7906,Rémy Labeau Lascary,0.7857,Ollie Watkins,0.7696,Robinio Vaz,0.7658,Borja Iglesias,0.7625,Dominic Calvert-Lewin,0.7604,Akor Adams,0.7479,Sambou Soumano,0.7432
Ali Yousuf,Delantero centro,Edin Džeko,0.9721,Aitor Mañas,0.9273,Boulaye Dia,0.9031,Tim Kleindienst,0.8797,Petar Ratkov,0.8767,Jacen Russell-Rowe,0.8731,Christian Kouamé,0.871,Pierre-Yves Hamel,0.868,Lucas Höler,0.8655,Bernard Nguene,0.8587,Randal Kolo Muani,0.8422,Abel Ruiz,0.8349,Sandro Kulenović,0.8329,David Datro Fofana,0.8181,Sasa Kalajdzic,0.8095
Youssef El-Arabi,Delantero centro,Adam Buksa,0.9132,Yussuf Poulsen,0.8996,Max Moerstedt,0.8304,Olivier Giroud,0.7913,Gennaro Borrelli,0.7705,Alexandre Alemão,0.7662,Prosper Peter,0.7646,Jeff Ekhator,0.7351,Maroan Sannadi,0.7334,Giorgi Kvilitaia,0.7172,Eddie Nketiah,0.7007,Jaime Mata,0.6834,Sidiki Cherif,0.6736,Thierno Barry,0.6693,Kento Shiogai,0.6514
Sambou Soumano,Delantero centro,Taiwo Awoniyi,0.9008,Breel Embolo,0.8867,Borja Iglesias,0.8862,Ermedin Demirović,0.8654,Keinan Davis,0.8617,Emanuel Emegha,0.8586,Cédric Bakambu,0.8515,Artem Dovbyk,0.8505,Robinio Vaz,0.8422,Abdoulie Ceesay,0.8323,Jovan Milošević,0.822,João Pedro,0.82,Haris Tabaković,0.8173,Nikola Krstović,0.8049,Leonardo Pavoletti,0.8046
Joaquín Panichelli,Delantero centro,Carlos Espí,0.9696,Ermedin Demirović,0.9306,Orri Steinn Óskarsson,0.9038,Jaime Mata,0.8888,Abdoulie Ceesay,0.8825,Zian Flemming,0.8795,Taiwo Awoniyi,0.8679,Andrea Belotti,0.8643,Eli Junior Kroupi,0.8624,William Osula,0.8608,Igor Thiago,0.859,Paul Mendy,0.8536,Gianluca Scamacca,0.8496,Romelu Lukaku,0.8469,Borja Iglesias,0.8421
Ignatius Ganago,Delantero centro,Marc Domenech,0.9635,William Bøving,0.9553,Tim Skarke,0.9013,Benedict Hollerbach,0.8641,Álex Forés,0.8622,Mathys Tel,0.7854,Mika Biereth,0.7678,Adrian Benedyczak,0.7501,Matthis Abline,0.7478,Ilyas Ansah,0.7461,Christian Kouamé,0.7444,Giuliano Simeone,0.7305,Randal Kolo Muani,0.7176,Arthur,0.7113,Matteo Lavelli,0.6992
Frank Magri,Delantero centro,Breel Embolo,0.8712,Ayoze Pérez,0.8399,Gennaro Borrelli,0.8166,João Pedro,0.8083,Santiago Hidalgo,0.7665,Igor Matanović,0.7646,Robinio Vaz,0.7621,Abdoulie Ceesay,0.7588,Max Moerstedt,0.7486,Maximilian Beier,0.7481,Ange-Yoan Bonny,0.7449,Iván Romero,0.7427,Zian Flemming,0.7322,Jaime Mata,0.7268,Leonardo Pavoletti,0.7217
Martin Satriano,Delantero centro,Santiago Hidalgo,0.8533,Iago Aspas,0.8345,Iván Romero,0.8331,Giuliano Simeone,0.8157,Ayoze Pérez,0.8111,Ibou Sané,0.7921,Junior Adamu,0.7785,Arthur,0.7771,Rémy Labeau Lascary,0.7488,Maximilian Beier,0.7457,Lassine Sinayoko,0.7286,Mathys Tel,0.7214,Florian Sotoca,0.7173,Marvin Pieringer,0.7109,Mateo Joseph,0.7002
Emersonn,Delantero centro,Gonçalo Ramos,0.9338,Lucas Boyé,0.9282,Tim Lemperle,0.9211,Gorka Guruzeta,0.9149,Sergio Camello,0.8932,Federico Viñas,0.8863,Budu Zivzivadze,0.8462,Isaac Romero,0.8088,Arana,0.7794,Nicolas Jackson,0.7743,Folarin Balogun,0.7703,Álvaro Morata,0.7078,Alexander Sørloth,0.7074,Amin Sarr,0.7028,Ludovic Ajorque,0.6971
Breel Embolo,Delantero centro,Max Moerstedt,0.8923,Abdoulie Ceesay,0.8919,Ermedin Demirović,0.8879,Sambou Soumano,0.8867,Leonardo Pavoletti,0.8854,João Pedro,0.8817,Robinio Vaz,0.8797,Frank Magri,0.8712,Ange-Yoan Bonny,0.8594,Gennaro Borrelli,0.858,Ayoze Pérez,0.8336,Paul Mendy,0.8232,Keinan Davis,0.8034,Igor Matanović,0.776,Artem Dovbyk,0.7758
Mbwana Samatta,Delantero centro,Ihlas Bebou,0.9704,Paris Brunner,0.9508,Luca Moro,0.9243,Bernard Nguene,0.9036,Mariano,0.8967,Thiago Borbas,0.864,Kevin Carlos,0.8574,Ezequiel Ávila,0.8523,Santiago Giménez,0.8336,Lanroy Machine,0.8335,Liam Delap,0.8292,Daniel Mosquera,0.8252,Santi Franco,0.8186,Tim Kleindienst,0.807,Samuel Essende,0.7847
Olivier Giroud,Delantero centro,Gennaro Borrelli,0.7965,Youssef El-Arabi,0.7913,Alexandre Alemão,0.7585,Mateo Pellegrino,0.7576,Roberto Férnandez,0.7022,Mikkel Kaufmann,0.6898,Luca Moro,0.6881,Adam Buksa,0.6824,Samuel Essende,0.6801,Iván Romero,0.6674,Jeff Ekhator,0.6576,Gorka Carrera,0.6509,Yussuf Poulsen,0.646,Max Moerstedt,0.6255,Florian Sotoca,0.6184
Amine Gouiri,Delantero centro,Michael Gregoritsch,0.9783,Stefan Schimmer,0.9522,Georges Mikautadze,0.9398,Richarlison,0.9331,Maximilian Beier,0.9159,Toni Martínez,0.8763,Gerard Moreno,0.8746,João Pedro,0.8735,Hamza Igamane,0.8715,Pierre-Emerick Aubameyang,0.8699,Luca Waldschmidt,0.868,Hugo Ekitike,0.8585,Ragnar Ache,0.8509,Harry Kane,0.8494,Nathan Mbala,0.8485
Gonçalo Ramos,Delantero centro,Gorka Guruzeta,0.9844,Lucas Boyé,0.9627,Tim Lemperle,0.9504,Emersonn,0.9338,Federico Viñas,0.9314,Arana,0.8589,Álvaro Morata,0.8506,Isaac Romero,0.821,Amin Sarr,0.8173,Folarin Balogun,0.7892,Rafiu Durosinmi,0.7593,Sergio Camello,0.7373,Gift Orban,0.7107,Budu Zivzivadze,0.7107,Andrea Pinamonti,0.7006
Prosper Peter,Delantero centro,Brian Brobbey,0.8877,Alexandre Alemão,0.8448,Phillip Tietz,0.8379,Giorgi Kvilitaia,0.8309,Thierno Barry,0.7795,Max Moerstedt,0.767,Youssef El-Arabi,0.7646,Borja Iglesias,0.7296,Joaquín Panichelli,0.7206,Vladyslav Vanat,0.6861,Dominic Calvert-Lewin,0.6839,Paul Mendy,0.6639,Adam Buksa,0.6585,Semih Kılıçsoy,0.6546,Beto,0.6536
Habib Diallo,Delantero centro,Francesco Camarda,0.8915,Dane Scarlett,0.8254,Jonah Kusi-Asare,0.8254,Antonio Sanabria,0.8251,Ibrahim Kanté,0.8223,Ryan Rodin,0.8223,Bojan Miovski,0.8223,Pau Cabanes,0.8223,Theo Bair,0.8223,Enzo Molebe,0.8223,Salomón Rondón,0.8182,Fabio Moreno Fell,0.8063,Nikola Štulić,0.8012,Fynn Schenten,0.7996,Giuseppe Ambrosino,0.7677
Santiago Hidalgo,Delantero centro,Ayoze Pérez,0.8869,Martin Satriano,0.8533,Junior Adamu,0.8377,Iván Romero,0.8337,Rémy Labeau Lascary,0.8297,Raúl Jiménez,0.8273,Ibou Sané,0.8208,Valentín Castellanos,0.8104,Fábio Silva,0.8083,Omar Marmoush,0.8059,Conrad Harder,0.7959,Robinio Vaz,0.784,Frank Magri,0.7665,Charalampos Kostoulas,0.7398,Breel Embolo,0.7341
Kevin Carlos,Delantero centro,Liam Delap,0.945,Thiago Borbas,0.913,Santi Franco,0.9048,Luca Moro,0.8811,Mbwana Samatta,0.8574,Damián Pizarro,0.857,Brian Madjo,0.8536,Daniel Mikołajewski,0.8502,Lanroy Machine,0.8368,Jørgen Strand Larsen,0.8281,Umar Sadiq,0.8246,Mariano,0.813,Santiago Giménez,0.8115,Christantus Uche,0.8085,Daniel Mosquera,0.8055
Robinio Vaz,Delantero centro,Ayoze Pérez,0.9271,Richarlison,0.9239,João Pedro,0.9158,Rémy Labeau Lascary,0.8984,Ermedin Demirović,0.8921,Hamza Igamane,0.8861,Breel Embolo,0.8797,Lautaro Martínez,0.8471,Michael Gregoritsch,0.8427,Sambou Soumano,0.8422,Igor Thiago,0.8414,Taiwo Awoniyi,0.8243,Ricky-Jade Jones,0.8202,Abdoulie Ceesay,0.8081,Leonardo Pavoletti,0.808
Kenny Quetant,Delantero centro,Salomón Rondón,0.7876,Antonio Sanabria,0.7517,Vladyslav Vanat,0.7154,Thierno Barry,0.713,Henrik Meister,0.7051,Ibrahim Diabaté,0.703,Luis Vázquez,0.6893,Tani Oluwaseyi,0.6855,Yoane Wissa,0.6744,Niclas Füllkrug,0.6641,Evanilson,0.6575,Nikola Štulić,0.6493,Jamie Vardy,0.6484,Boulaye Dia,0.6365,Tim Kleindienst,0.6322
George Ilenikhena,Delantero centro,Terem Moffi,0.9123,Dominic Calvert-Lewin,0.803,Wilson Isidor,0.7857,Robert Lewandowski,0.7701,Bamba Dieng,0.7497,Benjamin Šeško,0.7388,Giovanni Simeone,0.7219,Dušan Vlahović,0.7214,Giorgi Guliashvili,0.7202,Donyell Malen,0.7182,Serhou Guirassy,0.7168,Akor Adams,0.7119,Patrik Schick,0.7083,Ante Budimir,0.7064,Gabriel Jesus,0.7004
Emanuel Emegha,Delantero centro,Artem Dovbyk,0.9482,Asier Villalibre,0.9428,Nouha Dicko,0.9295,Borja Iglesias,0.9234,Taiwo Awoniyi,0.9211,Paul Mendy,0.9193,Gianluca Scamacca,0.9168,Keinan Davis,0.9145,Haris Tabaković,0.8902,Abdoulie Ceesay,0.8894,Giovanni Simeone,0.8802,Ermedin Demirović,0.8708,Sambou Soumano,0.8586,Rayan Fofana,0.8564,Cédric Bakambu,0.8406
Nathan Mbala,Delantero centro,Kai Havertz,0.8743,Amine Gouiri,0.8485,Maximilian Beier,0.8363,Mama Samba Baldé,0.8298,Michael Gregoritsch,0.8209,Julián Álvarez,0.8128,Mohamed Amoura,0.8057,Georges Mikautadze,0.7971,Cucho,0.7735,Jonathan David,0.737,Hugo Ekitike,0.7335,Fisnik Asllani,0.7225,Iago Aspas,0.7213,Karl Etta Eyong,0.72,Luca Waldschmidt,0.7199
Hamza Igamane,Delantero centro,Richarlison,0.9615,Deniz Undav,0.9526,Stefan Schimmer,0.9378,Harry Kane,0.9315,Ragnar Ache,0.9297,Michael Gregoritsch,0.9074,Robinio Vaz,0.8861,Luca Waldschmidt,0.8784,Amine Gouiri,0.8715,Ollie Watkins,0.8646,Cédric Bakambu,0.8637,Pierre-Emerick Aubameyang,0.8573,Lautaro Martínez,0.8408,João Pedro,0.8404,Orri Steinn Óskarsson,0.8304
Idrissa Guèye,Delantero centro,Mourad El Ghezouani,0.9956,Louis Buffon,0.9398,Giuseppe Ambrosino,0.9398,Jan Urbich,0.9359,Jessic Ngankam,0.9311,Zoumana Diallo,0.9254,Dane Scarlett,0.9203,Jonah Kusi-Asare,0.9203,Pierre-Yves Hamel,0.9142,Fynn Schenten,0.8944,Edin Džeko,0.8647,Nikola Štulić,0.8486,Francesco Camarda,0.8458,Otto Stange,0.8446,Petar Ratkov,0.8433
Esteban Lepaul,Delantero centro,Nesta Elphege,0.8684,Lorenzo Lucca,0.8459,Rasmus Højlund,0.8147,Manex Carmona,0.8113,Semih Kılıçsoy,0.7721,Hugo Duro,0.7625,Beto,0.7624,Tammy Abraham,0.7527,Viktor Gyökeres,0.7401,Thierno Barry,0.7362,Brian Brobbey,0.7311,Ibrahim Diabaté,0.6904,Chris Wood,0.6886,Alexander Isak,0.6788,Haris Tabaković,0.6769
Julián Vignolo,Delantero centro,Gerard Moreno,0.9173,Lukas Nmecha,0.9086,Jonathan Burkardt,0.9056,Dženan Pejčinović,0.8966,Erling Haaland,0.8936,Georges Mikautadze,0.8751,Evan Ferguson,0.8683,Stefan Schimmer,0.8658,Patrik Schick,0.8646,Noam Obougou Jacquet,0.8601,Toni Martínez,0.8592,Grant Ranos,0.8542,Benjamin Šeško,0.8462,Younes Ebnoutalib,0.8422,Ferrán Torres,0.8313
Amady Camara,Delantero centro,Otto Stange,0.9096,Edin Džeko,0.8749,Adrian Benedyczak,0.8681,Petar Ratkov,0.8617,Christian Kouamé,0.859,Joshua King,0.8538,Abel Ruiz,0.8485,Lucas Beltrán,0.8446,Mateo Joseph,0.8194,Joël Piroe,0.8183,Álex Forés,0.8044,Ali Yousuf,0.8019,Randal Kolo Muani,0.7827,Sandro Kulenović,0.7812,Ezequiel Ávila,0.7793
David Datro Fofana,Delantero centro,Jørgen Strand Larsen,0.9516,Niclas Füllkrug,0.9508,Tim Kleindienst,0.9448,Yoane Wissa,0.916,Callum Marshall,0.9124,Filip Stojilković,0.8791,Mariano,0.871,Umar Sadiq,0.8515,Armando Broja,0.8418,Nelson Weiper,0.8414,Damion Downs,0.8398,Boulaye Dia,0.8353,Lanroy Machine,0.8251,Pierre-Yves Hamel,0.8221,Ali Yousuf,0.8181
Brian Madjo,Delantero centro,Damián Pizarro,0.9619,Umar Sadiq,0.9065,Daniel Mikołajewski,0.9058,Salomón Rondón,0.8971,Kevin Carlos,0.8536,Jørgen Strand Larsen,0.8535,Fabio Moreno Fell,0.8174,Filip Stojilković,0.8126,Roberto Piccoli,0.8118,Louis Buffon,0.8112,Giuseppe Ambrosino,0.8112,Dane Scarlett,0.8081,Jonah Kusi-Asare,0.8081,Jan Urbich,0.8067,Jessic Ngankam,0.8042
Matthis Abline,Delantero centro,Benedict Hollerbach,0.8383,Giuliano Simeone,0.8287,Joshua King,0.8162,Mateo Joseph,0.8154,Adrian Benedyczak,0.813,Keke Topp,0.8056,Mathys Tel,0.8019,Mama Samba Baldé,0.7992,Tim Skarke,0.7701,William Bøving,0.7601,Ignatius Ganago,0.7478,Federico Bonazzoli,0.7413,Joshua Zirkzee,0.7397,Marc Domenech,0.7371,Lucas Beltrán,0.7323
Jacen Russell-Rowe,Delantero centro,Petar Ratkov,0.9265,Aitor Mañas,0.9236,Sasa Kalajdzic,0.887,Ali Yousuf,0.8731,Pierre-Yves Hamel,0.8702,Christian Kouamé,0.8639,Edin Džeko,0.8374,Boulaye Dia,0.8348,Fynn Schenten,0.7829,Abel Ruiz,0.78,Matteo Lavelli,0.7694,Faris Pemi Moumbagna,0.7629,Amady Camara,0.7579,Idrissa Guèye,0.7555,Damion Downs,0.7544
Goduine Koyalipou,Delantero centro,Christopher Nkunku,0.8249,Victor Boniface,0.723,Ransford Königsdörffer,0.6906,Dmytro Bohdanov,0.6854,Antonio Arena,0.6822,Pierre Mounguengue,0.6759,Duván Zapata,0.668,Riccardo Braschi,0.6585,Sérigné Diop,0.656,Patrick Cutrone,0.6409,Joël Piroe,0.6161,Michy Batshuayi,0.6149,Tolu Arokodare,0.5989,Terem Moffi,0.5977,Che Adams,0.5915
Ciro Immobile,Delantero centro,Tani Oluwaseyi,0.9191,Jamie Vardy,0.8098,Jovan Milošević,0.7976,Borja Mayoral,0.713,Nesta Elphege,0.6999,Mika Biereth,0.6959,Rasmus Højlund,0.6639,Roman Yaremchuk,0.6354,Willem Geubbels,0.6315,Vladyslav Vanat,0.6278,Ange-Yoan Bonny,0.6191,Haris Tabaković,0.6097,Leonardo Pavoletti,0.597,Lorenzo Lucca,0.5884,Jonathan David,0.5833
Rayan Fofana,Delantero centro,Christian Kofane,0.9362,Nouha Dicko,0.9264,Francesco Esposito,0.9062,Marcus Thuram,0.8857,Gianluca Scamacca,0.8853,Yael Trepy,0.8852,Giovanni Simeone,0.8706,Toni Martínez,0.8626,Lautaro Martínez,0.8615,Emanuel Emegha,0.8564,Artem Dovbyk,0.8555,Nikola Krstović,0.8419,Keinan Davis,0.8396,Miguel Cubo,0.8291,Caleb Ekuban,0.8259
Mama Samba Baldé,Delantero centro,Mathys Tel,0.8304,Nathan Mbala,0.8298,Matthis Abline,0.7992,Mostafa Mohamed,0.7192,Kai Havertz,0.6869,Giuliano Simeone,0.682,Benedict Hollerbach,0.6673,Marc Domenech,0.6652,Ignatius Ganago,0.6611,Iago Aspas,0.6401,Igor Jesus,0.6395,Fábio Silva,0.6273,Federico Bonazzoli,0.611,Iván Romero,0.608,Maximilian Beier,0.6077
Ibou Sané,Delantero centro,Junior Adamu,0.9666,Jeff Ekhator,0.9207,Marvin Pieringer,0.8889,Lyle Foster,0.8717,Santiago Hidalgo,0.8208,Arthur,0.8141,Martin Satriano,0.7921,Iván Romero,0.7912,Florian Sotoca,0.7781,Raúl Jiménez,0.7568,Thijs Dallinga,0.74,Ilyas Ansah,0.7246,Giuliano Simeone,0.7235,Hwang Hee-chan,0.715,Ayoze Pérez,0.7078
Kader Meïté,Delantero centro,Fisnik Asllani,0.9719,Yael Trepy,0.9346,Deniz Undav,0.9274,Ragnar Ache,0.9258,Nouha Dicko,0.9205,Ousmane Dembélé,0.9027,Dušan Vlahović,0.8908,Marcus Thuram,0.8878,Kylian Mbappé,0.8854,Artem Dovbyk,0.8852,Hugo Ekitike,0.8819,Donyell Malen,0.8663,Roman Yaremchuk,0.8584,Toni Martínez,0.8417,Karl Etta Eyong,0.8406
Lanroy Machine,Delantero centro,Daniel Mosquera,0.9205,Umar Sadiq,0.9154,Santiago Giménez,0.9091,Armando Broja,0.9046,Jørgen Strand Larsen,0.8934,Patrick Cutrone,0.8731,Daniel Mikołajewski,0.8665,Bernard Nguene,0.8493,Kevin Carlos,0.8368,Mbwana Samatta,0.8335,Jean-Philippe Krasso,0.8289,David Datro Fofana,0.8251,Tim Kleindienst,0.8233,Abel Ruiz,0.8094,Edin Džeko,0.8054
Florian Sotoca,Delantero centro,Marvin Pieringer,0.9407,Sandro Kulenović,0.9164,Iván Romero,0.9137,Randal Kolo Muani,0.8806,Mostafa Mohamed,0.8732,Joshua King,0.8529,Adrian Benedyczak,0.8416,Keke Topp,0.8392,Arthur,0.8321,Lucas Beltrán,0.8275,Mateo Joseph,0.8172,Ezequiel Ávila,0.8125,Mathys Tel,0.7853,Ibou Sané,0.7781,Roberto Férnandez,0.7578
Giorgi Kvilitaia,Delantero centro,Alexandre Alemão,0.8479,Prosper Peter,0.8309,Zian Flemming,0.8102,Jaime Mata,0.7803,Joaquín Panichelli,0.779,Eddie Nketiah,0.7581,Romelu Lukaku,0.7506,André Silva,0.7462,Youssef El-Arabi,0.7172,Adam Buksa,0.7148,Semih Kılıçsoy,0.7137,Carlos Espí,0.7055,Phillip Tietz,0.685,Brian Brobbey,0.6833,Ante Budimir,0.6772
Terem Moffi,Delantero centro,George Ilenikhena,0.9123,Jean-Philippe Mateta,0.8257,Andreas Hountondji,0.8097,Wilson Isidor,0.7863,Dominic Calvert-Lewin,0.7224,Chris Wood,0.7207,Benjamin Šeško,0.7041,Gabriel Jesus,0.6537,Akor Adams,0.6367,Robert Lewandowski,0.6171,Bamba Dieng,0.6067,Ante Budimir,0.6026,Pierre Mounguengue,0.5992,Goduine Koyalipou,0.5977,Jonas Wind,0.5951
Matias Fernandez-Pardo,Delantero centro,Cucho,0.9001,José Luis Morales,0.8842,Lassine Sinayoko,0.8775,Mikel Oyarzabal,0.8635,Mohamed Amoura,0.8426,Valentín Castellanos,0.8267,Joshua Zirkzee,0.8197,Julián Álvarez,0.7606,Iago Aspas,0.758,Charalampos Kostoulas,0.7561,Omar Marmoush,0.751,Luca Waldschmidt,0.7455,Conrad Harder,0.7422,Pablo Durán,0.7329,Fábio Silva,0.6956
Roman Yaremchuk,Delantero centro,Jovan Milošević,0.9338,Lorenzo Lucca,0.9331,Ollie Watkins,0.9253,Manex Carmona,0.9244,Nesta Elphege,0.9161,Callum Wilson,0.9159,Hugo Ekitike,0.9081,Haris Tabaković,0.9017,Beto,0.8987,Giorgi Guliashvili,0.8964,Robert Lewandowski,0.8842,Artem Dovbyk,0.8837,Asier Villalibre,0.8732,Stefanos Tzimas,0.866,Ragnar Ache,0.8658
Santi Franco,Delantero centro,Kevin Carlos,0.9048,Luca Moro,0.8937,Damián Pizarro,0.8676,Tim Kleindienst,0.8669,Daniel Mikołajewski,0.8614,Antonio Sanabria,0.8603,Jørgen Strand Larsen,0.84,Bernard Nguene,0.8368,Thiago Borbas,0.8338,Armando Broja,0.8249,Mbwana Samatta,0.8186,M'Bala Nzola,0.8034,Umar Sadiq,0.8001,Lanroy Machine,0.7982,Daniel Mosquera,0.7978
Manex Carmona,Delantero centro,Lorenzo Lucca,0.9628,Beto,0.9441,Roman Yaremchuk,0.9244,Nesta Elphege,0.9151,Viktor Gyökeres,0.9072,Asier Villalibre,0.89,Haris Tabaković,0.8808,Rasmus Højlund,0.8783,Robert Lewandowski,0.8764,Callum Wilson,0.869,Anastasios Douvikas,0.8689,Serhou Guirassy,0.8684,Hugo Ekitike,0.8678,Patrik Schick,0.8667,Jonathan Burkardt,0.8662
Arana,Delantero centro,Folarin Balogun,0.9497,Gorka Guruzeta,0.9012,Vedat Muriqi,0.8827,Gonçalo Ramos,0.8589,Tim Lemperle,0.8504,Lucas Boyé,0.8471,Alexander Sørloth,0.8248,Andrea Pinamonti,0.8149,Rafiu Durosinmi,0.7972,Nicolas Jackson,0.7906,Emersonn,0.7794,Budu Zivzivadze,0.7749,Federico Viñas,0.7662,Gift Orban,0.7318,Sergio Camello,0.7029
Jaime Mata,Delantero centro,Zian Flemming,0.9651,Joaquín Panichelli,0.8888,Eli Junior Kroupi,0.8671,Danny Welbeck,0.8493,William Osula,0.8476,Igor Matanović,0.8413,Ermedin Demirović,0.8306,Carlos Espí,0.8215,Max Moerstedt,0.8204,Igor Thiago,0.8181,Abdoulie Ceesay,0.7808,Gonzalo García,0.7805,Giorgi Kvilitaia,0.7803,Adam Buksa,0.7665,Eddie Nketiah,0.7659
Asier Villalibre,Delantero centro,Robert Lewandowski,0.9595,Bamba Dieng,0.9521,Giorgi Guliashvili,0.9499,Gianluca Scamacca,0.9475,Taiwo Awoniyi,0.9463,Emanuel Emegha,0.9428,Artem Dovbyk,0.9425,Giovanni Simeone,0.9339,Ollie Watkins,0.922,Borja Iglesias,0.9158,Serhou Guirassy,0.9123,Haris Tabaković,0.9091,Ferrán Torres,0.9084,Manex Carmona,0.89,Beto,0.8891
Giorgi Guliashvili,Delantero centro,Robert Lewandowski,0.9923,Bamba Dieng,0.9805,Ollie Watkins,0.9746,Ferrán Torres,0.9703,Callum Wilson,0.9694,Asier Villalibre,0.9499,Donyell Malen,0.9479,Harry Kane,0.911,Ragnar Ache,0.9086,Patrik Schick,0.9047,Taiwo Awoniyi,0.9044,Roman Yaremchuk,0.8964,Benjamin Šeško,0.8941,Orri Steinn Óskarsson,0.8923,Erling Haaland,0.8775
Ayden Heaven,Defensa central,Ismaël Doukouré,0.7341,Clinton Mata,0.6819,Facundo Medina,0.6802,Matteo Bianchetti,0.6572,Ramon Hendriks,0.6545,Moussa Niakhate,0.64,Enzo Ebosse,0.6214,Alessandro Marcandalli,0.6206,Oier Luengo,0.6203,Jozhua Vertrouwd,0.6191,Marquinhos,0.6035,James Hill,0.6011,César Tárrega,0.5369,Javi Rodríguez,0.536,Max Rosenfelder,0.5356
Dan Burn,Defensa central,Marcão,0.9102,Nobel Mendy,0.876,Mariano Troilo,0.8744,Cristian Romero,0.8453,Pedro Bigas,0.8425,Víctor Chust,0.8419,Sinaly Diomande,0.8365,Yerry Mina,0.8331,Philipp Lienhart,0.824,Dominik Kohr,0.8176,Pierre Kalulu,0.7857,Fikayo Tomori,0.7606,Ismaëlo Ganiou,0.7539,Catena,0.7402,Dean Huijsen,0.7368
Pablo,Defensa central,Tomoya Ando,0.9421,Chadi Riad,0.9116,Aritz Elustondo,0.898,Kristoffer Ajer,0.8764,Niklas Süle,0.848,Leonardo Balerdi,0.8082,Luke O'Nien,0.7869,Joe Gomez,0.782,Nicolas Cozza,0.778,Alessandro Bastoni,0.7691,Marcos Senesi,0.7394,Federico Ceccherini,0.7163,Matteo Bianchetti,0.7123,Nicolò Bertola,0.6865,Alejandro Francés,0.6731
Tosin Adarabioyo,Defensa central,Jay Idzes,0.934,Dani Calvo,0.8877,Bafodé Diakité,0.8487,Ameen Al-Dakhil,0.8345,Sebastiaan Bornauw,0.8317,Natan,0.8214,Patric,0.8129,Jorge Cuenca,0.8125,Anthony Jung,0.8098,Nils Zätterström,0.8082,Igor,0.7996,Joe Worrall,0.7898,Ladislav Krejčí,0.7845,Etienne Youte Kinkoue,0.7825,Aboubaka Soumahoro,0.7818
Olivier Boscagli,Defensa central,Kyllian Antonio,0.954,Jeanuël Belocian,0.8885,Ramon Hendriks,0.8525,Moussa Niakhate,0.8454,Adam Masina,0.833,César Azpilicueta,0.8317,Lilian Brassier,0.8285,Alidu Seidu,0.806,Warmed Omari,0.7947,Matteo Bianchetti,0.764,Jorge Herrando,0.7462,Zé Pedro Figueiredo,0.7424,Marcos Senesi,0.7424,Raúl Albiol,0.7403,Jordan Lefort,0.7339
Issa Diop,Defensa central,Francesco Folino,0.9515,Francisco Sierralta,0.9365,Raúl Asencio,0.9327,Robin Hranáč,0.9264,Andrew Omobamidele,0.9178,Sebastiano Luperto,0.9119,Seny Koumbassa,0.9015,Illia Zabarnyi,0.8935,Federico Baschirotto,0.8889,Marc-Oliver Kempf,0.8885,Luca Reggiani,0.8842,Eric Bailly,0.8835,Rúben Dias,0.8821,Stephan Zagadou,0.8735,Miguel Ángel Rubio,0.8631
Yerson Mosquera,Defensa central,Cedric Zesiger,0.876,Soumaïla Coulibaly,0.8443,Pau Navarro,0.843,Abdoulaye Faye,0.8381,Michel Mboula,0.8157,Ayumu Seko,0.7945,Sebastian Otoa,0.7445,Aurèle Amenda,0.7384,Tim Siersleben,0.698,Julian Chabot,0.6976,Abdoulaye Bamba,0.6926,Diogo Leite,0.6921,Saba Goglichidze,0.6644,Arturo Calabresi,0.6623,Christian Mawissa,0.6334
Murillo,Defensa central,Marc Bartra,0.9352,Pietro Comuzzo,0.9134,Isak Hien,0.8682,Tiago Gabriel,0.8239,Filippo Terracciano,0.7888,Unai Elgezabal,0.7797,Tarik Muharemovic,0.7694,Antonio Caracciolo,0.764,Konstantinos Mavropanos,0.7309,Axel Tuanzebe,0.7261,Mohammed Salisu,0.7247,Ethan Pinnock,0.6682,Rafa Marín,0.6649,Duje Ćaleta-Car,0.6624,Konstantinos Koulierakis,0.6518
Rúben Dias,Defensa central,Seny Koumbassa,0.9722,Miguel Ángel Rubio,0.9439,Virgil van Dijk,0.9215,Sam Beukema,0.9152,Matthijs de Ligt,0.9115,Joe Rodon,0.9108,Eric Dier,0.9104,Francisco Sierralta,0.8891,Federico Baschirotto,0.8864,Issa Diop,0.8821,Thomas Kristensen,0.873,Raúl Asencio,0.8689,Danilho Doekhi,0.8627,Denis Vavro,0.8623,Robin Hranáč,0.8456
James Hill,Defensa central,Andreas Hanche-Olsen,0.7797,Francesco Acerbi,0.7671,Ardian Ismajli,0.7387,Facundo Medina,0.7084,Marcos Senesi,0.6963,Benjamin Pavard,0.6773,Ismaël Doukouré,0.6691,Alidu Seidu,0.6539,Sven Botman,0.6537,Alessandro Buongiorno,0.6508,Nathan Collins,0.6372,Finn Jeltsch,0.6269,Jordan Lefort,0.6233,Jeffrey Gouweleeuw,0.6135,Ayden Heaven,0.6011
Jorge Cuenca,Defensa central,Sebastiaan Bornauw,0.9912,Matias Moreno,0.9546,Luca Marianucci,0.8291,Abdulai Juma Bah,0.8254,Tosin Adarabioyo,0.8125,Formose Mendy,0.8056,Yoel Lago,0.8015,Sead Kolašinac,0.8015,Jay Idzes,0.7879,Aboubaka Soumahoro,0.7858,Armel Bella Kotchap,0.7827,Matteo Palma,0.7804,Anthony Jung,0.7698,Marin Pongračić,0.7613,Cristhian Mosquera,0.7596
Victor Lindelöf,Defensa central,Luca Jaquez,0.9413,Terry Yegbe,0.8744,Montassar Talbi,0.844,Nico Elvedi,0.7964,Rav van den Berg,0.7472,Mamedi Doucouré,0.7403,Shafiq Nandja,0.7403,Marco Esteban,0.7403,David Odogu,0.7403,Federico Gattoni,0.7403,Noham Kamara,0.7403,Edoardo Goldaniga,0.7403,Willy Kambwala,0.7403,Alessandro Marcandalli,0.7343,Raúl Albiol,0.7272
Cristhian Mosquera,Defensa central,Sead Kolašinac,0.994,Yoel Lago,0.9304,Francesco Coppola,0.9257,Arturo Calabresi,0.9164,Joël Schmied,0.9143,Julián Malatini,0.8792,Moussa Diarra,0.8763,Fali Candé,0.8756,Thomas Keller,0.8679,Arthur Chaves,0.8534,Luca Marianucci,0.8499,Aboubaka Soumahoro,0.8198,Daniel Denoon,0.8111,Benedikt Gimber,0.8086,Branimir Mlacic,0.8083
Daniel Ballard,Defensa central,Micky van de Ven,0.8339,Abdelhamid Ait Boudlal,0.8266,Guillermo Maripán,0.8169,Leo Skiri Østigård,0.8158,Jarell Quansah,0.8125,Malick Thiaw,0.8012,Dean Huijsen,0.7984,Mouctar Diakhaby,0.7943,Christian Kabasele,0.7921,Kevin Diks,0.791,Marcão,0.7841,Samir Chergui,0.778,Luka Vušković,0.7713,Edmond Tapsoba,0.7694,Thomas Kristensen,0.768
Nathan Aké,Defensa central,Bashir Humphreys,0.9047,Marash Kumbulla,0.8872,Hjalmar Ekdal,0.8273,David López,0.7615,Marcos Alonso,0.7432,Nayef Aguerd,0.7353,Amos Pieper,0.7223,Cenk Özkacar,0.7184,Fabian Schär,0.6925,Emmanuel Agbadou,0.6851,Bafodé Diakité,0.6814,Pascal Struijk,0.6764,Tyrone Mings,0.6686,Jair Cunha,0.6685,Ezra Mayers,0.6683
Sebastiaan Bornauw,Defensa central,Jorge Cuenca,0.9912,Matias Moreno,0.9273,Tosin Adarabioyo,0.8317,Abdulai Juma Bah,0.8293,Jay Idzes,0.804,Matteo Palma,0.8001,Luca Marianucci,0.7832,Anthony Jung,0.7746,Radu Drăgușin,0.772,Aboubaka Soumahoro,0.7629,Formose Mendy,0.7524,Armel Bella Kotchap,0.7474,Koki Machida,0.7354,Abdul Mumin,0.7344,Yoel Lago,0.7344
Benoît Badiashile,Defensa central,Pablo Marí,0.9715,Eivind Helland,0.967,Daniele Rugani,0.9585,Armel Bella Kotchap,0.9496,Moïse Bombito,0.9495,Abdul Mumin,0.9467,Fábio Cardoso,0.9423,Aleksa Puric,0.939,Koki Machida,0.9365,Anthony Jung,0.9212,Juan Foyth,0.9067,Marin Pongračić,0.8922,Luken Beitia,0.8567,Natan,0.855,Matteo Palma,0.8516
John Stones,Defensa central,Matías Pérez,0.9953,Jenson Seelt,0.9694,Daniel Martinez,0.9444,Ezra Mayers,0.942,Nayef Aguerd,0.9272,Diego Aguado,0.9169,Edoardo Goldaniga,0.913,Federico Gattoni,0.913,Marco Esteban,0.913,David Odogu,0.913,Noham Kamara,0.913,Willy Kambwala,0.913,Mamedi Doucouré,0.913,Shafiq Nandja,0.913,El Chadaille Bitshiabu,0.9104
Joe Worrall,Defensa central,Igor,0.9825,Ameen Al-Dakhil,0.9757,Joseph Aidoo,0.9745,El Chadaille Bitshiabu,0.9702,Veljko Milosavljević,0.9659,Ramón Martínez,0.9499,Nils Zätterström,0.9496,Ousmane Toure,0.9399,David Odogu,0.9337,Willy Kambwala,0.9337,Marco Esteban,0.9337,Edoardo Goldaniga,0.9337,Federico Gattoni,0.9337,Noham Kamara,0.9337,Mamedi Doucouré,0.9337
Ethan Pinnock,Defensa central,Julian Chabot,0.9593,Loïc Bade,0.9465,Chancel Mbemba,0.9355,Ayumu Seko,0.8641,Andrias Edmundsson,0.8398,Aurèle Amenda,0.8319,Michel Mboula,0.8039,Pau Navarro,0.793,Nathaniel Adjei,0.7782,Sebastian Otoa,0.7722,Axel Disasi,0.7536,Abdoulaye Faye,0.7349,Cedric Zesiger,0.7132,Victor Nelsson,0.7079,Soumaïla Coulibaly,0.7036
Santiago Bueno,Defensa central,Javier Castro,0.9718,Strahinja Pavlović,0.943,Jarell Quansah,0.9387,Amir Rrahmani,0.9305,Leo Skiri Østigård,0.9266,Yann Aurel Bisseck,0.9228,Edmond Tapsoba,0.9223,Danilho Doekhi,0.9186,Sam Beukema,0.9178,Samson Baidoo,0.9078,Nico Schlotterbeck,0.9053,Luka Vušković,0.9031,Matthias Ginter,0.9012,Lucas Beraldo,0.8975,Malick Thiaw,0.8907
Konstantinos Mavropanos,Defensa central,Marc Bartra,0.8696,Sven Botman,0.8672,Filippo Terracciano,0.8431,Adrián de la Fuente,0.8162,Tiago Gabriel,0.8067,Mohammed Salisu,0.8009,Axel Tuanzebe,0.7927,Willi Orban,0.7891,Konstantinos Koulierakis,0.7881,Tarik Muharemovic,0.7849,Antonio Caracciolo,0.7838,Jarrad Branthwaite,0.7823,Gautier Lloris,0.7757,Oumar Solet,0.7712,Manuel Akanji,0.7646
Calvin Bassey,Defensa central,Kojo Peprah Oppong,0.8621,Simone Canestrelli,0.8125,Karol Mets,0.8103,William Saliba,0.7744,Odilon Kossounou,0.7599,Lloyd Kelly,0.7245,Jamil Siebert,0.7219,Morato,0.7132,Alessandro Circati,0.7045,Luca Ranieri,0.6946,Koni De Winter,0.6673,Robin Le Normand,0.661,Marco Friedl,0.6568,Ibrahima Konaté,0.6352,Juan Rodríguez,0.6302
Veljko Milosavljević,Defensa central,El Chadaille Bitshiabu,0.9875,Joe Worrall,0.9659,Igor,0.9465,Diego Aguado,0.9379,Ramón Martínez,0.9355,Federico Gattoni,0.934,Edoardo Goldaniga,0.934,David Odogu,0.934,Shafiq Nandja,0.934,Noham Kamara,0.934,Mamedi Doucouré,0.934,Willy Kambwala,0.934,Marco Esteban,0.934,Joseph Aidoo,0.9246,Ameen Al-Dakhil,0.9182
Jair Cunha,Defensa central,Ifechukwu Ogbus,0.9696,Tobias Slotsager,0.958,Marcos Alonso,0.8799,Carlos Dominguez,0.8151,Toti Gomes,0.8011,Cenk Özkacar,0.7913,Gerard Martín,0.7757,Nayef Aguerd,0.7748,Tyrone Mings,0.7705,Stefan de Vrij,0.7702,Ezra Mayers,0.7217,Daley Blind,0.7189,Ezri Konsa,0.7187,Mario Gila,0.6944,Javier Olaizola,0.6922
Radu Drăgușin,Defensa central,Maxim Leitsch,0.9467,Matteo Palma,0.9448,Uroš Radaković,0.9023,Abdukodir Khusanov,0.8858,Fernando Calero,0.8789,Juan Foyth,0.871,Berat Djimsiti,0.8659,Junior Diaz,0.8572,Jordan Torunarigha,0.8544,Abdul Mumin,0.8411,Yeray Álvarez,0.8371,Aleksa Puric,0.8367,Maximilian Wöber,0.833,Sékou Doucoure,0.8292,Mick Schmetgens,0.8273
Joe Gomez,Defensa central,Niklas Süle,0.981,José María Giménez,0.8032,Marcos Senesi,0.8013,Aritz Elustondo,0.7999,Alberto Dossena,0.7899,Pablo,0.782,Federico Ceccherini,0.78,Chadi Riad,0.7629,Oier Luengo,0.7385,Abdel Abqar,0.7282,Leonardo Balerdi,0.7269,Tomoya Ando,0.7249,Kyllian Antonio,0.7077,Kristoffer Ajer,0.7012,Alessandro Bastoni,0.6851
Jarrad Branthwaite,Defensa central,Manuel Akanji,0.973,Danilho Doekhi,0.9466,Thomas Kristensen,0.9243,Samir Chergui,0.9179,Willi Orban,0.9116,Malick Thiaw,0.8962,Trevoh Chalobah,0.8836,Joe Rodon,0.8785,Hauke Wahl,0.8757,Guillermo Maripán,0.8741,Luka Vušković,0.862,Jon Martin,0.8617,Aïssa Mandi,0.8616,Sam Beukema,0.855,Amir Rrahmani,0.8549
Jenson Seelt,Defensa central,Matías Pérez,0.978,John Stones,0.9694,Daniel Martinez,0.9166,Diego Aguado,0.9071,Bafodé Diakité,0.8946,Nayef Aguerd,0.8944,Brad Mantsounga,0.8904,Dani Calvo,0.8884,Tim Oermann,0.8864,Dominique Heintz,0.882,Ezra Mayers,0.8754,Alvaro Cortes,0.8731,Ramón Martínez,0.8599,Marco Esteban,0.8446,Mamedi Doucouré,0.8446
Chadi Riad,Defensa central,Pablo,0.9116,Niklas Süle,0.852,Kristoffer Ajer,0.8294,Tomoya Ando,0.7823,Aritz Elustondo,0.7747,Joe Gomez,0.7629,Federico Ceccherini,0.7579,Jeffrey Gouweleeuw,0.7427,Luke O'Nien,0.7362,Diego Coppola,0.7305,Alberto Dossena,0.7204,Dávid Hancko,0.7139,Alessandro Marcandalli,0.7085,Alessandro Bastoni,0.7046,Marcos Senesi,0.7039
Luke O'Nien,Defensa central,Federico Ceccherini,0.8703,Alejandro Francés,0.8506,Tomoya Ando,0.8138,Aritz Elustondo,0.7918,Pablo,0.7869,Marcos Senesi,0.7732,Joachim Andersen,0.7492,Kyllian Antonio,0.7449,Chadi Riad,0.7362,Niklas Süle,0.7201,Mark McKenzie,0.7175,Abdel Abqar,0.7088,Matteo Bianchetti,0.682,Joe Gomez,0.6779,Fikayo Tomori,0.6768
Hjalmar Ekdal,Defensa central,Nayef Aguerd,0.9221,Bafodé Diakité,0.9202,Ezra Mayers,0.917,Tyrone Mings,0.8985,Willian Pacho,0.8804,Dani Calvo,0.8677,Matías Pérez,0.8554,Marash Kumbulla,0.8531,John Stones,0.8513,Nathan Aké,0.8273,Jenson Seelt,0.808,David López,0.8014,Filippo Romagna,0.7856,Jamaal Lascelles,0.7813,Ezri Konsa,0.7716
Sven Botman,Defensa central,Nathan Collins,0.9156,Jan Paul van Hecke,0.8866,Adrián de la Fuente,0.8818,Danny da Costa,0.8807,Tarik Muharemovic,0.8731,Konstantinos Mavropanos,0.8672,Gautier Lloris,0.864,Benjamin Pavard,0.8562,Chidozie Awaziem,0.8544,Oumar Solet,0.8272,Konstantinos Koulierakis,0.7909,Domingos Duarte,0.7704,Filippo Terracciano,0.7598,Marc Bartra,0.7335,Axel Tuanzebe,0.7334
Max Kilman,Defensa central,Jaydee Canvot,0.9763,Patric,0.974,Pelayo Fernandez,0.9624,Matteo Gabbia,0.9564,Ladislav Krejčí,0.9326,Etienne Youte Kinkoue,0.9219,Oliver Nielsen,0.8969,Logan Costa,0.885,Jamaal Lascelles,0.8678,Jorge Cabello,0.8633,Tyrone Mings,0.8439,Natan,0.8291,Nicolò Casale,0.8215,Federico Gattoni,0.8201,Noham Kamara,0.8201
Bashir Humphreys,Defensa central,Nathan Aké,0.9047,Facundo Garcés,0.7824,Marash Kumbulla,0.7698,Fabian Schär,0.7234,Amos Pieper,0.7201,Sebastián Boselli,0.7003,Lautaro Valenti,0.6984,Marcos Alonso,0.6779,Arturo Calabresi,0.6672,Emmanuel Agbadou,0.6549,Tim Siersleben,0.65,Thomas Keller,0.6487,David López,0.6371,Cenk Özkacar,0.6355,Unai Núñez,0.6294
Jean-Clair Todibo,Defensa central,Rav van den Berg,0.8705,Mark McKenzie,0.8078,Nico Elvedi,0.7224,Antonio Raillo,0.6984,CJ Egan-Riley,0.6968,Finn Jeltsch,0.6903,Enzo Ebosse,0.6863,Clément Lenglet,0.6774,Ramon Hendriks,0.6674,Christopher Wooh,0.6663,Filippo Mane,0.6659,Fikayo Tomori,0.6576,Moussa Niakhate,0.6568,Javi Rodríguez,0.6489,Luca Jaquez,0.648
Toti Gomes,Defensa central,Mario Gila,0.9172,Ezri Konsa,0.8779,Jair Cunha,0.8011,Tobias Slotsager,0.7794,Ifechukwu Ogbus,0.7792,Alessio Romagnoli,0.7737,Jahmai Simpson-Pusey,0.7659,CJ Egan-Riley,0.7535,Emmanuel Agbadou,0.7388,Torbjørn Heggem,0.7332,Carlos Dominguez,0.699,Marcos Alonso,0.677,Jon Pacheco,0.6752,Tyrone Mings,0.6743,Nayef Aguerd,0.6725
Abdukodir Khusanov,Defensa central,Junior Diaz,0.9613,Jordan Torunarigha,0.9577,Berat Djimsiti,0.9443,Maxim Leitsch,0.9052,Uroš Radaković,0.8964,Radu Drăgușin,0.8858,Daley Blind,0.8733,Maximilian Wöber,0.865,Fabio Chiarodia,0.8485,Fernando Calero,0.839,Juan Foyth,0.8258,Dimitri Lucea,0.823,Gerard Martín,0.8135,Levi Colwill,0.8109,Timo Hübers,0.809
Jaka Bijol,Defensa central,Gleison Bremer,0.9566,Joško Gvardiol,0.9488,Brendan Chardonnet,0.9183,Hiroki Ito,0.8975,Marc-Oliver Kempf,0.872,Lucas Beraldo,0.8629,Gabriel Magalhães,0.8587,Jonathan Tah,0.8527,Manu Hernando,0.8518,Éder Militão,0.8434,Samson Baidoo,0.841,Edmond Tapsoba,0.8087,Patrick Mainka,0.7996,Nathan Ngoy,0.7935,Michael Keane,0.7916
Kevin Danso,Defensa central,Unai Núñez,0.9211,Giovanni Bonfanti,0.9005,Nidal Čelik,0.8845,Branimir Mlacic,0.8707,Saba Goglichidze,0.864,Pablo Ramon,0.8614,Lautaro Valenti,0.807,Jan Ziółkowski,0.7864,Julián Malatini,0.772,Abdoulaye Bamba,0.7682,Arturo Calabresi,0.7652,Benedikt Gimber,0.7629,Arthur Chaves,0.7611,Wout Faes,0.761,Mikayil Ngor Faye,0.7569
Cristian Romero,Defensa central,Sinaly Diomande,0.9352,Nobel Mendy,0.9147,Dominik Kohr,0.8863,Ismaëlo Ganiou,0.8799,Yerry Mina,0.8553,Robin Koch,0.8485,Pedro Bigas,0.8459,Dan Burn,0.8453,Zaid Romero,0.8379,Marcão,0.8374,Christian Kabasele,0.8329,Mariano Troilo,0.8253,Eray Cömert,0.8158,Abdelhamid Ait Boudlal,0.8084,Arouna Sangante,0.8082
Pau Torres,Defensa central,Marquinhos,0.9535,Maxime Estève,0.9206,Nikola Milenković,0.9154,Lisandro Martínez,0.8519,Jozhua Vertrouwd,0.8386,Max Rosenfelder,0.834,Axel Disasi,0.82,Nathaniel Adjei,0.7638,Loïc Bade,0.7395,Clinton Mata,0.7282,Diego Aguado,0.7257,Hjalmar Ekdal,0.723,Brad Mantsounga,0.7182,Ezri Konsa,0.7169,Tim Oermann,0.7149
Wesley Fofana,Defensa central,Keven Schlotterbeck,0.9227,Clément Lenglet,0.9158,Fikayo Tomori,0.8936,Rosen Bozhinov,0.8515,Jérémy Jacquet,0.8108,Abdoulaye Ndiaye,0.8014,Thilo Kehrer,0.7931,Daniel Elfadli,0.7902,Juan Jesus,0.7623,Niklas Stark,0.7486,Abdel Abqar,0.7417,Mattia Viti,0.7316,Mark McKenzie,0.6843,Lucas Høgsberg,0.6831,Jon Pacheco,0.6712
Leny Yoro,Defensa central,Cenk Özkacar,0.9137,Fabian Schär,0.9108,Willian Pacho,0.8187,Amos Pieper,0.8107,Berat Djimsiti,0.747,Tim Siersleben,0.7282,Raphael Le Guen,0.7258,Abdukodir Khusanov,0.6939,Gerard Martín,0.6875,Maxim Leitsch,0.6841,Max Alleyne,0.6822,Fernando Calero,0.6778,Emmanuel Agbadou,0.6746,Radu Drăgușin,0.6742,Filippo Romagna,0.6737
Kristoffer Ajer,Defensa central,Pablo,0.8764,Tomoya Ando,0.8423,Chadi Riad,0.8294,Alessandro Marcandalli,0.813,Leonardo Balerdi,0.7816,Matteo Bianchetti,0.7804,Niklas Süle,0.7567,Nicolas Cozza,0.7544,Joe Gomez,0.7012,Aritz Elustondo,0.6887,Joachim Andersen,0.6801,Terry Yegbe,0.6769,Oier Luengo,0.6526,Diego Coppola,0.6196,Sebastián Boselli,0.6151
Marc Guéhi,Defensa central,Marc Pubill,0.8951,Hiroki Ito,0.8908,Brendan Chardonnet,0.8762,Joško Gvardiol,0.8618,Giorgio Scalvini,0.8604,Yann Aurel Bisseck,0.8454,Lucas Beraldo,0.8439,Eric García,0.842,Florian Lejeune,0.8409,Stanley N'Soki,0.8376,Éder Militão,0.817,Maxence Lacroix,0.8156,Konstantinos Koulierakis,0.8101,Gleison Bremer,0.7918,Mario Hermoso,0.7882
Harry Maguire,Defensa central,Alan Matturro,0.8938,Pierre Kalulu,0.863,Gabriel Magalhães,0.8599,Jean-Philippe Gbamin,0.8589,Eric Smith,0.8525,Dean Huijsen,0.8234,Éder Militão,0.8159,Maxence Lacroix,0.8069,Nathan Ngoy,0.799,Joško Gvardiol,0.7843,Brendan Chardonnet,0.7762,Enzo Boyomo,0.7682,Lucas Beraldo,0.7635,Abdelhamid Ait Boudlal,0.7632,Pedro Bigas,0.7629
Axel Tuanzebe,Defensa central,Rafa Marín,0.9727,Unai Elgezabal,0.9004,Tiago Gabriel,0.8159,Pietro Comuzzo,0.814,Konstantinos Mavropanos,0.7927,Filippo Terracciano,0.784,Mohammed Salisu,0.7774,Domingos Duarte,0.7657,Sven Botman,0.7334,Duje Ćaleta-Car,0.7327,Murillo,0.7261,Jhon Lucumí,0.7259,Facundo González,0.7201,Thomas Kristensen,0.7171,Nathan Collins,0.7168
Matthijs de Ligt,Defensa central,Waldemar Anton,0.917,Rúben Dias,0.9115,Denis Vavro,0.8834,Seny Koumbassa,0.8788,Joe Rodon,0.876,Miguel Ángel Rubio,0.8669,Malick Thiaw,0.8489,Virgil van Dijk,0.8244,Sam Beukema,0.8225,Leandro Cabrera,0.8111,Eric Dier,0.8107,Danilho Doekhi,0.8021,Ousmane Camara,0.7916,Lucas Beraldo,0.7872,Ronald Araújo,0.7821
Lisandro Martínez,Defensa central,Marquinhos,0.8826,Maxime Estève,0.8715,Pau Torres,0.8519,Jozhua Vertrouwd,0.8278,Ezri Konsa,0.8207,Max Rosenfelder,0.8013,Nikola Milenković,0.796,Alvaro Cortes,0.7732,CJ Egan-Riley,0.7331,Carl Starfelt,0.7254,Brad Mantsounga,0.7201,Ramón Martínez,0.7178,Tim Oermann,0.7171,Diego Aguado,0.7135,Derek Cornelius,0.708
Axel Disasi,Defensa central,Nathaniel Adjei,0.9478,Nikola Milenković,0.85,Loïc Bade,0.8417,Ayumu Seko,0.8286,Sebastian Otoa,0.8261,Pau Torres,0.82,David López,0.7943,Chancel Mbemba,0.7931,Ethan Pinnock,0.7536,Maxime Estève,0.7428,Max Rosenfelder,0.7323,Soumaïla Coulibaly,0.6791,Marquinhos,0.6647,Julian Chabot,0.649,Pau Navarro,0.637
Fabian Schär,Defensa central,Leny Yoro,0.9108,Cenk Özkacar,0.8684,Amos Pieper,0.8144,Tim Siersleben,0.7992,Facundo Garcés,0.7701,Bashir Humphreys,0.7234,Emmanuel Agbadou,0.7135,Nathan Aké,0.6925,Pascal Struijk,0.6733,Giovanni Bonfanti,0.6696,Gerard Martín,0.6525,Abdulai Juma Bah,0.6518,Aymeric Laporte,0.6488,Nicolò Bertola,0.6417,Kevin Danso,0.6328
Emmanuel Agbadou,Defensa central,Jahmai Simpson-Pusey,0.7898,Cenk Özkacar,0.7761,Tim Siersleben,0.76,Amos Pieper,0.7477,Toti Gomes,0.7388,Alexsandro Ribeiro,0.7223,Fabian Schär,0.7135,Nicolás Valentini,0.6942,Nathan Aké,0.6851,Honest Ahanor,0.6789,Leny Yoro,0.6746,Gerard Martín,0.6606,Bashir Humphreys,0.6549,Jair Cunha,0.6531,Tobias Slotsager,0.6478
Bafodé Diakité,Defensa central,Dani Calvo,0.9724,Hjalmar Ekdal,0.9202,Jenson Seelt,0.8946,John Stones,0.8928,Matías Pérez,0.8919,Daniel Martinez,0.8845,Marash Kumbulla,0.8751,Jay Idzes,0.8729,Ezra Mayers,0.8492,Tosin Adarabioyo,0.8487,Nayef Aguerd,0.8457,Dominique Heintz,0.8414,Willian Pacho,0.8167,Ramón Martínez,0.8114,Tyrone Mings,0.811
Joško Gvardiol,Defensa central,Gleison Bremer,0.9704,Lucas Beraldo,0.9641,Brendan Chardonnet,0.9512,Jaka Bijol,0.9488,Éder Militão,0.9414,Hiroki Ito,0.9358,Gabriel Magalhães,0.9259,Samson Baidoo,0.8966,Marc-Oliver Kempf,0.8945,Jonathan Tah,0.8931,Santiago Bueno,0.8763,Mario Hermoso,0.8678,Marc Guéhi,0.8618,Leo Skiri Østigård,0.8602,Edmond Tapsoba,0.8575
Nayef Aguerd,Defensa central,Ezra Mayers,0.9856,Tyrone Mings,0.959,Matías Pérez,0.941,John Stones,0.9272,Hjalmar Ekdal,0.9221,Jenson Seelt,0.8944,Bafodé Diakité,0.8457,Marcos Alonso,0.8359,Ezri Konsa,0.8301,Daniel Martinez,0.8212,Jamaal Lascelles,0.8211,Dani Calvo,0.8136,Diego Aguado,0.8073,Montassar Talbi,0.7915,Shafiq Nandja,0.7871
Mamadou Sarr,Defensa central,Jamaal Lascelles,0.974,El Chadaille Bitshiabu,0.9331,Noham Kamara,0.9275,David Odogu,0.9275,Mamedi Doucouré,0.9275,Marco Esteban,0.9275,Federico Gattoni,0.9275,Shafiq Nandja,0.9275,Edoardo Goldaniga,0.9275,Willy Kambwala,0.9275,Igor,0.9168,Joe Worrall,0.9161,Veljko Milosavljević,0.9061,Ameen Al-Dakhil,0.8804,Matteo Gabbia,0.8781
Tyrone Mings,Defensa central,Nayef Aguerd,0.959,Ezra Mayers,0.9581,Oliver Nielsen,0.9112,Jamaal Lascelles,0.8999,Hjalmar Ekdal,0.8985,Matías Pérez,0.8894,John Stones,0.889,Matteo Gabbia,0.875,Mamadou Sarr,0.8691,El Chadaille Bitshiabu,0.8572,Max Kilman,0.8439,Jenson Seelt,0.8422,Diego Aguado,0.8418,Marcos Alonso,0.8388,Veljko Milosavljević,0.8373
Morato,Defensa central,Jamil Siebert,0.918,Odilon Kossounou,0.916,Federico Baschirotto,0.8831,Sam Beukema,0.8817,Jarell Quansah,0.8693,Raúl Asencio,0.8662,Luca Reggiani,0.863,Facundo González,0.859,Francesco Folino,0.8581,Diego Carlos,0.8319,Adam Kölle,0.8193,Stefan Posch,0.8166,Ben Davies,0.8116,Thomas Kristensen,0.8039,Issa Diop,0.8018
Igor,Defensa central,Joe Worrall,0.9825,El Chadaille Bitshiabu,0.9767,Noham Kamara,0.9725,Federico Gattoni,0.9725,Willy Kambwala,0.9725,Marco Esteban,0.9725,Edoardo Goldaniga,0.9725,Mamedi Doucouré,0.9725,David Odogu,0.9725,Shafiq Nandja,0.9725,Ramón Martínez,0.9588,Ameen Al-Dakhil,0.9587,Nils Zätterström,0.9564,Veljko Milosavljević,0.9465,Logan Costa,0.9291
Gabriel Magalhães,Defensa central,Joško Gvardiol,0.9259,Lucas Beraldo,0.9253,Matthias Ginter,0.9092,Hiroki Ito,0.9012,Brendan Chardonnet,0.9003,James Tarkowski,0.8964,Marc-Oliver Kempf,0.8943,Éder Militão,0.8904,Santiago Bueno,0.8854,Gleison Bremer,0.8636,Dayot Upamecano,0.8618,Harry Maguire,0.8599,Jaka Bijol,0.8587,Edmond Tapsoba,0.8571,Javier Castro,0.8538
Sepp van den Berg,Defensa central,Diego Coppola,0.9559,Lukas Klostermann,0.9536,Terry Yegbe,0.8417,Montassar Talbi,0.7567,Aymeric Laporte,0.7563,Victor Lindelöf,0.7129,Alessandro Marcandalli,0.6968,Dante,0.6815,Luca Jaquez,0.6592,Chadi Riad,0.6257,David Alaba,0.6057,Jamaal Lascelles,0.5917,Dávid Hancko,0.5892,Kristoffer Ajer,0.5686,Mamadou Sarr,0.5547
Jamaal Lascelles,Defensa central,Mamadou Sarr,0.974,Matteo Gabbia,0.9306,Marco Esteban,0.9241,Mamedi Doucouré,0.9241,David Odogu,0.9241,Edoardo Goldaniga,0.9241,Willy Kambwala,0.9241,Shafiq Nandja,0.9241,Federico Gattoni,0.9241,Noham Kamara,0.9241,Patric,0.9113,Tyrone Mings,0.8999,El Chadaille Bitshiabu,0.8989,Oliver Nielsen,0.8763,Igor,0.8743
Trevoh Chalobah,Defensa central,Jarrad Branthwaite,0.8836,Thomas Kristensen,0.8721,Eray Cömert,0.855,Hauke Wahl,0.8447,Danilho Doekhi,0.8438,Manuel Akanji,0.8431,Abdelhamid Ait Boudlal,0.8409,Christian Kabasele,0.8355,Sam Beukema,0.8249,Marco Friedl,0.8185,Micky van de Ven,0.8117,Joe Rodon,0.8093,Rúben Dias,0.8028,Eric Dier,0.7952,Virgil van Dijk,0.7935
Ben Davies,Defensa central,Stefan Posch,0.9819,Ronald Araújo,0.9757,Adam Kölle,0.9674,Federico Gatti,0.955,Julien Le Cardinal,0.9413,Luca Reggiani,0.9119,John Donald,0.8921,Éder Militão,0.8882,Jarell Quansah,0.8842,Nico Schlotterbeck,0.8832,Ozan Kabak,0.8793,Raúl Asencio,0.8742,Leopold Querfeld,0.8719,Kevin Diks,0.8404,Leo Skiri Østigård,0.8316
Max Alleyne,Defensa central,Telli Siwe,0.9723,Ville Koski,0.9399,Raphael Le Guen,0.884,Luiz Felipe,0.8442,Piero Hincapié,0.8383,Stefan de Vrij,0.8323,Dan-Axel Zagadou,0.8173,Cenk Özkacar,0.8006,Jahmai Simpson-Pusey,0.7977,Kōta Takai,0.7819,Gerard Martín,0.7659,Fabio Chiarodia,0.7626,Berat Djimsiti,0.7352,Leny Yoro,0.6822,Ifechukwu Ogbus,0.6657
Ibrahima Konaté,Defensa central,Robin Hranáč,0.8217,Luca Reggiani,0.8076,Francesco Folino,0.7977,Juan Rodríguez,0.7958,Sebastiano Luperto,0.7825,Alessandro Circati,0.7693,Raúl Asencio,0.7444,Waldemar Anton,0.7283,Illia Zabarnyi,0.6986,Morato,0.6938,Issa Diop,0.6834,Ronald Araújo,0.6676,Julien Le Cardinal,0.6636,Ben Davies,0.6577,Calvin Bassey,0.6352
Ezra Mayers,Defensa central,Nayef Aguerd,0.9856,Tyrone Mings,0.9581,Matías Pérez,0.9425,John Stones,0.942,Hjalmar Ekdal,0.917,Jenson Seelt,0.8754,Jamaal Lascelles,0.8661,Daniel Martinez,0.8631,Filippo Romagna,0.8572,Mamadou Sarr,0.8551,Bafodé Diakité,0.8492,El Chadaille Bitshiabu,0.8411,Veljko Milosavljević,0.8339,Shafiq Nandja,0.8329,Edoardo Goldaniga,0.8329
Maxence Lacroix,Defensa central,Nathan Ngoy,0.9137,Jean-Philippe Gbamin,0.8653,Arouna Sangante,0.8574,Marc Guéhi,0.8156,Harry Maguire,0.8069,Michael Keane,0.7989,Brendan Chardonnet,0.7691,Pedro Bigas,0.766,Joško Gvardiol,0.7516,Robin Koch,0.7474,Hiroki Ito,0.7466,Lucas Beraldo,0.7302,Eray Cömert,0.7296,Kim Min-jae,0.7281,Alan Matturro,0.7271
Pascal Struijk,Defensa central,Aymeric Laporte,0.8628,Dante,0.7962,Francesco Acerbi,0.7674,Dávid Hancko,0.7673,Antonio Raillo,0.7625,Nicolò Bertola,0.6929,Jeffrey Gouweleeuw,0.6846,Ardian Ismajli,0.6835,Nathan Aké,0.6764,Fabian Schär,0.6733,José María Giménez,0.6555,David López,0.6544,Marash Kumbulla,0.6381,Clemens Riedel,0.6271,Renato Veiga,0.6261
Micky van de Ven,Defensa central,Dean Huijsen,0.9396,Catena,0.9149,Abdelhamid Ait Boudlal,0.9148,Edmond Tapsoba,0.8808,Santiago Bueno,0.8702,Strahinja Pavlović,0.8646,Amir Rrahmani,0.8569,Eray Cömert,0.85,Marc-Oliver Kempf,0.8487,Javier Castro,0.8458,Leo Skiri Østigård,0.8427,Matthias Ginter,0.8388,Daniel Ballard,0.8339,Thomas Kristensen,0.8253,Christian Kabasele,0.8167
Joachim Andersen,Defensa central,Luke O'Nien,0.7492,Mark McKenzie,0.7028,Kristoffer Ajer,0.6801,Federico Ceccherini,0.6631,Fikayo Tomori,0.6602,Toti Gomes,0.6496,Tomoya Ando,0.6433,Keven Schlotterbeck,0.6234,Leonardo Balerdi,0.6193,Mario Gila,0.6187,Jean-Clair Todibo,0.6175,Moustapha Mbow,0.6152,Terry Yegbe,0.6091,Alessandro Marcandalli,0.6064,Jahmai Simpson-Pusey,0.5983
Malick Thiaw,Defensa central,Samir Chergui,0.964,Kevin Diks,0.9458,Danilho Doekhi,0.9435,Leandro Cabrera,0.9434,Sam Beukema,0.9378,Jarell Quansah,0.9293,Guillermo Maripán,0.9283,Denis Vavro,0.9185,Joe Rodon,0.9154,Virgil van Dijk,0.907,Jarrad Branthwaite,0.8962,Thomas Kristensen,0.8934,Santiago Bueno,0.8907,Willi Orban,0.8873,Manuel Akanji,0.8798
Joe Rodon,Defensa central,Virgil van Dijk,0.9317,Malick Thiaw,0.9154,Rúben Dias,0.9108,Leandro Cabrera,0.9095,Thomas Kristensen,0.9059,Sam Beukema,0.9009,Manuel Akanji,0.8913,Ousmane Camara,0.8825,Denis Vavro,0.8822,Jarrad Branthwaite,0.8785,Matthijs de Ligt,0.876,Miguel Ángel Rubio,0.8719,Samir Chergui,0.8583,Danilho Doekhi,0.8541,Federico Baschirotto,0.8508
Maxime Estève,Defensa central,Marquinhos,0.9321,Pau Torres,0.9206,Max Rosenfelder,0.8782,Jozhua Vertrouwd,0.875,Lisandro Martínez,0.8715,Nikola Milenković,0.851,Andrias Edmundsson,0.801,Alvaro Cortes,0.786,Victor Nelsson,0.7812,Clinton Mata,0.769,Derek Cornelius,0.7604,Axel Disasi,0.7428,Loïc Bade,0.7325,Nathaniel Adjei,0.7311,Dominique Heintz,0.7226
Lewis Dunk,Defensa central,Antonio Rüdiger,0.9161,Facundo González,0.8588,Jamil Siebert,0.8337,Simone Canestrelli,0.8045,Federico Baschirotto,0.8015,Manuel Akanji,0.7841,Thomas Kristensen,0.78,Joe Rodon,0.7635,Leandro Cabrera,0.7606,Castello Lukeba,0.7281,David Costas,0.7192,Ousmane Camara,0.708,Sam Beukema,0.7,Virgil van Dijk,0.6798,Samir Chergui,0.672
Nathan Collins,Defensa central,Sven Botman,0.9156,Domingos Duarte,0.883,Chidozie Awaziem,0.8673,Benjamin Pavard,0.8115,Tarik Muharemovic,0.8032,Andreas Hanche-Olsen,0.7641,Gautier Lloris,0.7544,Konstantinos Mavropanos,0.7446,Jan Paul van Hecke,0.7399,Adrián de la Fuente,0.723,Axel Tuanzebe,0.7168,Danny da Costa,0.699,Vitor Reis,0.6984,Patrick Mainka,0.6922,Mohammed Salisu,0.6913
Ezri Konsa,Defensa central,Toti Gomes,0.8779,CJ Egan-Riley,0.8598,Matías Pérez,0.8303,Nayef Aguerd,0.8301,John Stones,0.8291,Diego Aguado,0.8259,Lisandro Martínez,0.8207,Jenson Seelt,0.8149,Tyrone Mings,0.8085,Ezra Mayers,0.8064,Brad Mantsounga,0.7965,Tim Oermann,0.7928,Alvaro Cortes,0.7843,Mario Gila,0.7841,Filippo Mane,0.7829
Omar Alderete,Defensa central,Charlie Cresswell,0.8904,Yann Aurel Bisseck,0.8289,Edmond Tapsoba,0.8034,Stefan Bell,0.8034,Patrick Mainka,0.7997,Samir Chergui,0.7981,Pablo Martínez,0.7886,Manu Hernando,0.7747,Amir Rrahmani,0.7734,Jarrad Branthwaite,0.7588,Leo Skiri Østigård,0.7575,Guillermo Maripán,0.757,Arthur Theate,0.7395,James Tarkowski,0.7377,Manuel Akanji,0.7373
Chris Richards,Defensa central,Waldemar Anton,0.7305,Karol Mets,0.7304,Castello Lukeba,0.7007,Pau Cubarsí,0.6883,Ousmane Camara,0.6774,Matthijs de Ligt,0.6687,Rúben Dias,0.6461,Johan Vásquez,0.6404,Eric Dier,0.6336,Juan Rodríguez,0.6329,Aaron Anselmino,0.6324,Eric Bailly,0.6216,David Costas,0.6213,William Saliba,0.6016,Alessandro Circati,0.5992
Virgil van Dijk,Defensa central,Miguel Ángel Rubio,0.9691,Joe Rodon,0.9317,Thomas Kristensen,0.9293,Denis Vavro,0.9235,Rúben Dias,0.9215,Leandro Cabrera,0.9133,Sam Beukema,0.9125,Francisco Sierralta,0.9071,Malick Thiaw,0.907,Federico Baschirotto,0.8981,Seny Koumbassa,0.8933,Danilho Doekhi,0.8796,Marc-Oliver Kempf,0.8762,Raúl Asencio,0.8732,Santiago Bueno,0.852
Marcos Senesi,Defensa central,Alidu Seidu,0.8814,Kyllian Antonio,0.8791,Aritz Elustondo,0.8749,Alejandro Francés,0.8589,Nicolò Bertola,0.8431,Ardian Ismajli,0.841,Jeffrey Gouweleeuw,0.8348,Alessandro Buongiorno,0.8123,Joe Gomez,0.8013,Tomoya Ando,0.7996,Niklas Süle,0.7979,Luke O'Nien,0.7732,Federico Ceccherini,0.7729,Francesco Acerbi,0.7539,Olivier Boscagli,0.7424
James Tarkowski,Defensa central,Edmond Tapsoba,0.9329,Yann Aurel Bisseck,0.9217,Matthias Ginter,0.9101,Marc Pubill,0.9011,Ramy Bensebaini,0.9005,Gabriel Magalhães,0.8964,Strahinja Pavlović,0.8879,Santiago Bueno,0.8848,Pablo Martínez,0.8798,Nico Schlotterbeck,0.879,Charlie Cresswell,0.8687,Javier Castro,0.8648,Leo Skiri Østigård,0.8569,Éder Militão,0.8465,Amir Rrahmani,0.8436
William Saliba,Defensa central,Karol Mets,0.9138,Simone Canestrelli,0.8827,Jamil Siebert,0.8163,David Costas,0.8126,Alessandro Circati,0.8035,Antonio Rüdiger,0.7847,Calvin Bassey,0.7744,Facundo González,0.7636,Odilon Kossounou,0.7429,Castello Lukeba,0.7382,Jhon Lucumí,0.7261,Koni De Winter,0.7221,Robin Hranáč,0.6985,Rúben Dias,0.6794,Lewis Dunk,0.6696
Nikola Milenković,Defensa central,Max Rosenfelder,0.919,Pau Torres,0.9154,Marquinhos,0.8962,Jozhua Vertrouwd,0.8657,Maxime Estève,0.851,Axel Disasi,0.85,Nathaniel Adjei,0.804,Lisandro Martínez,0.796,César Tárrega,0.7768,Copete,0.7643,Clinton Mata,0.737,Dani Calvo,0.7354,Hjalmar Ekdal,0.7289,Soumaïla Coulibaly,0.7234,Bafodé Diakité,0.7105
Levi Colwill,Defensa central,Yeray Álvarez,0.9855,Mick Schmetgens,0.9421,Dominique Heintz,0.9404,Daley Blind,0.9204,Maxim Leitsch,0.9175,Derek Cornelius,0.9151,Timo Hübers,0.9068,Alvaro Cortes,0.8778,Jordan Torunarigha,0.869,Filippo Romagna,0.8554,Filippo Mane,0.8499,Maximilian Wöber,0.8434,Matteo Palma,0.8382,Daniel Martinez,0.8246,Abdukodir Khusanov,0.8109
Zach Abbott,Defensa central,Timo Hübers,0.9445,Victor Valdepeñas,0.9187,Daniele Ghilardi,0.917,Maximilian Wöber,0.9148,Gabriel Osho,0.9143,Eddy Kouadio,0.91,Emmanuel Biumla,0.9027,Maxima Goffi,0.9003,Daley Blind,0.8769,Luca Marianucci,0.8606,Marvin Friedrich,0.86,Mikayil Ngor Faye,0.8585,Arthur Chaves,0.8443,Dimitri Lucea,0.8434,Jordan Torunarigha,0.8272
Michael Keane,Defensa central,Jean-Philippe Gbamin,0.8819,Kim Min-jae,0.8766,Gleison Bremer,0.8558,Hiroki Ito,0.8401,Lucas Beraldo,0.8362,Samson Baidoo,0.8296,Miguel Ángel Rubio,0.8295,Robin Koch,0.8198,Eric Dier,0.818,Abdelhamid Ait Boudlal,0.8119,Eray Cömert,0.8106,Joško Gvardiol,0.8101,Nathan Ngoy,0.8029,Stephan Zagadou,0.8004,Maxence Lacroix,0.7989
Jan Paul van Hecke,Defensa central,Adrián de la Fuente,0.9718,Benjamin Pavard,0.9247,Oumar Solet,0.9196,Danny da Costa,0.9173,Sven Botman,0.8866,Konstantinos Koulierakis,0.8612,Marc Pubill,0.8369,Chidozie Awaziem,0.832,Yann Aurel Bisseck,0.8107,James Tarkowski,0.8083,Gianluca Mancini,0.8013,Tarik Muharemovic,0.7805,Ramy Bensebaini,0.7779,Gautier Lloris,0.7758,Javier Castro,0.7636
José María Giménez,Defensa central,Alberto Dossena,0.948,Jeffrey Gouweleeuw,0.825,Joe Gomez,0.8032,Ardian Ismajli,0.8024,Niklas Süle,0.8004,Andreas Hanche-Olsen,0.7409,Dante,0.7319,Francesco Acerbi,0.7135,Clemens Riedel,0.7093,Alessandro Buongiorno,0.7058,Federico Ceccherini,0.6999,Marcos Senesi,0.6854,Nicolò Bertola,0.6837,Chadi Riad,0.6633,Abdel Abqar,0.6588
Jon Pacheco,Defensa central,Lucas Høgsberg,0.9701,Thilo Kehrer,0.8553,Jérémy Jacquet,0.8546,Kialonda,0.8437,Rosen Bozhinov,0.7753,Abdoulaye Ndiaye,0.7636,Clément Akpa,0.745,Mattia Viti,0.7333,Carl Starfelt,0.732,Daniel Elfadli,0.7283,Renato Veiga,0.7242,Fikayo Tomori,0.7224,Juan Jesus,0.7175,Nicolás Valentini,0.6959,CJ Egan-Riley,0.6927
Diego Aguado,Defensa central,El Chadaille Bitshiabu,0.9385,Veljko Milosavljević,0.9379,Alvaro Cortes,0.9289,John Stones,0.9169,Brad Mantsounga,0.9165,Tim Oermann,0.9111,Jenson Seelt,0.9071,Ramón Martínez,0.9045,Matías Pérez,0.903,Mamedi Doucouré,0.9028,Federico Gattoni,0.9028,Willy Kambwala,0.9028,David Odogu,0.9028,Edoardo Goldaniga,0.9028,Shafiq Nandja,0.9028
Castrin,Defensa central,Mouctar Diakhaby,0.9272,Chema,0.927,Luka Vušković,0.9263,Kike Salas,0.9122,Guillermo Maripán,0.9083,Aïssa Mandi,0.9037,Valentín Gómez,0.8723,Arthur Theate,0.8703,Giorgio Scalvini,0.8663,Jarell Quansah,0.8456,Gianluca Mancini,0.8351,Willi Orban,0.8301,Danilho Doekhi,0.8294,Samir Chergui,0.8233,Manuel Akanji,0.8173
César Azpilicueta,Defensa central,Olivier Boscagli,0.8317,Alidu Seidu,0.8228,Zé Pedro Figueiredo,0.8113,Jeanuël Belocian,0.806,Kyllian Antonio,0.8025,Alessandro Buongiorno,0.799,Finn Jeltsch,0.7765,Abdel Abqar,0.7404,Javi Rodríguez,0.7401,Formose Mendy,0.7332,Francesco Acerbi,0.7074,Moussa Niakhate,0.6995,Bamo Meïté,0.6945,Enzo Ebosse,0.6877,Jorge Herrando,0.6841
Raúl Asencio,Defensa central,Luca Reggiani,0.9753,Francesco Folino,0.9502,Issa Diop,0.9327,Julien Le Cardinal,0.9278,Francisco Sierralta,0.9174,Sam Beukema,0.9138,Ronald Araújo,0.9127,Marc-Oliver Kempf,0.908,Sebastiano Luperto,0.901,Miguel Ángel Rubio,0.8913,Federico Baschirotto,0.8891,Federico Gatti,0.8863,Robin Hranáč,0.8827,Ben Davies,0.8742,Virgil van Dijk,0.8732
Diego Llorente,Defensa central,Obite N'Dicka,0.9063,Aaron Anselmino,0.9051,Bryan Okoh,0.8991,Juan Rodríguez,0.887,Kacper Potulski,0.8843,John Donald,0.8837,Ozan Kabak,0.8535,Adam Dźwigała,0.8507,Chema,0.8416,Aitor Paredes,0.8318,Leopold Querfeld,0.8158,Adam Kölle,0.811,Luka Vušković,0.8024,Eric Dier,0.7988,Sebastiano Luperto,0.7987
Eric Bailly,Defensa central,Sebastiano Luperto,0.8836,Issa Diop,0.8835,Jhon Lucumí,0.8806,Obite N'Dicka,0.8663,Aitor Paredes,0.859,Andrew Omobamidele,0.8543,Eric Dier,0.8526,Odilon Kossounou,0.8439,Francesco Folino,0.8377,Francisco Sierralta,0.829,Bryan Okoh,0.829,Federico Baschirotto,0.7989,Pau Cubarsí,0.7979,Alessandro Circati,0.7975,Robin Hranáč,0.7936
Logan Costa,Defensa central,Etienne Youte Kinkoue,0.9773,Nils Zätterström,0.9541,Luken Beitia,0.9365,Igor,0.9291,Jorge Cabello,0.9244,Ladislav Krejčí,0.9225,Patric,0.9138,Pelayo Fernandez,0.9076,Ramón Martínez,0.9032,Ameen Al-Dakhil,0.9011,Amadou Cissé,0.8886,Max Kilman,0.885,Willy Kambwala,0.8793,Federico Gattoni,0.8793,Marco Esteban,0.8793
Unai Núñez,Defensa central,Lautaro Valenti,0.9576,Giovanni Bonfanti,0.9466,Kevin Danso,0.9211,Branimir Mlacic,0.8814,Christian Mawissa,0.8757,Pablo Ramon,0.8704,Benedikt Gimber,0.8692,Martin Vitík,0.8651,Saba Goglichidze,0.8617,Sebastián Boselli,0.8487,Nidal Čelik,0.8459,Julián Malatini,0.8236,Arthur Chaves,0.8221,Fali Candé,0.8168,Francesco Coppola,0.8091
Federico Gattoni,Defensa central,Edoardo Goldaniga,1.0,Marco Esteban,1.0,David Odogu,1.0,Shafiq Nandja,1.0,Mamedi Doucouré,1.0,Noham Kamara,1.0,Willy Kambwala,1.0,El Chadaille Bitshiabu,0.9728,Igor,0.9725,Veljko Milosavljević,0.934,Joe Worrall,0.9337,Mamadou Sarr,0.9275,Jamaal Lascelles,0.9241,Ramón Martínez,0.9229,John Stones,0.913
Abdel Abqar,Defensa central,Mark McKenzie,0.8396,Fikayo Tomori,0.779,Wesley Fofana,0.7417,César Azpilicueta,0.7404,Federico Ceccherini,0.7387,Alejandro Francés,0.7376,Joe Gomez,0.7282,Alberto Dossena,0.7208,Keven Schlotterbeck,0.7203,Marcos Senesi,0.7151,Bamo Meïté,0.7109,Luke O'Nien,0.7088,Kyllian Antonio,0.7078,Niklas Süle,0.6811,Clemens Riedel,0.679
Jorge Herrando,Defensa central,Moussa Niakhate,0.9372,Jeanuël Belocian,0.9195,Raúl Albiol,0.9099,Pedro Felipe,0.889,Adam Masina,0.8775,Zé Pedro Figueiredo,0.8654,Enzo Ebosse,0.8608,Nico Elvedi,0.8263,Javi Rodríguez,0.7885,Oier Luengo,0.7795,Ramon Hendriks,0.7559,Igor Zubeldia,0.7542,Matteo Bianchetti,0.7526,Luca Jaquez,0.7473,Olivier Boscagli,0.7462
Carl Starfelt,Defensa central,Daniel Elfadli,0.8134,Lucas Høgsberg,0.7913,Abdoulaye Ndiaye,0.7795,Mattia Viti,0.7753,Clément Akpa,0.7646,Jérémy Jacquet,0.7586,Jon Pacheco,0.732,Juan Jesus,0.7315,Lisandro Martínez,0.7254,Niklas Stark,0.7253,Thilo Kehrer,0.6615,Moritz Jenz,0.6559,Mario Gila,0.655,Tylel Tati,0.6372,Alessio Romagnoli,0.6308
Antonio Rüdiger,Defensa central,Lewis Dunk,0.9161,Facundo González,0.8362,Joe Rodon,0.8321,Castello Lukeba,0.8261,Thomas Kristensen,0.8149,Jamil Siebert,0.8143,Federico Baschirotto,0.788,William Saliba,0.7847,David Costas,0.777,Manuel Akanji,0.7642,Simone Canestrelli,0.7638,Virgil van Dijk,0.7565,Rúben Dias,0.7549,Leandro Cabrera,0.7431,Karol Mets,0.7351
Dani Calvo,Defensa central,Bafodé Diakité,0.9724,Jenson Seelt,0.8884,Jay Idzes,0.8881,Tosin Adarabioyo,0.8877,Matías Pérez,0.8783,John Stones,0.8774,Daniel Martinez,0.8764,Hjalmar Ekdal,0.8677,Ramón Martínez,0.8586,Jorge Cabello,0.8527,Etienne Youte Kinkoue,0.8505,Mamedi Doucouré,0.8434,Marco Esteban,0.8434,Noham Kamara,0.8434,David Odogu,0.8434
Zaid Romero,Defensa central,Ismaëlo Ganiou,0.9588,Dominik Kohr,0.9266,David Carmo,0.8699,Nobel Mendy,0.8587,Robin Koch,0.8448,Yerry Mina,0.8422,Víctor Chust,0.8409,Mariano Troilo,0.8381,Cristian Romero,0.8379,Pedro Bigas,0.8254,Otavio Ataide,0.8023,Philipp Lienhart,0.7821,Sinaly Diomande,0.7815,Arouna Sangante,0.7554,Daniel Vivian,0.7363
Eray Cömert,Defensa central,Abdelhamid Ait Boudlal,0.9755,Sinaly Diomande,0.8688,Eric Smith,0.8653,Javier Castro,0.8638,Amir Rrahmani,0.8566,Dean Huijsen,0.8564,Trevoh Chalobah,0.855,Micky van de Ven,0.85,Giorgio Scalvini,0.8434,Christian Kabasele,0.842,Santiago Bueno,0.8402,Samson Baidoo,0.8395,Robin Koch,0.8203,Catena,0.8177,Nathan Ngoy,0.8174
Clemens Riedel,Defensa central,Bamo Meïté,0.907,Javi Rodríguez,0.8447,Antonio Raillo,0.8244,Francesco Acerbi,0.8102,Alberto Dossena,0.8061,Mark McKenzie,0.7112,José María Giménez,0.7093,Enzo Ebosse,0.7005,Abdel Abqar,0.679,Zé Pedro Figueiredo,0.6741,Finn Jeltsch,0.6624,Aboubaka Soumahoro,0.6598,César Azpilicueta,0.6309,Joe Gomez,0.6302,Pascal Struijk,0.6271
Clément Lenglet,Defensa central,Wesley Fofana,0.9158,Fikayo Tomori,0.8491,Juan Jesus,0.8407,Abdoulaye Ndiaye,0.829,Mattia Viti,0.8199,Daniel Elfadli,0.8058,Keven Schlotterbeck,0.8005,Mark McKenzie,0.7841,Niklas Stark,0.7097,Jérémy Jacquet,0.7001,Lucas Høgsberg,0.6991,Thilo Kehrer,0.6813,Abdel Abqar,0.6775,Jean-Clair Todibo,0.6774,Rosen Bozhinov,0.6708
Marc Pubill,Defensa central,Yann Aurel Bisseck,0.9683,Nico Schlotterbeck,0.9158,Ramy Bensebaini,0.9138,Giorgio Scalvini,0.9127,Gianluca Mancini,0.9086,James Tarkowski,0.9011,Javier Castro,0.8955,Marc Guéhi,0.8951,Santiago Bueno,0.8843,Strahinja Pavlović,0.8643,Jarell Quansah,0.8552,Pablo Martínez,0.8527,Nicolás Capaldo,0.849,Eric Smith,0.8445,Eric García,0.8428
Aitor Paredes,Defensa central,Bryan Okoh,0.9753,Obite N'Dicka,0.97,Ozan Kabak,0.9373,Eric Dier,0.9325,Jon Martin,0.9147,Francisco Sierralta,0.9143,Andrew Omobamidele,0.9124,Jonathan Tah,0.9048,Chema,0.8982,Luka Vušković,0.8917,Samson Baidoo,0.8858,Sebastiano Luperto,0.8822,Federico Gatti,0.8816,Danilho Doekhi,0.8697,Mouctar Diakhaby,0.865
Mouctar Diakhaby,Defensa central,Chema,0.9868,Luka Vušković,0.9665,Leo Skiri Østigård,0.9294,Castrin,0.9272,Guillermo Maripán,0.9196,Stefan Bell,0.906,Ozan Kabak,0.9014,Jon Martin,0.8914,Christian Kabasele,0.8692,Aitor Paredes,0.865,Federico Gatti,0.8608,Bryan Okoh,0.8594,Obite N'Dicka,0.8593,Giorgio Scalvini,0.856,Danilho Doekhi,0.8394
Yeray Álvarez,Defensa central,Levi Colwill,0.9855,Mick Schmetgens,0.9763,Derek Cornelius,0.95,Dominique Heintz,0.9447,Maxim Leitsch,0.9259,Filippo Romagna,0.9086,Matteo Palma,0.8763,Daley Blind,0.8607,Alvaro Cortes,0.8601,Ousmane Toure,0.8518,Daniel Martinez,0.8515,Timo Hübers,0.8492,Jordan Torunarigha,0.8461,Radu Drăgușin,0.8371,Filippo Mane,0.8318
John Donald,Defensa central,Adam Kölle,0.9299,Federico Gatti,0.9189,Ozan Kabak,0.9091,Leopold Querfeld,0.9084,Ben Davies,0.8921,Diego Llorente,0.8837,Kacper Potulski,0.876,Stefan Posch,0.8731,Ronald Araújo,0.8722,Julien Le Cardinal,0.8563,Jonathan Tah,0.8553,Adam Dźwigała,0.85,Chema,0.8475,Bryan Okoh,0.8422,Sebastiano Luperto,0.8405
Tanguy Nianzou,Defensa central,Mattia Viti,0.8305,Tylel Tati,0.8146,Abdoulaye Ndiaye,0.8101,Daniel Denoon,0.7855,Juan Jesus,0.7827,Daniel Elfadli,0.7573,Mateus Lusuardi,0.7513,Thomas Keller,0.7355,Branimir Mlacic,0.7354,Jan Ziółkowski,0.7324,Benedikt Gimber,0.7226,Marin Pongračić,0.7212,Martin Vitík,0.7183,Joël Schmied,0.7154,Niklas Stark,0.7135
Joseph Aidoo,Defensa central,Ousmane Toure,0.9861,Joe Worrall,0.9745,Sékou Doucoure,0.9618,Ameen Al-Dakhil,0.9596,Veljko Milosavljević,0.9246,Igor,0.919,Derek Cornelius,0.916,Nils Zätterström,0.9152,El Chadaille Bitshiabu,0.9052,Jay Idzes,0.9041,Filippo Romagna,0.901,Juan Foyth,0.8941,Fernando Calero,0.8938,Anthony Jung,0.8909,Ramón Martínez,0.8817
Carlos Dominguez,Defensa central,Martin Valjent,0.9487,Stefan de Vrij,0.9112,Oliver Nielsen,0.8791,David Alaba,0.862,Ifechukwu Ogbus,0.8454,Martin Vitík,0.8453,Tobias Slotsager,0.8193,Jair Cunha,0.8151,Marcos Alonso,0.8117,Matteo Gabbia,0.8014,Guilherme Ramos,0.7974,Tyrone Mings,0.7927,Gerard Martín,0.7878,Kōta Takai,0.7662,Timothée Kolodziejczak,0.7628
Jorge Cabello,Defensa central,Etienne Youte Kinkoue,0.9671,Gaby Jean,0.9432,Manu Fernández,0.9338,Amadou Cissé,0.9275,Logan Costa,0.9244,Luken Beitia,0.9219,Ramón Martínez,0.8951,Max Kilman,0.8633,Moussa Diarra,0.8601,Marvin Friedrich,0.8544,Dani Calvo,0.8527,Tylel Tati,0.8467,Patric,0.8451,Diego Aguado,0.8424,Nicolò Casale,0.8416
Oier Luengo,Defensa central,Matteo Bianchetti,0.8805,Raúl Albiol,0.8718,Enzo Ebosse,0.8645,Pedro Felipe,0.8154,Moussa Niakhate,0.8109,Jeanuël Belocian,0.7891,Jorge Herrando,0.7795,Ramon Hendriks,0.7737,Zé Pedro Figueiredo,0.7618,Adam Masina,0.7618,Alessandro Marcandalli,0.7567,Mark McKenzie,0.7459,Niklas Süle,0.7424,Joe Gomez,0.7385,Igor Zubeldia,0.7159
Fábio Cardoso,Defensa central,Juan Foyth,0.9696,Eivind Helland,0.9678,Abdul Mumin,0.9433,Benoît Badiashile,0.9423,Luken Beitia,0.9416,Aleksa Puric,0.9295,Anthony Jung,0.9273,Nils Zätterström,0.9135,Matteo Palma,0.8994,Natan,0.8956,Ameen Al-Dakhil,0.8892,Armel Bella Kotchap,0.8835,Amadou Cissé,0.8693,Moïse Bombito,0.8663,Daniele Rugani,0.8645
Ville Koski,Defensa central,Telli Siwe,0.9805,Max Alleyne,0.9399,Raphael Le Guen,0.9203,Luiz Felipe,0.857,Piero Hincapié,0.831,Stefan de Vrij,0.8258,Berat Djimsiti,0.8178,Fabio Chiarodia,0.8172,Alessio Romagnoli,0.7603,Martin Valjent,0.7555,Cenk Özkacar,0.7459,Oliver Nielsen,0.7458,Carlos Dominguez,0.7368,Dan-Axel Zagadou,0.7365,David Alaba,0.736
Sebastián Boselli,Defensa central,Martin Vitík,0.9052,Lautaro Valenti,0.8697,Unai Núñez,0.8487,Axel Tapé,0.8208,Mateus Lusuardi,0.7973,Giovanni Bonfanti,0.7825,Andreas Christensen,0.7788,Jonas Adjetey,0.7601,Thomas Keller,0.7427,Fali Candé,0.7296,Guilherme Ramos,0.7295,Benedikt Gimber,0.7155,Facundo Garcés,0.7104,Martin Valjent,0.704,Kōta Takai,0.7015
Luiz Felipe,Defensa central,Fabio Chiarodia,0.944,Dan-Axel Zagadou,0.9425,Telli Siwe,0.9173,Stefan de Vrij,0.8617,Raphael Le Guen,0.8598,Kōta Takai,0.8591,Piero Hincapié,0.8579,Ville Koski,0.857,Nidal Čelik,0.8489,Max Alleyne,0.8442,Gerard Martín,0.8321,Berat Djimsiti,0.8254,Timothée Kolodziejczak,0.8049,Wout Faes,0.7908,Uroš Radaković,0.7828
Jozhua Vertrouwd,Defensa central,Marquinhos,0.9205,César Tárrega,0.8916,Maxime Estève,0.875,Nikola Milenković,0.8657,Clinton Mata,0.841,Pau Torres,0.8386,Max Rosenfelder,0.837,Lisandro Martínez,0.8278,Ramón Martínez,0.7753,Jorge Cabello,0.7549,Luken Beitia,0.732,Alvaro Cortes,0.7222,Victor Nelsson,0.7207,Gaby Jean,0.7179,Etienne Youte Kinkoue,0.7072
Marash Kumbulla,Defensa central,Nathan Aké,0.8872,Bafodé Diakité,0.8751,Hjalmar Ekdal,0.8531,Dani Calvo,0.838,Aboubaka Soumahoro,0.7814,Bashir Humphreys,0.7698,Kialonda,0.7586,Nayef Aguerd,0.7423,Antonio Raillo,0.7153,Tosin Adarabioyo,0.706,Jenson Seelt,0.6975,Ezra Mayers,0.695,Matías Pérez,0.6835,Sead Kolašinac,0.6821,Tyrone Mings,0.6701
Miguel Ángel Rubio,Defensa central,Virgil van Dijk,0.9691,Seny Koumbassa,0.9623,Rúben Dias,0.9439,Francisco Sierralta,0.9337,Marc-Oliver Kempf,0.916,Denis Vavro,0.9138,Raúl Asencio,0.8913,Eric Dier,0.8723,Joe Rodon,0.8719,Matthijs de Ligt,0.8669,Andrew Omobamidele,0.8662,Issa Diop,0.8631,Sam Beukema,0.8612,Lucas Beraldo,0.8522,Julien Le Cardinal,0.8519
David Alaba,Defensa central,Martin Valjent,0.9495,Matteo Gabbia,0.9342,Oliver Nielsen,0.8963,Guilherme Ramos,0.877,Carlos Dominguez,0.862,Jamaal Lascelles,0.8314,Jaydee Canvot,0.8265,Timothée Kolodziejczak,0.8222,Max Kilman,0.8152,Pelayo Fernandez,0.7896,David López,0.7877,Patric,0.7815,Tyrone Mings,0.7776,Stefan de Vrij,0.7753,Andreas Christensen,0.7676
Andreas Christensen,Defensa central,Axel Tapé,0.9736,Guilherme Ramos,0.9392,Kōta Takai,0.8606,Martin Valjent,0.8397,Facundo Garcés,0.8085,Timothée Kolodziejczak,0.8055,Sebastián Boselli,0.7788,Martin Vitík,0.7753,David Alaba,0.7676,Stefan de Vrij,0.7171,Carlos Dominguez,0.6655,Luiz Felipe,0.6534,Mateus Lusuardi,0.6509,Matteo Gabbia,0.6335,Nidal Čelik,0.6225
Moussa Diarra,Defensa central,Joël Schmied,0.9689,Julián Malatini,0.9254,Daniel Denoon,0.9173,Manu Fernández,0.9123,Thomas Keller,0.909,Gaby Jean,0.9056,Bambo Diaby,0.8975,Francesco Coppola,0.8973,Sead Kolašinac,0.8818,Yoel Lago,0.8813,Cristhian Mosquera,0.8763,Luca Marianucci,0.8635,Marin Pongračić,0.8633,Fali Candé,0.8629,Mateus Lusuardi,0.8622
Abdul Mumin,Defensa central,Aleksa Puric,0.998,Anthony Jung,0.9472,Benoît Badiashile,0.9467,Fábio Cardoso,0.9433,Juan Foyth,0.9386,Matteo Palma,0.9382,Armel Bella Kotchap,0.9318,Eivind Helland,0.9161,Pablo Marí,0.8859,Dimitri Lucea,0.8619,Koki Machida,0.8584,Youssouf Ndayishimiye,0.8492,Luken Beitia,0.8478,Derek Cornelius,0.8412,Radu Drăgușin,0.8411
Willy Kambwala,Defensa central,Edoardo Goldaniga,1.0,Marco Esteban,1.0,David Odogu,1.0,Shafiq Nandja,1.0,Mamedi Doucouré,1.0,Noham Kamara,1.0,Federico Gattoni,1.0,El Chadaille Bitshiabu,0.9728,Igor,0.9725,Veljko Milosavljević,0.934,Joe Worrall,0.9337,Mamadou Sarr,0.9275,Jamaal Lascelles,0.9241,Ramón Martínez,0.9229,John Stones,0.913
Unai Elgezabal,Defensa central,Axel Tuanzebe,0.9004,Pietro Comuzzo,0.8521,Rafa Marín,0.8394,Illia Zabarnyi,0.78,Murillo,0.7797,Andrew Omobamidele,0.7774,Issa Diop,0.7725,Francesco Folino,0.7575,Tiago Gabriel,0.7275,Sebastiano Luperto,0.7256,Chidozie Awaziem,0.7166,Domingos Duarte,0.7083,Raúl Asencio,0.7058,Francisco Sierralta,0.6919,Vitor Reis,0.6803
Victor Valdepeñas,Defensa central,Eddy Kouadio,0.9869,Gabriel Osho,0.9809,Emmanuel Biumla,0.9715,Maxima Goffi,0.9502,Zach Abbott,0.9187,Fali Candé,0.8918,Marvin Friedrich,0.8812,Javier Olaizola,0.8799,Arthur Chaves,0.855,Francesco Coppola,0.8486,Tim Oermann,0.816,Gaby Jean,0.8148,Benedikt Gimber,0.8138,Brad Mantsounga,0.8109,Julián Malatini,0.7993
Alan Matturro,Defensa central,Harry Maguire,0.8938,Pierre Kalulu,0.8916,Stephan Zagadou,0.841,Gabriel Magalhães,0.8305,Dayot Upamecano,0.8107,Jean-Philippe Gbamin,0.8088,Eric Smith,0.8063,Michael Keane,0.7951,Lucas Beraldo,0.7947,Robin Koch,0.7759,Marc-Oliver Kempf,0.773,Micky van de Ven,0.765,Eray Cömert,0.7583,Ruben Kluivert,0.7517,Dean Huijsen,0.7464
Éder Militão,Defensa central,Joško Gvardiol,0.9414,Lucas Beraldo,0.9118,Stefan Posch,0.8999,Julien Le Cardinal,0.8974,Brendan Chardonnet,0.892,Gabriel Magalhães,0.8904,Alessandro Bastoni,0.8893,Enzo Boyomo,0.8884,Ben Davies,0.8882,Ronald Araújo,0.8876,Mario Hermoso,0.887,Nico Schlotterbeck,0.8659,Federico Gatti,0.8654,Adam Kölle,0.8595,Gleison Bremer,0.8533
Pelayo Fernandez,Defensa central,Jaydee Canvot,0.9743,Patric,0.9712,Max Kilman,0.9624,Ladislav Krejčí,0.9565,Matteo Gabbia,0.9425,Logan Costa,0.9076,Etienne Youte Kinkoue,0.8971,Jamaal Lascelles,0.8724,Natan,0.8667,Oliver Nielsen,0.8507,Nils Zätterström,0.8463,Mamadou Sarr,0.8435,Igor,0.8406,Ameen Al-Dakhil,0.8354,Timothée Kolodziejczak,0.8223
Alejandro Francés,Defensa central,Federico Ceccherini,0.8788,Marcos Senesi,0.8589,Luke O'Nien,0.8506,Jeffrey Gouweleeuw,0.8274,Nicolò Bertola,0.7949,Aritz Elustondo,0.7641,Alidu Seidu,0.758,Ardian Ismajli,0.7412,Abdel Abqar,0.7376,Nicolás Capaldo,0.7279,Tomoya Ando,0.6826,Kyllian Antonio,0.6814,Pablo,0.6731,Keven Schlotterbeck,0.6655,Alberto Dossena,0.6619
Marco Esteban,Defensa central,Edoardo Goldaniga,1.0,David Odogu,1.0,Shafiq Nandja,1.0,Mamedi Doucouré,1.0,Noham Kamara,1.0,Federico Gattoni,1.0,Willy Kambwala,1.0,El Chadaille Bitshiabu,0.9728,Igor,0.9725,Veljko Milosavljević,0.934,Joe Worrall,0.9337,Mamadou Sarr,0.9275,Jamaal Lascelles,0.9241,Ramón Martínez,0.9229,John Stones,0.913
Aleksa Puric,Defensa central,Abdul Mumin,0.998,Armel Bella Kotchap,0.942,Benoît Badiashile,0.939,Matteo Palma,0.9345,Anthony Jung,0.9299,Fábio Cardoso,0.9295,Juan Foyth,0.9293,Eivind Helland,0.8971,Pablo Marí,0.8873,Dimitri Lucea,0.8842,Derek Cornelius,0.8431,Radu Drăgușin,0.8367,Koki Machida,0.8355,Youssouf Ndayishimiye,0.8338,Luken Beitia,0.8284
Ronald Araújo,Defensa central,Ben Davies,0.9757,Julien Le Cardinal,0.9682,Federico Gatti,0.9605,Stefan Posch,0.9568,Luca Reggiani,0.9467,Adam Kölle,0.932,Raúl Asencio,0.9127,Ozan Kabak,0.9071,Jarell Quansah,0.8974,Lucas Beraldo,0.8888,Éder Militão,0.8876,Santiago Bueno,0.875,Sam Beukema,0.8727,John Donald,0.8722,Nico Schlotterbeck,0.8642
Javier Olaizola,Defensa central,Eddy Kouadio,0.9448,Gabriel Osho,0.9363,Tim Oermann,0.9087,Brad Mantsounga,0.9051,Victor Valdepeñas,0.8799,Maxima Goffi,0.8531,Emmanuel Biumla,0.8444,Jenson Seelt,0.8284,Zach Abbott,0.8184,Daley Blind,0.8116,Marvin Friedrich,0.797,Alvaro Cortes,0.7611,CJ Egan-Riley,0.7522,Matías Pérez,0.7439,Timo Hübers,0.7386
Yoel Lago,Defensa central,Cristhian Mosquera,0.9304,Sead Kolašinac,0.9239,Bambo Diaby,0.8991,Aboubaka Soumahoro,0.8977,Joël Schmied,0.894,Moussa Diarra,0.8813,Thomas Keller,0.8476,Marin Pongračić,0.8462,Francesco Coppola,0.8363,Daniel Denoon,0.8356,Arturo Calabresi,0.8252,Julián Malatini,0.8154,Jorge Cuenca,0.8015,Luca Marianucci,0.7972,Moïse Bombito,0.7969
Luken Beitia,Defensa central,Nils Zätterström,0.9418,Fábio Cardoso,0.9416,Logan Costa,0.9365,Ramón Martínez,0.9328,Eivind Helland,0.9273,Jorge Cabello,0.9219,Manu Fernández,0.9203,Amadou Cissé,0.9182,Etienne Youte Kinkoue,0.9145,Ameen Al-Dakhil,0.8955,Natan,0.8882,Anthony Jung,0.8849,Igor,0.8709,Nicolò Casale,0.8705,Juan Foyth,0.8682
Ramón Martínez,Defensa central,Igor,0.9588,Joe Worrall,0.9499,El Chadaille Bitshiabu,0.947,Veljko Milosavljević,0.9355,Luken Beitia,0.9328,Ameen Al-Dakhil,0.9312,Nils Zätterström,0.9306,Daniel Martinez,0.9279,Mamedi Doucouré,0.9229,Federico Gattoni,0.9229,Willy Kambwala,0.9229,Noham Kamara,0.9229,David Odogu,0.9229,Marco Esteban,0.9229,Edoardo Goldaniga,0.9229
Bambo Diaby,Defensa central,Moïse Bombito,0.9528,Marin Pongračić,0.9445,Daniel Denoon,0.9126,Yoel Lago,0.8991,Moussa Diarra,0.8975,Daniele Rugani,0.874,Joël Schmied,0.8733,Manu Fernández,0.8581,Luken Beitia,0.8443,Jan Ziółkowski,0.8369,Koki Machida,0.8309,Eivind Helland,0.8305,Benoît Badiashile,0.8271,Pablo Marí,0.8255,Tylel Tati,0.8169
Facundo Garcés,Defensa central,Axel Tapé,0.8133,Andreas Christensen,0.8085,Bashir Humphreys,0.7824,Fabian Schär,0.7701,Guilherme Ramos,0.7405,Sebastián Boselli,0.7104,Kōta Takai,0.6973,Abdulai Juma Bah,0.6201,David López,0.5991,Jonas Adjetey,0.5881,Martin Valjent,0.5879,Pascal Struijk,0.586,Nicolás Valentini,0.5728,Cenk Özkacar,0.5716,Yerson Mosquera,0.5604
Aritz Elustondo,Defensa central,Tomoya Ando,0.9168,Pablo,0.898,Marcos Senesi,0.8749,Niklas Süle,0.842,Leonardo Balerdi,0.8408,Kyllian Antonio,0.8108,Joe Gomez,0.7999,Federico Ceccherini,0.7994,Luke O'Nien,0.7918,Chadi Riad,0.7747,Alejandro Francés,0.7641,Nicolò Bertola,0.7507,Malang Sarr,0.7373,Jeffrey Gouweleeuw,0.7165,Alessandro Bastoni,0.7158
Manu Fernández,Defensa central,Gaby Jean,0.9703,Amadou Cissé,0.9579,Jorge Cabello,0.9338,Marvin Friedrich,0.933,Luken Beitia,0.9203,Moussa Diarra,0.9123,Joël Schmied,0.8876,Nicolò Casale,0.8802,Julián Malatini,0.8692,Etienne Youte Kinkoue,0.8616,Daniel Denoon,0.8608,Fábio Cardoso,0.8598,Bambo Diaby,0.8581,Eivind Helland,0.8574,Tylel Tati,0.8574
Marcão,Defensa central,Mariano Troilo,0.9557,Nobel Mendy,0.9526,Yerry Mina,0.9173,Dan Burn,0.9102,Víctor Chust,0.8905,Philipp Lienhart,0.8692,Cristian Romero,0.8374,David Carmo,0.8324,Sinaly Diomande,0.8066,Dominik Kohr,0.8053,Daniel Ballard,0.7841,Catena,0.7515,Ismaëlo Ganiou,0.74,Moritz Jenz,0.7316,Micky van de Ven,0.7147
Alvaro Cortes,Defensa central,Dominique Heintz,0.957,Diego Aguado,0.9289,Brad Mantsounga,0.9201,Veljko Milosavljević,0.918,Tim Oermann,0.9169,Ramón Martínez,0.9149,Derek Cornelius,0.9018,Daniel Martinez,0.894,Levi Colwill,0.8778,El Chadaille Bitshiabu,0.8758,Jenson Seelt,0.8731,John Stones,0.8723,Marvin Friedrich,0.8647,Yeray Álvarez,0.8601,Timo Hübers,0.8498
Juan Foyth,Defensa central,Fábio Cardoso,0.9696,Abdul Mumin,0.9386,Eivind Helland,0.9367,Aleksa Puric,0.9293,Anthony Jung,0.9273,Matteo Palma,0.9148,Benoît Badiashile,0.9067,Ameen Al-Dakhil,0.9037,Jordan Torunarigha,0.9012,Fernando Calero,0.8995,Natan,0.8956,Joseph Aidoo,0.8941,Uroš Radaković,0.8934,Junior Diaz,0.89,Nils Zätterström,0.8765
Daniel Martinez,Defensa central,John Stones,0.9444,Dominique Heintz,0.9429,Ramón Martínez,0.9279,Matías Pérez,0.92,Jenson Seelt,0.9166,Veljko Milosavljević,0.9114,Jay Idzes,0.9081,El Chadaille Bitshiabu,0.9062,Joe Worrall,0.8988,Alvaro Cortes,0.894,Nicolò Casale,0.89,Igor,0.8884,Mick Schmetgens,0.8863,Bafodé Diakité,0.8845,Filippo Romagna,0.8768
David López,Defensa central,Hjalmar Ekdal,0.8014,Axel Disasi,0.7943,David Alaba,0.7877,Nathan Aké,0.7615,Renato Veiga,0.7592,Cenk Özkacar,0.7321,Jamaal Lascelles,0.7318,Tyrone Mings,0.7295,Oliver Nielsen,0.719,Matteo Gabbia,0.7186,Nathaniel Adjei,0.7132,Nikola Milenković,0.6835,Nayef Aguerd,0.6794,Martin Valjent,0.666,Ezra Mayers,0.6639
Pau Navarro,Defensa central,Soumaïla Coulibaly,0.9566,Cedric Zesiger,0.913,Aurèle Amenda,0.8835,César Tárrega,0.863,Ayumu Seko,0.8572,Yerson Mosquera,0.843,Abdoulaye Faye,0.8419,Michel Mboula,0.8339,Sebastian Otoa,0.8047,Andrias Edmundsson,0.7932,Ethan Pinnock,0.793,Loïc Bade,0.7907,Chancel Mbemba,0.7878,Julian Chabot,0.7867,Clinton Mata,0.7495
Dávid Hancko,Defensa central,Aymeric Laporte,0.7963,Nicolò Bertola,0.7852,Pascal Struijk,0.7673,Chadi Riad,0.7139,Jeffrey Gouweleeuw,0.7138,Jordan Lefort,0.6885,Antonio Raillo,0.6762,Nathan Aké,0.6622,Alessandro Marcandalli,0.6588,Montassar Talbi,0.6432,Nicolas Cozza,0.6277,Marcos Senesi,0.6206,Terry Yegbe,0.6001,Dante,0.5963,Pablo,0.5935
Florian Lejeune,Defensa central,Kacper Potulski,0.8781,Ozan Kabak,0.8689,Giorgio Scalvini,0.8669,Eric García,0.862,Guillermo Maripán,0.8479,Marc Guéhi,0.8409,Ramy Bensebaini,0.8407,Leopold Querfeld,0.8393,Stefan Bell,0.8382,Stefan Posch,0.8371,Chema,0.8369,Kike Salas,0.8344,Yann Aurel Bisseck,0.8332,Luka Vušković,0.8321,Marc Pubill,0.8312
Marc Bartra,Defensa central,Murillo,0.9352,Konstantinos Mavropanos,0.8696,Pietro Comuzzo,0.8375,Filippo Terracciano,0.8236,Tarik Muharemovic,0.8064,Tiago Gabriel,0.7735,Sven Botman,0.7335,Konstantinos Koulierakis,0.7265,Axel Tuanzebe,0.7154,Antonio Caracciolo,0.7096,Isak Hien,0.6948,Mohammed Salisu,0.6786,Unai Elgezabal,0.6721,Gautier Lloris,0.6394,Rafa Marín,0.6378
Ladislav Krejčí,Defensa central,Jaydee Canvot,0.9592,Pelayo Fernandez,0.9565,Patric,0.9476,Etienne Youte Kinkoue,0.9388,Max Kilman,0.9326,Logan Costa,0.9225,Natan,0.8649,Matteo Gabbia,0.8476,Jorge Cabello,0.8404,Nils Zätterström,0.8371,Luken Beitia,0.8059,Ameen Al-Dakhil,0.7991,Timothée Kolodziejczak,0.7937,Igor,0.7867,Christopher Wooh,0.7851
Rafa Marín,Defensa central,Axel Tuanzebe,0.9727,Unai Elgezabal,0.8394,Tiago Gabriel,0.8094,Filippo Terracciano,0.7881,Pietro Comuzzo,0.7787,David Costas,0.7651,Jhon Lucumí,0.7369,Konstantinos Mavropanos,0.713,Castello Lukeba,0.7099,Mohammed Salisu,0.7068,Domingos Duarte,0.7032,Duje Ćaleta-Car,0.6955,Facundo González,0.6819,Murillo,0.6649,William Saliba,0.6602
Enzo Boyomo,Defensa central,Éder Militão,0.8884,Ruben Kluivert,0.8873,Alessandro Bastoni,0.8612,Gabriel Magalhães,0.8519,Dayot Upamecano,0.8111,Joško Gvardiol,0.8086,Lucas Beraldo,0.8034,Mario Hermoso,0.8007,Stefan Posch,0.7967,Brendan Chardonnet,0.7956,Marc-Oliver Kempf,0.7943,Luca Reggiani,0.7933,Ben Davies,0.7922,Ronald Araújo,0.7797,Nico Schlotterbeck,0.7738
Marcos Alonso,Defensa central,Jair Cunha,0.8799,Tobias Slotsager,0.8659,Ifechukwu Ogbus,0.8516,Tyrone Mings,0.8388,Nayef Aguerd,0.8359,Carlos Dominguez,0.8117,Ezra Mayers,0.7943,Lautaro Valenti,0.7857,Gerard Martín,0.7717,Cenk Özkacar,0.7559,Nathan Aké,0.7432,Hjalmar Ekdal,0.7236,Oliver Nielsen,0.7203,Daley Blind,0.7181,Javier Olaizola,0.6997
Pablo Martínez,Defensa central,James Tarkowski,0.8798,Edmond Tapsoba,0.8632,Marc Pubill,0.8527,Charlie Cresswell,0.8476,Ramy Bensebaini,0.842,Strahinja Pavlović,0.8401,Yann Aurel Bisseck,0.8387,Matthias Ginter,0.8314,Javier Castro,0.8279,Amir Rrahmani,0.8241,Gianluca Mancini,0.8166,Lloyd Kelly,0.8037,Omar Alderete,0.7886,Stefan Bell,0.7797,Nico Schlotterbeck,0.7597
Renato Veiga,Defensa central,Kialonda,0.9031,Lucas Høgsberg,0.7754,David López,0.7592,Tosin Adarabioyo,0.7587,Alessio Romagnoli,0.7409,Jon Pacheco,0.7242,Hjalmar Ekdal,0.7236,Willian Pacho,0.687,Patric,0.6754,Jaydee Canvot,0.6702,Jamaal Lascelles,0.6688,Mamadou Sarr,0.663,Dani Calvo,0.6579,Marash Kumbulla,0.6515,Matteo Gabbia,0.6481
Natan,Defensa central,Ameen Al-Dakhil,0.9532,Eivind Helland,0.9527,Anthony Jung,0.9346,Nils Zätterström,0.9315,Fernando Calero,0.9214,Wout Faes,0.9082,Fábio Cardoso,0.8956,Juan Foyth,0.8956,Luken Beitia,0.8882,Tommaso Macchioni,0.8834,Logan Costa,0.8782,Jay Idzes,0.8716,Joe Worrall,0.8684,Pelayo Fernandez,0.8667,Ladislav Krejčí,0.8649
Valentín Gómez,Defensa central,Antoine Mendy,0.9157,Kike Salas,0.9003,Arthur Theate,0.882,Jarell Quansah,0.8818,Guillermo Maripán,0.8798,Castrin,0.8723,Stefan Posch,0.856,Samir Chergui,0.8547,Adam Kölle,0.8546,Kevin Diks,0.8371,Ben Davies,0.8294,Nico Schlotterbeck,0.8056,Daniel Vivian,0.8008,Noahkai Banks,0.7945,Leopold Querfeld,0.792
Domingos Duarte,Defensa central,Nathan Collins,0.883,Chidozie Awaziem,0.8655,Vitor Reis,0.8337,Mohammed Salisu,0.8284,Benjamin Pavard,0.8212,Duje Ćaleta-Car,0.7922,Sven Botman,0.7704,Axel Tuanzebe,0.7657,Andreas Hanche-Olsen,0.7346,Unai Elgezabal,0.7083,Tarik Muharemovic,0.7049,Rafa Marín,0.7032,Antonio Caracciolo,0.692,Gautier Lloris,0.671,Jan Paul van Hecke,0.6701
David Costas,Defensa central,Castello Lukeba,0.9445,Jhon Lucumí,0.9391,Karol Mets,0.9113,Facundo González,0.8578,Simone Canestrelli,0.8205,Jamil Siebert,0.8171,William Saliba,0.8126,Odilon Kossounou,0.8109,Antonio Rüdiger,0.777,Rafa Marín,0.7651,Eric Bailly,0.7546,Manuel Akanji,0.7493,Thomas Kristensen,0.7427,Marco Friedl,0.7387,Trevoh Chalobah,0.7309
Antonio Raillo,Defensa central,Javi Rodríguez,0.8333,Clemens Riedel,0.8244,Bamo Meïté,0.7876,Pascal Struijk,0.7625,Francesco Acerbi,0.7432,Finn Jeltsch,0.7311,Enzo Ebosse,0.7188,Marash Kumbulla,0.7153,Jean-Clair Todibo,0.6984,Terry Yegbe,0.6876,Aboubaka Soumahoro,0.6831,Dávid Hancko,0.6762,Alessandro Marcandalli,0.6686,Montassar Talbi,0.6621,Dante,0.6617
Kike Salas,Defensa central,Willi Orban,0.931,Arthur Theate,0.9195,Castrin,0.9122,Valentín Gómez,0.9003,Guillermo Maripán,0.8724,Aïssa Mandi,0.8654,Jarell Quansah,0.8644,Samir Chergui,0.8614,Eric García,0.8584,Giorgio Scalvini,0.8536,Danilho Doekhi,0.8447,Luka Vušković,0.8391,Florian Lejeune,0.8344,Malick Thiaw,0.812,Marc Pubill,0.8114
Igor Zubeldia,Defensa central,Bambo Diaby,0.7823,Moïse Bombito,0.7816,Marin Pongračić,0.7691,Daniele Rugani,0.7609,Zé Pedro Figueiredo,0.7555,Jorge Herrando,0.7542,Koki Machida,0.7532,Oier Luengo,0.7159,Ladislav Krejčí,0.6968,Javi Rodríguez,0.6743,Eivind Helland,0.6736,Benoît Badiashile,0.6624,Pablo Marí,0.6607,Daniel Denoon,0.6547,Luken Beitia,0.6496
Víctor Chust,Defensa central,Mariano Troilo,0.9498,Dominik Kohr,0.8999,Nobel Mendy,0.8931,Marcão,0.8905,Philipp Lienhart,0.8623,Yerry Mina,0.8461,Dan Burn,0.8419,Zaid Romero,0.8409,Ismaëlo Ganiou,0.8389,David Carmo,0.8285,Otavio Ataide,0.8192,Daniel Vivian,0.7753,Cristian Romero,0.7511,Luca Ranieri,0.7491,Moritz Jenz,0.7103
Gerard Martín,Defensa central,Lautaro Valenti,0.8774,Stefan de Vrij,0.8765,Ifechukwu Ogbus,0.8761,Giovanni Bonfanti,0.8732,Saba Goglichidze,0.8563,Luiz Felipe,0.8321,Christian Mawissa,0.8278,Abdoulaye Bamba,0.8251,Dan-Axel Zagadou,0.8164,Cenk Özkacar,0.8158,Abdukodir Khusanov,0.8135,Unai Núñez,0.8022,Tobias Slotsager,0.7965,Carlos Dominguez,0.7878,Berat Djimsiti,0.7863
Duje Ćaleta-Car,Defensa central,Mohammed Salisu,0.8413,Vitor Reis,0.8316,Domingos Duarte,0.7922,Axel Tuanzebe,0.7327,Antonio Caracciolo,0.7274,Abdoul Coulibaly,0.7166,Gautier Lloris,0.7002,Rafa Marín,0.6955,Moritz Jenz,0.6862,Pietro Comuzzo,0.6806,Unai Elgezabal,0.6728,Murillo,0.6624,Christian Kabasele,0.6619,Tiago Gabriel,0.66,Nathan Collins,0.6284
Fernando Calero,Defensa central,Berat Djimsiti,0.9389,Natan,0.9214,Junior Diaz,0.9183,Ameen Al-Dakhil,0.9075,Juan Foyth,0.8995,Joseph Aidoo,0.8938,Sékou Doucoure,0.8893,Radu Drăgușin,0.8789,Wout Faes,0.8785,Filippo Romagna,0.8701,Oliver Nielsen,0.8668,Jordan Torunarigha,0.8654,Joe Worrall,0.8611,Veljko Milosavljević,0.8515,Anthony Jung,0.8493
Pedro Bigas,Defensa central,Pierre Kalulu,0.9026,Arouna Sangante,0.869,Ismaëlo Ganiou,0.8594,Sinaly Diomande,0.8521,Cristian Romero,0.8459,Dan Burn,0.8425,Zaid Romero,0.8254,Robin Koch,0.8253,Dominik Kohr,0.7948,David Affengruber,0.7862,Maxence Lacroix,0.766,Harry Maguire,0.7629,Nathan Ngoy,0.7537,Nobel Mendy,0.7444,Eray Cömert,0.7405
Vitor Reis,Defensa central,Domingos Duarte,0.8337,Duje Ćaleta-Car,0.8316,Chidozie Awaziem,0.8008,Gautier Lloris,0.7641,Tarik Muharemovic,0.7223,Moritz Jenz,0.7173,Sadibou Sané,0.7061,Nathan Collins,0.6984,Unai Elgezabal,0.6803,Mohammed Salisu,0.6695,Ismaël Doukouré,0.6582,Benjamin Pavard,0.6571,Sven Botman,0.6442,Andreas Hanche-Olsen,0.6232,Isak Hien,0.6225
David Affengruber,Defensa central,Otavio Ataide,0.858,Dominik Kohr,0.8377,Arouna Sangante,0.8093,Pedro Bigas,0.7862,Nicolás Capaldo,0.7685,Ismaëlo Ganiou,0.7672,Cristian Romero,0.7523,Eric García,0.7378,Gianluca Mancini,0.7197,Zaid Romero,0.7181,Eray Cömert,0.7152,Daniel Vivian,0.6944,Sinaly Diomande,0.6926,Eric Smith,0.6886,Dan Burn,0.6853
Martin Valjent,Defensa central,David Alaba,0.9495,Carlos Dominguez,0.9487,Guilherme Ramos,0.9327,Stefan de Vrij,0.9097,Oliver Nielsen,0.8759,Kōta Takai,0.8609,Timothée Kolodziejczak,0.8573,Matteo Gabbia,0.852,Andreas Christensen,0.8397,Martin Vitík,0.8245,Luiz Felipe,0.777,Ville Koski,0.7555,Max Kilman,0.744,Telli Siwe,0.7413,Axel Tapé,0.739
Catena,Defensa central,Dean Huijsen,0.9187,Micky van de Ven,0.9149,Abdelhamid Ait Boudlal,0.8691,Leo Skiri Østigård,0.8329,Amir Rrahmani,0.8292,Edmond Tapsoba,0.8276,Christian Kabasele,0.8257,Sinaly Diomande,0.8239,Eray Cömert,0.8177,Javier Castro,0.8175,Stefan Bell,0.8156,Charlie Cresswell,0.8125,Robin Le Normand,0.8049,Ramy Bensebaini,0.7923,Ruben Kluivert,0.7895
Aymeric Laporte,Defensa central,Pascal Struijk,0.8628,Dávid Hancko,0.7963,Jeffrey Gouweleeuw,0.7862,Nicolò Bertola,0.7821,Dante,0.7569,Sepp van den Berg,0.7563,Lukas Klostermann,0.7402,Ardian Ismajli,0.734,Moustapha Mbow,0.7006,Fabian Schär,0.6488,Terry Yegbe,0.6375,David López,0.6293,Diego Coppola,0.6266,José María Giménez,0.6245,Cenk Özkacar,0.6209
Dean Huijsen,Defensa central,Micky van de Ven,0.9396,Abdelhamid Ait Boudlal,0.9333,Catena,0.9187,Edmond Tapsoba,0.8862,Eray Cömert,0.8564,Charlie Cresswell,0.846,James Tarkowski,0.8426,Leo Skiri Østigård,0.8399,Harry Maguire,0.8234,Amir Rrahmani,0.8195,Nathan Ngoy,0.8111,Marc-Oliver Kempf,0.8078,Gleison Bremer,0.8075,Ramy Bensebaini,0.8071,Sinaly Diomande,0.8054
Jon Martin,Defensa central,Aitor Paredes,0.9147,Manuel Akanji,0.9027,Thomas Kristensen,0.9009,Rasmus Nicolaisen,0.8932,Mouctar Diakhaby,0.8914,Luka Vušković,0.8889,Chema,0.872,Obite N'Dicka,0.8685,Danilho Doekhi,0.8665,Samson Baidoo,0.8663,Jarrad Branthwaite,0.8617,Bryan Okoh,0.8602,Christian Kabasele,0.8531,Andrew Omobamidele,0.8508,Francisco Sierralta,0.8507
Matias Moreno,Defensa central,Jorge Cuenca,0.9546,Sebastiaan Bornauw,0.9273,Formose Mendy,0.8645,Arturo Calabresi,0.8534,Luca Marianucci,0.8291,Sead Kolašinac,0.8291,Pablo Ramon,0.8033,Cristhian Mosquera,0.7917,Armel Bella Kotchap,0.7878,Copete,0.766,Yoel Lago,0.7579,Amos Pieper,0.7555,Diogo Leite,0.7519,Abdulai Juma Bah,0.7496,Julián Malatini,0.7409
Djené,Defensa central,Jonathan Gradit,0.9606,Juan Jesus,0.8399,Formose Mendy,0.8396,Mattia Viti,0.8394,Tylel Tati,0.8201,Luca Marianucci,0.8144,Armel Bella Kotchap,0.8054,Daniele Ghilardi,0.8011,Abdoulaye Ndiaye,0.7921,Kevin Akpoguma,0.7894,Jan Ziółkowski,0.7715,Francesco Coppola,0.7698,Arthur Chaves,0.7665,Dimitri Lucea,0.7584,Julián Malatini,0.7573
Nobel Mendy,Defensa central,Yerry Mina,0.97,Mariano Troilo,0.9612,Marcão,0.9526,Cristian Romero,0.9147,Dominik Kohr,0.91,Víctor Chust,0.8931,Sinaly Diomande,0.8836,David Carmo,0.8804,Philipp Lienhart,0.879,Dan Burn,0.876,Ismaëlo Ganiou,0.8698,Zaid Romero,0.8587,Otavio Ataide,0.7862,Robin Koch,0.786,Christian Kabasele,0.7794
Daniel Vivian,Defensa central,Otavio Ataide,0.9089,Jacobo Ramón,0.8763,Dominik Kohr,0.8489,Valentín Gómez,0.8008,Ismaëlo Ganiou,0.7865,Víctor Chust,0.7753,Antoine Mendy,0.757,Cristian Romero,0.754,Zaid Romero,0.7363,Nobel Mendy,0.7278,Kike Salas,0.7273,Adam Kölle,0.7258,Daniel Ballard,0.7172,Castrin,0.7073,David Affengruber,0.6944
Javi Rodríguez,Defensa central,Enzo Ebosse,0.8503,Clemens Riedel,0.8447,Antonio Raillo,0.8333,Zé Pedro Figueiredo,0.8317,Finn Jeltsch,0.8239,Francesco Acerbi,0.8203,Moussa Niakhate,0.7945,Bamo Meïté,0.7922,Jorge Herrando,0.7885,Nico Elvedi,0.7761,Jeanuël Belocian,0.7697,Mark McKenzie,0.7662,César Azpilicueta,0.7401,Alessandro Buongiorno,0.7341,Raúl Albiol,0.7283
Daley Blind,Defensa central,Levi Colwill,0.9204,Jordan Torunarigha,0.9186,Timo Hübers,0.9156,Zach Abbott,0.8769,Abdukodir Khusanov,0.8733,Maxim Leitsch,0.8628,Yeray Álvarez,0.8607,Maximilian Wöber,0.8516,Junior Diaz,0.8449,Dominique Heintz,0.8438,Alvaro Cortes,0.8426,Javier Olaizola,0.8116,Mick Schmetgens,0.7946,Daniele Ghilardi,0.7932,Tim Oermann,0.793
Eric García,Defensa central,Nicolás Capaldo,0.9075,Florian Lejeune,0.862,Kike Salas,0.8584,Marc Pubill,0.8428,Marc Guéhi,0.842,Giorgio Scalvini,0.8231,Albian Hajdari,0.8142,Gianluca Mancini,0.7973,Ramy Bensebaini,0.7462,Yann Aurel Bisseck,0.7457,Emre Can,0.7453,David Affengruber,0.7378,Nico Schlotterbeck,0.7364,Noahkai Banks,0.7343,Mario Hermoso,0.7339
Pau Cubarsí,Defensa central,Illia Zabarnyi,0.8769,Robin Hranáč,0.7996,Eric Bailly,0.7979,Alessandro Circati,0.7772,Seny Koumbassa,0.7726,Issa Diop,0.7474,Sebastiano Luperto,0.7407,Andrew Omobamidele,0.7255,Anthony Rouault,0.7224,Rúben Dias,0.7131,Francisco Sierralta,0.6923,Chris Richards,0.6883,Stephan Zagadou,0.6662,Castello Lukeba,0.6506,Jhon Lucumí,0.6464
Leandro Cabrera,Defensa central,Malick Thiaw,0.9434,Samir Chergui,0.9211,Sam Beukema,0.9155,Virgil van Dijk,0.9133,Joe Rodon,0.9095,Federico Baschirotto,0.8938,Denis Vavro,0.8932,Kevin Diks,0.8772,Thomas Kristensen,0.8747,Guillermo Maripán,0.8522,Danilho Doekhi,0.8506,Jarell Quansah,0.8358,Miguel Ángel Rubio,0.8356,Manuel Akanji,0.8323,Edmond Tapsoba,0.8312
César Tárrega,Defensa central,Jozhua Vertrouwd,0.8916,Pau Navarro,0.863,Soumaïla Coulibaly,0.8183,Aurèle Amenda,0.8059,Clinton Mata,0.7918,Nikola Milenković,0.7768,Marquinhos,0.7298,Chancel Mbemba,0.7266,Gaby Jean,0.7194,Manu Fernández,0.7188,Bambo Diaby,0.709,Pau Torres,0.7006,Victor Nelsson,0.6973,Maxime Estève,0.6958,Andrias Edmundsson,0.6948
Robin Le Normand,Defensa central,Koni De Winter,0.9206,Javier Castro,0.8374,Odilon Kossounou,0.8264,Ruben Kluivert,0.8127,Strahinja Pavlović,0.8093,Catena,0.8049,Gianluca Mancini,0.8002,Nnamdi Collins,0.7978,Stanley N'Soki,0.7908,Chrislain Matsima,0.7561,Santiago Bueno,0.7556,Lloyd Kelly,0.755,Amir Rrahmani,0.7522,Ramy Bensebaini,0.7444,Francesco Folino,0.7423
Copete,Defensa central,Diogo Leite,0.9275,Soumaïla Coulibaly,0.8483,Max Rosenfelder,0.8119,Aurèle Amenda,0.8093,Matias Moreno,0.766,Nikola Milenković,0.7643,Ayumu Seko,0.7574,Pau Navarro,0.7428,Jorge Cuenca,0.7172,Nathaniel Adjei,0.7111,Sebastian Otoa,0.7058,Abdulai Juma Bah,0.7029,Clinton Mata,0.6883,César Tárrega,0.6836,Sebastiaan Bornauw,0.6776
David Carmo,Defensa central,Mariano Troilo,0.8952,Nobel Mendy,0.8804,Zaid Romero,0.8699,Yerry Mina,0.8451,Marcão,0.8324,Víctor Chust,0.8285,Robin Koch,0.8125,Ismaëlo Ganiou,0.8122,Cristian Romero,0.7892,Moritz Jenz,0.7824,Philipp Lienhart,0.7682,Dominik Kohr,0.7653,Sinaly Diomande,0.7575,Dan Burn,0.6956,Pedro Bigas,0.6773
Adrián de la Fuente,Defensa central,Jan Paul van Hecke,0.9718,Oumar Solet,0.9332,Sven Botman,0.8818,Benjamin Pavard,0.8775,Konstantinos Koulierakis,0.8661,Danny da Costa,0.8523,Marc Pubill,0.8224,Konstantinos Mavropanos,0.8162,Tarik Muharemovic,0.807,Gianluca Mancini,0.8,Yann Aurel Bisseck,0.7925,Giorgio Scalvini,0.7925,Gautier Lloris,0.7889,Stefan Bell,0.7696,Antonio Caracciolo,0.7537
Pedro Felipe,Defensa central,Raúl Albiol,0.9727,Adam Masina,0.942,Jorge Herrando,0.889,Moussa Niakhate,0.8554,Luca Jaquez,0.8305,Oier Luengo,0.8154,Nico Elvedi,0.8045,Jeanuël Belocian,0.7768,Ramon Hendriks,0.7686,Enzo Ebosse,0.7471,Olivier Boscagli,0.716,Victor Lindelöf,0.6919,Warmed Omari,0.6881,Kyllian Antonio,0.6731,Matteo Bianchetti,0.6651
Christian Kabasele,Defensa central,Luka Vušković,0.8791,Bryan Okoh,0.8738,Chema,0.8711,Mouctar Diakhaby,0.8692,Obite N'Dicka,0.8583,Aitor Paredes,0.8537,Jon Martin,0.8531,Abdelhamid Ait Boudlal,0.8441,Eray Cömert,0.842,Trevoh Chalobah,0.8355,Cristian Romero,0.8329,Catena,0.8257,Leo Skiri Østigård,0.8234,Sinaly Diomande,0.8205,Micky van de Ven,0.8167
Sebastian Otoa,Defensa central,Nathaniel Adjei,0.9563,Ayumu Seko,0.9158,Loïc Bade,0.8316,Axel Disasi,0.8261,Soumaïla Coulibaly,0.8239,Pau Navarro,0.8047,Cedric Zesiger,0.7986,Ethan Pinnock,0.7722,Yerson Mosquera,0.7445,Max Rosenfelder,0.7404,Michel Mboula,0.7387,Diogo Leite,0.7275,Julian Chabot,0.7208,Aurèle Amenda,0.7128,Copete,0.7058
Alessandro Bastoni,Defensa central,Éder Militão,0.8893,Enzo Boyomo,0.8612,Mario Hermoso,0.8423,Albian Hajdari,0.842,Nico Schlotterbeck,0.838,Stefan Posch,0.8142,Ramy Bensebaini,0.8115,Nicolás Capaldo,0.807,Noahkai Banks,0.8012,Brendan Chardonnet,0.7963,Adam Kölle,0.7854,Pablo,0.7691,Marc Pubill,0.7659,James Tarkowski,0.761,Ben Davies,0.7602
Nils Zätterström,Defensa central,Ameen Al-Dakhil,0.9754,Igor,0.9564,Logan Costa,0.9541,Joe Worrall,0.9496,Luken Beitia,0.9418,Natan,0.9315,Ramón Martínez,0.9306,Anthony Jung,0.9177,Joseph Aidoo,0.9152,Fábio Cardoso,0.9135,Jay Idzes,0.9075,Eivind Helland,0.9065,El Chadaille Bitshiabu,0.9002,Etienne Youte Kinkoue,0.8962,Juan Foyth,0.8765
Alberto Dossena,Defensa central,José María Giménez,0.948,Clemens Riedel,0.8061,Niklas Süle,0.8051,Jeffrey Gouweleeuw,0.8019,Joe Gomez,0.7899,Ardian Ismajli,0.7316,Andreas Hanche-Olsen,0.7278,Abdel Abqar,0.7208,Chadi Riad,0.7204,Bamo Meïté,0.7046,Francesco Acerbi,0.7033,Marcos Senesi,0.7006,Federico Ceccherini,0.6949,Nicolò Bertola,0.6713,Alejandro Francés,0.6619
Lautaro Valenti,Defensa central,Unai Núñez,0.9576,Giovanni Bonfanti,0.9457,Christian Mawissa,0.9117,Gerard Martín,0.8774,Saba Goglichidze,0.8735,Sebastián Boselli,0.8697,Martin Vitík,0.8321,Abdoulaye Bamba,0.8074,Kevin Danso,0.807,Benedikt Gimber,0.8032,Mikayil Ngor Faye,0.787,Marcos Alonso,0.7857,Fali Candé,0.7688,Pablo Ramon,0.767,Tobias Slotsager,0.7597
Jhon Lucumí,Defensa central,David Costas,0.9391,Odilon Kossounou,0.8908,Facundo González,0.8836,Eric Bailly,0.8806,Karol Mets,0.8641,Jamil Siebert,0.8583,Castello Lukeba,0.8379,Simone Canestrelli,0.7917,Diego Carlos,0.7885,Kojo Peprah Oppong,0.7882,Federico Baschirotto,0.7789,Morato,0.7626,Thomas Kristensen,0.7602,Alessandro Circati,0.7601,Manuel Akanji,0.7463
Abdoulaye Ndiaye,Defensa central,Daniel Elfadli,0.9887,Mattia Viti,0.9708,Juan Jesus,0.9667,Niklas Stark,0.9489,Jérémy Jacquet,0.8822,Thilo Kehrer,0.8755,Clément Lenglet,0.829,Tanguy Nianzou,0.8101,Rosen Bozhinov,0.8075,Wesley Fofana,0.8014,Keven Schlotterbeck,0.7938,Djené,0.7921,Carl Starfelt,0.7795,Jon Pacheco,0.7636,Jonathan Gradit,0.7592
Mateus Lusuardi,Defensa central,Jonas Adjetey,0.9852,Thomas Keller,0.9601,Joël Schmied,0.8833,Martin Vitík,0.8725,Moussa Diarra,0.8622,Julián Malatini,0.8383,Branimir Mlacic,0.8349,Marin Pongračić,0.8025,Sebastián Boselli,0.7973,Fali Candé,0.7945,Max Kilman,0.7868,Unai Núñez,0.7702,Ladislav Krejčí,0.7635,Francesco Coppola,0.762,Wout Faes,0.7609
Pablo Marí,Defensa central,Benoît Badiashile,0.9715,Armel Bella Kotchap,0.96,Daniele Rugani,0.9542,Moïse Bombito,0.9369,Jan Ziółkowski,0.9033,Koki Machida,0.9002,Marin Pongračić,0.8989,Eivind Helland,0.8886,Aleksa Puric,0.8873,Abdul Mumin,0.8859,Formose Mendy,0.8829,Fábio Cardoso,0.8512,Luca Marianucci,0.8474,Dimitri Lucea,0.8304,Bambo Diaby,0.8255
Francesco Folino,Defensa central,Luca Reggiani,0.9551,Issa Diop,0.9515,Raúl Asencio,0.9502,Sebastiano Luperto,0.8965,Robin Hranáč,0.884,Morato,0.8581,Marc-Oliver Kempf,0.8523,Sam Beukema,0.8504,Odilon Kossounou,0.8483,Francisco Sierralta,0.8464,Stephan Zagadou,0.8441,Seny Koumbassa,0.8405,Ruben Kluivert,0.8387,Eric Bailly,0.8377,Rúben Dias,0.8324
Oumar Solet,Defensa central,Adrián de la Fuente,0.9332,Jan Paul van Hecke,0.9196,Danny da Costa,0.8879,Sven Botman,0.8272,Konstantinos Koulierakis,0.8139,Filippo Terracciano,0.8087,Benjamin Pavard,0.7806,Tiago Gabriel,0.7781,Marc Pubill,0.778,Konstantinos Mavropanos,0.7712,Gautier Lloris,0.7503,Kike Salas,0.7282,Hauke Wahl,0.7281,Marc Guéhi,0.7178,Yann Aurel Bisseck,0.7138
Gaby Jean,Defensa central,Manu Fernández,0.9703,Marvin Friedrich,0.9479,Jorge Cabello,0.9432,Amadou Cissé,0.9241,Moussa Diarra,0.9056,Emmanuel Biumla,0.8862,Maxima Goffi,0.8709,Brad Mantsounga,0.8543,Tim Oermann,0.8535,Tylel Tati,0.8501,Joël Schmied,0.8479,Luken Beitia,0.847,Etienne Youte Kinkoue,0.8392,Daniel Denoon,0.8392,Gabriel Osho,0.8317
Odilon Kossounou,Defensa central,Jamil Siebert,0.9514,Morato,0.916,Federico Baschirotto,0.9051,Facundo González,0.9027,Sam Beukema,0.8943,Jhon Lucumí,0.8908,Karol Mets,0.8765,Francesco Folino,0.8483,Thomas Kristensen,0.8475,Simone Canestrelli,0.8472,Kojo Peprah Oppong,0.8443,Eric Bailly,0.8439,Jarell Quansah,0.8299,Robin Le Normand,0.8264,Koni De Winter,0.8248
Yerry Mina,Defensa central,Nobel Mendy,0.97,Mariano Troilo,0.9318,Philipp Lienhart,0.9264,Marcão,0.9173,Sinaly Diomande,0.8887,Dominik Kohr,0.8647,Cristian Romero,0.8553,Abdoul Coulibaly,0.8514,Víctor Chust,0.8461,Ismaëlo Ganiou,0.8459,David Carmo,0.8451,Zaid Romero,0.8422,Marco Friedl,0.8385,Dan Burn,0.8331,Robin Koch,0.7971
Obite N'Dicka,Defensa central,Bryan Okoh,0.9887,Aitor Paredes,0.97,Eric Dier,0.9537,Luka Vušković,0.9206,Ozan Kabak,0.9204,Chema,0.9077,Diego Llorente,0.9063,Danilho Doekhi,0.8914,Samson Baidoo,0.8827,Aaron Anselmino,0.8807,Jonathan Tah,0.8688,Jon Martin,0.8685,Eric Bailly,0.8663,Mouctar Diakhaby,0.8593,Christian Kabasele,0.8583
Gleison Bremer,Defensa central,Joško Gvardiol,0.9704,Jaka Bijol,0.9566,Samson Baidoo,0.9532,Jonathan Tah,0.9315,Lucas Beraldo,0.9269,Hiroki Ito,0.9211,Marc-Oliver Kempf,0.9123,Brendan Chardonnet,0.9095,Leo Skiri Østigård,0.8814,Ozan Kabak,0.8661,Gabriel Magalhães,0.8636,Stefan Bell,0.8626,Manu Hernando,0.8592,Santiago Bueno,0.8591,Amir Rrahmani,0.8575
Gianluca Mancini,Defensa central,Ramy Bensebaini,0.9575,Giorgio Scalvini,0.9307,Noahkai Banks,0.9124,Marc Pubill,0.9086,Nico Schlotterbeck,0.9035,Stefan Bell,0.8947,Javier Castro,0.8944,Mario Hermoso,0.8865,Nicolás Capaldo,0.8828,Leo Skiri Østigård,0.8684,Luka Vušković,0.8644,Yann Aurel Bisseck,0.8611,Jarell Quansah,0.8503,Santiago Bueno,0.846,Castrin,0.8351
Guillermo Maripán,Defensa central,Samir Chergui,0.9485,Luka Vušković,0.9287,Malick Thiaw,0.9283,Danilho Doekhi,0.9278,Mouctar Diakhaby,0.9196,Castrin,0.9083,Jarell Quansah,0.9071,Chema,0.8998,Arthur Theate,0.8984,Manuel Akanji,0.8886,Kevin Diks,0.8829,Valentín Gómez,0.8798,Leo Skiri Østigård,0.8779,Federico Gatti,0.877,Ozan Kabak,0.8743
Alessandro Circati,Defensa central,William Saliba,0.8035,Eric Bailly,0.7975,Robin Hranáč,0.7883,Pau Cubarsí,0.7772,Francesco Folino,0.7697,Ibrahima Konaté,0.7693,Jhon Lucumí,0.7601,Karol Mets,0.7453,Simone Canestrelli,0.7409,Issa Diop,0.7341,Odilon Kossounou,0.7321,Jamil Siebert,0.7166,Calvin Bassey,0.7045,Sebastiano Luperto,0.69,Facundo González,0.6765
Matías Pérez,Defensa central,John Stones,0.9953,Jenson Seelt,0.978,Ezra Mayers,0.9425,Nayef Aguerd,0.941,Daniel Martinez,0.92,Diego Aguado,0.903,Federico Gattoni,0.8936,Edoardo Goldaniga,0.8936,Willy Kambwala,0.8936,Shafiq Nandja,0.8936,Marco Esteban,0.8936,Mamedi Doucouré,0.8936,Noham Kamara,0.8936,David Odogu,0.8936,Bafodé Diakité,0.8919
Filippo Terracciano,Defensa central,Tiago Gabriel,0.947,Konstantinos Mavropanos,0.8431,Marc Bartra,0.8236,Oumar Solet,0.8087,Pietro Comuzzo,0.8078,Murillo,0.7888,Rafa Marín,0.7881,Axel Tuanzebe,0.784,Sven Botman,0.7598,Sadibou Sané,0.7355,Danny da Costa,0.7237,Tarik Muharemovic,0.7237,Antonio Caracciolo,0.7231,Gautier Lloris,0.7182,Konstantinos Koulierakis,0.7054
Matteo Bianchetti,Defensa central,Jeanuël Belocian,0.8856,Enzo Ebosse,0.8807,Oier Luengo,0.8805,Ramon Hendriks,0.8761,Moussa Niakhate,0.8697,Alessandro Marcandalli,0.8387,Zé Pedro Figueiredo,0.831,Tomoya Ando,0.8107,Nicolas Cozza,0.7981,Kristoffer Ajer,0.7804,Olivier Boscagli,0.764,Raúl Albiol,0.7623,Jorge Herrando,0.7526,Kyllian Antonio,0.7463,Pablo,0.7123
Branimir Mlacic,Defensa central,Julián Malatini,0.9535,Francesco Coppola,0.9245,Joël Schmied,0.9185,Jan Ziółkowski,0.9175,Arthur Chaves,0.9057,Marin Pongračić,0.8974,Benedikt Gimber,0.8906,Luca Marianucci,0.8854,Unai Núñez,0.8814,Pablo Ramon,0.8784,Kevin Danso,0.8707,Daniel Denoon,0.8649,Jonas Adjetey,0.8584,Fali Candé,0.8553,Moussa Diarra,0.8411
Alessio Romagnoli,Defensa central,Torbjørn Heggem,0.906,Jahmai Simpson-Pusey,0.8403,Mario Gila,0.8209,Oliver Nielsen,0.779,Toti Gomes,0.7737,Ville Koski,0.7603,David Alaba,0.745,Ezri Konsa,0.7437,Renato Veiga,0.7409,Matteo Gabbia,0.7139,Martin Valjent,0.7092,Telli Siwe,0.7075,Mamadou Sarr,0.7056,Fernando Calero,0.7014,Jamaal Lascelles,0.6895
Lloyd Kelly,Defensa central,Strahinja Pavlović,0.8458,Koni De Winter,0.8251,Pablo Martínez,0.8037,Robin Le Normand,0.755,Calvin Bassey,0.7245,Matthias Ginter,0.7193,Nico Schlotterbeck,0.7039,Simone Canestrelli,0.6977,James Tarkowski,0.6974,Jamil Siebert,0.6932,Edmond Tapsoba,0.6828,Luca Ranieri,0.6821,Odilon Kossounou,0.6785,Javier Castro,0.6784,Hauke Wahl,0.6632
Francesco Coppola,Defensa central,Arthur Chaves,0.9717,Benedikt Gimber,0.952,Fali Candé,0.9519,Julián Malatini,0.9427,Joël Schmied,0.9398,Cristhian Mosquera,0.9257,Branimir Mlacic,0.9245,Sead Kolašinac,0.9224,Daniel Denoon,0.9223,Jan Ziółkowski,0.9014,Luca Marianucci,0.8991,Moussa Diarra,0.8973,Emmanuel Biumla,0.8742,Formose Mendy,0.8697,Pablo Ramon,0.8571
Mario Gila,Defensa central,Toti Gomes,0.9172,Torbjørn Heggem,0.8657,Alessio Romagnoli,0.8209,Ezri Konsa,0.7841,CJ Egan-Riley,0.7751,Jahmai Simpson-Pusey,0.7647,Ifechukwu Ogbus,0.764,Carlos Dominguez,0.7362,Jair Cunha,0.6944,Tobias Slotsager,0.6921,Stefan de Vrij,0.6916,Honest Ahanor,0.6842,Gerard Martín,0.6842,Junior Diaz,0.6742,Alexsandro Ribeiro,0.6684
Tobias Slotsager,Defensa central,Ifechukwu Ogbus,0.9581,Jair Cunha,0.958,Marcos Alonso,0.8659,Carlos Dominguez,0.8193,Gerard Martín,0.7965,Stefan de Vrij,0.7895,Toti Gomes,0.7794,Lautaro Valenti,0.7597,Christian Mawissa,0.7073,Javier Olaizola,0.6997,Cenk Özkacar,0.6968,Mario Gila,0.6921,Nicolas Cozza,0.6908,Martin Valjent,0.6675,Nayef Aguerd,0.6504
Thomas Kristensen,Defensa central,Federico Baschirotto,0.9544,Manuel Akanji,0.9528,Sam Beukema,0.944,Virgil van Dijk,0.9293,Jarrad Branthwaite,0.9243,Danilho Doekhi,0.9123,Joe Rodon,0.9059,Jon Martin,0.9009,Malick Thiaw,0.8934,Amir Rrahmani,0.8838,Santiago Bueno,0.8797,Leandro Cabrera,0.8747,Rúben Dias,0.873,Jamil Siebert,0.8723,Trevoh Chalobah,0.8721
Fali Candé,Defensa central,Benedikt Gimber,0.953,Francesco Coppola,0.9519,Arthur Chaves,0.9271,Emmanuel Biumla,0.9077,Victor Valdepeñas,0.8918,Joël Schmied,0.8799,Cristhian Mosquera,0.8756,Julián Malatini,0.8749,Thomas Keller,0.8739,Moussa Diarra,0.8629,Sead Kolašinac,0.859,Branimir Mlacic,0.8553,Daniel Denoon,0.8541,Maxima Goffi,0.8311,Eddy Kouadio,0.8282
Manuel Akanji,Defensa central,Jarrad Branthwaite,0.973,Thomas Kristensen,0.9528,Danilho Doekhi,0.9142,Samir Chergui,0.9121,Jon Martin,0.9027,Rasmus Nicolaisen,0.8971,Joe Rodon,0.8913,Guillermo Maripán,0.8886,Federico Baschirotto,0.8844,Malick Thiaw,0.8798,Sam Beukema,0.8708,Aïssa Mandi,0.8696,Willi Orban,0.8689,Ousmane Camara,0.8495,Luka Vušković,0.8436
Raúl Albiol,Defensa central,Pedro Felipe,0.9727,Jorge Herrando,0.9099,Moussa Niakhate,0.9067,Adam Masina,0.8952,Oier Luengo,0.8718,Luca Jaquez,0.8708,Ramon Hendriks,0.8511,Enzo Ebosse,0.8498,Nico Elvedi,0.848,Jeanuël Belocian,0.829,Matteo Bianchetti,0.7623,Olivier Boscagli,0.7403,Javi Rodríguez,0.7283,Victor Lindelöf,0.7272,Terry Yegbe,0.7246
Giovanni Bonfanti,Defensa central,Unai Núñez,0.9466,Lautaro Valenti,0.9457,Saba Goglichidze,0.9416,Kevin Danso,0.9005,Gerard Martín,0.8732,Abdoulaye Bamba,0.8678,Christian Mawissa,0.8378,Nidal Čelik,0.8212,Mikayil Ngor Faye,0.8052,Tim Siersleben,0.7921,Sebastián Boselli,0.7825,Dan-Axel Zagadou,0.7547,Pablo Ramon,0.7537,Branimir Mlacic,0.7523,Honest Ahanor,0.7364
Eivind Helland,Defensa central,Fábio Cardoso,0.9678,Benoît Badiashile,0.967,Anthony Jung,0.956,Natan,0.9527,Juan Foyth,0.9367,Daniele Rugani,0.9318,Moïse Bombito,0.9317,Luken Beitia,0.9273,Koki Machida,0.9234,Abdul Mumin,0.9161,Nils Zätterström,0.9065,Aleksa Puric,0.8971,Ameen Al-Dakhil,0.8936,Marin Pongračić,0.8898,Pablo Marí,0.8886
Luca Ranieri,Defensa central,Philipp Lienhart,0.844,Marco Friedl,0.7844,Víctor Chust,0.7491,Otavio Ataide,0.749,Marcão,0.7013,Yerry Mina,0.7003,Dan Burn,0.6959,Calvin Bassey,0.6946,Lloyd Kelly,0.6821,Nobel Mendy,0.665,Daniel Ballard,0.6632,Dominik Kohr,0.6614,Mariano Troilo,0.6514,Daniel Vivian,0.6344,Strahinja Pavlović,0.6176
Federico Ceccherini,Defensa central,Alejandro Francés,0.8788,Luke O'Nien,0.8703,Niklas Süle,0.8208,Aritz Elustondo,0.7994,Joe Gomez,0.78,Marcos Senesi,0.7729,Jeffrey Gouweleeuw,0.7596,Chadi Riad,0.7579,Nathan Ngoy,0.7577,Abdel Abqar,0.7387,Maxence Lacroix,0.7179,Pablo,0.7163,José María Giménez,0.6999,Alberto Dossena,0.6949,Leonardo Balerdi,0.6911
Saba Goglichidze,Defensa central,Abdoulaye Bamba,0.9808,Giovanni Bonfanti,0.9416,Lautaro Valenti,0.8735,Kevin Danso,0.864,Unai Núñez,0.8617,Gerard Martín,0.8563,Honest Ahanor,0.8526,Nidal Čelik,0.8489,Christian Mawissa,0.8461,Tim Siersleben,0.8288,Alexsandro Ribeiro,0.8161,Dan-Axel Zagadou,0.8006,Mikayil Ngor Faye,0.7753,Emre Can,0.7564,Abdoulaye Faye,0.7168
Alessandro Buongiorno,Defensa central,Ardian Ismajli,0.9003,Moustapha Mbow,0.8621,Lilian Brassier,0.8373,Marcos Senesi,0.8123,César Azpilicueta,0.799,Alidu Seidu,0.7795,Nicolò Bertola,0.7684,Francesco Acerbi,0.766,Kyllian Antonio,0.7462,Javi Rodríguez,0.7341,Olivier Boscagli,0.7064,Jordan Lefort,0.7061,José María Giménez,0.7058,Malang Sarr,0.6887,Jeffrey Gouweleeuw,0.6744
Berat Djimsiti,Defensa central,Junior Diaz,0.9549,Abdukodir Khusanov,0.9443,Fernando Calero,0.9389,Fabio Chiarodia,0.9109,Jordan Torunarigha,0.9051,Uroš Radaković,0.8778,Radu Drăgușin,0.8659,Filippo Romagna,0.844,Raphael Le Guen,0.8405,Juan Foyth,0.8386,Maxim Leitsch,0.8308,Sékou Doucoure,0.83,Luiz Felipe,0.8254,Ville Koski,0.8178,Telli Siwe,0.8169
Filippo Romagna,Defensa central,Mick Schmetgens,0.961,Willian Pacho,0.931,Yeray Álvarez,0.9086,Ousmane Toure,0.9022,Joseph Aidoo,0.901,Veljko Milosavljević,0.8894,Sékou Doucoure,0.8887,Dominique Heintz,0.8842,Derek Cornelius,0.8836,Daniel Martinez,0.8768,Fernando Calero,0.8701,Joe Worrall,0.869,Ezra Mayers,0.8572,Levi Colwill,0.8554,Mamadou Sarr,0.8443
Matteo Gabbia,Defensa central,Max Kilman,0.9564,Oliver Nielsen,0.9526,Jaydee Canvot,0.9509,Patric,0.9429,Pelayo Fernandez,0.9425,David Alaba,0.9342,Jamaal Lascelles,0.9306,Mamadou Sarr,0.8781,Tyrone Mings,0.875,Martin Valjent,0.852,Ladislav Krejčí,0.8476,Timothée Kolodziejczak,0.8379,El Chadaille Bitshiabu,0.8077,Etienne Youte Kinkoue,0.8056,Noham Kamara,0.8033
Jacobo Ramón,Defensa central,Daniel Vivian,0.8763,Kacper Potulski,0.8545,Leopold Querfeld,0.8303,Ozan Kabak,0.8218,Ben Davies,0.8172,Adam Kölle,0.8146,Federico Gatti,0.8134,Cristian Romero,0.7985,John Donald,0.7971,Ronald Araújo,0.7944,Ismaëlo Ganiou,0.79,Stefan Posch,0.7822,Julien Le Cardinal,0.7682,Florian Lejeune,0.7678,Chema,0.7631
Federico Baschirotto,Defensa central,Sam Beukema,0.9572,Thomas Kristensen,0.9544,Jamil Siebert,0.9342,Odilon Kossounou,0.9051,Facundo González,0.905,Virgil van Dijk,0.8981,Leandro Cabrera,0.8938,Francisco Sierralta,0.8898,Raúl Asencio,0.8891,Issa Diop,0.8889,Rúben Dias,0.8864,Manuel Akanji,0.8844,Morato,0.8831,Danilho Doekhi,0.8754,Malick Thiaw,0.8589
Fikayo Tomori,Defensa central,Keven Schlotterbeck,0.9284,Wesley Fofana,0.8936,Clément Lenglet,0.8491,Mark McKenzie,0.8081,Thilo Kehrer,0.8072,Abdel Abqar,0.779,Dan Burn,0.7606,Rosen Bozhinov,0.7334,Jérémy Jacquet,0.7283,Jon Pacheco,0.7224,Abdoulaye Ndiaye,0.7224,Nicolás Valentini,0.6963,Niklas Stark,0.6901,Mattia Viti,0.6833,Pedro Bigas,0.6778
Daniele Rugani,Defensa central,Moïse Bombito,0.9684,Benoît Badiashile,0.9585,Pablo Marí,0.9542,Marin Pongračić,0.9535,Koki Machida,0.9483,Eivind Helland,0.9318,Bambo Diaby,0.874,Armel Bella Kotchap,0.8682,Jan Ziółkowski,0.8665,Fábio Cardoso,0.8645,Wout Faes,0.8444,Tommaso Macchioni,0.8324,Anthony Jung,0.8312,Natan,0.8296,Branimir Mlacic,0.8262
Tommaso Macchioni,Defensa central,Koki Machida,0.9057,Natan,0.8834,Anthony Jung,0.8626,Abdulai Juma Bah,0.8604,Eivind Helland,0.8447,Daniele Rugani,0.8324,Benoît Badiashile,0.8008,Wout Faes,0.79,Fernando Calero,0.7807,Moïse Bombito,0.7802,Uroš Radaković,0.7776,Ameen Al-Dakhil,0.7749,Sékou Doucoure,0.7705,Fabio Chiarodia,0.764,Nils Zätterström,0.7591
Strahinja Pavlović,Defensa central,Santiago Bueno,0.943,Javier Castro,0.9415,Matthias Ginter,0.9335,Edmond Tapsoba,0.9036,Hauke Wahl,0.9004,Amir Rrahmani,0.898,Yann Aurel Bisseck,0.8974,Jarell Quansah,0.8968,Nico Schlotterbeck,0.888,James Tarkowski,0.8879,Sam Beukema,0.8843,Micky van de Ven,0.8646,Marc Pubill,0.8643,Koni De Winter,0.8578,Lloyd Kelly,0.8458
Patric,Defensa central,Jaydee Canvot,0.9821,Max Kilman,0.974,Pelayo Fernandez,0.9712,Ladislav Krejčí,0.9476,Matteo Gabbia,0.9429,Etienne Youte Kinkoue,0.9362,Logan Costa,0.9138,Jamaal Lascelles,0.9113,Edoardo Goldaniga,0.8812,Marco Esteban,0.8812,Willy Kambwala,0.8812,Noham Kamara,0.8812,Federico Gattoni,0.8812,David Odogu,0.8812,Mamedi Doucouré,0.8812
Stefan de Vrij,Defensa central,Kōta Takai,0.9351,Carlos Dominguez,0.9112,Martin Valjent,0.9097,Gerard Martín,0.8765,Luiz Felipe,0.8617,Guilherme Ramos,0.8601,Telli Siwe,0.8505,Max Alleyne,0.8323,Ifechukwu Ogbus,0.8309,Ville Koski,0.8258,Tobias Slotsager,0.7895,Jahmai Simpson-Pusey,0.7813,David Alaba,0.7753,Jair Cunha,0.7702,Cenk Özkacar,0.7614
Leo Skiri Østigård,Defensa central,Stefan Bell,0.9536,Luka Vušković,0.948,Charlie Cresswell,0.9399,Edmond Tapsoba,0.9395,Mouctar Diakhaby,0.9294,Ramy Bensebaini,0.928,Santiago Bueno,0.9266,Chema,0.9099,Amir Rrahmani,0.9079,Javier Castro,0.9062,Samson Baidoo,0.8995,Federico Gatti,0.8969,Ozan Kabak,0.8917,Giorgio Scalvini,0.8884,Jarell Quansah,0.8861
Adam Masina,Defensa central,Pedro Felipe,0.942,Raúl Albiol,0.8952,Jorge Herrando,0.8775,Jeanuël Belocian,0.8561,Moussa Niakhate,0.8359,Olivier Boscagli,0.833,Kyllian Antonio,0.8029,Oier Luengo,0.7618,Warmed Omari,0.7525,Ramon Hendriks,0.7247,Zé Pedro Figueiredo,0.7203,Lilian Brassier,0.6943,Enzo Ebosse,0.6942,Matteo Bianchetti,0.6914,Nico Elvedi,0.6688
Marc-Oliver Kempf,Defensa central,Jonathan Tah,0.9194,Miguel Ángel Rubio,0.916,Gleison Bremer,0.9123,Raúl Asencio,0.908,Lucas Beraldo,0.9036,Francisco Sierralta,0.9034,Joško Gvardiol,0.8945,Gabriel Magalhães,0.8943,Issa Diop,0.8885,Virgil van Dijk,0.8762,Jaka Bijol,0.872,Seny Koumbassa,0.8692,Samson Baidoo,0.8691,Ruben Kluivert,0.8639,Santiago Bueno,0.863
Daniel Denoon,Defensa central,Jan Ziółkowski,0.9327,Francesco Coppola,0.9223,Moussa Diarra,0.9173,Bambo Diaby,0.9126,Joël Schmied,0.8937,Benedikt Gimber,0.8781,Marin Pongračić,0.8748,Branimir Mlacic,0.8649,Julián Malatini,0.8645,Manu Fernández,0.8608,Arthur Chaves,0.8572,Fali Candé,0.8541,Gaby Jean,0.8392,Yoel Lago,0.8356,Moïse Bombito,0.8298
Nicolò Casale,Defensa central,Daniel Martinez,0.89,Manu Fernández,0.8802,Julián Malatini,0.8795,Luken Beitia,0.8705,Joël Schmied,0.8694,Luca Marianucci,0.8676,Amadou Cissé,0.8636,Pablo Ramon,0.8629,Natan,0.8601,Wout Faes,0.8484,Jorge Cabello,0.8416,Fernando Calero,0.8389,Maxima Goffi,0.8356,Ramón Martínez,0.8352,Fábio Cardoso,0.8349
Matteo Palma,Defensa central,Radu Drăgușin,0.9448,Abdul Mumin,0.9382,Aleksa Puric,0.9345,Juan Foyth,0.9148,Maxim Leitsch,0.906,Fábio Cardoso,0.8994,Anthony Jung,0.8899,Yeray Álvarez,0.8763,Armel Bella Kotchap,0.8733,Jay Idzes,0.8578,Derek Cornelius,0.8546,Mick Schmetgens,0.8539,Maximilian Wöber,0.8522,Benoît Badiashile,0.8516,Eivind Helland,0.8486
Marin Pongračić,Defensa central,Moïse Bombito,0.9613,Daniele Rugani,0.9535,Bambo Diaby,0.9445,Joël Schmied,0.9084,Pablo Marí,0.8989,Branimir Mlacic,0.8974,Benoît Badiashile,0.8922,Julián Malatini,0.892,Jan Ziółkowski,0.8906,Eivind Helland,0.8898,Koki Machida,0.8771,Daniel Denoon,0.8748,Luca Marianucci,0.8655,Moussa Diarra,0.8633,Wout Faes,0.8516
Alessandro Marcandalli,Defensa central,Terry Yegbe,0.8704,Matteo Bianchetti,0.8387,Montassar Talbi,0.8313,Kristoffer Ajer,0.813,Diego Coppola,0.785,Luca Jaquez,0.7758,Ramon Hendriks,0.7735,Nicolas Cozza,0.7723,Oier Luengo,0.7567,Victor Lindelöf,0.7343,Chadi Riad,0.7085,Tomoya Ando,0.7025,Sepp van den Berg,0.6968,Enzo Ebosse,0.6749,Pablo,0.6728
Eddy Kouadio,Defensa central,Gabriel Osho,0.9919,Victor Valdepeñas,0.9869,Emmanuel Biumla,0.9542,Javier Olaizola,0.9448,Maxima Goffi,0.9411,Zach Abbott,0.91,Marvin Friedrich,0.8761,Tim Oermann,0.8694,Brad Mantsounga,0.8645,Fali Candé,0.8282,Gaby Jean,0.7923,Timo Hübers,0.7893,Arthur Chaves,0.7781,Francesco Coppola,0.7685,Daley Blind,0.7669
Jan Ziółkowski,Defensa central,Daniel Denoon,0.9327,Branimir Mlacic,0.9175,Pablo Marí,0.9033,Francesco Coppola,0.9014,Arthur Chaves,0.894,Marin Pongračić,0.8906,Benedikt Gimber,0.8839,Formose Mendy,0.8793,Daniele Rugani,0.8665,Julián Malatini,0.8589,Armel Bella Kotchap,0.8514,Moïse Bombito,0.8491,Luca Marianucci,0.8464,Bambo Diaby,0.8369,Joël Schmied,0.8332
Mattia Viti,Defensa central,Abdoulaye Ndiaye,0.9708,Juan Jesus,0.9577,Daniel Elfadli,0.9398,Niklas Stark,0.8729,Djené,0.8394,Tanguy Nianzou,0.8305,Clément Lenglet,0.8199,Thilo Kehrer,0.8136,Tylel Tati,0.8005,Jonathan Gradit,0.7867,Carl Starfelt,0.7753,Jérémy Jacquet,0.7724,Jon Pacheco,0.7333,Wesley Fofana,0.7316,Lucas Høgsberg,0.7135
Rosen Bozhinov,Defensa central,Jérémy Jacquet,0.9514,Thilo Kehrer,0.8995,Nicolás Valentini,0.8678,Keven Schlotterbeck,0.8519,Wesley Fofana,0.8515,Niklas Stark,0.8144,Daniel Elfadli,0.8077,Abdoulaye Ndiaye,0.8075,Jon Pacheco,0.7753,Lucas Høgsberg,0.7529,Juan Jesus,0.743,Fikayo Tomori,0.7334,Kialonda,0.7065,Mattia Viti,0.6784,Clément Lenglet,0.6708
Luca Marianucci,Defensa central,Julián Malatini,0.9603,Formose Mendy,0.9402,Joël Schmied,0.9246,Pablo Ramon,0.912,Armel Bella Kotchap,0.9091,Francesco Coppola,0.8991,Sead Kolašinac,0.8872,Branimir Mlacic,0.8854,Daniele Ghilardi,0.8797,Arthur Chaves,0.8695,Nicolò Casale,0.8676,Marin Pongračić,0.8655,Moussa Diarra,0.8635,Zach Abbott,0.8606,Cristhian Mosquera,0.8499
Tarik Muharemovic,Defensa central,Konstantinos Koulierakis,0.8964,Sven Botman,0.8731,Chidozie Awaziem,0.8264,Adrián de la Fuente,0.807,Marc Bartra,0.8064,Nathan Collins,0.8032,Gautier Lloris,0.802,Konstantinos Mavropanos,0.7849,Jan Paul van Hecke,0.7805,Danny da Costa,0.7717,Murillo,0.7694,Sadibou Sané,0.7601,Pietro Comuzzo,0.7287,Filippo Terracciano,0.7237,Vitor Reis,0.7223
Mikayil Ngor Faye,Defensa central,Daniele Ghilardi,0.8897,Christian Mawissa,0.8717,Arthur Chaves,0.8681,Zach Abbott,0.8585,Maximilian Wöber,0.8345,Giovanni Bonfanti,0.8052,Formose Mendy,0.8026,Pablo Ramon,0.8008,Unai Núñez,0.7895,Lautaro Valenti,0.787,Benedikt Gimber,0.7849,Jonathan Gradit,0.7844,Daley Blind,0.7813,Timo Hübers,0.781,Saba Goglichidze,0.7753
Kialonda,Defensa central,Renato Veiga,0.9031,Jon Pacheco,0.8437,Lucas Høgsberg,0.8433,Marash Kumbulla,0.7586,Tosin Adarabioyo,0.7229,Rosen Bozhinov,0.7065,Thilo Kehrer,0.7039,Jérémy Jacquet,0.701,Dani Calvo,0.697,Bafodé Diakité,0.689,Clément Akpa,0.681,Aboubaka Soumahoro,0.6713,Hjalmar Ekdal,0.6607,Jean-Clair Todibo,0.6333,Jorge Cuenca,0.632
Oliver Nielsen,Defensa central,Matteo Gabbia,0.9526,Tyrone Mings,0.9112,Max Kilman,0.8969,David Alaba,0.8963,Carlos Dominguez,0.8791,Jamaal Lascelles,0.8763,Martin Valjent,0.8759,Fernando Calero,0.8668,Patric,0.8649,Mamadou Sarr,0.8611,Jaydee Canvot,0.8529,Pelayo Fernandez,0.8507,Timothée Kolodziejczak,0.8412,Wout Faes,0.8286,El Chadaille Bitshiabu,0.8232
Saúl Coco,Defensa central,Nnamdi Collins,0.9266,Stanley N'Soki,0.8904,Adam Dźwigała,0.8886,Dayot Upamecano,0.8645,Aaron Anselmino,0.8496,Albian Hajdari,0.8237,Ruben Kluivert,0.781,Mario Hermoso,0.7807,Juan Rodríguez,0.758,Lucas Beraldo,0.7549,Brendan Chardonnet,0.7342,Marc Guéhi,0.7288,Enzo Boyomo,0.7124,Alessandro Bastoni,0.7119,Arouna Sangante,0.7096
Koni De Winter,Defensa central,Robin Le Normand,0.9206,Strahinja Pavlović,0.8578,Lloyd Kelly,0.8251,Odilon Kossounou,0.8248,Javier Castro,0.8166,Dayot Upamecano,0.8022,Francesco Folino,0.7884,Matthias Ginter,0.7718,Jamil Siebert,0.7702,Santiago Bueno,0.7655,Ruben Kluivert,0.7541,Amir Rrahmani,0.7513,Karol Mets,0.7435,Micky van de Ven,0.7424,Chrislain Matsima,0.7411
Giorgio Scalvini,Defensa central,Luka Vušković,0.9367,Gianluca Mancini,0.9307,Stefan Bell,0.9303,Javier Castro,0.9181,Marc Pubill,0.9127,Yann Aurel Bisseck,0.8991,Ramy Bensebaini,0.8957,Samson Baidoo,0.8897,Leo Skiri Østigård,0.8884,Chema,0.8857,Santiago Bueno,0.8837,Amir Rrahmani,0.88,Mario Hermoso,0.8773,Danilho Doekhi,0.8761,Florian Lejeune,0.8669
Victor Nelsson,Defensa central,Andrias Edmundsson,0.9615,Aurèle Amenda,0.8703,Dimitri Lucea,0.8344,Michel Mboula,0.8222,Diogo Leite,0.8045,Abdoulaye Faye,0.7907,Maxime Estève,0.7812,Jordan Torunarigha,0.7716,Junior Diaz,0.7632,Timo Hübers,0.7623,Armel Bella Kotchap,0.7593,Daniele Ghilardi,0.7445,Aleksa Puric,0.7424,Clinton Mata,0.7262,Julian Chabot,0.7241
Sead Kolašinac,Defensa central,Cristhian Mosquera,0.994,Joël Schmied,0.927,Yoel Lago,0.9239,Francesco Coppola,0.9224,Arturo Calabresi,0.9023,Julián Malatini,0.9007,Luca Marianucci,0.8872,Moussa Diarra,0.8818,Fali Candé,0.859,Thomas Keller,0.8542,Arthur Chaves,0.8509,Formose Mendy,0.8305,Matias Moreno,0.8291,Aboubaka Soumahoro,0.8205,Branimir Mlacic,0.8101
Arturo Calabresi,Defensa central,Cristhian Mosquera,0.9164,Sead Kolašinac,0.9023,Matias Moreno,0.8534,Francesco Coppola,0.8474,Yoel Lago,0.8252,Arthur Chaves,0.8193,Formose Mendy,0.7899,Joël Schmied,0.7807,Benedikt Gimber,0.7784,Branimir Mlacic,0.7777,Fali Candé,0.7718,Julián Malatini,0.7691,Kevin Danso,0.7652,Jorge Cuenca,0.7594,Luca Marianucci,0.7477
Ardian Ismajli,Defensa central,Nicolò Bertola,0.9044,Jeffrey Gouweleeuw,0.9017,Alessandro Buongiorno,0.9003,Marcos Senesi,0.841,José María Giménez,0.8024,Francesco Acerbi,0.7848,Moustapha Mbow,0.7801,Alidu Seidu,0.7437,Alejandro Francés,0.7412,James Hill,0.7387,Aymeric Laporte,0.734,Alberto Dossena,0.7316,Jordan Lefort,0.6891,Lilian Brassier,0.6844,Pascal Struijk,0.6835
David Odogu,Defensa central,Edoardo Goldaniga,1.0,Marco Esteban,1.0,Shafiq Nandja,1.0,Mamedi Doucouré,1.0,Noham Kamara,1.0,Federico Gattoni,1.0,Willy Kambwala,1.0,El Chadaille Bitshiabu,0.9728,Igor,0.9725,Veljko Milosavljević,0.934,Joe Worrall,0.9337,Mamadou Sarr,0.9275,Jamaal Lascelles,0.9241,Ramón Martínez,0.9229,John Stones,0.913
Yann Aurel Bisseck,Defensa central,Marc Pubill,0.9683,Santiago Bueno,0.9228,James Tarkowski,0.9217,Javier Castro,0.9091,Giorgio Scalvini,0.8991,Edmond Tapsoba,0.8982,Strahinja Pavlović,0.8974,Jarell Quansah,0.8957,Matthias Ginter,0.8935,Amir Rrahmani,0.8893,Ramy Bensebaini,0.8878,Nico Schlotterbeck,0.8829,Malick Thiaw,0.8798,Samir Chergui,0.8792,Leo Skiri Østigård,0.875
Stefan Posch,Defensa central,Adam Kölle,0.9848,Ben Davies,0.9819,Ronald Araújo,0.9568,Nico Schlotterbeck,0.9492,Federico Gatti,0.9262,Jarell Quansah,0.9214,Julien Le Cardinal,0.91,Éder Militão,0.8999,Ramy Bensebaini,0.8985,Mario Hermoso,0.8899,Luca Reggiani,0.8795,John Donald,0.8731,Leo Skiri Østigård,0.8687,Santiago Bueno,0.8679,Ozan Kabak,0.8667
Nicolás Valentini,Defensa central,Jérémy Jacquet,0.8894,Rosen Bozhinov,0.8678,Thilo Kehrer,0.8487,Niklas Stark,0.8194,Keven Schlotterbeck,0.8042,Abdoulaye Ndiaye,0.7237,Daniel Elfadli,0.7153,Fikayo Tomori,0.6963,Jon Pacheco,0.6959,Emmanuel Agbadou,0.6942,Víctor Chust,0.6933,Honest Ahanor,0.6852,Wesley Fofana,0.6472,Daniel Vivian,0.6402,Alexsandro Ribeiro,0.6261
Honest Ahanor,Defensa central,Alexsandro Ribeiro,0.9841,Abdoulaye Bamba,0.865,Saba Goglichidze,0.8526,Niklas Stark,0.7841,Gerard Martín,0.7602,Jahmai Simpson-Pusey,0.7496,Dan-Axel Zagadou,0.748,Giovanni Bonfanti,0.7364,Nidal Čelik,0.7106,Christian Mawissa,0.6961,Nicolás Valentini,0.6852,Mario Gila,0.6842,Lautaro Valenti,0.6815,Emmanuel Agbadou,0.6789,Luiz Felipe,0.6694
Francesco Acerbi,Defensa central,Finn Jeltsch,0.867,Bamo Meïté,0.8488,Javi Rodríguez,0.8203,Clemens Riedel,0.8102,Dante,0.8102,Ardian Ismajli,0.7848,Pascal Struijk,0.7674,James Hill,0.7671,Alessandro Buongiorno,0.766,Marcos Senesi,0.7539,Antonio Raillo,0.7432,Alidu Seidu,0.736,Jordan Lefort,0.7294,José María Giménez,0.7135,César Azpilicueta,0.7074
Diego Carlos,Defensa central,Facundo González,0.869,Morato,0.8319,Jamil Siebert,0.8035,Odilon Kossounou,0.8028,Jhon Lucumí,0.7885,Federico Baschirotto,0.7516,Mouctar Diakhaby,0.7231,Robin Le Normand,0.6932,Simone Canestrelli,0.6919,Eric Bailly,0.6876,Catena,0.6829,Chema,0.6766,Castrin,0.6748,Jon Martin,0.6674,Thomas Kristensen,0.6657
Martin Vitík,Defensa central,Sebastián Boselli,0.9052,Mateus Lusuardi,0.8725,Unai Núñez,0.8651,Carlos Dominguez,0.8453,Lautaro Valenti,0.8321,Martin Valjent,0.8245,Wout Faes,0.8175,Jonas Adjetey,0.8096,Axel Tapé,0.7961,Thomas Keller,0.7904,Nidal Čelik,0.7847,Andreas Christensen,0.7753,Branimir Mlacic,0.7699,Timothée Kolodziejczak,0.7691,Benedikt Gimber,0.7571
Simone Canestrelli,Defensa central,Jamil Siebert,0.9012,Karol Mets,0.8893,William Saliba,0.8827,Facundo González,0.855,Odilon Kossounou,0.8472,David Costas,0.8205,Calvin Bassey,0.8125,Lewis Dunk,0.8045,Jhon Lucumí,0.7917,Antonio Rüdiger,0.7638,Alessandro Circati,0.7409,Federico Baschirotto,0.7383,Kojo Peprah Oppong,0.7349,Morato,0.7316,Castello Lukeba,0.7118
Pierre Kalulu,Defensa central,Pedro Bigas,0.9026,Alan Matturro,0.8916,Harry Maguire,0.863,Eric Smith,0.8146,Ismaëlo Ganiou,0.8068,Robin Koch,0.802,Dan Burn,0.7857,Sinaly Diomande,0.7633,Philipp Lienhart,0.7375,Dean Huijsen,0.7234,Eray Cömert,0.7228,Cristian Romero,0.7132,Zaid Romero,0.711,Arouna Sangante,0.7102,Micky van de Ven,0.7078
Isak Hien,Defensa central,Murillo,0.8682,Pietro Comuzzo,0.8227,Tiago Gabriel,0.814,Antonio Caracciolo,0.7965,Diego Llorente,0.7447,Sadibou Sané,0.715,Filippo Terracciano,0.7039,Marc Bartra,0.6948,Mohammed Salisu,0.6862,Tarik Muharemovic,0.6778,Unai Elgezabal,0.6612,John Donald,0.6484,Vitor Reis,0.6225,Konstantinos Koulierakis,0.6162,Juan Rodríguez,0.5942
Juan Rodríguez,Defensa central,Aaron Anselmino,0.9433,Waldemar Anton,0.8956,Diego Llorente,0.887,Luca Reggiani,0.8594,Ronald Araújo,0.853,Sebastiano Luperto,0.8325,Kojo Peprah Oppong,0.8167,Obite N'Dicka,0.8136,Julien Le Cardinal,0.8132,Francesco Folino,0.81,Adam Kölle,0.8048,Eric Dier,0.8014,John Donald,0.8002,Ibrahima Konaté,0.7958,Ben Davies,0.7914
Andrias Edmundsson,Defensa central,Victor Nelsson,0.9615,Michel Mboula,0.9257,Aurèle Amenda,0.917,Abdoulaye Faye,0.8504,Julian Chabot,0.8429,Ethan Pinnock,0.8398,Diogo Leite,0.834,Maxime Estève,0.801,Pau Navarro,0.7932,Loïc Bade,0.7667,Ayumu Seko,0.7486,Cedric Zesiger,0.7248,Clinton Mata,0.7097,César Tárrega,0.6948,Sebastian Otoa,0.691
Armel Bella Kotchap,Defensa central,Pablo Marí,0.96,Benoît Badiashile,0.9496,Aleksa Puric,0.942,Formose Mendy,0.9336,Abdul Mumin,0.9318,Dimitri Lucea,0.9288,Daniele Ghilardi,0.916,Luca Marianucci,0.9091,Fábio Cardoso,0.8835,Maximilian Wöber,0.8784,Matteo Palma,0.8733,Eivind Helland,0.8727,Daniele Rugani,0.8682,Juan Foyth,0.8672,Moïse Bombito,0.8631
Tiago Gabriel,Defensa central,Filippo Terracciano,0.947,Antonio Caracciolo,0.8566,Murillo,0.8239,Pietro Comuzzo,0.823,Axel Tuanzebe,0.8159,Isak Hien,0.814,Rafa Marín,0.8094,Mohammed Salisu,0.8083,Konstantinos Mavropanos,0.8067,Oumar Solet,0.7781,Marc Bartra,0.7735,Sadibou Sané,0.7394,Sven Botman,0.7304,Unai Elgezabal,0.7275,Adrián de la Fuente,0.7238
Mamedi Doucouré,Defensa central,Edoardo Goldaniga,1.0,Marco Esteban,1.0,David Odogu,1.0,Shafiq Nandja,1.0,Noham Kamara,1.0,Federico Gattoni,1.0,Willy Kambwala,1.0,El Chadaille Bitshiabu,0.9728,Igor,0.9725,Veljko Milosavljević,0.934,Joe Worrall,0.9337,Mamadou Sarr,0.9275,Jamaal Lascelles,0.9241,Ramón Martínez,0.9229,John Stones,0.913
Johan Vásquez,Defensa central,Willi Orban,0.8,Kike Salas,0.7701,Arthur Theate,0.7061,Aïssa Mandi,0.6953,Kojo Peprah Oppong,0.6662,Waldemar Anton,0.6617,Hauke Wahl,0.6577,Chris Richards,0.6404,Oumar Solet,0.6335,Valentín Gómez,0.6213,Antoine Mendy,0.6209,Eric García,0.6184,Samir Chergui,0.6183,Tim Siersleben,0.5834,Jarrad Branthwaite,0.5819
Nicolò Bertola,Defensa central,Jeffrey Gouweleeuw,0.9173,Ardian Ismajli,0.9044,Marcos Senesi,0.8431,Alejandro Francés,0.7949,Dávid Hancko,0.7852,Aymeric Laporte,0.7821,Alessandro Buongiorno,0.7684,Alidu Seidu,0.7644,Aritz Elustondo,0.7507,Tomoya Ando,0.7242,Moustapha Mbow,0.7236,Leonardo Balerdi,0.7202,Jordan Lefort,0.7166,Malang Sarr,0.7157,Pascal Struijk,0.6929
Enzo Ebosse,Defensa central,Moussa Niakhate,0.9374,Jeanuël Belocian,0.8924,Zé Pedro Figueiredo,0.8828,Matteo Bianchetti,0.8807,Ramon Hendriks,0.8806,Oier Luengo,0.8645,Jorge Herrando,0.8608,Javi Rodríguez,0.8503,Raúl Albiol,0.8498,Bamo Meïté,0.7908,Mark McKenzie,0.7885,Pedro Felipe,0.7471,Nico Elvedi,0.7395,Finn Jeltsch,0.7321,Antonio Raillo,0.7188
Edoardo Goldaniga,Defensa central,Marco Esteban,1.0,David Odogu,1.0,Shafiq Nandja,1.0,Mamedi Doucouré,1.0,Noham Kamara,1.0,Federico Gattoni,1.0,Willy Kambwala,1.0,El Chadaille Bitshiabu,0.9728,Igor,0.9725,Veljko Milosavljević,0.934,Joe Worrall,0.9337,Mamadou Sarr,0.9275,Jamaal Lascelles,0.9241,Ramón Martínez,0.9229,John Stones,0.913
Daniele Ghilardi,Defensa central,Maximilian Wöber,0.9628,Dimitri Lucea,0.9535,Timo Hübers,0.9281,Formose Mendy,0.9271,Zach Abbott,0.917,Armel Bella Kotchap,0.916,Mikayil Ngor Faye,0.8897,Luca Marianucci,0.8797,Jonathan Gradit,0.8612,Arthur Chaves,0.8548,Jordan Torunarigha,0.846,Pablo Ramon,0.8398,Pablo Marí,0.8098,Jan Ziółkowski,0.8082,Djené,0.8011
Zé Pedro Figueiredo,Defensa central,Jeanuël Belocian,0.9492,Enzo Ebosse,0.8828,Jorge Herrando,0.8654,Moussa Niakhate,0.846,Javi Rodríguez,0.8317,Matteo Bianchetti,0.831,César Azpilicueta,0.8113,Oier Luengo,0.7618,Igor Zubeldia,0.7555,Mark McKenzie,0.7445,Olivier Boscagli,0.7424,Francesco Coppola,0.7301,Raúl Albiol,0.7215,Adam Masina,0.7203,Daniel Denoon,0.7116
Federico Gatti,Defensa central,Ozan Kabak,0.9689,Ronald Araújo,0.9605,Ben Davies,0.955,Julien Le Cardinal,0.9507,Stefan Posch,0.9262,Adam Kölle,0.9206,John Donald,0.9189,Jonathan Tah,0.8997,Leo Skiri Østigård,0.8969,Leopold Querfeld,0.8933,Raúl Asencio,0.8863,Aitor Paredes,0.8816,Luca Reggiani,0.8796,Guillermo Maripán,0.877,Luka Vušković,0.8753
Jamil Siebert,Defensa central,Facundo González,0.9663,Odilon Kossounou,0.9514,Federico Baschirotto,0.9342,Morato,0.918,Simone Canestrelli,0.9012,Sam Beukema,0.9006,Thomas Kristensen,0.8723,Jhon Lucumí,0.8583,Karol Mets,0.8568,Issa Diop,0.8367,Lewis Dunk,0.8337,Robin Hranáč,0.8284,Francesco Folino,0.8219,David Costas,0.8171,William Saliba,0.8163
Pietro Comuzzo,Defensa central,Murillo,0.9134,Unai Elgezabal,0.8521,Marc Bartra,0.8375,Tiago Gabriel,0.823,Isak Hien,0.8227,Axel Tuanzebe,0.814,Filippo Terracciano,0.8078,Rafa Marín,0.7787,Mohammed Salisu,0.7683,Antonio Caracciolo,0.7381,Andrew Omobamidele,0.7381,Tarik Muharemovic,0.7287,Konstantinos Mavropanos,0.7056,Sebastiano Luperto,0.7003,Duje Ćaleta-Car,0.6806
Sebastiano Luperto,Defensa central,Andrew Omobamidele,0.9467,Francisco Sierralta,0.9287,Issa Diop,0.9119,Anthony Rouault,0.9113,Raúl Asencio,0.901,Francesco Folino,0.8965,Robin Hranáč,0.8941,Luca Reggiani,0.8908,Eric Bailly,0.8836,Aitor Paredes,0.8822,Illia Zabarnyi,0.8657,Obite N'Dicka,0.8582,Eric Dier,0.8566,Julien Le Cardinal,0.8535,Seny Koumbassa,0.8489
Mario Hermoso,Defensa central,Ramy Bensebaini,0.936,Adam Dźwigała,0.9286,Ruben Kluivert,0.9061,Adam Kölle,0.8989,Stefan Posch,0.8899,Éder Militão,0.887,Gianluca Mancini,0.8865,Nico Schlotterbeck,0.8803,Giorgio Scalvini,0.8773,Brendan Chardonnet,0.8698,Joško Gvardiol,0.8678,Leo Skiri Østigård,0.8676,Stefan Bell,0.8635,Albian Hajdari,0.8625,Jonathan Tah,0.8537
Sam Beukema,Defensa central,Federico Baschirotto,0.9572,Thomas Kristensen,0.944,Malick Thiaw,0.9378,Jarell Quansah,0.9283,Santiago Bueno,0.9178,Danilho Doekhi,0.9161,Leandro Cabrera,0.9155,Rúben Dias,0.9152,Raúl Asencio,0.9138,Virgil van Dijk,0.9125,Joe Rodon,0.9009,Jamil Siebert,0.9006,Odilon Kossounou,0.8943,Samir Chergui,0.8914,Luca Reggiani,0.8892
Juan Jesus,Defensa central,Abdoulaye Ndiaye,0.9667,Mattia Viti,0.9577,Daniel Elfadli,0.9535,Niklas Stark,0.8618,Clément Lenglet,0.8407,Djené,0.8399,Jérémy Jacquet,0.7969,Tylel Tati,0.7908,Jonathan Gradit,0.7842,Thilo Kehrer,0.7839,Tanguy Nianzou,0.7827,Kevin Akpoguma,0.7641,Wesley Fofana,0.7623,Rosen Bozhinov,0.743,Lucas Høgsberg,0.7336
Amir Rrahmani,Defensa central,Javier Castro,0.9686,Samson Baidoo,0.9415,Edmond Tapsoba,0.9325,Santiago Bueno,0.9305,Charlie Cresswell,0.9151,Leo Skiri Østigård,0.9079,Stefan Bell,0.907,Matthias Ginter,0.9006,Strahinja Pavlović,0.898,Abdelhamid Ait Boudlal,0.8929,Yann Aurel Bisseck,0.8893,Patrick Mainka,0.8886,Thomas Kristensen,0.8838,Giorgio Scalvini,0.88,Luka Vušković,0.8748
Torbjørn Heggem,Defensa central,Alessio Romagnoli,0.906,Mario Gila,0.8657,Kevin Akpoguma,0.8619,Fernando Calero,0.7929,Berat Djimsiti,0.7737,Junior Diaz,0.772,Youssouf Ndayishimiye,0.7686,Christopher Wooh,0.7642,Juan Foyth,0.7465,Ezri Konsa,0.7351,Wout Faes,0.7351,Toti Gomes,0.7332,Ameen Al-Dakhil,0.7325,Veljko Milosavljević,0.7289,Natan,0.7269
Antonio Caracciolo,Defensa central,Mohammed Salisu,0.9474,Tiago Gabriel,0.8566,Isak Hien,0.7965,Castrin,0.7959,Konstantinos Mavropanos,0.7838,Mouctar Diakhaby,0.7733,Murillo,0.764,Chema,0.7579,Adrián de la Fuente,0.7537,Pietro Comuzzo,0.7381,Duje Ćaleta-Car,0.7274,Filippo Terracciano,0.7231,Diego Llorente,0.72,Luka Vušković,0.7105,Marc Bartra,0.7096
Mariano Troilo,Defensa central,Nobel Mendy,0.9612,Marcão,0.9557,Víctor Chust,0.9498,Yerry Mina,0.9318,David Carmo,0.8952,Dominik Kohr,0.8848,Dan Burn,0.8744,Philipp Lienhart,0.8608,Zaid Romero,0.8381,Moritz Jenz,0.826,Cristian Romero,0.8253,Ismaëlo Ganiou,0.8148,Sinaly Diomande,0.788,Abdoul Coulibaly,0.7663,Otavio Ataide,0.7398
Jay Idzes,Defensa central,Tosin Adarabioyo,0.934,Ameen Al-Dakhil,0.9314,Joe Worrall,0.9204,Ramón Martínez,0.9142,Daniel Martinez,0.9081,Nils Zätterström,0.9075,Joseph Aidoo,0.9041,Igor,0.9006,Anthony Jung,0.9004,Dani Calvo,0.8881,Bafodé Diakité,0.8729,Ousmane Toure,0.8718,Natan,0.8716,Derek Cornelius,0.8651,Luken Beitia,0.8645
Kevin Diks,Defensa central,Malick Thiaw,0.9458,Samir Chergui,0.9003,Jarell Quansah,0.8868,Guillermo Maripán,0.8829,Leandro Cabrera,0.8772,Denis Vavro,0.8464,Julien Le Cardinal,0.845,Ben Davies,0.8404,Valentín Gómez,0.8371,Willi Orban,0.8345,Ronald Araújo,0.8306,Arthur Theate,0.8305,Yann Aurel Bisseck,0.8294,Stefan Posch,0.8271,Sam Beukema,0.8228
Anthony Jung,Defensa central,Eivind Helland,0.956,Abdul Mumin,0.9472,Natan,0.9346,Aleksa Puric,0.9299,Juan Foyth,0.9273,Fábio Cardoso,0.9273,Ameen Al-Dakhil,0.9261,Benoît Badiashile,0.9212,Nils Zätterström,0.9177,Koki Machida,0.9039,Jay Idzes,0.9004,Joseph Aidoo,0.8909,Matteo Palma,0.8899,Luken Beitia,0.8849,Youssouf Ndayishimiye,0.8809
Ozan Kabak,Defensa central,Federico Gatti,0.9689,Bryan Okoh,0.9396,Aitor Paredes,0.9373,Chema,0.9361,Obite N'Dicka,0.9204,Kacper Potulski,0.9203,Luka Vušković,0.9161,Jonathan Tah,0.9141,John Donald,0.9091,Ronald Araújo,0.9071,Mouctar Diakhaby,0.9014,Julien Le Cardinal,0.8931,Leo Skiri Østigård,0.8917,Leopold Querfeld,0.8898,Ben Davies,0.8793
Konstantinos Koulierakis,Defensa central,Tarik Muharemovic,0.8964,Adrián de la Fuente,0.8661,Jan Paul van Hecke,0.8612,Éder Militão,0.8514,Danny da Costa,0.8453,Julien Le Cardinal,0.842,Joško Gvardiol,0.8278,Santiago Bueno,0.8255,Lucas Beraldo,0.822,Oumar Solet,0.8139,Marc Guéhi,0.8101,Gleison Bremer,0.8034,Leo Skiri Østigård,0.799,Brendan Chardonnet,0.7956,Luka Vušković,0.7931
Chrislain Matsima,Defensa central,Samson Baidoo,0.8713,Stanley N'Soki,0.8326,Kim Min-jae,0.8205,Javier Castro,0.809,Dayot Upamecano,0.8053,Hiroki Ito,0.7961,Amir Rrahmani,0.7954,Eric Dier,0.7914,Eric Bailly,0.791,Obite N'Dicka,0.787,Gleison Bremer,0.7841,Bryan Okoh,0.7819,Lucas Beraldo,0.7636,Jonathan Tah,0.7633,Robin Le Normand,0.7561
Aboubaka Soumahoro,Defensa central,Yoel Lago,0.8977,Sead Kolašinac,0.8205,Cristhian Mosquera,0.8198,Thomas Keller,0.8083,Jorge Cuenca,0.7858,Jonas Adjetey,0.7849,Tosin Adarabioyo,0.7818,Marash Kumbulla,0.7814,Dani Calvo,0.7782,Joël Schmied,0.7755,Moussa Diarra,0.7673,Sebastiaan Bornauw,0.7629,Bambo Diaby,0.7358,Mateus Lusuardi,0.7334,Ladislav Krejčí,0.7165
Benedikt Gimber,Defensa central,Arthur Chaves,0.9601,Fali Candé,0.953,Francesco Coppola,0.952,Branimir Mlacic,0.8906,Jan Ziółkowski,0.8839,Christian Mawissa,0.8786,Daniel Denoon,0.8781,Unai Núñez,0.8692,Julián Malatini,0.85,Emmanuel Biumla,0.8369,Joël Schmied,0.8314,Victor Valdepeñas,0.8138,Cristhian Mosquera,0.8086,Lautaro Valenti,0.8032,Pablo Ramon,0.8028
Maxim Leitsch,Defensa central,Radu Drăgușin,0.9467,Yeray Álvarez,0.9259,Levi Colwill,0.9175,Matteo Palma,0.906,Abdukodir Khusanov,0.9052,Maximilian Wöber,0.897,Mick Schmetgens,0.8926,Jordan Torunarigha,0.8914,Daley Blind,0.8628,Junior Diaz,0.8537,Filippo Romagna,0.8436,Timo Hübers,0.8407,Berat Djimsiti,0.8308,Dominique Heintz,0.8153,Derek Cornelius,0.8041
Niklas Süle,Defensa central,Joe Gomez,0.981,Chadi Riad,0.852,Pablo,0.848,Aritz Elustondo,0.842,Federico Ceccherini,0.8208,Alberto Dossena,0.8051,José María Giménez,0.8004,Marcos Senesi,0.7979,Leonardo Balerdi,0.7711,Tomoya Ando,0.7711,Kristoffer Ajer,0.7567,Oier Luengo,0.7424,Alessandro Bastoni,0.7337,Luke O'Nien,0.7201,Jeffrey Gouweleeuw,0.6982
Max Rosenfelder,Defensa central,Nikola Milenković,0.919,Marquinhos,0.8817,Maxime Estève,0.8782,Jozhua Vertrouwd,0.837,Pau Torres,0.834,Copete,0.8119,Clinton Mata,0.8115,Lisandro Martínez,0.8013,Nathaniel Adjei,0.7692,Sebastian Otoa,0.7404,Diogo Leite,0.7401,Axel Disasi,0.7323,Bafodé Diakité,0.6909,Soumaïla Coulibaly,0.6873,César Tárrega,0.6707
Marvin Friedrich,Defensa central,Gaby Jean,0.9479,Manu Fernández,0.933,Tim Oermann,0.9297,Brad Mantsounga,0.9292,Maxima Goffi,0.9239,Emmanuel Biumla,0.9185,Amadou Cissé,0.9144,Gabriel Osho,0.907,Victor Valdepeñas,0.8812,Eddy Kouadio,0.8761,Alvaro Cortes,0.8647,Zach Abbott,0.86,Jorge Cabello,0.8544,Timo Hübers,0.8508,Diego Aguado,0.8427
Noahkai Banks,Defensa central,Ramy Bensebaini,0.9418,Gianluca Mancini,0.9124,Nico Schlotterbeck,0.9052,Nicolás Capaldo,0.8842,Adam Kölle,0.8631,Stefan Posch,0.8616,Mario Hermoso,0.836,Marc Pubill,0.8237,Leo Skiri Østigård,0.8144,James Tarkowski,0.8124,Jarell Quansah,0.8066,Alessandro Bastoni,0.8012,Valentín Gómez,0.7945,Stefan Bell,0.7854,Ben Davies,0.7773
Julián Malatini,Defensa central,Joël Schmied,0.9794,Luca Marianucci,0.9603,Branimir Mlacic,0.9535,Francesco Coppola,0.9427,Moussa Diarra,0.9254,Pablo Ramon,0.9247,Sead Kolašinac,0.9007,Arthur Chaves,0.8955,Marin Pongračić,0.892,Nicolò Casale,0.8795,Cristhian Mosquera,0.8792,Fali Candé,0.8749,Emmanuel Biumla,0.8744,Manu Fernández,0.8692,Daniel Denoon,0.8645
Luca Reggiani,Defensa central,Raúl Asencio,0.9753,Francesco Folino,0.9551,Ronald Araújo,0.9467,Julien Le Cardinal,0.9343,Ben Davies,0.9119,Sebastiano Luperto,0.8908,Sam Beukema,0.8892,Issa Diop,0.8842,Federico Gatti,0.8796,Stefan Posch,0.8795,Morato,0.863,Juan Rodríguez,0.8594,Adam Kölle,0.8552,Robin Hranáč,0.8544,Francisco Sierralta,0.8489
Filippo Mane,Defensa central,Levi Colwill,0.8499,Dominique Heintz,0.8452,Yeray Álvarez,0.8318,CJ Egan-Riley,0.808,Alvaro Cortes,0.8003,Derek Cornelius,0.7954,Mick Schmetgens,0.7932,Ezri Konsa,0.7829,Kevin Akpoguma,0.7725,Timo Hübers,0.7616,Daley Blind,0.7611,Daniel Martinez,0.7234,Djené,0.7202,Filippo Romagna,0.7081,Maxim Leitsch,0.7057
Cedric Zesiger,Defensa central,Pau Navarro,0.913,Yerson Mosquera,0.876,Michel Mboula,0.8409,Soumaïla Coulibaly,0.8223,Sebastian Otoa,0.7986,Ayumu Seko,0.7838,Loïc Bade,0.7779,Abdoulaye Faye,0.7756,Christian Mawissa,0.7588,Aurèle Amenda,0.7382,Andrias Edmundsson,0.7248,Ethan Pinnock,0.7132,Julian Chabot,0.7045,Clinton Mata,0.7019,Nathaniel Adjei,0.674
Axel Tapé,Defensa central,Andreas Christensen,0.9736,Guilherme Ramos,0.8516,Sebastián Boselli,0.8208,Facundo Garcés,0.8133,Martin Vitík,0.7961,Kōta Takai,0.7819,Timothée Kolodziejczak,0.7517,Martin Valjent,0.739,Mateus Lusuardi,0.7286,Jonas Adjetey,0.6907,Nidal Čelik,0.6636,Tanguy Nianzou,0.6586,David Alaba,0.6377,Unai Núñez,0.6329,Thomas Keller,0.6325
Loïc Bade,Defensa central,Ethan Pinnock,0.9465,Ayumu Seko,0.9107,Chancel Mbemba,0.9106,Julian Chabot,0.9033,Nathaniel Adjei,0.8623,Axel Disasi,0.8417,Sebastian Otoa,0.8316,Pau Navarro,0.7907,Aurèle Amenda,0.7804,Cedric Zesiger,0.7779,Andrias Edmundsson,0.7667,Stefan de Vrij,0.7583,Pau Torres,0.7395,Kōta Takai,0.7365,Maxime Estève,0.7325
Cenk Özkacar,Defensa central,Leny Yoro,0.9137,Fabian Schär,0.8684,Gerard Martín,0.8158,Max Alleyne,0.8006,Jair Cunha,0.7913,Emmanuel Agbadou,0.7761,Ifechukwu Ogbus,0.767,Telli Siwe,0.7617,Stefan de Vrij,0.7614,Marcos Alonso,0.7559,Ville Koski,0.7459,Willian Pacho,0.7424,David López,0.7321,Jahmai Simpson-Pusey,0.7291,Amos Pieper,0.7283
Hauke Wahl,Defensa central,Strahinja Pavlović,0.9004,Matthias Ginter,0.8917,Jarrad Branthwaite,0.8757,Javier Castro,0.8697,Santiago Bueno,0.8693,Yann Aurel Bisseck,0.8561,Trevoh Chalobah,0.8447,Amir Rrahmani,0.8352,Danilho Doekhi,0.8352,Sam Beukema,0.8333,Eric Smith,0.8298,Marc Pubill,0.8184,Thomas Kristensen,0.8179,Joe Rodon,0.817,Malick Thiaw,0.8151
Warmed Omari,Defensa central,Lilian Brassier,0.9,Malang Sarr,0.8507,Olivier Boscagli,0.7947,Adam Masina,0.7525,Kyllian Antonio,0.7407,Moustapha Mbow,0.7344,Jordan Lefort,0.7257,Pedro Felipe,0.6881,Ramon Hendriks,0.688,Luca Jaquez,0.6852,Aritz Elustondo,0.6829,Moussa Niakhate,0.6817,Nico Elvedi,0.6698,Raúl Albiol,0.6624,Jeanuël Belocian,0.6607
Kim Min-jae,Defensa central,Michael Keane,0.8766,Eric Dier,0.8703,Hiroki Ito,0.8485,Lucas Beraldo,0.8466,Samson Baidoo,0.8232,Chrislain Matsima,0.8205,Bryan Okoh,0.8166,Gleison Bremer,0.8164,Obite N'Dicka,0.7963,Marc Guéhi,0.7854,Joško Gvardiol,0.7807,Aaron Anselmino,0.7665,Dayot Upamecano,0.7621,Aitor Paredes,0.7589,Seny Koumbassa,0.7554
Dayot Upamecano,Defensa central,Lucas Beraldo,0.9085,Stanley N'Soki,0.8957,Saúl Coco,0.8645,Ruben Kluivert,0.8626,Gabriel Magalhães,0.8618,Aaron Anselmino,0.8344,Nnamdi Collins,0.8228,Enzo Boyomo,0.8111,Alan Matturro,0.8107,Francesco Folino,0.8088,Chrislain Matsima,0.8053,Joško Gvardiol,0.8051,Luca Reggiani,0.8049,Santiago Bueno,0.8038,Koni De Winter,0.8022
Piero Hincapié,Defensa central,Raphael Le Guen,0.9378,Telli Siwe,0.8878,Luiz Felipe,0.8579,Max Alleyne,0.8383,Dan-Axel Zagadou,0.8311,Ville Koski,0.831,Fabio Chiarodia,0.829,Kōta Takai,0.7542,Timothée Kolodziejczak,0.6945,Tommaso Macchioni,0.6889,Stefan de Vrij,0.6597,Guilherme Ramos,0.6569,Berat Djimsiti,0.6531,Martin Valjent,0.6327,Uroš Radaković,0.6218
Edmond Tapsoba,Defensa central,Charlie Cresswell,0.9502,Leo Skiri Østigård,0.9395,James Tarkowski,0.9329,Amir Rrahmani,0.9325,Santiago Bueno,0.9223,Javier Castro,0.9149,Strahinja Pavlović,0.9036,Matthias Ginter,0.9032,Yann Aurel Bisseck,0.8982,Ramy Bensebaini,0.8932,Dean Huijsen,0.8862,Stefan Bell,0.8849,Micky van de Ven,0.8808,Samson Baidoo,0.8683,Pablo Martínez,0.8632
Moritz Jenz,Defensa central,Mariano Troilo,0.826,Abdoul Coulibaly,0.8133,David Carmo,0.7824,Yerry Mina,0.7527,Marcão,0.7316,Nobel Mendy,0.7268,Vitor Reis,0.7173,Víctor Chust,0.7103,Duje Ćaleta-Car,0.6862,Zaid Romero,0.6702,Carl Starfelt,0.6559,Dominik Kohr,0.6318,Sinaly Diomande,0.626,Ismaëlo Ganiou,0.6233,Cristian Romero,0.6161
Aurèle Amenda,Defensa central,Andrias Edmundsson,0.917,Abdoulaye Faye,0.9036,Julian Chabot,0.8937,Diogo Leite,0.8924,Pau Navarro,0.8835,Victor Nelsson,0.8703,Michel Mboula,0.8695,Ayumu Seko,0.8646,Soumaïla Coulibaly,0.8551,Ethan Pinnock,0.8319,Chancel Mbemba,0.8155,Copete,0.8093,César Tárrega,0.8059,Loïc Bade,0.7804,Yerson Mosquera,0.7384
Leopold Querfeld,Defensa central,Kacper Potulski,0.9622,John Donald,0.9084,Federico Gatti,0.8933,Ozan Kabak,0.8898,Adam Kölle,0.8749,Ben Davies,0.8719,Florian Lejeune,0.8393,Stefan Posch,0.8361,Jacobo Ramón,0.8303,Ronald Araújo,0.8239,Diego Llorente,0.8158,Chema,0.8096,Julien Le Cardinal,0.8038,Emre Can,0.7971,Valentín Gómez,0.792
Ramy Bensebaini,Defensa central,Gianluca Mancini,0.9575,Nico Schlotterbeck,0.9436,Noahkai Banks,0.9418,Mario Hermoso,0.936,Leo Skiri Østigård,0.928,Stefan Bell,0.9138,Marc Pubill,0.9138,James Tarkowski,0.9005,Stefan Posch,0.8985,Giorgio Scalvini,0.8957,Javier Castro,0.8936,Edmond Tapsoba,0.8932,Yann Aurel Bisseck,0.8878,Santiago Bueno,0.8842,Charlie Cresswell,0.8824
Ameen Al-Dakhil,Defensa central,Joe Worrall,0.9757,Nils Zätterström,0.9754,Joseph Aidoo,0.9596,Igor,0.9587,Natan,0.9532,El Chadaille Bitshiabu,0.9314,Jay Idzes,0.9314,Ramón Martínez,0.9312,Anthony Jung,0.9261,Veljko Milosavljević,0.9182,Fernando Calero,0.9075,Ousmane Toure,0.9057,Juan Foyth,0.9037,Logan Costa,0.9011,Luken Beitia,0.8955
Dominique Heintz,Defensa central,Alvaro Cortes,0.957,Yeray Álvarez,0.9447,Daniel Martinez,0.9429,Levi Colwill,0.9404,Derek Cornelius,0.9352,Mick Schmetgens,0.9345,John Stones,0.898,Ramón Martínez,0.8893,Filippo Romagna,0.8842,Veljko Milosavljević,0.8839,Jenson Seelt,0.882,Matías Pérez,0.865,Jay Idzes,0.8474,Filippo Mane,0.8452,Daley Blind,0.8438
Thomas Keller,Defensa central,Mateus Lusuardi,0.9601,Jonas Adjetey,0.9516,Joël Schmied,0.9227,Moussa Diarra,0.909,Fali Candé,0.8739,Cristhian Mosquera,0.8679,Julián Malatini,0.8557,Sead Kolašinac,0.8542,Yoel Lago,0.8476,Francesco Coppola,0.8435,Branimir Mlacic,0.8138,Aboubaka Soumahoro,0.8083,Daniel Denoon,0.7928,Martin Vitík,0.7904,Marin Pongračić,0.7772
Nico Schlotterbeck,Defensa central,Stefan Posch,0.9492,Ramy Bensebaini,0.9436,Jarell Quansah,0.931,Marc Pubill,0.9158,Adam Kölle,0.9125,Santiago Bueno,0.9053,Noahkai Banks,0.9052,Gianluca Mancini,0.9035,Strahinja Pavlović,0.888,Ben Davies,0.8832,Yann Aurel Bisseck,0.8829,Mario Hermoso,0.8803,James Tarkowski,0.879,Javier Castro,0.8702,Éder Militão,0.8659
Finn Jeltsch,Defensa central,Francesco Acerbi,0.867,Nico Elvedi,0.8298,Javi Rodríguez,0.8239,Jordan Lefort,0.8093,César Azpilicueta,0.7765,Bamo Meïté,0.7736,Ramon Hendriks,0.7688,Moussa Niakhate,0.7359,Enzo Ebosse,0.7321,Antonio Raillo,0.7311,Alidu Seidu,0.7304,Rav van den Berg,0.7171,Jean-Clair Todibo,0.6903,Olivier Boscagli,0.6786,Clemens Riedel,0.6624
Amos Pieper,Defensa central,Tim Siersleben,0.9304,Fabian Schär,0.8144,Leny Yoro,0.8107,Mikayil Ngor Faye,0.7718,Matias Moreno,0.7555,Emmanuel Agbadou,0.7477,Cenk Özkacar,0.7283,Nathan Aké,0.7223,Bashir Humphreys,0.7201,Giovanni Bonfanti,0.7035,Arturo Calabresi,0.703,Lautaro Valenti,0.6762,Saba Goglichidze,0.6687,Diogo Leite,0.6646,Gerard Martín,0.6614
Nnamdi Collins,Defensa central,Stanley N'Soki,0.9334,Saúl Coco,0.9266,Adam Dźwigała,0.908,Albian Hajdari,0.854,Ruben Kluivert,0.8451,Mario Hermoso,0.8294,Dayot Upamecano,0.8228,Aaron Anselmino,0.8035,Robin Le Normand,0.7978,Arouna Sangante,0.7618,Sadibou Sané,0.7481,Chrislain Matsima,0.7314,Gianluca Mancini,0.7148,Juan Rodríguez,0.7087,Brendan Chardonnet,0.704
Lukas Klostermann,Defensa central,Sepp van den Berg,0.9536,Diego Coppola,0.9504,Jaka Bijol,0.7436,Aymeric Laporte,0.7402,Manu Hernando,0.7246,Terry Yegbe,0.7153,Chadi Riad,0.7017,Dante,0.6845,Patrick Mainka,0.6496,Hiroki Ito,0.6141,Alessandro Marcandalli,0.6067,Dávid Hancko,0.593,Jean-Philippe Gbamin,0.5911,Montassar Talbi,0.585,Victor Lindelöf,0.5843
Kōta Takai,Defensa central,Stefan de Vrij,0.9351,Guilherme Ramos,0.9201,Martin Valjent,0.8609,Andreas Christensen,0.8606,Luiz Felipe,0.8591,Telli Siwe,0.7975,Axel Tapé,0.7819,Max Alleyne,0.7819,Gerard Martín,0.7729,Dan-Axel Zagadou,0.7726,Carlos Dominguez,0.7662,Piero Hincapié,0.7542,Jahmai Simpson-Pusey,0.7394,Loïc Bade,0.7365,Ville Koski,0.7322
Marco Friedl,Defensa central,Yerry Mina,0.8385,Philipp Lienhart,0.8375,Trevoh Chalobah,0.8185,Luca Ranieri,0.7844,Karol Mets,0.7824,Ismaëlo Ganiou,0.768,Nobel Mendy,0.7577,Otavio Ataide,0.7547,Abdoul Coulibaly,0.7518,David Costas,0.7387,Dominik Kohr,0.7365,Zaid Romero,0.7213,Odilon Kossounou,0.7085,Jhon Lucumí,0.7063,Mariano Troilo,0.6903
Adam Kölle,Defensa central,Stefan Posch,0.9848,Ben Davies,0.9674,Ronald Araújo,0.932,John Donald,0.9299,Federico Gatti,0.9206,Nico Schlotterbeck,0.9125,Mario Hermoso,0.8989,Julien Le Cardinal,0.8887,Jarell Quansah,0.8842,Ramy Bensebaini,0.8789,Ozan Kabak,0.8779,Leopold Querfeld,0.8749,Noahkai Banks,0.8631,Éder Militão,0.8595,Luca Reggiani,0.8552
Dan-Axel Zagadou,Defensa central,Luiz Felipe,0.9425,Fabio Chiarodia,0.9101,Nidal Čelik,0.8576,Telli Siwe,0.8462,Piero Hincapié,0.8311,Max Alleyne,0.8173,Gerard Martín,0.8164,Raphael Le Guen,0.8137,Saba Goglichidze,0.8006,Uroš Radaković,0.7982,Kōta Takai,0.7726,Abdoulaye Bamba,0.7664,Berat Djimsiti,0.7581,Abdukodir Khusanov,0.7563,Giovanni Bonfanti,0.7547
Aaron Anselmino,Defensa central,Juan Rodríguez,0.9433,Diego Llorente,0.9051,Obite N'Dicka,0.8807,Eric Dier,0.8654,Stanley N'Soki,0.8622,Waldemar Anton,0.8554,Adam Dźwigała,0.8544,Saúl Coco,0.8496,Bryan Okoh,0.8493,Dayot Upamecano,0.8344,Ronald Araújo,0.8325,Lucas Beraldo,0.8199,Nnamdi Collins,0.8035,Julien Le Cardinal,0.7924,Kike Salas,0.791
Luka Vušković,Defensa central,Chema,0.9708,Mouctar Diakhaby,0.9665,Leo Skiri Østigård,0.948,Giorgio Scalvini,0.9367,Danilho Doekhi,0.9318,Guillermo Maripán,0.9287,Castrin,0.9263,Obite N'Dicka,0.9206,Stefan Bell,0.9189,Ozan Kabak,0.9161,Bryan Okoh,0.9081,Samson Baidoo,0.9053,Santiago Bueno,0.9031,Jarell Quansah,0.9003,Aitor Paredes,0.8917
Denis Vavro,Defensa central,Virgil van Dijk,0.9235,Malick Thiaw,0.9185,Miguel Ángel Rubio,0.9138,Danilho Doekhi,0.899,Leandro Cabrera,0.8932,Matthijs de Ligt,0.8834,Joe Rodon,0.8822,Rúben Dias,0.8623,Guillermo Maripán,0.8537,Eric Dier,0.8498,Samir Chergui,0.8485,Kevin Diks,0.8464,Francisco Sierralta,0.8437,Ousmane Camara,0.8405,Seny Koumbassa,0.8332
Ifechukwu Ogbus,Defensa central,Jair Cunha,0.9696,Tobias Slotsager,0.9581,Gerard Martín,0.8761,Marcos Alonso,0.8516,Carlos Dominguez,0.8454,Stefan de Vrij,0.8309,Daley Blind,0.7842,Toti Gomes,0.7792,Cenk Özkacar,0.767,Mario Gila,0.764,Lautaro Valenti,0.7398,Christian Mawissa,0.7396,Berat Djimsiti,0.6966,Tyrone Mings,0.6922,Javier Olaizola,0.6869
Keven Schlotterbeck,Defensa central,Fikayo Tomori,0.9284,Wesley Fofana,0.9227,Thilo Kehrer,0.877,Rosen Bozhinov,0.8519,Niklas Stark,0.8415,Jérémy Jacquet,0.8391,Nicolás Valentini,0.8042,Clément Lenglet,0.8005,Abdoulaye Ndiaye,0.7938,Daniel Elfadli,0.7882,Abdel Abqar,0.7203,Mattia Viti,0.6967,Juan Jesus,0.6791,Jon Pacheco,0.6756,Dan Burn,0.6664
Arthur Chaves,Defensa central,Francesco Coppola,0.9717,Benedikt Gimber,0.9601,Fali Candé,0.9271,Branimir Mlacic,0.9057,Julián Malatini,0.8955,Jan Ziółkowski,0.894,Formose Mendy,0.8829,Luca Marianucci,0.8695,Mikayil Ngor Faye,0.8681,Daniel Denoon,0.8572,Victor Valdepeñas,0.855,Daniele Ghilardi,0.8548,Cristhian Mosquera,0.8534,Joël Schmied,0.8517,Sead Kolašinac,0.8509
Robin Hranáč,Defensa central,Issa Diop,0.9264,Illia Zabarnyi,0.9193,Sebastiano Luperto,0.8941,Francesco Folino,0.884,Raúl Asencio,0.8827,Francisco Sierralta,0.8631,Luca Reggiani,0.8544,Seny Koumbassa,0.8512,Anthony Rouault,0.8467,Rúben Dias,0.8456,Federico Baschirotto,0.8438,Andrew Omobamidele,0.8298,Jamil Siebert,0.8284,Ibrahima Konaté,0.8217,Pau Cubarsí,0.7996
Jeffrey Gouweleeuw,Defensa central,Nicolò Bertola,0.9173,Ardian Ismajli,0.9017,Marcos Senesi,0.8348,Alejandro Francés,0.8274,José María Giménez,0.825,Alberto Dossena,0.8019,Aymeric Laporte,0.7862,Federico Ceccherini,0.7596,Chadi Riad,0.7427,Aritz Elustondo,0.7165,Dávid Hancko,0.7138,Niklas Süle,0.6982,Pascal Struijk,0.6846,Omar Alderete,0.6816,Francesco Acerbi,0.6759
Andreas Hanche-Olsen,Defensa central,James Hill,0.7797,Nathan Collins,0.7641,José María Giménez,0.7409,Domingos Duarte,0.7346,Alberto Dossena,0.7278,Chidozie Awaziem,0.6518,Ardian Ismajli,0.6433,Ismaël Doukouré,0.6378,Benjamin Pavard,0.6327,Vitor Reis,0.6232,Sven Botman,0.6219,Jeffrey Gouweleeuw,0.6182,Tarik Muharemovic,0.6014,Facundo Medina,0.5909,Dante,0.5898
Shafiq Nandja,Defensa central,Edoardo Goldaniga,1.0,Marco Esteban,1.0,David Odogu,1.0,Mamedi Doucouré,1.0,Noham Kamara,1.0,Federico Gattoni,1.0,Willy Kambwala,1.0,El Chadaille Bitshiabu,0.9728,Igor,0.9725,Veljko Milosavljević,0.934,Joe Worrall,0.9337,Mamadou Sarr,0.9275,Jamaal Lascelles,0.9241,Ramón Martínez,0.9229,John Stones,0.913
Jonas Adjetey,Defensa central,Mateus Lusuardi,0.9852,Thomas Keller,0.9516,Joël Schmied,0.8917,Branimir Mlacic,0.8584,Julián Malatini,0.8539,Moussa Diarra,0.8437,Marin Pongračić,0.8217,Martin Vitík,0.8096,Aboubaka Soumahoro,0.7849,Cristhian Mosquera,0.779,Unai Núñez,0.778,Yoel Lago,0.7774,Fali Candé,0.7743,Francesco Coppola,0.7716,Sead Kolašinac,0.7712
Jahmai Simpson-Pusey,Defensa central,Alessio Romagnoli,0.8403,Max Alleyne,0.7977,Emmanuel Agbadou,0.7898,Stefan de Vrij,0.7813,Alexsandro Ribeiro,0.7785,Toti Gomes,0.7659,Mario Gila,0.7647,Telli Siwe,0.757,Honest Ahanor,0.7496,Kōta Takai,0.7394,Ville Koski,0.7357,Cenk Özkacar,0.7291,Torbjørn Heggem,0.6919,Gerard Martín,0.6859,Luiz Felipe,0.6798
Stanley N'Soki,Defensa central,Nnamdi Collins,0.9334,Dayot Upamecano,0.8957,Saúl Coco,0.8904,Adam Dźwigała,0.8757,Aaron Anselmino,0.8622,Mario Hermoso,0.8537,Javier Castro,0.846,Marc Guéhi,0.8376,Giorgio Scalvini,0.8365,Ruben Kluivert,0.8332,Chrislain Matsima,0.8326,Lucas Beraldo,0.8293,Brendan Chardonnet,0.8198,Marc Pubill,0.809,Santiago Bueno,0.7983
Daniel Elfadli,Defensa central,Abdoulaye Ndiaye,0.9887,Niklas Stark,0.9635,Juan Jesus,0.9535,Mattia Viti,0.9398,Jérémy Jacquet,0.8918,Thilo Kehrer,0.8491,Carl Starfelt,0.8134,Rosen Bozhinov,0.8077,Clément Lenglet,0.8058,Wesley Fofana,0.7902,Keven Schlotterbeck,0.7882,Tanguy Nianzou,0.7573,Djené,0.7474,Jonathan Gradit,0.7355,Lucas Høgsberg,0.7289
Jeanuël Belocian,Defensa central,Zé Pedro Figueiredo,0.9492,Moussa Niakhate,0.9416,Jorge Herrando,0.9195,Enzo Ebosse,0.8924,Olivier Boscagli,0.8885,Matteo Bianchetti,0.8856,Adam Masina,0.8561,Ramon Hendriks,0.8307,Raúl Albiol,0.829,Kyllian Antonio,0.8139,César Azpilicueta,0.806,Oier Luengo,0.7891,Pedro Felipe,0.7768,Javi Rodríguez,0.7697,Lilian Brassier,0.737
Nico Elvedi,Defensa central,Luca Jaquez,0.9029,Moussa Niakhate,0.8492,Raúl Albiol,0.848,Rav van den Berg,0.84,Finn Jeltsch,0.8298,Jorge Herrando,0.8263,Pedro Felipe,0.8045,Ramon Hendriks,0.8009,Victor Lindelöf,0.7964,Javi Rodríguez,0.7761,Lilian Brassier,0.7705,Terry Yegbe,0.7697,Jordan Lefort,0.7548,Enzo Ebosse,0.7395,Montassar Talbi,0.7298
Ramon Hendriks,Defensa central,Moussa Niakhate,0.9249,Enzo Ebosse,0.8806,Matteo Bianchetti,0.8761,Olivier Boscagli,0.8525,Raúl Albiol,0.8511,Jeanuël Belocian,0.8307,Nico Elvedi,0.8009,Kyllian Antonio,0.794,Luca Jaquez,0.7878,Oier Luengo,0.7737,Alessandro Marcandalli,0.7735,Finn Jeltsch,0.7688,Pedro Felipe,0.7686,Jorge Herrando,0.7559,Bamo Meïté,0.7474
Jonathan Tah,Defensa central,Gleison Bremer,0.9315,Marc-Oliver Kempf,0.9194,Ozan Kabak,0.9141,Bryan Okoh,0.909,Aitor Paredes,0.9048,Federico Gatti,0.8997,Ruben Kluivert,0.8996,Joško Gvardiol,0.8931,Francisco Sierralta,0.8882,Samson Baidoo,0.8872,Lucas Beraldo,0.8785,Andrew Omobamidele,0.8728,Leo Skiri Østigård,0.87,Obite N'Dicka,0.8688,John Donald,0.8553
Maximilian Wöber,Defensa central,Daniele Ghilardi,0.9628,Dimitri Lucea,0.9385,Timo Hübers,0.9373,Zach Abbott,0.9148,Maxim Leitsch,0.897,Jordan Torunarigha,0.8861,Armel Bella Kotchap,0.8784,Abdukodir Khusanov,0.865,Matteo Palma,0.8522,Daley Blind,0.8516,Luca Marianucci,0.8454,Levi Colwill,0.8434,Formose Mendy,0.8421,Mikayil Ngor Faye,0.8345,Radu Drăgușin,0.833
Mick Schmetgens,Defensa central,Yeray Álvarez,0.9763,Filippo Romagna,0.961,Levi Colwill,0.9421,Dominique Heintz,0.9345,Derek Cornelius,0.9295,Maxim Leitsch,0.8926,Ousmane Toure,0.8898,Daniel Martinez,0.8863,Willian Pacho,0.8689,Joseph Aidoo,0.8646,Matteo Palma,0.8539,Veljko Milosavljević,0.8363,Alvaro Cortes,0.8323,Radu Drăgușin,0.8273,Jay Idzes,0.827
Nicolás Capaldo,Defensa central,Eric García,0.9075,Noahkai Banks,0.8842,Gianluca Mancini,0.8828,Albian Hajdari,0.8723,Ramy Bensebaini,0.8531,Marc Pubill,0.849,Alessandro Bastoni,0.807,Mario Hermoso,0.7979,Nico Schlotterbeck,0.7946,Giorgio Scalvini,0.7793,David Affengruber,0.7685,Florian Lejeune,0.7684,Pablo Martínez,0.7433,Adrián de la Fuente,0.7299,Marc Guéhi,0.7297
Luca Jaquez,Defensa central,Victor Lindelöf,0.9413,Terry Yegbe,0.9108,Nico Elvedi,0.9029,Raúl Albiol,0.8708,Montassar Talbi,0.8405,Pedro Felipe,0.8305,Rav van den Berg,0.7922,Ramon Hendriks,0.7878,Moussa Niakhate,0.7818,Alessandro Marcandalli,0.7758,Jorge Herrando,0.7473,Oier Luengo,0.7005,Warmed Omari,0.6852,Enzo Ebosse,0.685,Dante,0.6846
Kacper Potulski,Defensa central,Leopold Querfeld,0.9622,Ozan Kabak,0.9203,Diego Llorente,0.8843,Florian Lejeune,0.8781,John Donald,0.876,Federico Gatti,0.8667,Chema,0.8624,Jacobo Ramón,0.8545,Adam Kölle,0.8389,Bryan Okoh,0.8244,Ben Davies,0.8152,Obite N'Dicka,0.8117,Ronald Araújo,0.8097,Guillermo Maripán,0.8059,Mouctar Diakhaby,0.8021
Joël Schmied,Defensa central,Julián Malatini,0.9794,Moussa Diarra,0.9689,Francesco Coppola,0.9398,Sead Kolašinac,0.927,Luca Marianucci,0.9246,Thomas Keller,0.9227,Branimir Mlacic,0.9185,Cristhian Mosquera,0.9143,Marin Pongračić,0.9084,Yoel Lago,0.894,Daniel Denoon,0.8937,Jonas Adjetey,0.8917,Manu Fernández,0.8876,Mateus Lusuardi,0.8833,Pablo Ramon,0.8813
Tim Siersleben,Defensa central,Amos Pieper,0.9304,Saba Goglichidze,0.8288,Abdoulaye Bamba,0.82,Fabian Schär,0.7992,Giovanni Bonfanti,0.7921,Emmanuel Agbadou,0.76,Mikayil Ngor Faye,0.7467,Gerard Martín,0.742,Lautaro Valenti,0.7364,Leny Yoro,0.7282,Cenk Özkacar,0.7077,Yerson Mosquera,0.698,Alexsandro Ribeiro,0.6809,Kevin Danso,0.6743,Honest Ahanor,0.6649
Tim Oermann,Defensa central,Brad Mantsounga,0.9999,Marvin Friedrich,0.9297,Alvaro Cortes,0.9169,Diego Aguado,0.9111,Javier Olaizola,0.9087,Gabriel Osho,0.8916,Jenson Seelt,0.8864,Eddy Kouadio,0.8694,Maxima Goffi,0.859,Gaby Jean,0.8535,CJ Egan-Riley,0.851,Emmanuel Biumla,0.8387,Dominique Heintz,0.8216,Victor Valdepeñas,0.816,Marquinhos,0.8124
Arthur Theate,Defensa central,Willi Orban,0.9266,Kike Salas,0.9195,Guillermo Maripán,0.8984,Samir Chergui,0.8928,Valentín Gómez,0.882,Aïssa Mandi,0.878,Castrin,0.8703,Kevin Diks,0.8305,Malick Thiaw,0.814,Jarrad Branthwaite,0.8025,Manuel Akanji,0.7953,Florian Lejeune,0.7886,Danilho Doekhi,0.7769,Jarell Quansah,0.7757,Luka Vušković,0.7548
Abdoul Coulibaly,Defensa central,Yerry Mina,0.8514,Moritz Jenz,0.8133,Philipp Lienhart,0.8026,Mariano Troilo,0.7663,Marco Friedl,0.7518,Nobel Mendy,0.7204,Duje Ćaleta-Car,0.7166,Marcão,0.7001,Sinaly Diomande,0.6818,Clément Akpa,0.6635,David Carmo,0.6624,Zaid Romero,0.6573,Víctor Chust,0.6571,Vitor Reis,0.6222,Dominik Kohr,0.62
Danilho Doekhi,Defensa central,Jarrad Branthwaite,0.9466,Malick Thiaw,0.9435,Eric Dier,0.9323,Luka Vušković,0.9318,Guillermo Maripán,0.9278,Samir Chergui,0.925,Santiago Bueno,0.9186,Sam Beukema,0.9161,Manuel Akanji,0.9142,Thomas Kristensen,0.9123,Samson Baidoo,0.905,Jarell Quansah,0.9044,Denis Vavro,0.899,Obite N'Dicka,0.8914,Willi Orban,0.8847
Patrick Mainka,Defensa central,Manu Hernando,0.9471,Matthias Ginter,0.9068,Amir Rrahmani,0.8886,Hiroki Ito,0.8822,Yann Aurel Bisseck,0.8601,Samson Baidoo,0.8524,Edmond Tapsoba,0.8413,Jarrad Branthwaite,0.8312,Virgil van Dijk,0.8261,Charlie Cresswell,0.8233,Gleison Bremer,0.8227,Abdelhamid Ait Boudlal,0.8136,Javier Castro,0.8066,Santiago Bueno,0.804,James Tarkowski,0.8032
Stefan Bell,Defensa central,Charlie Cresswell,0.9563,Leo Skiri Østigård,0.9536,Giorgio Scalvini,0.9303,Luka Vušković,0.9189,Ramy Bensebaini,0.9138,Amir Rrahmani,0.907,Mouctar Diakhaby,0.906,Chema,0.9005,Gianluca Mancini,0.8947,Samson Baidoo,0.8939,Edmond Tapsoba,0.8849,Javier Castro,0.884,Mario Hermoso,0.8635,Gleison Bremer,0.8626,Yann Aurel Bisseck,0.8547
Hiroki Ito,Defensa central,Joško Gvardiol,0.9358,Gleison Bremer,0.9211,Brendan Chardonnet,0.9171,Lucas Beraldo,0.9156,Samson Baidoo,0.9019,Gabriel Magalhães,0.9012,Jaka Bijol,0.8975,Marc Guéhi,0.8908,Manu Hernando,0.8857,Patrick Mainka,0.8822,Matthias Ginter,0.8494,Kim Min-jae,0.8485,Javier Castro,0.8431,Michael Keane,0.8401,Amir Rrahmani,0.8394
Rav van den Berg,Defensa central,Jean-Clair Todibo,0.8705,Nico Elvedi,0.84,Luca Jaquez,0.7922,Victor Lindelöf,0.7472,Finn Jeltsch,0.7171,Raúl Albiol,0.6834,Dante,0.653,Ramon Hendriks,0.6477,Pedro Felipe,0.6444,Mark McKenzie,0.6315,Jordan Lefort,0.6215,Filippo Mane,0.6152,Moussa Niakhate,0.6113,Terry Yegbe,0.607,Montassar Talbi,0.5981
Castello Lukeba,Defensa central,David Costas,0.9445,Karol Mets,0.8463,Jhon Lucumí,0.8379,Antonio Rüdiger,0.8261,Manuel Akanji,0.8132,Jarrad Branthwaite,0.7766,Thomas Kristensen,0.7728,Ousmane Camara,0.7718,Trevoh Chalobah,0.7712,Rasmus Nicolaisen,0.7664,Facundo González,0.7619,Joe Rodon,0.7508,Rúben Dias,0.748,William Saliba,0.7382,Lewis Dunk,0.7281
Danny da Costa,Defensa central,Jan Paul van Hecke,0.9173,Oumar Solet,0.8879,Sven Botman,0.8807,Adrián de la Fuente,0.8523,Benjamin Pavard,0.8456,Konstantinos Koulierakis,0.8453,Chidozie Awaziem,0.8406,Eric Smith,0.7947,James Tarkowski,0.79,Matthias Ginter,0.7821,Hauke Wahl,0.7762,Marc Pubill,0.7746,Tarik Muharemovic,0.7717,Gabriel Magalhães,0.7717,Santiago Bueno,0.7626
Julian Chabot,Defensa central,Ethan Pinnock,0.9593,Chancel Mbemba,0.9299,Loïc Bade,0.9033,Aurèle Amenda,0.8937,Ayumu Seko,0.8864,Andrias Edmundsson,0.8429,Michel Mboula,0.8409,Abdoulaye Faye,0.8356,Pau Navarro,0.7867,Victor Nelsson,0.7241,Soumaïla Coulibaly,0.7219,Sebastian Otoa,0.7208,Nathaniel Adjei,0.7139,Cedric Zesiger,0.7045,Yerson Mosquera,0.6976
Jordan Torunarigha,Defensa central,Junior Diaz,0.9757,Abdukodir Khusanov,0.9577,Daley Blind,0.9186,Timo Hübers,0.9106,Berat Djimsiti,0.9051,Juan Foyth,0.9012,Maxim Leitsch,0.8914,Maximilian Wöber,0.8861,Dimitri Lucea,0.8829,Pablo Ramon,0.8732,Levi Colwill,0.869,Fernando Calero,0.8654,Radu Drăgușin,0.8544,Uroš Radaković,0.8506,Yeray Álvarez,0.8461
Emre Can,Defensa central,Abdoulaye Bamba,0.798,Leopold Querfeld,0.7971,Kacper Potulski,0.7927,Saba Goglichidze,0.7564,Eric García,0.7453,Florian Lejeune,0.7304,Leonardo Balerdi,0.683,Albian Hajdari,0.671,Daniel Vivian,0.6625,Nicolás Capaldo,0.6384,Honest Ahanor,0.6342,Jacobo Ramón,0.6285,Valentín Gómez,0.6273,Antoine Mendy,0.6253,Alexsandro Ribeiro,0.6142
Guilherme Ramos,Defensa central,Andreas Christensen,0.9392,Martin Valjent,0.9327,Kōta Takai,0.9201,David Alaba,0.877,Stefan de Vrij,0.8601,Axel Tapé,0.8516,Carlos Dominguez,0.7974,Timothée Kolodziejczak,0.7666,Facundo Garcés,0.7405,Martin Vitík,0.7319,Sebastián Boselli,0.7295,Luiz Felipe,0.6983,Matteo Gabbia,0.6981,Oliver Nielsen,0.6909,Telli Siwe,0.6637
Dominik Kohr,Defensa central,Otavio Ataide,0.9382,Zaid Romero,0.9266,Ismaëlo Ganiou,0.9231,Nobel Mendy,0.91,Víctor Chust,0.8999,Cristian Romero,0.8863,Mariano Troilo,0.8848,Yerry Mina,0.8647,Daniel Vivian,0.8489,David Affengruber,0.8377,Dan Burn,0.8176,Marcão,0.8053,Pedro Bigas,0.7948,Philipp Lienhart,0.792,Sinaly Diomande,0.7848
El Chadaille Bitshiabu,Defensa central,Veljko Milosavljević,0.9875,Igor,0.9767,Marco Esteban,0.9728,Shafiq Nandja,0.9728,Mamedi Doucouré,0.9728,Edoardo Goldaniga,0.9728,Willy Kambwala,0.9728,Federico Gattoni,0.9728,David Odogu,0.9728,Noham Kamara,0.9728,Joe Worrall,0.9702,Ramón Martínez,0.947,Diego Aguado,0.9385,Mamadou Sarr,0.9331,Ameen Al-Dakhil,0.9314
Karol Mets,Defensa central,William Saliba,0.9138,David Costas,0.9113,Simone Canestrelli,0.8893,Odilon Kossounou,0.8765,Jhon Lucumí,0.8641,Jamil Siebert,0.8568,Castello Lukeba,0.8463,Calvin Bassey,0.8103,Kojo Peprah Oppong,0.8,Facundo González,0.7942,Hauke Wahl,0.7878,Marco Friedl,0.7824,Sam Beukema,0.7599,Alessandro Circati,0.7453,Koni De Winter,0.7435
Albian Hajdari,Defensa central,Nicolás Capaldo,0.8723,Mario Hermoso,0.8625,Nnamdi Collins,0.854,Adam Dźwigała,0.8496,Alessandro Bastoni,0.842,Saúl Coco,0.8237,Eric García,0.8142,Stanley N'Soki,0.7768,Gianluca Mancini,0.7571,Arouna Sangante,0.7525,Ramy Bensebaini,0.7472,Noahkai Banks,0.7368,Adam Kölle,0.732,Nico Schlotterbeck,0.7143,Giorgio Scalvini,0.6945
Robin Koch,Defensa central,Sinaly Diomande,0.8991,Ismaëlo Ganiou,0.8599,Cristian Romero,0.8485,Zaid Romero,0.8448,Pedro Bigas,0.8253,Eray Cömert,0.8203,Michael Keane,0.8198,Christian Kabasele,0.8134,David Carmo,0.8125,Pierre Kalulu,0.802,Yerry Mina,0.7971,Nobel Mendy,0.786,Stephan Zagadou,0.7846,Abdelhamid Ait Boudlal,0.7769,Alan Matturro,0.7759
Kevin Akpoguma,Defensa central,Youssouf Ndayishimiye,0.9195,Torbjørn Heggem,0.8619,Juan Foyth,0.8609,Fábio Cardoso,0.8224,Abdul Mumin,0.8058,Aleksa Puric,0.8036,Djené,0.7894,Eivind Helland,0.7799,Benoît Badiashile,0.7763,Dimitri Lucea,0.7757,Filippo Mane,0.7725,Anthony Jung,0.7702,Juan Jesus,0.7641,Derek Cornelius,0.7578,Jordan Torunarigha,0.7538
Matthias Ginter,Defensa central,Strahinja Pavlović,0.9335,James Tarkowski,0.9101,Gabriel Magalhães,0.9092,Patrick Mainka,0.9068,Edmond Tapsoba,0.9032,Santiago Bueno,0.9012,Amir Rrahmani,0.9006,Javier Castro,0.8946,Yann Aurel Bisseck,0.8935,Hauke Wahl,0.8917,Hiroki Ito,0.8494,Eric Smith,0.843,Micky van de Ven,0.8388,Marc Pubill,0.8322,Pablo Martínez,0.8314
Waldemar Anton,Defensa central,Matthijs de Ligt,0.917,Juan Rodríguez,0.8956,Aaron Anselmino,0.8554,Ronald Araújo,0.8475,Luca Reggiani,0.8214,Julien Le Cardinal,0.8193,Eric Dier,0.8184,Rúben Dias,0.8146,Malick Thiaw,0.7827,Sam Beukema,0.7786,Seny Koumbassa,0.7786,Danilho Doekhi,0.7748,Denis Vavro,0.7675,Lucas Beraldo,0.7628,Ben Davies,0.7605
Diogo Leite,Defensa central,Copete,0.9275,Aurèle Amenda,0.8924,Andrias Edmundsson,0.834,Victor Nelsson,0.8045,Michel Mboula,0.7958,Soumaïla Coulibaly,0.7913,Ayumu Seko,0.775,Abdoulaye Faye,0.77,Matias Moreno,0.7519,Pau Navarro,0.7486,Max Rosenfelder,0.7401,Sebastian Otoa,0.7275,Yerson Mosquera,0.6921,Julian Chabot,0.6798,Clinton Mata,0.6748
Fabio Chiarodia,Defensa central,Luiz Felipe,0.944,Uroš Radaković,0.9302,Berat Djimsiti,0.9109,Dan-Axel Zagadou,0.9101,Raphael Le Guen,0.8986,Telli Siwe,0.8638,Junior Diaz,0.8636,Abdukodir Khusanov,0.8485,Fernando Calero,0.845,Wout Faes,0.8298,Piero Hincapié,0.829,Ville Koski,0.8172,Nidal Čelik,0.7992,Juan Foyth,0.7795,Radu Drăgușin,0.7744
Eric Smith,Defensa central,Eray Cömert,0.8653,Harry Maguire,0.8525,Abdelhamid Ait Boudlal,0.8466,Marc Pubill,0.8445,Matthias Ginter,0.843,Strahinja Pavlović,0.8423,Hauke Wahl,0.8298,Yann Aurel Bisseck,0.8254,Gabriel Magalhães,0.8252,Nico Schlotterbeck,0.8187,James Tarkowski,0.8177,Pierre Kalulu,0.8146,Santiago Bueno,0.8104,Alan Matturro,0.8063,Danny da Costa,0.7947
Philipp Lienhart,Defensa central,Yerry Mina,0.9264,Nobel Mendy,0.879,Marcão,0.8692,Víctor Chust,0.8623,Mariano Troilo,0.8608,Luca Ranieri,0.844,Marco Friedl,0.8375,Dan Burn,0.824,Ismaëlo Ganiou,0.807,Abdoul Coulibaly,0.8026,Dominik Kohr,0.792,Zaid Romero,0.7821,David Carmo,0.7682,Sinaly Diomande,0.7588,Daniel Ballard,0.742
Adam Dźwigała,Defensa central,Mario Hermoso,0.9286,Nnamdi Collins,0.908,Saúl Coco,0.8886,Ruben Kluivert,0.8815,Stanley N'Soki,0.8757,Aaron Anselmino,0.8544,Bryan Okoh,0.8543,Diego Llorente,0.8507,John Donald,0.85,Albian Hajdari,0.8496,Jonathan Tah,0.8404,Obite N'Dicka,0.8338,Ozan Kabak,0.82,Adam Kölle,0.8106,Giorgio Scalvini,0.7921
Koki Machida,Defensa central,Moïse Bombito,0.9502,Daniele Rugani,0.9483,Benoît Badiashile,0.9365,Eivind Helland,0.9234,Tommaso Macchioni,0.9057,Anthony Jung,0.9039,Pablo Marí,0.9002,Marin Pongračić,0.8771,Abdul Mumin,0.8584,Natan,0.847,Fábio Cardoso,0.8466,Aleksa Puric,0.8355,Bambo Diaby,0.8309,Armel Bella Kotchap,0.8091,Nils Zätterström,0.7966
Niklas Stark,Defensa central,Daniel Elfadli,0.9635,Abdoulaye Ndiaye,0.9489,Jérémy Jacquet,0.8871,Thilo Kehrer,0.8796,Mattia Viti,0.8729,Juan Jesus,0.8618,Keven Schlotterbeck,0.8415,Nicolás Valentini,0.8194,Rosen Bozhinov,0.8144,Honest Ahanor,0.7841,Wesley Fofana,0.7486,Carl Starfelt,0.7253,Jonathan Gradit,0.7252,Alexsandro Ribeiro,0.7234,Tanguy Nianzou,0.7135
Tomoya Ando,Defensa central,Pablo,0.9421,Aritz Elustondo,0.9168,Nicolas Cozza,0.8999,Kristoffer Ajer,0.8423,Leonardo Balerdi,0.8204,Luke O'Nien,0.8138,Matteo Bianchetti,0.8107,Marcos Senesi,0.7996,Chadi Riad,0.7823,Niklas Süle,0.7711,Kyllian Antonio,0.7689,Joe Gomez,0.7249,Nicolò Bertola,0.7242,Alessandro Marcandalli,0.7025,Malang Sarr,0.685
Jarell Quansah,Defensa central,Santiago Bueno,0.9387,Nico Schlotterbeck,0.931,Malick Thiaw,0.9293,Sam Beukema,0.9283,Stefan Posch,0.9214,Samir Chergui,0.9139,Guillermo Maripán,0.9071,Danilho Doekhi,0.9044,Luka Vušković,0.9003,Ronald Araújo,0.8974,Strahinja Pavlović,0.8968,Yann Aurel Bisseck,0.8957,Kevin Diks,0.8868,Leo Skiri Østigård,0.8861,Adam Kölle,0.8842
Chema,Defensa central,Mouctar Diakhaby,0.9868,Luka Vušković,0.9708,Ozan Kabak,0.9361,Castrin,0.927,Bryan Okoh,0.9105,Leo Skiri Østigård,0.9099,Obite N'Dicka,0.9077,Stefan Bell,0.9005,Guillermo Maripán,0.8998,Aitor Paredes,0.8982,Giorgio Scalvini,0.8857,Federico Gatti,0.8736,Jon Martin,0.872,Christian Kabasele,0.8711,Kacper Potulski,0.8624
Timo Hübers,Defensa central,Zach Abbott,0.9445,Dimitri Lucea,0.9393,Maximilian Wöber,0.9373,Daniele Ghilardi,0.9281,Daley Blind,0.9156,Jordan Torunarigha,0.9106,Levi Colwill,0.9068,Marvin Friedrich,0.8508,Alvaro Cortes,0.8498,Yeray Álvarez,0.8492,Armel Bella Kotchap,0.8472,Maxim Leitsch,0.8407,Dominique Heintz,0.8392,Luca Marianucci,0.8227,Juan Foyth,0.8108
Willi Orban,Defensa central,Kike Salas,0.931,Arthur Theate,0.9266,Jarrad Branthwaite,0.9116,Samir Chergui,0.9067,Malick Thiaw,0.8873,Danilho Doekhi,0.8847,Aïssa Mandi,0.8778,Guillermo Maripán,0.8726,Manuel Akanji,0.8689,Kevin Diks,0.8345,Castrin,0.8301,Jarell Quansah,0.825,Yann Aurel Bisseck,0.805,Joe Rodon,0.8031,Hauke Wahl,0.8011
Noham Kamara,Defensa central,Edoardo Goldaniga,1.0,Marco Esteban,1.0,David Odogu,1.0,Shafiq Nandja,1.0,Mamedi Doucouré,1.0,Federico Gattoni,1.0,Willy Kambwala,1.0,El Chadaille Bitshiabu,0.9728,Igor,0.9725,Veljko Milosavljević,0.934,Joe Worrall,0.9337,Mamadou Sarr,0.9275,Jamaal Lascelles,0.9241,Ramón Martínez,0.9229,John Stones,0.913
Moussa Niakhate,Defensa central,Jeanuël Belocian,0.9416,Enzo Ebosse,0.9374,Jorge Herrando,0.9372,Ramon Hendriks,0.9249,Raúl Albiol,0.9067,Matteo Bianchetti,0.8697,Pedro Felipe,0.8554,Nico Elvedi,0.8492,Zé Pedro Figueiredo,0.846,Olivier Boscagli,0.8454,Adam Masina,0.8359,Oier Luengo,0.8109,Javi Rodríguez,0.7945,Luca Jaquez,0.7818,Finn Jeltsch,0.7359
Dimitri Lucea,Defensa central,Daniele Ghilardi,0.9535,Timo Hübers,0.9393,Maximilian Wöber,0.9385,Armel Bella Kotchap,0.9288,Aleksa Puric,0.8842,Jordan Torunarigha,0.8829,Abdul Mumin,0.8619,Zach Abbott,0.8434,Juan Foyth,0.8433,Formose Mendy,0.8415,Victor Nelsson,0.8344,Pablo Marí,0.8304,Benoît Badiashile,0.8251,Abdukodir Khusanov,0.823,Fábio Cardoso,0.8169
Formose Mendy,Defensa central,Luca Marianucci,0.9402,Armel Bella Kotchap,0.9336,Daniele Ghilardi,0.9271,Pablo Marí,0.8829,Arthur Chaves,0.8829,Jan Ziółkowski,0.8793,Francesco Coppola,0.8697,Matias Moreno,0.8645,Julián Malatini,0.8522,Maximilian Wöber,0.8421,Dimitri Lucea,0.8415,Pablo Ramon,0.84,Djené,0.8396,Jonathan Gradit,0.8357,Sead Kolašinac,0.8305
Clinton Mata,Defensa central,Marquinhos,0.845,Jozhua Vertrouwd,0.841,Gaby Jean,0.8143,Max Rosenfelder,0.8115,Marvin Friedrich,0.7941,César Tárrega,0.7918,Tim Oermann,0.7797,Brad Mantsounga,0.777,Maxime Estève,0.769,Manu Fernández,0.7506,Pau Navarro,0.7495,Nikola Milenković,0.737,Pau Torres,0.7282,Victor Nelsson,0.7262,Eddy Kouadio,0.7239
Sékou Doucoure,Defensa central,Joseph Aidoo,0.9618,Ousmane Toure,0.9617,Joe Worrall,0.8901,Fernando Calero,0.8893,Filippo Romagna,0.8887,Ameen Al-Dakhil,0.8874,Mamadou Sarr,0.8486,Anthony Jung,0.8411,Derek Cornelius,0.8333,Berat Djimsiti,0.83,Radu Drăgușin,0.8292,Juan Foyth,0.8244,Veljko Milosavljević,0.823,Jay Idzes,0.8217,Mick Schmetgens,0.8209
Maxima Goffi,Defensa central,Gabriel Osho,0.9742,Emmanuel Biumla,0.9737,Victor Valdepeñas,0.9502,Eddy Kouadio,0.9411,Marvin Friedrich,0.9239,Zach Abbott,0.9003,Gaby Jean,0.8709,Tim Oermann,0.859,Brad Mantsounga,0.8579,Javier Olaizola,0.8531,Amadou Cissé,0.8491,Moussa Diarra,0.8488,Julián Malatini,0.8479,Manu Fernández,0.8471,Nicolò Casale,0.8356
Christopher Wooh,Defensa central,Etienne Youte Kinkoue,0.875,Logan Costa,0.8711,Igor,0.8669,Willy Kambwala,0.8523,Marco Esteban,0.8523,Edoardo Goldaniga,0.8523,Noham Kamara,0.8523,Shafiq Nandja,0.8523,David Odogu,0.8523,Federico Gattoni,0.8523,Mamedi Doucouré,0.8523,Tylel Tati,0.8468,Nils Zätterström,0.8388,Ramón Martínez,0.837,El Chadaille Bitshiabu,0.8325
Gabriel Osho,Defensa central,Eddy Kouadio,0.9919,Victor Valdepeñas,0.9809,Maxima Goffi,0.9742,Emmanuel Biumla,0.9696,Javier Olaizola,0.9363,Zach Abbott,0.9143,Marvin Friedrich,0.907,Tim Oermann,0.8916,Brad Mantsounga,0.8883,Gaby Jean,0.8317,Fali Candé,0.8229,Timo Hübers,0.7998,Jenson Seelt,0.7977,Daley Blind,0.7759,Manu Fernández,0.7728
Amadou Cissé,Defensa central,Manu Fernández,0.9579,Jorge Cabello,0.9275,Gaby Jean,0.9241,Luken Beitia,0.9182,Marvin Friedrich,0.9144,Logan Costa,0.8886,Etienne Youte Kinkoue,0.8827,Fábio Cardoso,0.8693,Nicolò Casale,0.8636,Moussa Diarra,0.8612,Maxima Goffi,0.8491,Ramón Martínez,0.8454,Diego Aguado,0.8448,Eivind Helland,0.832,Nils Zätterström,0.8282
Jordan Lefort,Defensa central,Lilian Brassier,0.8725,Alidu Seidu,0.8199,Finn Jeltsch,0.8093,Nico Elvedi,0.7548,Moustapha Mbow,0.7382,Ramon Hendriks,0.735,Marcos Senesi,0.7349,Olivier Boscagli,0.7339,Francesco Acerbi,0.7294,Warmed Omari,0.7257,Nicolò Bertola,0.7166,Alessandro Buongiorno,0.7061,Ardian Ismajli,0.6891,Dávid Hancko,0.6885,Kyllian Antonio,0.6875
Moustapha Mbow,Defensa central,Lilian Brassier,0.8811,Alessandro Buongiorno,0.8621,Ardian Ismajli,0.7801,Malang Sarr,0.7622,Jordan Lefort,0.7382,Warmed Omari,0.7344,Nicolò Bertola,0.7236,Javi Rodríguez,0.7205,Terry Yegbe,0.7122,Nico Elvedi,0.7118,Aymeric Laporte,0.7006,Francesco Acerbi,0.6441,Montassar Talbi,0.6439,Maxim Leitsch,0.6415,Leonardo Balerdi,0.6401
Ousmane Camara,Defensa central,Joe Rodon,0.8825,Manuel Akanji,0.8495,Rasmus Nicolaisen,0.8491,Denis Vavro,0.8405,Jarrad Branthwaite,0.8043,Rúben Dias,0.8016,Matthijs de Ligt,0.7916,Willi Orban,0.7908,Castello Lukeba,0.7718,Virgil van Dijk,0.7704,Malick Thiaw,0.7675,Danilho Doekhi,0.7651,Thomas Kristensen,0.7548,Samir Chergui,0.7509,Jon Martin,0.7453
Youssouf Ndayishimiye,Defensa central,Kevin Akpoguma,0.9195,Anthony Jung,0.8809,Abdul Mumin,0.8492,Juan Foyth,0.839,Aleksa Puric,0.8338,Joseph Aidoo,0.8268,Ousmane Toure,0.8229,Eivind Helland,0.8186,Ameen Al-Dakhil,0.8157,Fábio Cardoso,0.8148,Nils Zätterström,0.8009,Benoît Badiashile,0.7997,Sékou Doucoure,0.798,Matteo Palma,0.7845,Koki Machida,0.7802
Derek Cornelius,Defensa central,Yeray Álvarez,0.95,Ousmane Toure,0.9354,Dominique Heintz,0.9352,Mick Schmetgens,0.9295,Joseph Aidoo,0.916,Levi Colwill,0.9151,Alvaro Cortes,0.9018,Joe Worrall,0.8864,Filippo Romagna,0.8836,Veljko Milosavljević,0.875,Ramón Martínez,0.8724,Juan Foyth,0.8679,Jay Idzes,0.8651,Matteo Palma,0.8546,Daniel Martinez,0.8515
Malang Sarr,Defensa central,Warmed Omari,0.8507,Lilian Brassier,0.8284,Moustapha Mbow,0.7622,Aritz Elustondo,0.7373,Leonardo Balerdi,0.7286,Nicolò Bertola,0.7157,Alessandro Buongiorno,0.6887,Tomoya Ando,0.685,Abdukodir Khusanov,0.6792,Gerard Martín,0.6771,Alexsandro Ribeiro,0.6753,Jordan Lefort,0.6603,Ardian Ismajli,0.648,Abdoulaye Bamba,0.6392,Nicolas Cozza,0.6269
Brad Mantsounga,Defensa central,Tim Oermann,0.9999,Marvin Friedrich,0.9292,Alvaro Cortes,0.9201,Diego Aguado,0.9165,Javier Olaizola,0.9051,Jenson Seelt,0.8904,Gabriel Osho,0.8883,Eddy Kouadio,0.8645,Maxima Goffi,0.8579,Gaby Jean,0.8543,CJ Egan-Riley,0.8516,Emmanuel Biumla,0.8357,Dominique Heintz,0.8253,Matías Pérez,0.8177,John Stones,0.8169
Uroš Radaković,Defensa central,Fabio Chiarodia,0.9302,Radu Drăgușin,0.9023,Abdukodir Khusanov,0.8964,Juan Foyth,0.8934,Junior Diaz,0.881,Berat Djimsiti,0.8778,Jordan Torunarigha,0.8506,Benoît Badiashile,0.8455,Fernando Calero,0.841,Abdul Mumin,0.831,Fábio Cardoso,0.8282,Matteo Palma,0.8274,Wout Faes,0.8249,Aleksa Puric,0.8242,Eivind Helland,0.8238
Ousmane Toure,Defensa central,Joseph Aidoo,0.9861,Sékou Doucoure,0.9617,Joe Worrall,0.9399,Derek Cornelius,0.9354,Ameen Al-Dakhil,0.9057,Filippo Romagna,0.9022,Mick Schmetgens,0.8898,Veljko Milosavljević,0.8858,Jay Idzes,0.8718,Igor,0.8669,Anthony Jung,0.8552,Nils Zätterström,0.8538,Juan Foyth,0.8534,Yeray Álvarez,0.8518,El Chadaille Bitshiabu,0.8507
Ismaël Doukouré,Defensa central,Ayden Heaven,0.7341,James Hill,0.6691,Vitor Reis,0.6582,Andreas Hanche-Olsen,0.6378,Facundo Medina,0.5779,Gautier Lloris,0.5756,Carl Starfelt,0.5453,Chidozie Awaziem,0.5452,Nathan Collins,0.5446,Diego Coppola,0.5268,Tarik Muharemovic,0.5185,Luke O'Nien,0.5175,Federico Ceccherini,0.5146,Lisandro Martínez,0.4988,Sven Botman,0.4944
Mohammed Salisu,Defensa central,Antonio Caracciolo,0.9474,Duje Ćaleta-Car,0.8413,Domingos Duarte,0.8284,Tiago Gabriel,0.8083,Konstantinos Mavropanos,0.8009,Mouctar Diakhaby,0.7827,Axel Tuanzebe,0.7774,Pietro Comuzzo,0.7683,Jon Martin,0.7609,Chema,0.7411,Castrin,0.7292,Murillo,0.7247,Christian Kabasele,0.714,Luka Vušković,0.714,Adrián de la Fuente,0.7131
Antoine Mendy,Defensa central,Valentín Gómez,0.9157,Kevin Diks,0.8061,Stefan Posch,0.7777,Ben Davies,0.761,Adam Kölle,0.7574,Daniel Vivian,0.757,Noahkai Banks,0.7554,Jarell Quansah,0.7553,Nico Schlotterbeck,0.7538,Kike Salas,0.7453,Arthur Theate,0.7389,Samir Chergui,0.6988,Leopold Querfeld,0.6775,Guillermo Maripán,0.673,Ronald Araújo,0.6676
Marquinhos,Defensa central,Pau Torres,0.9535,Maxime Estève,0.9321,Jozhua Vertrouwd,0.9205,Nikola Milenković,0.8962,Lisandro Martínez,0.8826,Max Rosenfelder,0.8817,Clinton Mata,0.845,Alvaro Cortes,0.828,Brad Mantsounga,0.8154,Tim Oermann,0.8124,Ramón Martínez,0.7976,Diego Aguado,0.7954,Jenson Seelt,0.7708,Marco Esteban,0.7534,Willy Kambwala,0.7534
Sinaly Diomande,Defensa central,Cristian Romero,0.9352,Robin Koch,0.8991,Yerry Mina,0.8887,Nobel Mendy,0.8836,Eray Cömert,0.8688,Pedro Bigas,0.8521,Abdelhamid Ait Boudlal,0.8478,Dan Burn,0.8365,Catena,0.8239,Christian Kabasele,0.8205,Marcão,0.8066,Dean Huijsen,0.8054,Ismaëlo Ganiou,0.8026,Mariano Troilo,0.788,Dominik Kohr,0.7848
Wout Faes,Defensa central,Natan,0.9082,Fernando Calero,0.8785,Eivind Helland,0.8776,Timothée Kolodziejczak,0.873,Pablo Ramon,0.8715,Marin Pongračić,0.8516,Nicolò Casale,0.8484,Daniele Rugani,0.8444,Junior Diaz,0.842,Fabio Chiarodia,0.8298,Oliver Nielsen,0.8286,Juan Foyth,0.8261,Uroš Radaković,0.8249,Manu Fernández,0.8207,Martin Vitík,0.8175
Leonardo Balerdi,Defensa central,Aritz Elustondo,0.8408,Tomoya Ando,0.8204,Pablo,0.8082,Kristoffer Ajer,0.7816,Niklas Süle,0.7711,Malang Sarr,0.7286,Joe Gomez,0.7269,Nicolò Bertola,0.7202,Saba Goglichidze,0.7129,Abdoulaye Bamba,0.7074,Federico Ceccherini,0.6911,Chadi Riad,0.6872,Emre Can,0.683,Giovanni Bonfanti,0.6744,Alessandro Buongiorno,0.6736
Ismaëlo Ganiou,Defensa central,Zaid Romero,0.9588,Dominik Kohr,0.9231,Cristian Romero,0.8799,Nobel Mendy,0.8698,Robin Koch,0.8599,Pedro Bigas,0.8594,Otavio Ataide,0.8537,Yerry Mina,0.8459,Víctor Chust,0.8389,Arouna Sangante,0.8232,Mariano Troilo,0.8148,David Carmo,0.8122,Philipp Lienhart,0.807,Pierre Kalulu,0.8068,Sinaly Diomande,0.8026
Christian Mawissa,Defensa central,Lautaro Valenti,0.9117,Benedikt Gimber,0.8786,Unai Núñez,0.8757,Mikayil Ngor Faye,0.8717,Saba Goglichidze,0.8461,Giovanni Bonfanti,0.8378,Abdoulaye Bamba,0.8339,Arthur Chaves,0.8287,Gerard Martín,0.8278,Fali Candé,0.7929,Pablo Ramon,0.7928,Emmanuel Biumla,0.791,Francesco Coppola,0.7612,Zach Abbott,0.761,Cedric Zesiger,0.7588
Alidu Seidu,Defensa central,Marcos Senesi,0.8814,Kyllian Antonio,0.8502,César Azpilicueta,0.8228,Jordan Lefort,0.8199,Olivier Boscagli,0.806,Alessandro Buongiorno,0.7795,Nicolò Bertola,0.7644,Alejandro Francés,0.758,Ardian Ismajli,0.7437,Francesco Acerbi,0.736,Finn Jeltsch,0.7304,Bamo Meïté,0.7198,Lilian Brassier,0.7193,Tomoya Ando,0.68,Aritz Elustondo,0.6688
Diego Coppola,Defensa central,Sepp van den Berg,0.9559,Lukas Klostermann,0.9504,Terry Yegbe,0.8112,Alessandro Marcandalli,0.785,Chadi Riad,0.7305,Victor Lindelöf,0.7087,Montassar Talbi,0.6908,Luca Jaquez,0.6658,Jaka Bijol,0.6589,Aymeric Laporte,0.6266,Kristoffer Ajer,0.6196,Dante,0.6182,Oier Luengo,0.5743,Dávid Hancko,0.5693,Manu Hernando,0.5332
Samir Chergui,Defensa central,Malick Thiaw,0.964,Guillermo Maripán,0.9485,Danilho Doekhi,0.925,Leandro Cabrera,0.9211,Jarrad Branthwaite,0.9179,Jarell Quansah,0.9139,Manuel Akanji,0.9121,Willi Orban,0.9067,Kevin Diks,0.9003,Arthur Theate,0.8928,Sam Beukema,0.8914,Yann Aurel Bisseck,0.8792,Thomas Kristensen,0.872,Kike Salas,0.8614,Joe Rodon,0.8583
Francisco Sierralta,Defensa central,Andrew Omobamidele,0.9763,Issa Diop,0.9365,Miguel Ángel Rubio,0.9337,Sebastiano Luperto,0.9287,Raúl Asencio,0.9174,Seny Koumbassa,0.9162,Aitor Paredes,0.9143,Anthony Rouault,0.9089,Virgil van Dijk,0.9071,Marc-Oliver Kempf,0.9034,Federico Baschirotto,0.8898,Rúben Dias,0.8891,Jonathan Tah,0.8882,Eric Dier,0.8841,Illia Zabarnyi,0.876
Dante,Defensa central,Francesco Acerbi,0.8102,Pascal Struijk,0.7962,Aymeric Laporte,0.7569,José María Giménez,0.7319,Terry Yegbe,0.7094,Luca Jaquez,0.6846,Lukas Klostermann,0.6845,Sepp van den Berg,0.6815,Antonio Raillo,0.6617,Ardian Ismajli,0.6611,Nico Elvedi,0.6567,Jeffrey Gouweleeuw,0.6557,Rav van den Berg,0.653,Raúl Albiol,0.6275,Victor Lindelöf,0.6189
Nathaniel Adjei,Defensa central,Sebastian Otoa,0.9563,Axel Disasi,0.9478,Ayumu Seko,0.9214,Loïc Bade,0.8623,Nikola Milenković,0.804,Soumaïla Coulibaly,0.7835,Ethan Pinnock,0.7782,Max Rosenfelder,0.7692,Chancel Mbemba,0.7673,Pau Torres,0.7638,Pau Navarro,0.7376,Maxime Estève,0.7311,Julian Chabot,0.7139,David López,0.7132,Copete,0.7111
Lilian Brassier,Defensa central,Warmed Omari,0.9,Moustapha Mbow,0.8811,Jordan Lefort,0.8725,Alessandro Buongiorno,0.8373,Olivier Boscagli,0.8285,Malang Sarr,0.8284,Kyllian Antonio,0.775,Nico Elvedi,0.7705,Jeanuël Belocian,0.737,Moussa Niakhate,0.731,Marcos Senesi,0.7309,Ramon Hendriks,0.7306,Alidu Seidu,0.7193,Jorge Herrando,0.7115,Raúl Albiol,0.7005
Bryan Okoh,Defensa central,Obite N'Dicka,0.9887,Aitor Paredes,0.9753,Ozan Kabak,0.9396,Eric Dier,0.9361,Chema,0.9105,Jonathan Tah,0.909,Luka Vušković,0.9081,Diego Llorente,0.8991,Samson Baidoo,0.8915,Christian Kabasele,0.8738,Federico Gatti,0.8669,Jon Martin,0.8602,Andrew Omobamidele,0.8601,Danilho Doekhi,0.86,Mouctar Diakhaby,0.8594
Chancel Mbemba,Defensa central,Ethan Pinnock,0.9355,Julian Chabot,0.9299,Loïc Bade,0.9106,Ayumu Seko,0.8802,Aurèle Amenda,0.8155,Axel Disasi,0.7931,Pau Navarro,0.7878,Nathaniel Adjei,0.7673,Soumaïla Coulibaly,0.7619,César Tárrega,0.7266,Kōta Takai,0.7138,Sebastian Otoa,0.7021,Andrias Edmundsson,0.6878,Abdoulaye Faye,0.6796,Michel Mboula,0.6491
Lucas Beraldo,Defensa central,Joško Gvardiol,0.9641,Gleison Bremer,0.9269,Gabriel Magalhães,0.9253,Hiroki Ito,0.9156,Éder Militão,0.9118,Dayot Upamecano,0.9085,Marc-Oliver Kempf,0.9036,Santiago Bueno,0.8975,Eric Dier,0.8916,Ronald Araújo,0.8888,Samson Baidoo,0.8882,Brendan Chardonnet,0.8865,Julien Le Cardinal,0.8854,Jonathan Tah,0.8785,Jaka Bijol,0.8629
Junior Diaz,Defensa central,Jordan Torunarigha,0.9757,Abdukodir Khusanov,0.9613,Berat Djimsiti,0.9549,Fernando Calero,0.9183,Juan Foyth,0.89,Uroš Radaković,0.881,Pablo Ramon,0.8677,Fabio Chiarodia,0.8636,Radu Drăgușin,0.8572,Maxim Leitsch,0.8537,Daley Blind,0.8449,Wout Faes,0.842,Dimitri Lucea,0.8081,Timo Hübers,0.8063,Maximilian Wöber,0.7949
Samson Baidoo,Defensa central,Gleison Bremer,0.9532,Amir Rrahmani,0.9415,Javier Castro,0.92,Santiago Bueno,0.9078,Luka Vušković,0.9053,Danilho Doekhi,0.905,Hiroki Ito,0.9019,Leo Skiri Østigård,0.8995,Eric Dier,0.8995,Joško Gvardiol,0.8966,Stefan Bell,0.8939,Bryan Okoh,0.8915,Giorgio Scalvini,0.8897,Lucas Beraldo,0.8882,Jonathan Tah,0.8872
Anthony Rouault,Defensa central,Andrew Omobamidele,0.9339,Sebastiano Luperto,0.9113,Francisco Sierralta,0.9089,Illia Zabarnyi,0.8808,Issa Diop,0.8553,Robin Hranáč,0.8467,Aitor Paredes,0.8345,Jonathan Tah,0.807,Eric Bailly,0.7928,Raúl Asencio,0.7885,Federico Gatti,0.7771,John Donald,0.7661,Federico Baschirotto,0.7502,Ozan Kabak,0.7483,Francesco Folino,0.7455
Tylel Tati,Defensa central,Manu Fernández,0.8574,Gaby Jean,0.8501,CJ Egan-Riley,0.8471,Christopher Wooh,0.8468,Jorge Cabello,0.8467,Djené,0.8201,Bambo Diaby,0.8169,Moussa Diarra,0.8168,Tanguy Nianzou,0.8146,Etienne Youte Kinkoue,0.8062,Luken Beitia,0.8041,Mattia Viti,0.8005,Amadou Cissé,0.8002,Juan Jesus,0.7908,Joël Schmied,0.7711
Jérémy Jacquet,Defensa central,Rosen Bozhinov,0.9514,Thilo Kehrer,0.9105,Daniel Elfadli,0.8918,Nicolás Valentini,0.8894,Niklas Stark,0.8871,Abdoulaye Ndiaye,0.8822,Jon Pacheco,0.8546,Lucas Høgsberg,0.8425,Keven Schlotterbeck,0.8391,Wesley Fofana,0.8108,Juan Jesus,0.7969,Mattia Viti,0.7724,Carl Starfelt,0.7586,Fikayo Tomori,0.7283,Kialonda,0.701
Lucas Høgsberg,Defensa central,Jon Pacheco,0.9701,Kialonda,0.8433,Jérémy Jacquet,0.8425,Carl Starfelt,0.7913,Renato Veiga,0.7754,Thilo Kehrer,0.7686,Rosen Bozhinov,0.7529,Abdoulaye Ndiaye,0.7457,Juan Jesus,0.7336,Daniel Elfadli,0.7289,Mattia Viti,0.7135,Clément Akpa,0.7052,Christopher Wooh,0.7031,Clément Lenglet,0.6991,Tylel Tati,0.6961
Abdoulaye Faye,Defensa central,Michel Mboula,0.9301,Aurèle Amenda,0.9036,Andrias Edmundsson,0.8504,Pau Navarro,0.8419,Yerson Mosquera,0.8381,Julian Chabot,0.8356,Victor Nelsson,0.7907,Cedric Zesiger,0.7756,Diogo Leite,0.77,Soumaïla Coulibaly,0.7625,Abdoulaye Bamba,0.7618,Ethan Pinnock,0.7349,Facundo Medina,0.7319,Ayumu Seko,0.7176,Saba Goglichidze,0.7168
Terry Yegbe,Defensa central,Montassar Talbi,0.9241,Luca Jaquez,0.9108,Victor Lindelöf,0.8744,Alessandro Marcandalli,0.8704,Sepp van den Berg,0.8417,Diego Coppola,0.8112,Nico Elvedi,0.7697,Raúl Albiol,0.7246,Lukas Klostermann,0.7153,Moustapha Mbow,0.7122,Dante,0.7094,Antonio Raillo,0.6876,Kristoffer Ajer,0.6769,Oier Luengo,0.6761,Lilian Brassier,0.657
Bamo Meïté,Defensa central,Clemens Riedel,0.907,Francesco Acerbi,0.8488,Javi Rodríguez,0.7922,Enzo Ebosse,0.7908,Antonio Raillo,0.7876,Finn Jeltsch,0.7736,Mark McKenzie,0.7508,Ramon Hendriks,0.7474,Marcos Senesi,0.74,Alidu Seidu,0.7198,Abdel Abqar,0.7109,Alberto Dossena,0.7046,César Azpilicueta,0.6945,Matteo Bianchetti,0.6908,Oier Luengo,0.6742
Jaydee Canvot,Defensa central,Patric,0.9821,Max Kilman,0.9763,Pelayo Fernandez,0.9743,Ladislav Krejčí,0.9592,Matteo Gabbia,0.9509,Etienne Youte Kinkoue,0.8961,Jamaal Lascelles,0.8633,Logan Costa,0.8613,Oliver Nielsen,0.8529,David Alaba,0.8265,Timothée Kolodziejczak,0.8135,Natan,0.8083,Mamadou Sarr,0.8017,Jorge Cabello,0.7919,David Odogu,0.7836
Soumaïla Coulibaly,Defensa central,Pau Navarro,0.9566,Ayumu Seko,0.8786,Aurèle Amenda,0.8551,Copete,0.8483,Yerson Mosquera,0.8443,Sebastian Otoa,0.8239,Cedric Zesiger,0.8223,César Tárrega,0.8183,Diogo Leite,0.7913,Nathaniel Adjei,0.7835,Abdoulaye Faye,0.7625,Chancel Mbemba,0.7619,Michel Mboula,0.7313,Nikola Milenković,0.7234,Julian Chabot,0.7219
Otavio Ataide,Defensa central,Dominik Kohr,0.9382,Daniel Vivian,0.9089,David Affengruber,0.858,Ismaëlo Ganiou,0.8537,Víctor Chust,0.8192,Zaid Romero,0.8023,Nobel Mendy,0.7862,Cristian Romero,0.7695,Marco Friedl,0.7547,Luca Ranieri,0.749,Yerry Mina,0.7466,Mariano Troilo,0.7398,Kojo Peprah Oppong,0.7179,Philipp Lienhart,0.7112,Jacobo Ramón,0.7109
Willian Pacho,Defensa central,Filippo Romagna,0.931,Hjalmar Ekdal,0.8804,Mick Schmetgens,0.8689,Fernando Calero,0.844,Yeray Álvarez,0.8317,Jay Idzes,0.8195,Leny Yoro,0.8187,Sékou Doucoure,0.8178,Bafodé Diakité,0.8167,Ousmane Toure,0.8077,Ezra Mayers,0.8071,Derek Cornelius,0.8063,Joseph Aidoo,0.8056,Dominique Heintz,0.8025,Berat Djimsiti,0.8003
Abdelhamid Ait Boudlal,Defensa central,Eray Cömert,0.9755,Dean Huijsen,0.9333,Micky van de Ven,0.9148,Amir Rrahmani,0.8929,Javier Castro,0.8763,Santiago Bueno,0.8701,Catena,0.8691,Samson Baidoo,0.8622,Edmond Tapsoba,0.862,Leo Skiri Østigård,0.8606,Stefan Bell,0.8546,Yann Aurel Bisseck,0.8523,Sinaly Diomande,0.8478,Eric Smith,0.8466,Christian Kabasele,0.8441
Benjamin Pavard,Defensa central,Jan Paul van Hecke,0.9247,Chidozie Awaziem,0.8785,Adrián de la Fuente,0.8775,Sven Botman,0.8562,Danny da Costa,0.8456,Domingos Duarte,0.8212,Nathan Collins,0.8115,Oumar Solet,0.7806,Gianluca Mancini,0.7402,James Tarkowski,0.7371,Gautier Lloris,0.7306,Amir Rrahmani,0.7267,Pablo Martínez,0.7175,Javier Castro,0.7162,Marc Pubill,0.696
Sadibou Sané,Defensa central,Arouna Sangante,0.7895,Gautier Lloris,0.7849,Tarik Muharemovic,0.7601,Nnamdi Collins,0.7481,Konstantinos Koulierakis,0.7415,Tiago Gabriel,0.7394,Filippo Terracciano,0.7355,Stanley N'Soki,0.7333,Adam Dźwigała,0.7225,Isak Hien,0.715,Vitor Reis,0.7061,Aaron Anselmino,0.7007,Eray Cömert,0.6984,Robin Koch,0.6922,Oumar Solet,0.6899
Facundo Medina,Defensa central,Abdoulaye Faye,0.7319,James Hill,0.7084,Michel Mboula,0.689,Ayden Heaven,0.6802,Alessandro Buongiorno,0.674,Kyllian Antonio,0.6649,Aurèle Amenda,0.6383,César Azpilicueta,0.6186,Abdel Abqar,0.6181,Olivier Boscagli,0.6171,Zé Pedro Figueiredo,0.6075,Adam Masina,0.6053,Jeanuël Belocian,0.5999,Andreas Hanche-Olsen,0.5909,Diogo Leite,0.5886
Clément Akpa,Defensa central,Thilo Kehrer,0.774,Carl Starfelt,0.7646,Jon Pacheco,0.745,Lucas Høgsberg,0.7052,Lisandro Martínez,0.6813,Kialonda,0.681,Abdoul Coulibaly,0.6635,Filippo Mane,0.6599,Jérémy Jacquet,0.637,Max Rosenfelder,0.6228,Mattia Viti,0.6219,CJ Egan-Riley,0.6211,Keven Schlotterbeck,0.6131,Abdoulaye Ndiaye,0.6031,Djené,0.5942
Andrew Omobamidele,Defensa central,Francisco Sierralta,0.9763,Sebastiano Luperto,0.9467,Anthony Rouault,0.9339,Issa Diop,0.9178,Aitor Paredes,0.9124,Illia Zabarnyi,0.8919,Jonathan Tah,0.8728,Raúl Asencio,0.8685,Seny Koumbassa,0.8667,Miguel Ángel Rubio,0.8662,Bryan Okoh,0.8601,Eric Bailly,0.8543,Eric Dier,0.8517,Jon Martin,0.8508,Obite N'Dicka,0.8446
Abdulai Juma Bah,Defensa central,Tommaso Macchioni,0.8604,Sebastiaan Bornauw,0.8293,Jorge Cuenca,0.8254,Tosin Adarabioyo,0.757,Matias Moreno,0.7496,Koki Machida,0.7466,Natan,0.7151,Marin Pongračić,0.705,Copete,0.7029,Anthony Jung,0.6979,Kevin Danso,0.6885,Daniele Rugani,0.6835,Moïse Bombito,0.6676,Eivind Helland,0.6606,Wout Faes,0.6529
Jonathan Gradit,Defensa central,Djené,0.9606,Daniele Ghilardi,0.8612,Formose Mendy,0.8357,Dimitri Lucea,0.8159,Armel Bella Kotchap,0.7959,Arthur Chaves,0.7879,Mattia Viti,0.7867,Mikayil Ngor Faye,0.7844,Juan Jesus,0.7842,Maximilian Wöber,0.7835,Jan Ziółkowski,0.7745,Timo Hübers,0.7644,Abdoulaye Ndiaye,0.7592,Zach Abbott,0.7566,Kevin Akpoguma,0.7534
Raphael Le Guen,Defensa central,Telli Siwe,0.9393,Piero Hincapié,0.9378,Ville Koski,0.9203,Fabio Chiarodia,0.8986,Max Alleyne,0.884,Luiz Felipe,0.8598,Berat Djimsiti,0.8405,Dan-Axel Zagadou,0.8137,Sékou Doucoure,0.8102,Fernando Calero,0.7681,Uroš Radaković,0.7421,Leny Yoro,0.7258,Cenk Özkacar,0.7059,Tommaso Macchioni,0.6916,Junior Diaz,0.6836
Charlie Cresswell,Defensa central,Stefan Bell,0.9563,Edmond Tapsoba,0.9502,Leo Skiri Østigård,0.9399,Amir Rrahmani,0.9151,Omar Alderete,0.8904,Ramy Bensebaini,0.8824,James Tarkowski,0.8687,Yann Aurel Bisseck,0.8643,Javier Castro,0.8567,Samson Baidoo,0.848,Pablo Martínez,0.8476,Dean Huijsen,0.846,Luka Vušković,0.8399,Abdelhamid Ait Boudlal,0.8397,Mouctar Diakhaby,0.8388
Brendan Chardonnet,Defensa central,Joško Gvardiol,0.9512,Jaka Bijol,0.9183,Hiroki Ito,0.9171,Gleison Bremer,0.9095,Gabriel Magalhães,0.9003,Éder Militão,0.892,Lucas Beraldo,0.8865,Marc Guéhi,0.8762,Mario Hermoso,0.8698,Ruben Kluivert,0.8343,Stanley N'Soki,0.8198,James Tarkowski,0.8189,Samson Baidoo,0.8184,Nathan Ngoy,0.8089,Jonathan Tah,0.8086
Julien Le Cardinal,Defensa central,Ronald Araújo,0.9682,Federico Gatti,0.9507,Ben Davies,0.9413,Luca Reggiani,0.9343,Raúl Asencio,0.9278,Stefan Posch,0.91,Éder Militão,0.8974,Ozan Kabak,0.8931,Adam Kölle,0.8887,Lucas Beraldo,0.8854,Jarell Quansah,0.8659,Santiago Bueno,0.8612,John Donald,0.8563,Malick Thiaw,0.8537,Sebastiano Luperto,0.8535
Telli Siwe,Defensa central,Ville Koski,0.9805,Max Alleyne,0.9723,Raphael Le Guen,0.9393,Luiz Felipe,0.9173,Piero Hincapié,0.8878,Fabio Chiarodia,0.8638,Stefan de Vrij,0.8505,Dan-Axel Zagadou,0.8462,Berat Djimsiti,0.8169,Kōta Takai,0.7975,Cenk Özkacar,0.7617,Gerard Martín,0.7606,Jahmai Simpson-Pusey,0.757,Martin Valjent,0.7413,Carlos Dominguez,0.711
Emmanuel Biumla,Defensa central,Maxima Goffi,0.9737,Victor Valdepeñas,0.9715,Gabriel Osho,0.9696,Eddy Kouadio,0.9542,Marvin Friedrich,0.9185,Fali Candé,0.9077,Zach Abbott,0.9027,Gaby Jean,0.8862,Julián Malatini,0.8744,Francesco Coppola,0.8742,Moussa Diarra,0.858,Joël Schmied,0.856,Manu Fernández,0.8559,Arthur Chaves,0.8503,Javier Olaizola,0.8444
Jean-Philippe Gbamin,Defensa central,Michael Keane,0.8819,Maxence Lacroix,0.8653,Harry Maguire,0.8589,Alan Matturro,0.8088,Nathan Ngoy,0.7981,Lucas Beraldo,0.7748,Joško Gvardiol,0.7655,Jaka Bijol,0.7383,Éder Militão,0.7333,Hiroki Ito,0.7278,Gabriel Magalhães,0.7269,Stephan Zagadou,0.7264,Miguel Ángel Rubio,0.7262,Robin Koch,0.7241,Gleison Bremer,0.7176
Etienne Youte Kinkoue,Defensa central,Logan Costa,0.9773,Jorge Cabello,0.9671,Ladislav Krejčí,0.9388,Patric,0.9362,Max Kilman,0.9219,Luken Beitia,0.9145,Pelayo Fernandez,0.8971,Nils Zätterström,0.8962,Jaydee Canvot,0.8961,Igor,0.8894,Ramón Martínez,0.8853,Amadou Cissé,0.8827,Christopher Wooh,0.875,Noham Kamara,0.8638,Marco Esteban,0.8638
Mark McKenzie,Defensa central,Abdel Abqar,0.8396,Fikayo Tomori,0.8081,Jean-Clair Todibo,0.8078,Enzo Ebosse,0.7885,Clément Lenglet,0.7841,Javi Rodríguez,0.7662,Bamo Meïté,0.7508,Oier Luengo,0.7459,Zé Pedro Figueiredo,0.7445,Luke O'Nien,0.7175,Matteo Bianchetti,0.7118,Clemens Riedel,0.7112,Jeanuël Belocian,0.7063,Joachim Andersen,0.7028,Moussa Niakhate,0.6989
Kyllian Antonio,Defensa central,Olivier Boscagli,0.954,Marcos Senesi,0.8791,Alidu Seidu,0.8502,Jeanuël Belocian,0.8139,Aritz Elustondo,0.8108,Adam Masina,0.8029,César Azpilicueta,0.8025,Ramon Hendriks,0.794,Lilian Brassier,0.775,Tomoya Ando,0.7689,Matteo Bianchetti,0.7463,Alessandro Buongiorno,0.7462,Luke O'Nien,0.7449,Warmed Omari,0.7407,Moussa Niakhate,0.7319
Rasmus Nicolaisen,Defensa central,Manuel Akanji,0.8971,Jon Martin,0.8932,Aïssa Mandi,0.8589,Ousmane Camara,0.8491,Jarrad Branthwaite,0.8377,Guillermo Maripán,0.7778,Thomas Kristensen,0.7675,Castrin,0.7671,Castello Lukeba,0.7664,Willi Orban,0.7636,Danilho Doekhi,0.7533,Arthur Theate,0.7464,Mouctar Diakhaby,0.7382,Aitor Paredes,0.7327,Konstantinos Mavropanos,0.7315
Ayumu Seko,Defensa central,Nathaniel Adjei,0.9214,Sebastian Otoa,0.9158,Loïc Bade,0.9107,Julian Chabot,0.8864,Chancel Mbemba,0.8802,Soumaïla Coulibaly,0.8786,Aurèle Amenda,0.8646,Ethan Pinnock,0.8641,Pau Navarro,0.8572,Axel Disasi,0.8286,Yerson Mosquera,0.7945,Cedric Zesiger,0.7838,Diogo Leite,0.775,Michel Mboula,0.7633,Copete,0.7574
Moïse Bombito,Defensa central,Daniele Rugani,0.9684,Marin Pongračić,0.9613,Bambo Diaby,0.9528,Koki Machida,0.9502,Benoît Badiashile,0.9495,Pablo Marí,0.9369,Eivind Helland,0.9317,Fábio Cardoso,0.8663,Luken Beitia,0.8638,Armel Bella Kotchap,0.8631,Anthony Jung,0.8519,Jan Ziółkowski,0.8491,Abdul Mumin,0.835,Daniel Denoon,0.8298,Natan,0.8241
Abdoulaye Bamba,Defensa central,Saba Goglichidze,0.9808,Giovanni Bonfanti,0.8678,Honest Ahanor,0.865,Alexsandro Ribeiro,0.841,Christian Mawissa,0.8339,Gerard Martín,0.8251,Tim Siersleben,0.82,Lautaro Valenti,0.8074,Emre Can,0.798,Nidal Čelik,0.7924,Kevin Danso,0.7682,Unai Núñez,0.7665,Dan-Axel Zagadou,0.7664,Abdoulaye Faye,0.7618,Mikayil Ngor Faye,0.7459
Montassar Talbi,Defensa central,Terry Yegbe,0.9241,Victor Lindelöf,0.844,Luca Jaquez,0.8405,Alessandro Marcandalli,0.8313,Ezra Mayers,0.8059,Nayef Aguerd,0.7915,Tyrone Mings,0.7869,John Stones,0.7602,Jamaal Lascelles,0.7602,Sepp van den Berg,0.7567,Matías Pérez,0.7552,Mamadou Sarr,0.7535,Nico Elvedi,0.7298,David Odogu,0.7235,Marco Esteban,0.7235
Chidozie Awaziem,Defensa central,Benjamin Pavard,0.8785,Nathan Collins,0.8673,Domingos Duarte,0.8655,Sven Botman,0.8544,Danny da Costa,0.8406,Jan Paul van Hecke,0.832,Tarik Muharemovic,0.8264,Vitor Reis,0.8008,Konstantinos Koulierakis,0.7497,Adrián de la Fuente,0.7473,James Tarkowski,0.7186,Unai Elgezabal,0.7166,Axel Tuanzebe,0.6905,Gautier Lloris,0.6792,Andreas Hanche-Olsen,0.6518
Arouna Sangante,Defensa central,Pedro Bigas,0.869,Maxence Lacroix,0.8574,Ismaëlo Ganiou,0.8232,David Affengruber,0.8093,Cristian Romero,0.8082,Sadibou Sané,0.7895,Adam Dźwigała,0.7742,Nathan Ngoy,0.7662,Nnamdi Collins,0.7618,Zaid Romero,0.7554,Stanley N'Soki,0.7529,Albian Hajdari,0.7525,Robin Koch,0.7447,Dominik Kohr,0.7422,Mario Hermoso,0.7266
Eric Dier,Defensa central,Obite N'Dicka,0.9537,Bryan Okoh,0.9361,Aitor Paredes,0.9325,Danilho Doekhi,0.9323,Rúben Dias,0.9104,Samson Baidoo,0.8995,Seny Koumbassa,0.8925,Lucas Beraldo,0.8916,Francisco Sierralta,0.8841,Miguel Ángel Rubio,0.8723,Kim Min-jae,0.8703,Aaron Anselmino,0.8654,Luka Vušković,0.8599,Ozan Kabak,0.8578,Sebastiano Luperto,0.8566
Timothée Kolodziejczak,Defensa central,Wout Faes,0.873,Martin Valjent,0.8573,Oliver Nielsen,0.8412,Matteo Gabbia,0.8379,Pelayo Fernandez,0.8223,David Alaba,0.8222,Jaydee Canvot,0.8135,Andreas Christensen,0.8055,Luiz Felipe,0.8049,Natan,0.8007,Max Kilman,0.7987,Ladislav Krejčí,0.7937,Martin Vitík,0.7691,Guilherme Ramos,0.7666,Patric,0.7649
Ruben Kluivert,Defensa central,Mario Hermoso,0.9061,Jonathan Tah,0.8996,Enzo Boyomo,0.8873,Adam Dźwigała,0.8815,Marc-Oliver Kempf,0.8639,Dayot Upamecano,0.8626,Lucas Beraldo,0.8561,Éder Militão,0.8521,Nnamdi Collins,0.8451,Joško Gvardiol,0.8422,Francesco Folino,0.8387,Gabriel Magalhães,0.8366,Brendan Chardonnet,0.8343,Stanley N'Soki,0.8332,Luca Reggiani,0.8239
Michel Mboula,Defensa central,Abdoulaye Faye,0.9301,Andrias Edmundsson,0.9257,Aurèle Amenda,0.8695,Cedric Zesiger,0.8409,Julian Chabot,0.8409,Pau Navarro,0.8339,Victor Nelsson,0.8222,Yerson Mosquera,0.8157,Ethan Pinnock,0.8039,Diogo Leite,0.7958,Ayumu Seko,0.7633,Sebastian Otoa,0.7387,Soumaïla Coulibaly,0.7313,Loïc Bade,0.7286,Abdoulaye Bamba,0.7269
Thilo Kehrer,Defensa central,Jérémy Jacquet,0.9105,Rosen Bozhinov,0.8995,Niklas Stark,0.8796,Keven Schlotterbeck,0.877,Abdoulaye Ndiaye,0.8755,Jon Pacheco,0.8553,Daniel Elfadli,0.8491,Nicolás Valentini,0.8487,Mattia Viti,0.8136,Fikayo Tomori,0.8072,Wesley Fofana,0.7931,Juan Jesus,0.7839,Clément Akpa,0.774,Lucas Høgsberg,0.7686,Djené,0.7117
Seny Koumbassa,Defensa central,Rúben Dias,0.9722,Miguel Ángel Rubio,0.9623,Francisco Sierralta,0.9162,Issa Diop,0.9015,Virgil van Dijk,0.8933,Eric Dier,0.8925,Stephan Zagadou,0.8885,Matthijs de Ligt,0.8788,Raúl Asencio,0.8703,Marc-Oliver Kempf,0.8692,Andrew Omobamidele,0.8667,Illia Zabarnyi,0.8637,Robin Hranáč,0.8512,Sebastiano Luperto,0.8489,Francesco Folino,0.8405
Alexsandro Ribeiro,Defensa central,Honest Ahanor,0.9841,Abdoulaye Bamba,0.841,Saba Goglichidze,0.8161,Jahmai Simpson-Pusey,0.7785,Gerard Martín,0.7689,Dan-Axel Zagadou,0.7438,Niklas Stark,0.7234,Emmanuel Agbadou,0.7223,Giovanni Bonfanti,0.702,Tim Siersleben,0.6809,Malang Sarr,0.6753,Mario Gila,0.6684,Christian Mawissa,0.65,Luiz Felipe,0.6477,Max Alleyne,0.641
Stephan Zagadou,Defensa central,Seny Koumbassa,0.8885,Issa Diop,0.8735,Francisco Sierralta,0.8559,Miguel Ángel Rubio,0.8502,Raúl Asencio,0.8445,Francesco Folino,0.8441,Alan Matturro,0.841,Marc-Oliver Kempf,0.837,Andrew Omobamidele,0.8367,Luca Reggiani,0.8281,Rúben Dias,0.8142,Sebastiano Luperto,0.811,Illia Zabarnyi,0.8088,Michael Keane,0.8004,Robin Koch,0.7846
CJ Egan-Riley,Defensa central,Ezri Konsa,0.8598,Brad Mantsounga,0.8516,Tim Oermann,0.851,Tylel Tati,0.8471,Marvin Friedrich,0.8138,Gaby Jean,0.812,Filippo Mane,0.808,Diego Aguado,0.7884,Jenson Seelt,0.7841,Christopher Wooh,0.7793,Alvaro Cortes,0.7768,Mario Gila,0.7751,Gabriel Osho,0.7638,Jorge Cabello,0.7606,Toti Gomes,0.7535
Nidal Čelik,Defensa central,Kevin Danso,0.8845,Dan-Axel Zagadou,0.8576,Saba Goglichidze,0.8489,Luiz Felipe,0.8489,Unai Núñez,0.8459,Giovanni Bonfanti,0.8212,Wout Faes,0.812,Fabio Chiarodia,0.7992,Abdoulaye Bamba,0.7924,Branimir Mlacic,0.7914,Martin Vitík,0.7847,Jan Ziółkowski,0.7809,Uroš Radaković,0.7616,Pablo Ramon,0.7555,Christian Mawissa,0.7544
Nicolas Cozza,Defensa central,Tomoya Ando,0.8999,Matteo Bianchetti,0.7981,Pablo,0.778,Alessandro Marcandalli,0.7723,Kristoffer Ajer,0.7544,Ramon Hendriks,0.7106,Javier Olaizola,0.7067,Aritz Elustondo,0.6944,Tobias Slotsager,0.6908,Luke O'Nien,0.6723,Eddy Kouadio,0.6696,Olivier Boscagli,0.6583,Lilian Brassier,0.6573,Warmed Omari,0.6545,Kyllian Antonio,0.6395
Illia Zabarnyi,Defensa central,Robin Hranáč,0.9193,Issa Diop,0.8935,Andrew Omobamidele,0.8919,Anthony Rouault,0.8808,Pau Cubarsí,0.8769,Francisco Sierralta,0.876,Sebastiano Luperto,0.8657,Seny Koumbassa,0.8637,Stephan Zagadou,0.8088,Miguel Ángel Rubio,0.8058,Rúben Dias,0.7936,Raúl Asencio,0.7928,Francesco Folino,0.7842,Unai Elgezabal,0.78,Eric Bailly,0.7535
Gautier Lloris,Defensa central,Sven Botman,0.864,Tarik Muharemovic,0.802,Adrián de la Fuente,0.7889,Sadibou Sané,0.7849,Jan Paul van Hecke,0.7758,Konstantinos Mavropanos,0.7757,Vitor Reis,0.7641,Nathan Collins,0.7544,Oumar Solet,0.7503,Benjamin Pavard,0.7306,Filippo Terracciano,0.7182,Danny da Costa,0.7102,Tiago Gabriel,0.7061,Eray Cömert,0.7047,Duje Ćaleta-Car,0.7002
Aïssa Mandi,Defensa central,Castrin,0.9037,Arthur Theate,0.878,Willi Orban,0.8778,Manuel Akanji,0.8696,Kike Salas,0.8654,Jarrad Branthwaite,0.8616,Rasmus Nicolaisen,0.8589,Samir Chergui,0.8125,Guillermo Maripán,0.8035,Danilho Doekhi,0.7703,Luka Vušković,0.7655,Valentín Gómez,0.7586,Giorgio Scalvini,0.737,Kojo Peprah Oppong,0.7351,Mouctar Diakhaby,0.7332
Kojo Peprah Oppong,Defensa central,Calvin Bassey,0.8621,Odilon Kossounou,0.8443,Juan Rodríguez,0.8167,Karol Mets,0.8,Morato,0.7935,Jhon Lucumí,0.7882,Valentín Gómez,0.7828,Kike Salas,0.7576,Castrin,0.7556,Aaron Anselmino,0.7544,Jarell Quansah,0.753,Jamil Siebert,0.7398,Aïssa Mandi,0.7351,Simone Canestrelli,0.7349,Otavio Ataide,0.7179
Nathan Ngoy,Defensa central,Maxence Lacroix,0.9137,Abdelhamid Ait Boudlal,0.8335,Eray Cömert,0.8174,Dean Huijsen,0.8111,Brendan Chardonnet,0.8089,Joško Gvardiol,0.8048,Gleison Bremer,0.8042,Michael Keane,0.8029,Harry Maguire,0.799,Jean-Philippe Gbamin,0.7981,Jaka Bijol,0.7935,Cristian Romero,0.7821,Hiroki Ito,0.77,Robin Koch,0.767,Sinaly Diomande,0.7669
Javier Castro,Defensa central,Santiago Bueno,0.9718,Amir Rrahmani,0.9686,Strahinja Pavlović,0.9415,Samson Baidoo,0.92,Giorgio Scalvini,0.9181,Edmond Tapsoba,0.9149,Yann Aurel Bisseck,0.9091,Leo Skiri Østigård,0.9062,Marc Pubill,0.8955,Matthias Ginter,0.8946,Gianluca Mancini,0.8944,Ramy Bensebaini,0.8936,Luka Vušković,0.8873,Stefan Bell,0.884,Abdelhamid Ait Boudlal,0.8763
Facundo González,Defensa central,Jamil Siebert,0.9663,Federico Baschirotto,0.905,Odilon Kossounou,0.9027,Jhon Lucumí,0.8836,Diego Carlos,0.869,Thomas Kristensen,0.864,Morato,0.859,Lewis Dunk,0.8588,David Costas,0.8578,Simone Canestrelli,0.855,Antonio Rüdiger,0.8362,Issa Diop,0.8224,Sam Beukema,0.8158,Karol Mets,0.7942,Manuel Akanji,0.7831
Manu Hernando,Defensa central,Patrick Mainka,0.9471,Hiroki Ito,0.8857,Samson Baidoo,0.8652,Gleison Bremer,0.8592,Jaka Bijol,0.8518,Amir Rrahmani,0.8338,Charlie Cresswell,0.8166,Stefan Bell,0.7895,Joško Gvardiol,0.7885,Michael Keane,0.7836,Omar Alderete,0.7747,Edmond Tapsoba,0.7718,Matthias Ginter,0.7623,Abdelhamid Ait Boudlal,0.759,Yann Aurel Bisseck,0.7555
Pablo Ramon,Defensa central,Julián Malatini,0.9247,Luca Marianucci,0.912,Joël Schmied,0.8813,Branimir Mlacic,0.8784,Jordan Torunarigha,0.8732,Wout Faes,0.8715,Unai Núñez,0.8704,Junior Diaz,0.8677,Nicolò Casale,0.8629,Kevin Danso,0.8614,Francesco Coppola,0.8571,Armel Bella Kotchap,0.8502,Formose Mendy,0.84,Daniele Ghilardi,0.8398,Marin Pongračić,0.8397
Conor Bradley,Lateral derecho,Thierry Correia,0.94,Ismael Bekhoucha,0.9105,Ignace Van Der Brempt,0.9024,Carlens Arcus,0.8517,Danilo Veiga,0.8218,Tommaso Barbieri,0.7916,Omar El Hilali,0.7787,Rico Lewis,0.768,Hamari Traoré,0.7572,Ivan Smolčić,0.7487,Buba Sangaré,0.7442,Rubén,0.7271,Rafik Messali,0.7209,Vanderson,0.7133,Adam Smith,0.6808
Ben White,Lateral derecho,Andrei Ratiu,0.799,Gabriele Zappa,0.7681,Pasquale Mazzocchi,0.7108,Jackson Tchatchoua,0.6339,Omar Traoré,0.63,William Mikelbrencis,0.6232,Sael Kumbedi,0.6197,Jeremie Frimpong,0.6135,Álvaro Núñez,0.6031,Trent Alexander-Arnold,0.5988,Yukinari Sugawara,0.5907,Lucas Ahijado,0.5723,Nathaniel Clyne,0.5706,Sebastian Sebulonsen,0.5382,Rubén,0.5341
Malo Gusto,Lateral derecho,Marco Sangalli,0.8212,Brooke Norton-Cuffy,0.753,Ainsley Maitland-Niles,0.7237,Ruben Aguilar,0.7152,Emil Holm,0.711,Wesley,0.6946,Rasmus Kristensen,0.6738,Mantilla,0.6557,Joe Scally,0.6469,Valentin Rosier,0.6463,Santiago Mouriño,0.637,Saud Abdulhamid,0.6241,Marcos Llorente,0.5789,Zeki Çelik,0.5733,Achraf Hakimi,0.5661
Matt Doherty,Lateral derecho,Lorenzo De Silvestri,0.9782,Rafik Messali,0.9443,Noussair Mazraoui,0.9433,Pol Lirola,0.9067,Iván Balliu,0.9066,Aurélio Buta,0.9061,Woyo Coulibaly,0.8935,Buba Sangaré,0.8583,Renzo Saravia,0.8506,Sacha Boey,0.8498,Ángel Ortíz,0.8491,Nacho Pérez,0.8432,Sebastian Walukiewicz,0.829,Leonidas Stergiou,0.8231,Cenny Neumann,0.7789
Nicolò Savona,Lateral derecho,Oliver Sonne,0.9579,Javier Boñar,0.9167,Thomas Meunier,0.8944,Rafik Belghali,0.8659,Benjamin Henrichs,0.8645,Djibril Sidibé,0.8561,Álvaro Odriozola,0.8504,Denzel Dumfries,0.8343,Giovanni Di Lorenzo,0.8294,Héctor Bellerín,0.8282,Silvan Widmer,0.8269,Mateu Morey,0.8165,Alessandro Zanoli,0.8155,Warren Kamanzi,0.808,Fodé Doucouré,0.7928
Jeremie Frimpong,Lateral derecho,Omar Traoré,0.7719,Rubén,0.6878,Yukinari Sugawara,0.6319,Ben White,0.6135,Marco Palestra,0.6003,Sebastian Sebulonsen,0.5923,Bouna Sarr,0.5862,Jackson Tchatchoua,0.5671,Nadir Zortea,0.5658,Tino Livramento,0.551,Andrei Ratiu,0.5447,William Mikelbrencis,0.5445,Dodô,0.543,Trent Alexander-Arnold,0.5354,Kelvin Amian,0.535
Kevin,Lateral derecho,Víctor García,0.9224,Josha Vagnoman,0.9203,Marco Palestra,0.8901,Matty Cash,0.8807,Mërgim Vojvoda,0.8781,Zachary Athekame,0.8307,Denzel Dumfries,0.8175,Marius Wolf,0.8103,Valentin Gendrey,0.8073,João Cancelo,0.8004,Rafik Belghali,0.7964,Achraf Hakimi,0.7864,Giovanni Di Lorenzo,0.7593,Óscar Mingueza,0.753,Héctor Fort,0.7174
Joël Veltman,Lateral derecho,Kingsley Ehizibue,0.7974,Arnau Martinez,0.7963,Igor Carioca,0.791,Kenny Tete,0.7807,Mats Wieffer,0.7807,Joshua Acheampong,0.7659,James Justin,0.7574,Kiko Femenía,0.756,Kyle Walker-Peters,0.7436,Marvin Senaya,0.7428,Nahuel Tenaglia,0.7228,Jordan Teze,0.7186,Carmona,0.7132,Mateu Morey,0.7127,Jon Aramburu,0.7027
Noussair Mazraoui,Lateral derecho,Rafik Messali,0.9552,Woyo Coulibaly,0.9537,Iván Balliu,0.9491,Renzo Saravia,0.949,Matt Doherty,0.9433,Lorenzo De Silvestri,0.9301,Sacha Boey,0.8981,Aurélio Buta,0.8866,Ola Aina,0.8864,Jonny Castro,0.8826,Nacho Pérez,0.8814,Buba Sangaré,0.866,Pol Lirola,0.85,Nacho Vidal,0.8417,Danilo Veiga,0.8214
Aaron Hickey,Lateral derecho,Xavi Espart,0.9447,Manuel Lazzari,0.9433,Alessandro Di Pardo,0.9415,Nacho Vidal,0.9337,Woyo Coulibaly,0.9086,Ola Aina,0.882,Jonny Castro,0.8807,Arkadiusz Pyrka,0.8741,Dimitri Foulquier,0.8485,Sacha Boey,0.8187,Noussair Mazraoui,0.8011,Christ-Owen Kouassi,0.7824,Lutsharel Geertruida,0.7823,Kelvin Amian,0.7712,Nacho Pérez,0.7599
Ki-Jana Hoever,Lateral derecho,Nathan Patterson,0.9466,Loïc Nego,0.897,Timothy Castagne,0.8762,Sebastian Sebulonsen,0.8314,David Jiménez,0.8038,Pedro Lima,0.8006,Hans Hateboer,0.7812,Lamine Sy,0.7645,Lutsharel Geertruida,0.7356,Maxime Colin,0.6714,Timothee Pembele,0.6534,Fallou Cham,0.6304,Bouna Sarr,0.6067,Lucas Ahijado,0.5979,Daniel Oyegoke,0.5974
Rico Lewis,Lateral derecho,Ignace Van Der Brempt,0.837,Adam Smith,0.8209,Carlens Arcus,0.7926,Conor Bradley,0.768,Ismael Bekhoucha,0.7315,Thierry Correia,0.7039,Kyle Walker,0.6842,Omar Traoré,0.6732,Renzo Saravia,0.6395,Aaron Wan-Bissaka,0.6196,Sael Kumbedi,0.5859,Rafik Messali,0.5774,Omar El Hilali,0.5409,Carmona,0.534,Nacho Pérez,0.5267
Jurriën Timber,Lateral derecho,Michael Amir Murillo,0.958,Javi Rueda,0.9509,Valentin Gendrey,0.9489,Guéla Doué,0.9486,Konrad Laimer,0.9173,Lucas Vázquez,0.9141,Denzel Dumfries,0.8847,Zachary Athekame,0.8775,Warren Kamanzi,0.8585,Matty Cash,0.8478,Mats Wieffer,0.8437,João Cancelo,0.8417,Lilian Raolisoa,0.8393,Mateu Morey,0.8378,Josip Juranović,0.8345
Joshua Acheampong,Lateral derecho,Nahuel Tenaglia,0.8963,Benjamin Henrichs,0.8881,James Justin,0.8706,Abdoul Ouattara,0.8625,Sergio Carreira,0.8581,Kyle Walker-Peters,0.8393,João Mário Lopes,0.8385,Silvan Widmer,0.8235,Warren Kamanzi,0.8235,Kiko Femenía,0.818,Arnau Martinez,0.8065,Enrico Delprato,0.789,Igor Carioca,0.7784,Joël Veltman,0.7659,Álvaro Odriozola,0.7642
Daniel Muñoz,Lateral derecho,João Cancelo,0.9724,Nahuel Molina,0.9616,Reece James,0.9458,Lukas Kübler,0.9381,Ridle Baku,0.9303,Fabien Centonze,0.9232,Konrad Laimer,0.9203,Fodé Doucouré,0.9202,Silvan Widmer,0.9123,Marius Wolf,0.9077,Przemysław Frankowski,0.8904,Víctor García,0.8759,Guéla Doué,0.8666,Jordan Teze,0.8651,Mats Wieffer,0.8627
Nathaniel Clyne,Lateral derecho,Gabriele Zappa,0.9022,Aaron Wan-Bissaka,0.8975,Sael Kumbedi,0.8903,Álvaro Núñez,0.8437,Jesús Areso,0.8412,Kenny Lala,0.8222,Sebastian Walukiewicz,0.772,Andoni Gorosabel,0.7617,Kyle Walker,0.7615,Adam Smith,0.7256,Romano Floriani,0.7128,Carlens Arcus,0.7055,Tino Livramento,0.6925,Christopher Trimmel,0.6834,Hamari Traoré,0.6669
Adam Smith,Lateral derecho,Ignace Van Der Brempt,0.8858,Carlens Arcus,0.8671,Rico Lewis,0.8209,Kyle Walker,0.8188,Aaron Wan-Bissaka,0.8109,Sebastian Walukiewicz,0.7401,Álvaro Núñez,0.727,Nathaniel Clyne,0.7256,Sael Kumbedi,0.7107,Lorenzo De Silvestri,0.7012,Jesús Areso,0.6878,Omar El Hilali,0.681,Conor Bradley,0.6808,Kenny Lala,0.6713,Nadir Zortea,0.6666
Timothy Castagne,Lateral derecho,Loïc Nego,0.9264,Nathan Patterson,0.9025,Ki-Jana Hoever,0.8762,Lamine Sy,0.8631,Lutsharel Geertruida,0.8452,Timothee Pembele,0.8418,Frederic Guilbert,0.8328,Pedro Lima,0.8199,Sebastian Sebulonsen,0.8101,Nacho Vidal,0.797,Bouna Sarr,0.793,Hans Hateboer,0.7643,Fallou Cham,0.7557,Ola Aina,0.7429,Maxime Colin,0.7388
Jackson Tchatchoua,Lateral derecho,Tino Livramento,0.8769,Kenny Lala,0.8661,Timothy Chandler,0.854,Jusuf Gazibegović,0.8417,Finley Stevens,0.8417,Dani Carvajal,0.8051,Kosta Nedeljković,0.7928,Gabriele Zappa,0.7905,Mathieu Acapandié,0.7875,Álvaro Núñez,0.7862,Romano Floriani,0.7815,Kelvin Amian,0.7781,Sebastian Sebulonsen,0.7766,Ali Dembélé,0.7675,Tariq Lamptey,0.7349
Kieran Trippier,Lateral derecho,Nadir Zortea,0.9021,Cléo Melieres,0.8685,Steeve Kango,0.8526,Ilane Touré,0.8179,Séamus Coleman,0.8158,Kenny Lala,0.8116,Romano Floriani,0.8008,Tino Livramento,0.8005,Christopher Trimmel,0.7882,Jesús Areso,0.7861,Álvaro Núñez,0.7767,Pol Lirola,0.7605,Emil Krafth,0.758,Miguel Calatayud,0.7498,Elias Baum,0.7451
Ola Aina,Lateral derecho,Nacho Vidal,0.9741,Jonny Castro,0.9514,Woyo Coulibaly,0.9314,Noussair Mazraoui,0.8864,Alex Freeman,0.8863,Aaron Hickey,0.882,Iván Balliu,0.8628,Lutsharel Geertruida,0.8493,Christ-Owen Kouassi,0.8422,Loïc Nego,0.8359,Xavi Espart,0.8338,Alessandro Di Pardo,0.8326,Maxime Colin,0.8271,Cenny Neumann,0.8112,Dimitri Foulquier,0.8094
Lutsharel Geertruida,Lateral derecho,Maxime Colin,0.9623,Alex Freeman,0.8653,Jonny Castro,0.8559,Nacho Vidal,0.8534,Loïc Nego,0.8523,Ola Aina,0.8493,Timothy Castagne,0.8452,Aaron Hickey,0.7823,Christ-Owen Kouassi,0.7797,Sebastian Sebulonsen,0.7751,Adrià Altimira,0.7746,Cenny Neumann,0.77,Nathan Patterson,0.7698,Alessandro Di Pardo,0.7629,Elseid Hysaj,0.7529
Kenny Tete,Lateral derecho,Marvin Senaya,0.9557,Jon Aramburu,0.9175,Joël Veltman,0.7807,Kingsley Ehizibue,0.7065,Nahuel Tenaglia,0.6923,Kyle Walker-Peters,0.6922,Igor Carioca,0.6433,Mateu Morey,0.6147,Jordan Teze,0.5963,Fabien Centonze,0.5948,James Justin,0.5936,Hugo Rincón,0.5876,Jayden Bogle,0.5871,Frederic Guilbert,0.5417,Carmona,0.5196
James Justin,Lateral derecho,Lukas Kübler,0.8836,Joshua Acheampong,0.8706,Mats Wieffer,0.858,Ridle Baku,0.844,Silvan Widmer,0.8314,Arnau Martinez,0.821,João Cancelo,0.8164,Daniel Muñoz,0.8073,Jordan Teze,0.8006,Fabien Centonze,0.8001,Jayden Bogle,0.7869,Benjamin Henrichs,0.7673,Nahuel Tenaglia,0.7622,Joël Veltman,0.7574,Warren Kamanzi,0.7495
Aaron Wan-Bissaka,Lateral derecho,Kyle Walker,0.9507,Nathaniel Clyne,0.8975,Sebastian Walukiewicz,0.8837,Carlens Arcus,0.8602,Omar El Hilali,0.8427,Andoni Gorosabel,0.8238,Jesús Areso,0.8187,Hamari Traoré,0.8122,Adam Smith,0.8109,Nacho Pérez,0.7984,Ignace Van Der Brempt,0.7704,Lorenzo De Silvestri,0.7545,Cenny Neumann,0.7436,Sael Kumbedi,0.7374,Gabriele Zappa,0.7231
Kyle Walker-Peters,Lateral derecho,Igor Carioca,0.9132,Nahuel Tenaglia,0.8642,Joshua Acheampong,0.8393,João Mário Lopes,0.8353,Benjamin Henrichs,0.81,Abdoul Ouattara,0.7836,Mateu Morey,0.7568,Sergio Carreira,0.7552,Joël Veltman,0.7436,Enrico Delprato,0.7282,Álvaro Odriozola,0.7151,Javier Boñar,0.7147,Kingsley Ehizibue,0.7141,Giovanni Di Lorenzo,0.6925,Kenny Tete,0.6922
Mats Wieffer,Lateral derecho,Jordan Teze,0.9344,Fabien Centonze,0.9144,Lukas Kübler,0.9094,Guéla Doué,0.891,Jayden Bogle,0.8897,Arnau Martinez,0.889,Javi Rueda,0.878,Daniel Muñoz,0.8627,James Justin,0.858,Reece James,0.8504,Jurriën Timber,0.8437,João Cancelo,0.8296,Ridle Baku,0.8296,Carmona,0.8267,Konrad Laimer,0.8248
Tino Livramento,Lateral derecho,Kenny Lala,0.9648,Álvaro Núñez,0.9217,Kelvin Amian,0.9018,Dani Carvajal,0.888,Jackson Tchatchoua,0.8769,Séamus Coleman,0.8434,Jusuf Gazibegović,0.8232,Finley Stevens,0.8232,Kosta Nedeljković,0.8214,Timothy Chandler,0.8161,Arkadiusz Pyrka,0.8079,Kieran Trippier,0.8005,Mathieu Acapandié,0.7771,Othniel Raterink,0.7668,Souleymane Touré,0.7668
Reece James,Lateral derecho,João Cancelo,0.949,Daniel Muñoz,0.9458,Przemysław Frankowski,0.931,Nahuel Molina,0.9217,Konrad Laimer,0.8984,Ridle Baku,0.8902,Marius Wolf,0.8819,Manolis Saliakas,0.8807,Fabien Centonze,0.8778,Lukas Kübler,0.8765,Jayden Bogle,0.874,Guéla Doué,0.8729,Lilian Raolisoa,0.8702,Matty Cash,0.8687,Zachary Athekame,0.8655
Séamus Coleman,Lateral derecho,Steeve Kango,0.8939,Kelvin Amian,0.8859,Álex Jiménez,0.8827,Kosta Nedeljković,0.8482,Jusuf Gazibegović,0.8454,Finley Stevens,0.8454,Timothy Chandler,0.8437,Tino Livramento,0.8434,Miguel Calatayud,0.8338,Ali Dembélé,0.8221,Emil Krafth,0.8164,Kieran Trippier,0.8158,Arkadiusz Pyrka,0.8155,Dimitri Foulquier,0.8083,Matteo Darmian,0.8045
Jake O'Brien,Lateral derecho,Adam Marušić,0.9366,Brooke Norton-Cuffy,0.7054,Enrico Delprato,0.6985,Zeki Çelik,0.6474,Javier Boñar,0.5904,Abdoul Ouattara,0.5616,Ainsley Maitland-Niles,0.5592,Malo Gusto,0.5584,Valentin Rosier,0.5306,Álvaro Odriozola,0.5244,Héctor Bellerín,0.5218,Sergio Carreira,0.5185,Sascha Britschgi,0.5115,Rasmus Kristensen,0.4956,Achraf Hakimi,0.4931
Kyle Walker,Lateral derecho,Aaron Wan-Bissaka,0.9507,Nacho Pérez,0.9344,Sebastian Walukiewicz,0.9059,Lorenzo De Silvestri,0.8592,Adam Smith,0.8188,Ignace Van Der Brempt,0.807,Carlens Arcus,0.7992,Renzo Saravia,0.7887,Cenny Neumann,0.7872,Alex Freeman,0.7867,Noussair Mazraoui,0.7849,Omar El Hilali,0.7791,Matt Doherty,0.7615,Nathaniel Clyne,0.7615,Elseid Hysaj,0.7609
Nordi Mukiele,Lateral derecho,Mantilla,0.9123,Koffi Kouao,0.88,Trai Hume,0.8741,Jeremy Toljan,0.8615,Joe Scally,0.8553,Pablo Maffeo,0.8516,Iglesias,0.7724,Marco Sangalli,0.7596,Michael Kayode,0.7596,Przemysław Frankowski,0.6148,Guéla Doué,0.5955,João Cancelo,0.5768,Malo Gusto,0.5641,Nahuel Molina,0.5606,Lilian Raolisoa,0.5573
Matheus Nunes,Lateral derecho,Devyne Rensch,0.9242,Marnon Busch,0.8874,Josip Stanišić,0.8714,Héctor Bellerín,0.8375,Arnau Martinez,0.8292,Jules Koundé,0.8239,Warren Kamanzi,0.7907,Djibril Sidibé,0.7817,Konrad Laimer,0.7576,Alessandro Zanoli,0.7404,Héctor Fort,0.7393,Silvan Widmer,0.7212,Diogo Dalot,0.7162,Javi Rueda,0.7107,Ridle Baku,0.7075
Emil Krafth,Lateral derecho,Ilane Touré,0.9547,Mathieu Acapandié,0.9403,Steeve Kango,0.9345,Elias Baum,0.9323,Miguel Calatayud,0.9227,Matteo Darmian,0.9174,Timothy Chandler,0.9148,Jusuf Gazibegović,0.9147,Finley Stevens,0.9147,Kosta Nedeljković,0.9063,Leonidas Stergiou,0.9004,Cléo Melieres,0.8867,Dimitri Foulquier,0.8636,Andrés García,0.8557,Tariq Lamptey,0.8309
Trai Hume,Lateral derecho,Koffi Kouao,0.9276,Iglesias,0.917,Joe Scally,0.9056,Nordi Mukiele,0.8741,Mantilla,0.866,Michael Kayode,0.8373,Pablo Maffeo,0.7658,Jeremy Toljan,0.7275,Marco Sangalli,0.719,Stefano Sabelli,0.5933,Malo Gusto,0.5338,Marius Louer,0.4657,Kyle Walker-Peters,0.4253,Kilian Fischer,0.416,Hugo Rincón,0.4136
Jayden Bogle,Lateral derecho,Jordan Teze,0.9749,Fabien Centonze,0.9178,Mats Wieffer,0.8897,Lukas Kübler,0.8758,Reece James,0.874,Daniel Muñoz,0.8523,Ridle Baku,0.8095,Guéla Doué,0.8005,João Cancelo,0.7951,James Justin,0.7869,Nahuel Molina,0.7804,Pedro Porro,0.7577,Carmona,0.7465,Silvan Widmer,0.739,Przemysław Frankowski,0.7359
Pedro Porro,Lateral derecho,Reece James,0.7838,Jayden Bogle,0.7577,Fabien Centonze,0.726,Przemysław Frankowski,0.7251,Víctor García,0.7095,Daniel Muñoz,0.7087,Fodé Doucouré,0.6867,Matty Cash,0.6819,Jordan Teze,0.6703,João Cancelo,0.6662,Marius Wolf,0.6615,Kevin,0.6493,Zachary Athekame,0.6359,Nahuel Molina,0.6253,Fallou Cham,0.6154
Andrés García,Lateral derecho,Tariq Lamptey,0.9685,Elias Baum,0.8974,Matteo Darmian,0.8858,Ilane Touré,0.8732,Mathieu Acapandié,0.8633,Iñigo Arguibide,0.8622,Emil Krafth,0.8557,Leonidas Stergiou,0.8441,Steeve Kango,0.8407,Timothy Chandler,0.8332,Adrià Altimira,0.8221,Finley Stevens,0.8101,Jusuf Gazibegović,0.8101,Cléo Melieres,0.7897,Miguel Calatayud,0.7731
Matty Cash,Lateral derecho,Zachary Athekame,0.98,Denzel Dumfries,0.9482,Víctor García,0.944,Valentin Gendrey,0.9403,Lilian Raolisoa,0.9189,Lucas Vázquez,0.8973,João Cancelo,0.8909,Michael Amir Murillo,0.8893,Mërgim Vojvoda,0.8835,Josip Juranović,0.8828,Kevin,0.8807,Reece James,0.8687,Thomas Meunier,0.8647,Josha Vagnoman,0.8646,Konrad Laimer,0.8513
Michael Kayode,Lateral derecho,Pablo Maffeo,0.8707,Trai Hume,0.8373,Mantilla,0.8302,Jeremy Toljan,0.8184,Joe Scally,0.7831,Nordi Mukiele,0.7596,Iglesias,0.7497,Koffi Kouao,0.7167,Marius Louer,0.6378,Stefano Sabelli,0.6305,Kilian Fischer,0.6298,Marco Sangalli,0.5658,Igor Carioca,0.5251,Kyle Walker-Peters,0.5132,Malo Gusto,0.5079
Nathan Patterson,Lateral derecho,Ki-Jana Hoever,0.9466,Timothy Castagne,0.9025,Sebastian Sebulonsen,0.8791,David Jiménez,0.8728,Loïc Nego,0.8376,Timothee Pembele,0.8269,Lutsharel Geertruida,0.7698,Hans Hateboer,0.7606,Pedro Lima,0.705,Bouna Sarr,0.6882,Lamine Sy,0.6558,Maxime Colin,0.6465,Fallou Cham,0.6405,Frederic Guilbert,0.6124,Lorenz Assignon,0.597
Diogo Dalot,Lateral derecho,Héctor Fort,0.9295,Jonathan Clauss,0.8856,Marius Wolf,0.8761,Manolis Saliakas,0.8626,Ridle Baku,0.86,Mërgim Vojvoda,0.857,Josip Stanišić,0.8554,Devyne Rensch,0.825,Héctor Bellerín,0.8109,Djibril Sidibé,0.7947,Josha Vagnoman,0.7911,Warren Kamanzi,0.7888,Marnon Busch,0.7868,Nahuel Molina,0.7706,Konrad Laimer,0.7701
Oliver Sonne,Lateral derecho,Nicolò Savona,0.9579,Thomas Meunier,0.9274,Denzel Dumfries,0.8987,Rafik Belghali,0.8895,Giovanni Di Lorenzo,0.8598,Javier Boñar,0.8384,Mateu Morey,0.8161,Josip Juranović,0.8092,Djibril Sidibé,0.806,Matty Cash,0.8036,Valentin Gendrey,0.8007,Lilian Raolisoa,0.7989,Fodé Doucouré,0.7964,Álvaro Odriozola,0.7893,Alessandro Zanoli,0.7714
Pedro Lima,Lateral derecho,Lamine Sy,0.913,Daniel Oyegoke,0.9056,Timothy Castagne,0.8199,Fallou Cham,0.811,Ki-Jana Hoever,0.8006,Loïc Nego,0.792,Anthony Caci,0.7678,Lorenz Assignon,0.7487,Frederic Guilbert,0.739,Bouna Sarr,0.7107,Nathan Patterson,0.705,Luck Zogbé,0.6861,Hans Hateboer,0.6778,Sebastian Sebulonsen,0.6274,Iñigo Lekue,0.6212
Hugo Rincón,Lateral derecho,Kingsley Ehizibue,0.9155,Mateu Morey,0.8298,Michael Amir Murillo,0.7894,Jurriën Timber,0.7054,Joël Veltman,0.6707,Guéla Doué,0.6642,Mantilla,0.6527,Fabien Centonze,0.6482,Valentin Gendrey,0.6041,Kenny Tete,0.5876,João Mário Lopes,0.5842,Javi Rueda,0.5769,Igor Carioca,0.5743,Denzel Dumfries,0.5688,Carmona,0.5658
Miguel Calatayud,Lateral derecho,Steeve Kango,0.9382,Ilane Touré,0.937,Emil Krafth,0.9227,Matteo Darmian,0.8816,Elias Baum,0.8759,Cléo Melieres,0.8579,Timothy Chandler,0.8419,Séamus Coleman,0.8338,Dimitri Foulquier,0.8324,Tiago Santos,0.8254,Mathieu Acapandié,0.8231,Finley Stevens,0.8189,Jusuf Gazibegović,0.8189,Leonidas Stergiou,0.7969,Kosta Nedeljković,0.7887
Jesús Areso,Lateral derecho,Romano Floriani,0.9229,Andoni Gorosabel,0.909,Nadir Zortea,0.8456,Sebastian Walukiewicz,0.8433,Nathaniel Clyne,0.8412,Elias Baum,0.827,Aaron Wan-Bissaka,0.8187,Christopher Trimmel,0.8168,Kieran Trippier,0.7861,Kenny Lala,0.7852,Hamari Traoré,0.7772,Álvaro Núñez,0.7656,Omar El Hilali,0.7644,Cléo Melieres,0.7607,Matteo Darmian,0.7469
Adrià Altimira,Lateral derecho,Christ-Owen Kouassi,0.9153,Tariq Lamptey,0.9144,Cenny Neumann,0.9139,Leonidas Stergiou,0.9064,Mathieu Acapandié,0.8912,Souleymane Touré,0.8819,Othniel Raterink,0.8819,Elseid Hysaj,0.8784,Kosta Nedeljković,0.8679,Alex Freeman,0.8669,Maxime Colin,0.8481,Matteo Darmian,0.8337,Andrés García,0.8221,Jusuf Gazibegović,0.8192,Finley Stevens,0.8192
Álvaro Núñez,Lateral derecho,Kenny Lala,0.9727,Tino Livramento,0.9217,Gabriele Zappa,0.8923,Nathaniel Clyne,0.8437,Nadir Zortea,0.84,Sael Kumbedi,0.8156,Jackson Tchatchoua,0.7862,Kieran Trippier,0.7767,Jesús Areso,0.7656,Omar Traoré,0.7648,Dani Carvajal,0.7528,Kelvin Amian,0.7465,Romano Floriani,0.7384,Trent Alexander-Arnold,0.7347,Adam Smith,0.727
Nahuel Molina,Lateral derecho,Daniel Muñoz,0.9616,Konrad Laimer,0.9438,João Cancelo,0.9384,Fodé Doucouré,0.9369,Przemysław Frankowski,0.936,Djibril Sidibé,0.9319,Ridle Baku,0.9266,Reece James,0.9217,Manolis Saliakas,0.919,Marius Wolf,0.9164,Lilian Raolisoa,0.9096,Lukas Kübler,0.9032,Silvan Widmer,0.9029,Jonathan Clauss,0.8661,Guéla Doué,0.8651
Javi Rueda,Lateral derecho,Jurriën Timber,0.9509,Guéla Doué,0.9072,Konrad Laimer,0.8874,Michael Amir Murillo,0.8865,Jules Koundé,0.8815,Valentin Gendrey,0.8803,Lucas Vázquez,0.8801,Mats Wieffer,0.878,Arnau Martinez,0.8706,Reece James,0.8205,Devyne Rensch,0.819,Zachary Athekame,0.8182,João Cancelo,0.8065,Warren Kamanzi,0.7943,Lukas Kübler,0.7791
Andoni Gorosabel,Lateral derecho,Jesús Areso,0.909,Omar El Hilali,0.8868,Hamari Traoré,0.8763,Aaron Wan-Bissaka,0.8238,Romano Floriani,0.8057,Danilo Veiga,0.7858,Sebastian Walukiewicz,0.7792,Nathaniel Clyne,0.7617,Carlens Arcus,0.7559,Anthony Caci,0.7225,Nadir Zortea,0.7215,Iván Balliu,0.7195,Kyle Walker,0.7177,Ignace Van Der Brempt,0.7168,Ola Aina,0.703
Thierry Correia,Lateral derecho,Ismael Bekhoucha,0.9461,Conor Bradley,0.94,Rubén,0.8595,Carlens Arcus,0.7931,Vanderson,0.784,Ignace Van Der Brempt,0.7582,Tommaso Barbieri,0.7423,Hamari Traoré,0.7123,Rico Lewis,0.7039,Omar El Hilali,0.6852,Danilo Veiga,0.6817,Omar Traoré,0.656,Sael Kumbedi,0.6548,Ivan Smolčić,0.6509,Andoni Gorosabel,0.6059
Dimitri Foulquier,Lateral derecho,Leonidas Stergiou,0.9383,Matteo Darmian,0.9079,Elseid Hysaj,0.9025,Ali Dembélé,0.9005,Christ-Owen Kouassi,0.896,Kosta Nedeljković,0.8917,Souleymane Touré,0.881,Othniel Raterink,0.881,Mathieu Acapandié,0.8792,Woyo Coulibaly,0.8747,Emil Krafth,0.8636,Alessandro Di Pardo,0.8633,Aaron Hickey,0.8485,Kelvin Amian,0.8397,Miguel Calatayud,0.8324
Iván Balliu,Lateral derecho,Buba Sangaré,0.9523,Noussair Mazraoui,0.9491,Rafik Messali,0.9472,Renzo Saravia,0.9066,Matt Doherty,0.9066,Lorenzo De Silvestri,0.9029,Woyo Coulibaly,0.8851,Aurélio Buta,0.8839,Danilo Veiga,0.8722,Jonny Castro,0.8641,Ola Aina,0.8628,Omar El Hilali,0.8508,Sacha Boey,0.8419,Ivan Smolčić,0.8073,Nacho Vidal,0.7956
Xavi Espart,Lateral derecho,Aaron Hickey,0.9447,Arkadiusz Pyrka,0.9169,Alessandro Di Pardo,0.8903,Nacho Pérez,0.873,Nacho Vidal,0.8491,Woyo Coulibaly,0.8447,Jonny Castro,0.8441,Elseid Hysaj,0.8384,Manuel Lazzari,0.8379,Ola Aina,0.8338,Christ-Owen Kouassi,0.8153,Kelvin Amian,0.8106,Dimitri Foulquier,0.8093,Álex Jiménez,0.8081,Noussair Mazraoui,0.8046
Buba Sangaré,Lateral derecho,Iván Balliu,0.9523,Aurélio Buta,0.9304,Rafik Messali,0.9275,Danilo Veiga,0.9184,Noussair Mazraoui,0.866,Omar El Hilali,0.8631,Matt Doherty,0.8583,Renzo Saravia,0.8267,Lorenzo De Silvestri,0.814,Ángel Ortíz,0.8034,Hamari Traoré,0.8021,Ivan Smolčić,0.7949,Sacha Boey,0.7924,Luck Zogbé,0.7837,Ignace Van Der Brempt,0.7668
Allan Nyom,Lateral derecho,Giorgi Gocholeishvili,0.9469,Juanlu Sánchez,0.9079,Marcos Llorente,0.7808,Sascha Britschgi,0.7707,Clément Michelin,0.6952,Emil Holm,0.6277,Santiago Mouriño,0.5531,Ainsley Maitland-Niles,0.5466,Yukinari Sugawara,0.5403,Ruben Aguilar,0.5258,Rubén,0.5235,Valentin Rosier,0.5181,Thierry Correia,0.5137,Julian Ryerson,0.5048,Ismael Bekhoucha,0.5007
Iñigo Arguibide,Lateral derecho,Iñigo Lekue,0.8706,Andrés García,0.8622,Tariq Lamptey,0.8281,Leonidas Stergiou,0.79,Emil Krafth,0.7887,Matteo Darmian,0.7769,Elias Baum,0.7768,Ilane Touré,0.7675,Mathieu Acapandié,0.7519,Adrià Altimira,0.7488,Cléo Melieres,0.7404,Steeve Kango,0.7246,Timothy Chandler,0.7081,Ángel Ortíz,0.7044,Miguel Calatayud,0.703
Ángel Ortíz,Lateral derecho,Aurélio Buta,0.9265,Luck Zogbé,0.9176,Pol Lirola,0.8808,Steeve Kango,0.8659,Cléo Melieres,0.8534,Matt Doherty,0.8491,Matteo Darmian,0.8433,Elias Baum,0.8371,Tiago Santos,0.8173,Danilo Veiga,0.816,Buba Sangaré,0.8034,Leonidas Stergiou,0.7994,Anthony Caci,0.7958,Noussair Mazraoui,0.7925,Woyo Coulibaly,0.7808
Nacho Pérez,Lateral derecho,Kyle Walker,0.9344,Lorenzo De Silvestri,0.9159,Noussair Mazraoui,0.8814,Sebastian Walukiewicz,0.8798,Alex Freeman,0.8777,Xavi Espart,0.873,Elseid Hysaj,0.8684,Cenny Neumann,0.867,Christ-Owen Kouassi,0.8624,Renzo Saravia,0.8592,Matt Doherty,0.8432,Jonny Castro,0.8323,Woyo Coulibaly,0.8305,Rafik Messali,0.7987,Ola Aina,0.7986
Iñigo Lekue,Lateral derecho,Iñigo Arguibide,0.8706,Hans Hateboer,0.8102,Lorenz Assignon,0.7861,Anthony Caci,0.6738,Daniel Oyegoke,0.6516,Andrés García,0.6401,Pedro Lima,0.6212,Ángel Ortíz,0.5901,Tariq Lamptey,0.551,Cléo Melieres,0.5445,Elias Baum,0.5386,Luck Zogbé,0.537,Marcos Llorente,0.5339,Aurélio Buta,0.5299,Miguel Calatayud,0.5287
Renzo Saravia,Lateral derecho,Noussair Mazraoui,0.949,Rafik Messali,0.9482,Iván Balliu,0.9066,Sacha Boey,0.8906,Lorenzo De Silvestri,0.8598,Nacho Pérez,0.8592,Woyo Coulibaly,0.8585,Jonny Castro,0.8566,Matt Doherty,0.8506,Buba Sangaré,0.8267,Ignace Van Der Brempt,0.7988,Ola Aina,0.7968,Xavi Espart,0.7951,Ivan Smolčić,0.791,Kyle Walker,0.7887
Alex Freeman,Lateral derecho,Maxime Colin,0.9434,Cenny Neumann,0.9388,Jonny Castro,0.9139,Christ-Owen Kouassi,0.9136,Ola Aina,0.8863,Nacho Pérez,0.8777,Adrià Altimira,0.8669,Lutsharel Geertruida,0.8653,Leonidas Stergiou,0.83,Elseid Hysaj,0.8236,Nacho Vidal,0.8208,Woyo Coulibaly,0.8148,Noussair Mazraoui,0.812,Iván Balliu,0.793,Sebastian Walukiewicz,0.7873
Javier Boñar,Lateral derecho,Álvaro Odriozola,0.974,Nicolò Savona,0.9167,Héctor Bellerín,0.885,Sergio Carreira,0.8528,Warren Kamanzi,0.8497,João Mário Lopes,0.8444,Giovanni Di Lorenzo,0.8424,Oliver Sonne,0.8384,Josip Stanišić,0.8372,Benjamin Henrichs,0.8143,Enrico Delprato,0.8061,Abdoul Ouattara,0.8033,Rafik Belghali,0.7854,Philipp Treu,0.7637,Denzel Dumfries,0.7605
Héctor Fort,Lateral derecho,Mërgim Vojvoda,0.9394,Warren Kamanzi,0.9355,Josip Stanišić,0.9322,Diogo Dalot,0.9295,Héctor Bellerín,0.9148,Djibril Sidibé,0.9097,Silvan Widmer,0.8925,Josha Vagnoman,0.8917,Marius Wolf,0.888,Konrad Laimer,0.8851,Ridle Baku,0.8819,Devyne Rensch,0.8659,João Cancelo,0.8597,Thomas Meunier,0.8542,Nahuel Molina,0.84
Álvaro Odriozola,Lateral derecho,Javier Boñar,0.974,João Mário Lopes,0.9179,Sergio Carreira,0.9114,Warren Kamanzi,0.8836,Philipp Treu,0.8724,Giovanni Di Lorenzo,0.8704,Nicolò Savona,0.8504,Héctor Bellerín,0.8434,Abdoul Ouattara,0.8133,Josip Stanišić,0.8039,Denzel Dumfries,0.7976,Oliver Sonne,0.7893,Rafik Belghali,0.7672,Joshua Acheampong,0.7642,Enrico Delprato,0.7609
Trent Alexander-Arnold,Lateral derecho,Julian Ryerson,0.971,Sael Kumbedi,0.8301,Gabriele Zappa,0.7655,Christopher Trimmel,0.7626,Álvaro Núñez,0.7347,Omar Traoré,0.7308,William Mikelbrencis,0.7108,Nadir Zortea,0.696,Vladimír Coufal,0.6911,Rubén,0.6689,Pasquale Mazzocchi,0.6267,Nathaniel Clyne,0.6252,Kenny Lala,0.6244,Ben White,0.5988,Vanderson,0.588
Ismael Bekhoucha,Lateral derecho,Thierry Correia,0.9461,Conor Bradley,0.9105,Vanderson,0.841,Carlens Arcus,0.8019,Ignace Van Der Brempt,0.7436,Rico Lewis,0.7315,Rubén,0.7084,Carmona,0.7078,Hamari Traoré,0.6738,Tommaso Barbieri,0.6482,Adam Smith,0.6381,Omar El Hilali,0.6324,Sael Kumbedi,0.6308,Julian Ryerson,0.6056,Christopher Trimmel,0.5742
Mateu Morey,Lateral derecho,Kingsley Ehizibue,0.8828,Valentin Gendrey,0.8403,Jurriën Timber,0.8378,Michael Amir Murillo,0.8349,Hugo Rincón,0.8298,Denzel Dumfries,0.8213,Giovanni Di Lorenzo,0.8204,Fabien Centonze,0.8197,Nicolò Savona,0.8165,Oliver Sonne,0.8161,João Mário Lopes,0.812,Rafik Belghali,0.7935,Benjamin Henrichs,0.7612,Kyle Walker-Peters,0.7568,Guéla Doué,0.7524
David Jiménez,Lateral derecho,Sebastian Sebulonsen,0.8876,Nathan Patterson,0.8728,Ki-Jana Hoever,0.8038,Hans Hateboer,0.6893,Jan Bürger,0.682,Timothy Castagne,0.6691,Timothee Pembele,0.6391,Loïc Nego,0.6259,Jackson Tchatchoua,0.6193,Pedro Lima,0.607,Ali Dembélé,0.5988,Lutsharel Geertruida,0.567,Timothy Chandler,0.5428,Bouna Sarr,0.5368,Miguel Calatayud,0.5251
Dani Carvajal,Lateral derecho,Kelvin Amian,0.9184,Elseid Hysaj,0.9128,Arkadiusz Pyrka,0.9083,Souleymane Touré,0.8918,Othniel Raterink,0.8918,Ali Dembélé,0.89,Tino Livramento,0.888,Kosta Nedeljković,0.8565,Kenny Lala,0.8272,Jackson Tchatchoua,0.8051,Finley Stevens,0.7952,Jusuf Gazibegović,0.7952,Xavi Espart,0.7882,Mathieu Acapandié,0.7824,Christ-Owen Kouassi,0.7603
João Cancelo,Lateral derecho,Daniel Muñoz,0.9724,Reece James,0.949,Ridle Baku,0.9487,Nahuel Molina,0.9384,Konrad Laimer,0.9317,Marius Wolf,0.9256,Víctor García,0.9143,Lukas Kübler,0.9118,Silvan Widmer,0.8938,Matty Cash,0.8909,Manolis Saliakas,0.8906,Fodé Doucouré,0.889,Przemysław Frankowski,0.8799,Valentin Gendrey,0.8753,Lilian Raolisoa,0.8679
Lucas Ahijado,Lateral derecho,Lamine Sy,0.7236,Andrei Ratiu,0.704,Hamari Traoré,0.6918,Loïc Nego,0.6871,Andoni Gorosabel,0.6578,Omar El Hilali,0.6562,Timothy Castagne,0.6407,Ivan Smolčić,0.6268,Ki-Jana Hoever,0.5979,Ben White,0.5723,Maxime Colin,0.5617,Aaron Wan-Bissaka,0.5244,Pedro Lima,0.5229,Daniel Oyegoke,0.5217,Frederic Guilbert,0.5193
Víctor García,Lateral derecho,Matty Cash,0.944,Mërgim Vojvoda,0.9325,Fodé Doucouré,0.9255,Kevin,0.9224,Marius Wolf,0.9207,João Cancelo,0.9143,Josha Vagnoman,0.9043,Denzel Dumfries,0.8797,Zachary Athekame,0.8792,Daniel Muñoz,0.8759,Lilian Raolisoa,0.8644,Rafik Belghali,0.8618,Valentin Gendrey,0.8446,Nahuel Molina,0.8407,Reece James,0.8375
Rubén,Lateral derecho,Thierry Correia,0.8595,Omar Traoré,0.8496,Andrei Ratiu,0.7614,Tommaso Barbieri,0.7472,Conor Bradley,0.7271,Nadir Zortea,0.7178,Ismael Bekhoucha,0.7084,Jeremie Frimpong,0.6878,Julian Ryerson,0.6869,Trent Alexander-Arnold,0.6689,William Mikelbrencis,0.6023,Sael Kumbedi,0.5888,Clément Michelin,0.5857,Danilo Veiga,0.5462,Pascal Stenzel,0.5404
Nahuel Tenaglia,Lateral derecho,Joshua Acheampong,0.8963,Kyle Walker-Peters,0.8642,Abdoul Ouattara,0.8357,Igor Carioca,0.7909,Sergio Carreira,0.7647,Enrico Delprato,0.7643,James Justin,0.7622,João Mário Lopes,0.7448,Benjamin Henrichs,0.7408,Joël Veltman,0.7228,Kenny Tete,0.6923,Kiko Femenía,0.6858,Marvin Senaya,0.6835,Silvan Widmer,0.5587,Mateu Morey,0.5562
Santiago Mouriño,Lateral derecho,Valentin Rosier,0.9418,Ainsley Maitland-Niles,0.8677,Emil Holm,0.85,Rasmus Kristensen,0.8444,Ruben Aguilar,0.8247,Wesley,0.7695,Brooke Norton-Cuffy,0.7366,Juanlu Sánchez,0.7108,Giorgi Gocholeishvili,0.6964,Marcos Llorente,0.6704,Malo Gusto,0.637,Sascha Britschgi,0.6077,Allan Nyom,0.5531,Saud Abdulhamid,0.5299,Zeki Çelik,0.4737
Jeremy Toljan,Lateral derecho,Pablo Maffeo,0.9673,Nordi Mukiele,0.8615,Michael Kayode,0.8184,Mantilla,0.7819,Trai Hume,0.7275,Joe Scally,0.7088,Iglesias,0.6549,Koffi Kouao,0.5892,Matheus Nunes,0.565,Marius Louer,0.5526,Malo Gusto,0.5403,Marco Sangalli,0.54,Kilian Fischer,0.4924,Alessandro Zanoli,0.4901,Stefano Sabelli,0.4304
Iglesias,Lateral derecho,Trai Hume,0.917,Koffi Kouao,0.8478,Nordi Mukiele,0.7724,Pablo Maffeo,0.7653,Michael Kayode,0.7497,Mantilla,0.7364,Joe Scally,0.7291,Stefano Sabelli,0.6682,Jeremy Toljan,0.6549,Marius Louer,0.6102,Kilian Fischer,0.5328,Marco Sangalli,0.4975,Hugo Rincón,0.4841,Malo Gusto,0.3567,Pedro Porro,0.3185
Óscar Mingueza,Lateral derecho,Josip Juranović,0.9066,Josha Vagnoman,0.9048,Lucas Vázquez,0.8853,Mërgim Vojvoda,0.8809,Vladimír Coufal,0.8439,Denzel Dumfries,0.833,Marco Palestra,0.8187,Zachary Athekame,0.8157,Héctor Fort,0.7941,Valentin Gendrey,0.7934,Matty Cash,0.7905,Achraf Hakimi,0.776,Warren Kamanzi,0.7751,Kevin,0.753,Víctor García,0.7409
Jon Aramburu,Lateral derecho,Marvin Senaya,0.9228,Kenny Tete,0.9175,Joël Veltman,0.7027,Carmona,0.7005,Ivan Smolčić,0.6641,Jordan Teze,0.6362,Jayden Bogle,0.6236,Frederic Guilbert,0.6036,Buba Sangaré,0.5927,Fabien Centonze,0.5681,Kingsley Ehizibue,0.5616,Mats Wieffer,0.5519,Fallou Cham,0.5262,Hugo Rincón,0.5026,Iván Balliu,0.4938
Omar El Hilali,Lateral derecho,Hamari Traoré,0.9819,Carlens Arcus,0.9077,Andoni Gorosabel,0.8868,Buba Sangaré,0.8631,Iván Balliu,0.8508,Aaron Wan-Bissaka,0.8427,Ignace Van Der Brempt,0.8388,Danilo Veiga,0.8166,Rafik Messali,0.7822,Kyle Walker,0.7791,Conor Bradley,0.7787,Jesús Areso,0.7644,Lorenzo De Silvestri,0.7522,Vanderson,0.7519,Noussair Mazraoui,0.7352
Andrei Ratiu,Lateral derecho,William Mikelbrencis,0.8263,Ben White,0.799,Rubén,0.7614,Clément Michelin,0.711,Lucas Ahijado,0.704,Pasquale Mazzocchi,0.6215,Thierry Correia,0.587,Jonathan Clauss,0.5596,Trent Alexander-Arnold,0.5547,Yukinari Sugawara,0.5537,Omar Traoré,0.5501,Jeremie Frimpong,0.5447,Fallou Cham,0.5361,Manolis Saliakas,0.5341,Sael Kumbedi,0.5001
Marcos Llorente,Lateral derecho,Juanlu Sánchez,0.9222,Giorgi Gocholeishvili,0.9187,Ainsley Maitland-Niles,0.8339,Sascha Britschgi,0.7963,Allan Nyom,0.7808,Valentin Rosier,0.7701,Ruben Aguilar,0.7454,Zeki Çelik,0.7317,Clément Michelin,0.7197,Brooke Norton-Cuffy,0.7018,Rasmus Kristensen,0.6866,Santiago Mouriño,0.6704,Emil Holm,0.6446,Yukinari Sugawara,0.6414,Pasquale Mazzocchi,0.607
Nacho Vidal,Lateral derecho,Ola Aina,0.9741,Jonny Castro,0.9538,Aaron Hickey,0.9337,Woyo Coulibaly,0.9212,Alessandro Di Pardo,0.8758,Lutsharel Geertruida,0.8534,Xavi Espart,0.8491,Noussair Mazraoui,0.8417,Alex Freeman,0.8208,Manuel Lazzari,0.8208,Loïc Nego,0.819,Sacha Boey,0.8081,Frederic Guilbert,0.8041,Timothy Castagne,0.797,Iván Balliu,0.7956
Kiko Femenía,Lateral derecho,Arnau Martinez,0.8576,Benjamin Henrichs,0.8425,Lukas Kübler,0.8405,Silvan Widmer,0.8307,Joshua Acheampong,0.818,Jordan Teze,0.7598,Joël Veltman,0.756,Ridle Baku,0.7557,James Justin,0.7348,Mats Wieffer,0.7329,Jules Koundé,0.7129,Josip Stanišić,0.6988,Jayden Bogle,0.6922,Devyne Rensch,0.6908,Marnon Busch,0.6875
Juanlu Sánchez,Lateral derecho,Giorgi Gocholeishvili,0.9647,Marcos Llorente,0.9222,Allan Nyom,0.9079,Sascha Britschgi,0.8736,Valentin Rosier,0.7205,Ainsley Maitland-Niles,0.7123,Santiago Mouriño,0.7108,Emil Holm,0.6586,Ruben Aguilar,0.6346,Clément Michelin,0.6306,Brooke Norton-Cuffy,0.5953,Malo Gusto,0.545,Rasmus Kristensen,0.5425,Wesley,0.5106,Iñigo Lekue,0.5076
Jonny Castro,Lateral derecho,Nacho Vidal,0.9538,Ola Aina,0.9514,Woyo Coulibaly,0.9183,Alex Freeman,0.9139,Noussair Mazraoui,0.8826,Aaron Hickey,0.8807,Maxime Colin,0.8643,Iván Balliu,0.8641,Renzo Saravia,0.8566,Lutsharel Geertruida,0.8559,Xavi Espart,0.8441,Nacho Pérez,0.8323,Christ-Owen Kouassi,0.8137,Cenny Neumann,0.8072,Alessandro Di Pardo,0.7886
Jules Koundé,Lateral derecho,Arnau Martinez,0.935,Devyne Rensch,0.9198,Javi Rueda,0.8815,Matheus Nunes,0.8239,Warren Kamanzi,0.8095,Jurriën Timber,0.7757,Mats Wieffer,0.7726,Lukas Kübler,0.7532,Konrad Laimer,0.7506,Ridle Baku,0.7492,Marnon Busch,0.7472,Joshua Acheampong,0.7249,Silvan Widmer,0.716,Guéla Doué,0.7147,Kiko Femenía,0.7129
Valentin Rosier,Lateral derecho,Santiago Mouriño,0.9418,Ainsley Maitland-Niles,0.9411,Rasmus Kristensen,0.8789,Brooke Norton-Cuffy,0.8272,Ruben Aguilar,0.8229,Marcos Llorente,0.7701,Emil Holm,0.7607,Wesley,0.758,Juanlu Sánchez,0.7205,Giorgi Gocholeishvili,0.7137,Sascha Britschgi,0.7116,Malo Gusto,0.6463,Zeki Çelik,0.6327,Jake O'Brien,0.5306,Allan Nyom,0.5181
Arnau Martinez,Lateral derecho,Jules Koundé,0.935,Devyne Rensch,0.9038,Mats Wieffer,0.889,Lukas Kübler,0.885,Javi Rueda,0.8706,Silvan Widmer,0.8683,Kiko Femenía,0.8576,Ridle Baku,0.851,Guéla Doué,0.8398,Warren Kamanzi,0.8393,Jurriën Timber,0.8299,Matheus Nunes,0.8292,Konrad Laimer,0.8263,James Justin,0.821,Joshua Acheampong,0.8065
Carmona,Lateral derecho,Mats Wieffer,0.8267,Javi Rueda,0.7569,Jordan Teze,0.7556,Jayden Bogle,0.7465,Joël Veltman,0.7132,Ismael Bekhoucha,0.7078,Jon Aramburu,0.7005,Guéla Doué,0.6909,Arnau Martinez,0.6745,Fabien Centonze,0.6688,Jules Koundé,0.6493,Michael Amir Murillo,0.6294,Jurriën Timber,0.6252,Reece James,0.613,Marvin Senaya,0.5989
Pablo Maffeo,Lateral derecho,Jeremy Toljan,0.9673,Michael Kayode,0.8707,Nordi Mukiele,0.8516,Mantilla,0.8074,Trai Hume,0.7658,Iglesias,0.7653,Joe Scally,0.7019,Marius Louer,0.6403,Koffi Kouao,0.6383,Kilian Fischer,0.5691,Stefano Sabelli,0.5057,Marco Sangalli,0.4989,Malo Gusto,0.4929,Hugo Rincón,0.4915,Kingsley Ehizibue,0.4088
Sergio Carreira,Lateral derecho,João Mário Lopes,0.9332,Álvaro Odriozola,0.9114,Abdoul Ouattara,0.911,Philipp Treu,0.904,Enrico Delprato,0.8628,Joshua Acheampong,0.8581,Javier Boñar,0.8528,Warren Kamanzi,0.7903,Giovanni Di Lorenzo,0.7734,Nahuel Tenaglia,0.7647,Kyle Walker-Peters,0.7552,Igor Carioca,0.745,Héctor Bellerín,0.7151,Josip Stanišić,0.7082,Benjamin Henrichs,0.703
Héctor Bellerín,Lateral derecho,Josip Stanišić,0.9873,Héctor Fort,0.9148,Warren Kamanzi,0.912,Djibril Sidibé,0.9033,Javier Boñar,0.885,Álvaro Odriozola,0.8434,Silvan Widmer,0.8402,Matheus Nunes,0.8375,Devyne Rensch,0.8366,Nicolò Savona,0.8282,Alessandro Zanoli,0.8278,Thomas Meunier,0.8272,Diogo Dalot,0.8109,Josip Juranović,0.7919,Benjamin Henrichs,0.7918
Zachary Athekame,Lateral derecho,Matty Cash,0.98,Lucas Vázquez,0.9506,Valentin Gendrey,0.9371,Michael Amir Murillo,0.9278,Denzel Dumfries,0.9222,Lilian Raolisoa,0.907,Josip Juranović,0.8902,Víctor García,0.8792,Jurriën Timber,0.8775,João Cancelo,0.8656,Reece James,0.8655,Konrad Laimer,0.8528,Przemysław Frankowski,0.8518,Josha Vagnoman,0.8332,Kevin,0.8307
Enrico Delprato,Lateral derecho,Abdoul Ouattara,0.9359,Sergio Carreira,0.8628,Javier Boñar,0.8061,Joshua Acheampong,0.789,Benjamin Henrichs,0.7781,Adam Marušić,0.7733,Nahuel Tenaglia,0.7643,Álvaro Odriozola,0.7609,Kyle Walker-Peters,0.7282,João Mário Lopes,0.707,Héctor Bellerín,0.7037,Jake O'Brien,0.6985,Josip Stanišić,0.6972,Giovanni Di Lorenzo,0.6737,Igor Carioca,0.6698
Giovanni Di Lorenzo,Lateral derecho,Rafik Belghali,0.9369,Álvaro Odriozola,0.8704,Oliver Sonne,0.8598,Denzel Dumfries,0.8566,Javier Boñar,0.8424,Abdoul Ouattara,0.8322,Nicolò Savona,0.8294,João Mário Lopes,0.8232,Mateu Morey,0.8204,Philipp Treu,0.812,Valentin Gendrey,0.775,Sergio Carreira,0.7734,Mërgim Vojvoda,0.7632,Kevin,0.7593,Josha Vagnoman,0.7588
João Mário Lopes,Lateral derecho,Sergio Carreira,0.9332,Álvaro Odriozola,0.9179,Philipp Treu,0.851,Javier Boñar,0.8444,Joshua Acheampong,0.8385,Igor Carioca,0.8364,Kyle Walker-Peters,0.8353,Giovanni Di Lorenzo,0.8232,Abdoul Ouattara,0.8202,Mateu Morey,0.812,Warren Kamanzi,0.7904,Nahuel Tenaglia,0.7448,Benjamin Henrichs,0.7182,Enrico Delprato,0.707,Nicolò Savona,0.7036
Tariq Lamptey,Lateral derecho,Andrés García,0.9685,Adrià Altimira,0.9144,Mathieu Acapandié,0.9125,Matteo Darmian,0.8857,Timothy Chandler,0.8774,Jusuf Gazibegović,0.8737,Finley Stevens,0.8737,Leonidas Stergiou,0.8591,Kosta Nedeljković,0.8506,Emil Krafth,0.8309,Iñigo Arguibide,0.8281,Elias Baum,0.8274,Ilane Touré,0.8013,Steeve Kango,0.794,Christ-Owen Kouassi,0.7822
Danilo Veiga,Lateral derecho,Buba Sangaré,0.9184,Aurélio Buta,0.8955,Iván Balliu,0.8722,Luck Zogbé,0.8654,Rafik Messali,0.8465,Ivan Smolčić,0.8452,Tommaso Barbieri,0.8333,Conor Bradley,0.8218,Noussair Mazraoui,0.8214,Omar El Hilali,0.8166,Ángel Ortíz,0.816,Anthony Caci,0.8129,Sacha Boey,0.8047,Daniel Oyegoke,0.8038,Pol Lirola,0.7936
Ali Dembélé,Lateral derecho,Othniel Raterink,0.9424,Souleymane Touré,0.9424,Kosta Nedeljković,0.9343,Elseid Hysaj,0.9102,Dimitri Foulquier,0.9005,Finley Stevens,0.8951,Jusuf Gazibegović,0.8951,Dani Carvajal,0.89,Kelvin Amian,0.8851,Mathieu Acapandié,0.8728,Arkadiusz Pyrka,0.8637,Timothy Chandler,0.8521,Séamus Coleman,0.8221,Alessandro Di Pardo,0.8156,Christ-Owen Kouassi,0.7977
Marcus Pedersen,Lateral derecho,Thomas Meunier,0.7951,Alessandro Zanoli,0.7846,Josip Juranović,0.7698,Oliver Sonne,0.7665,Lilian Raolisoa,0.7602,Denzel Dumfries,0.6683,Djibril Sidibé,0.6582,Matty Cash,0.6549,Mërgim Vojvoda,0.6508,Nicolò Savona,0.6451,Fodé Doucouré,0.6418,Óscar Mingueza,0.6238,Przemysław Frankowski,0.6076,Zachary Athekame,0.6069,Lucas Vázquez,0.6057
Elseid Hysaj,Lateral derecho,Souleymane Touré,0.9653,Othniel Raterink,0.9653,Kosta Nedeljković,0.92,Dani Carvajal,0.9128,Christ-Owen Kouassi,0.9121,Ali Dembélé,0.9102,Dimitri Foulquier,0.9025,Mathieu Acapandié,0.8828,Adrià Altimira,0.8784,Nacho Pérez,0.8684,Leonidas Stergiou,0.8648,Cenny Neumann,0.8456,Arkadiusz Pyrka,0.8455,Kelvin Amian,0.8435,Sebastian Walukiewicz,0.8407
Stefano Sabelli,Lateral derecho,Marius Louer,0.8562,Kilian Fischer,0.8188,Iglesias,0.6682,Alessandro Di Pardo,0.6655,Michael Kayode,0.6305,Séamus Coleman,0.6138,Christ-Owen Kouassi,0.6083,Trai Hume,0.5933,Steeve Kango,0.5782,Ángel Ortíz,0.568,Álex Jiménez,0.5478,Matteo Darmian,0.5087,Pablo Maffeo,0.5057,Tiago Santos,0.5022,Manuel Lazzari,0.5016
Manuel Lazzari,Lateral derecho,Aaron Hickey,0.9433,Alessandro Di Pardo,0.9358,Xavi Espart,0.8379,Arkadiusz Pyrka,0.8344,Nacho Vidal,0.8208,Jan Bürger,0.8143,Woyo Coulibaly,0.8133,Dimitri Foulquier,0.7903,Sacha Boey,0.7587,Álex Jiménez,0.7567,Kelvin Amian,0.7438,Tiago Santos,0.7265,Ola Aina,0.7264,Ali Dembélé,0.7153,Séamus Coleman,0.7071
Ignace Van Der Brempt,Lateral derecho,Carlens Arcus,0.9137,Conor Bradley,0.9024,Adam Smith,0.8858,Rafik Messali,0.8482,Omar El Hilali,0.8388,Rico Lewis,0.837,Kyle Walker,0.807,Renzo Saravia,0.7988,Danilo Veiga,0.7917,Hamari Traoré,0.7737,Lorenzo De Silvestri,0.7726,Matt Doherty,0.7711,Aaron Wan-Bissaka,0.7704,Noussair Mazraoui,0.767,Buba Sangaré,0.7668
Brooke Norton-Cuffy,Lateral derecho,Wesley,0.8739,Ainsley Maitland-Niles,0.8714,Rasmus Kristensen,0.8664,Ruben Aguilar,0.8615,Zeki Çelik,0.8585,Valentin Rosier,0.8272,Emil Holm,0.7877,Malo Gusto,0.753,Santiago Mouriño,0.7366,Jake O'Brien,0.7054,Marcos Llorente,0.7018,Sascha Britschgi,0.6766,Saud Abdulhamid,0.672,Giorgi Gocholeishvili,0.6036,Juanlu Sánchez,0.5953
Álex Jiménez,Lateral derecho,Séamus Coleman,0.8827,Kelvin Amian,0.8645,Arkadiusz Pyrka,0.8556,Xavi Espart,0.8081,Dimitri Foulquier,0.8027,Pol Lirola,0.8005,Alessandro Di Pardo,0.7849,Matt Doherty,0.764,Elseid Hysaj,0.758,Nacho Pérez,0.7573,Tino Livramento,0.7567,Manuel Lazzari,0.7567,Aaron Hickey,0.7452,Woyo Coulibaly,0.7445,Noussair Mazraoui,0.7434
Wesley,Lateral derecho,Rasmus Kristensen,0.9304,Brooke Norton-Cuffy,0.8739,Ruben Aguilar,0.8722,Emil Holm,0.8487,Ainsley Maitland-Niles,0.8014,Santiago Mouriño,0.7695,Valentin Rosier,0.758,Saud Abdulhamid,0.75,Malo Gusto,0.6946,Zeki Çelik,0.694,Achraf Hakimi,0.6617,Marco Sangalli,0.6266,Giorgi Gocholeishvili,0.6012,Marcos Llorente,0.5923,Mateu Morey,0.586
Zeki Çelik,Lateral derecho,Brooke Norton-Cuffy,0.8585,Ruben Aguilar,0.7877,Ainsley Maitland-Niles,0.7779,Rasmus Kristensen,0.7719,Marcos Llorente,0.7317,Wesley,0.694,Jake O'Brien,0.6474,Valentin Rosier,0.6327,Saud Abdulhamid,0.6257,Emil Holm,0.5817,Malo Gusto,0.5733,Achraf Hakimi,0.5517,Yukinari Sugawara,0.538,Fodé Doucouré,0.5238,Pasquale Mazzocchi,0.5237
Lorenzo De Silvestri,Lateral derecho,Matt Doherty,0.9782,Noussair Mazraoui,0.9301,Rafik Messali,0.9219,Nacho Pérez,0.9159,Iván Balliu,0.9029,Sebastian Walukiewicz,0.8877,Woyo Coulibaly,0.8693,Renzo Saravia,0.8598,Kyle Walker,0.8592,Cenny Neumann,0.8511,Pol Lirola,0.8418,Leonidas Stergiou,0.8325,Buba Sangaré,0.814,Aurélio Buta,0.8132,Sacha Boey,0.7978
Pasquale Mazzocchi,Lateral derecho,Yukinari Sugawara,0.9503,William Mikelbrencis,0.7845,Ben White,0.7108,Clément Michelin,0.6638,Trent Alexander-Arnold,0.6267,Andrei Ratiu,0.6215,Marcos Llorente,0.607,Diogo Dalot,0.6031,Achraf Hakimi,0.5917,Gabriele Zappa,0.5833,Jonathan Clauss,0.549,Zeki Çelik,0.5237,Manolis Saliakas,0.5205,Julian Ryerson,0.493,Jackson Tchatchoua,0.491
Adam Marušić,Lateral derecho,Jake O'Brien,0.9366,Enrico Delprato,0.7733,Abdoul Ouattara,0.6816,Sergio Carreira,0.6711,Javier Boñar,0.6026,Héctor Bellerín,0.5906,Álvaro Odriozola,0.5838,Josip Stanišić,0.5641,Brooke Norton-Cuffy,0.556,Achraf Hakimi,0.5538,Joshua Acheampong,0.5492,Philipp Treu,0.5356,Ainsley Maitland-Niles,0.523,Héctor Fort,0.502,Valentin Rosier,0.4926
Fallou Cham,Lateral derecho,Bouna Sarr,0.9168,Frederic Guilbert,0.8803,Pedro Lima,0.811,Lamine Sy,0.7943,Pascal Stenzel,0.7759,Daniel Oyegoke,0.7678,Timothy Castagne,0.7557,Timothee Pembele,0.7438,Lorenz Assignon,0.7424,Nathan Patterson,0.6405,Ki-Jana Hoever,0.6304,Loïc Nego,0.6205,Pedro Porro,0.6154,Ivan Smolčić,0.6049,Marvin Senaya,0.5894
Emil Holm,Lateral derecho,Ruben Aguilar,0.9409,Saud Abdulhamid,0.8621,Santiago Mouriño,0.85,Wesley,0.8487,Ainsley Maitland-Niles,0.843,Rasmus Kristensen,0.7943,Brooke Norton-Cuffy,0.7877,Valentin Rosier,0.7607,Malo Gusto,0.711,Giorgi Gocholeishvili,0.6979,Juanlu Sánchez,0.6586,Marcos Llorente,0.6446,Allan Nyom,0.6277,Michael Amir Murillo,0.6098,Marco Sangalli,0.6092
Christ-Owen Kouassi,Lateral derecho,Leonidas Stergiou,0.9336,Adrià Altimira,0.9153,Alex Freeman,0.9136,Elseid Hysaj,0.9121,Dimitri Foulquier,0.896,Cenny Neumann,0.8934,Matteo Darmian,0.8691,Nacho Pérez,0.8624,Othniel Raterink,0.8568,Souleymane Touré,0.8568,Alessandro Di Pardo,0.8557,Woyo Coulibaly,0.8553,Ola Aina,0.8422,Kosta Nedeljković,0.8419,Sebastian Walukiewicz,0.8348
Sebastian Walukiewicz,Lateral derecho,Kyle Walker,0.9059,Lorenzo De Silvestri,0.8877,Aaron Wan-Bissaka,0.8837,Cenny Neumann,0.881,Nacho Pérez,0.8798,Leonidas Stergiou,0.8644,Mathieu Acapandié,0.8522,Matteo Darmian,0.8475,Jesús Areso,0.8433,Elseid Hysaj,0.8407,Christ-Owen Kouassi,0.8348,Matt Doherty,0.829,Elias Baum,0.8215,Adrià Altimira,0.8116,Kosta Nedeljković,0.8059
Alessandro Di Pardo,Lateral derecho,Aaron Hickey,0.9415,Manuel Lazzari,0.9358,Xavi Espart,0.8903,Arkadiusz Pyrka,0.8894,Nacho Vidal,0.8758,Dimitri Foulquier,0.8633,Woyo Coulibaly,0.8563,Christ-Owen Kouassi,0.8557,Ola Aina,0.8326,Kelvin Amian,0.8162,Ali Dembélé,0.8156,Jonny Castro,0.7886,Álex Jiménez,0.7849,Elseid Hysaj,0.7779,Lutsharel Geertruida,0.7629
Daniel Oyegoke,Lateral derecho,Anthony Caci,0.9435,Lamine Sy,0.9133,Pedro Lima,0.9056,Luck Zogbé,0.8473,Danilo Veiga,0.8038,Tommaso Barbieri,0.7895,Fallou Cham,0.7678,Frederic Guilbert,0.7369,Lorenz Assignon,0.7252,Loïc Nego,0.713,Bouna Sarr,0.6948,Ángel Ortíz,0.6879,Buba Sangaré,0.6877,Ivan Smolčić,0.6713,Aurélio Buta,0.667
Matteo Darmian,Lateral derecho,Leonidas Stergiou,0.9502,Mathieu Acapandié,0.9338,Steeve Kango,0.926,Emil Krafth,0.9174,Elias Baum,0.9173,Dimitri Foulquier,0.9079,Kosta Nedeljković,0.8889,Andrés García,0.8858,Tariq Lamptey,0.8857,Miguel Calatayud,0.8816,Jusuf Gazibegović,0.8722,Finley Stevens,0.8722,Christ-Owen Kouassi,0.8691,Timothy Chandler,0.8665,Ilane Touré,0.8615
Alessandro Zanoli,Lateral derecho,Djibril Sidibé,0.8862,Thomas Meunier,0.8594,Héctor Bellerín,0.8278,Nicolò Savona,0.8155,Josip Juranović,0.8056,Lilian Raolisoa,0.8036,Marcus Pedersen,0.7846,Josip Stanišić,0.7828,Oliver Sonne,0.7714,Marnon Busch,0.7534,Matheus Nunes,0.7404,Konrad Laimer,0.7288,Nahuel Molina,0.7229,Javier Boñar,0.7113,Guéla Doué,0.7062
Devyne Rensch,Lateral derecho,Matheus Nunes,0.9242,Jules Koundé,0.9198,Warren Kamanzi,0.9064,Arnau Martinez,0.9038,Josip Stanišić,0.8892,Héctor Fort,0.8659,Ridle Baku,0.8532,Konrad Laimer,0.8422,Héctor Bellerín,0.8366,Marnon Busch,0.8267,Diogo Dalot,0.825,Silvan Widmer,0.8214,Javi Rueda,0.819,Lukas Kübler,0.7944,Djibril Sidibé,0.7903
Marco Palestra,Lateral derecho,Kevin,0.8901,Josha Vagnoman,0.819,Óscar Mingueza,0.8187,Vladimír Coufal,0.8136,Zachary Athekame,0.809,Matty Cash,0.7833,Dodô,0.7826,Lucas Vázquez,0.7454,Víctor García,0.7343,Mërgim Vojvoda,0.7325,Valentin Gendrey,0.717,Denzel Dumfries,0.7042,Achraf Hakimi,0.6604,Josip Juranović,0.6509,João Cancelo,0.6341
Romano Floriani,Lateral derecho,Jesús Areso,0.9229,Nadir Zortea,0.8692,Christopher Trimmel,0.8204,Andoni Gorosabel,0.8057,Kieran Trippier,0.8008,Elias Baum,0.783,Jackson Tchatchoua,0.7815,Kenny Lala,0.7779,Ilane Touré,0.7617,Andrés García,0.7531,Cléo Melieres,0.7511,Álvaro Núñez,0.7384,Matteo Darmian,0.7318,Timothy Chandler,0.7173,Nathaniel Clyne,0.7128
Dodô,Lateral derecho,Marco Palestra,0.7826,Óscar Mingueza,0.7312,Philipp Treu,0.7038,Lucas Vázquez,0.5895,Vladimír Coufal,0.5776,Denzel Dumfries,0.5459,Josha Vagnoman,0.5458,Kevin,0.5458,Jeremie Frimpong,0.543,Valentin Gendrey,0.5206,Zachary Athekame,0.5136,Josip Juranović,0.5089,Giovanni Di Lorenzo,0.4853,Álvaro Odriozola,0.4746,Mërgim Vojvoda,0.4708
Nadir Zortea,Lateral derecho,Kieran Trippier,0.9021,Romano Floriani,0.8692,Jesús Areso,0.8456,Álvaro Núñez,0.84,Christopher Trimmel,0.826,Omar Traoré,0.8235,Kenny Lala,0.81,Tino Livramento,0.7419,Andoni Gorosabel,0.7215,Rubén,0.7178,Julian Ryerson,0.7109,Trent Alexander-Arnold,0.696,Cléo Melieres,0.6924,Sael Kumbedi,0.6794,Ignace Van Der Brempt,0.676
Kingsley Ehizibue,Lateral derecho,Hugo Rincón,0.9155,Mateu Morey,0.8828,Joël Veltman,0.7974,Igor Carioca,0.7554,Fabien Centonze,0.7387,Kyle Walker-Peters,0.7141,Guéla Doué,0.7114,Michael Amir Murillo,0.7108,Kenny Tete,0.7065,Nicolò Savona,0.6994,Jurriën Timber,0.6992,Oliver Sonne,0.6516,João Mário Lopes,0.6495,Benjamin Henrichs,0.6481,Mats Wieffer,0.6261
Gabriele Zappa,Lateral derecho,Nathaniel Clyne,0.9022,Álvaro Núñez,0.8923,Kenny Lala,0.8696,Sael Kumbedi,0.8285,Jackson Tchatchoua,0.7905,Ben White,0.7681,Trent Alexander-Arnold,0.7655,Tino Livramento,0.7574,Aaron Wan-Bissaka,0.7231,Dani Carvajal,0.697,Jesús Areso,0.6851,Romano Floriani,0.6766,Julian Ryerson,0.658,Nadir Zortea,0.6479,Omar Traoré,0.6249
Mërgim Vojvoda,Lateral derecho,Josha Vagnoman,0.9697,Héctor Fort,0.9394,Víctor García,0.9325,Marius Wolf,0.9031,Denzel Dumfries,0.8939,Matty Cash,0.8835,Óscar Mingueza,0.8809,Kevin,0.8781,Josip Juranović,0.8769,Diogo Dalot,0.857,João Cancelo,0.8557,Thomas Meunier,0.8546,Warren Kamanzi,0.8477,Valentin Gendrey,0.8462,Achraf Hakimi,0.8389
Rafik Belghali,Lateral derecho,Giovanni Di Lorenzo,0.9369,Oliver Sonne,0.8895,Nicolò Savona,0.8659,Víctor García,0.8618,Denzel Dumfries,0.8566,Mërgim Vojvoda,0.8379,Thomas Meunier,0.8257,Fodé Doucouré,0.8221,Abdoul Ouattara,0.8173,Benjamin Henrichs,0.8131,Kevin,0.7964,Matty Cash,0.7947,Mateu Morey,0.7935,Héctor Fort,0.7918,Valentin Gendrey,0.7906
Othniel Raterink,Lateral derecho,Souleymane Touré,1.0,Kosta Nedeljković,0.9757,Elseid Hysaj,0.9653,Ali Dembélé,0.9424,Mathieu Acapandié,0.9322,Jusuf Gazibegović,0.9279,Finley Stevens,0.9279,Dani Carvajal,0.8918,Adrià Altimira,0.8819,Dimitri Foulquier,0.881,Timothy Chandler,0.8758,Christ-Owen Kouassi,0.8568,Leonidas Stergiou,0.8502,Emil Krafth,0.8277,Kelvin Amian,0.8218
Denzel Dumfries,Lateral derecho,Valentin Gendrey,0.9672,Matty Cash,0.9482,Zachary Athekame,0.9222,Josip Juranović,0.922,Lucas Vázquez,0.9027,Thomas Meunier,0.9022,Oliver Sonne,0.8987,Mërgim Vojvoda,0.8939,Jurriën Timber,0.8847,Víctor García,0.8797,Michael Amir Murillo,0.8732,Josha Vagnoman,0.8713,Lilian Raolisoa,0.8676,Warren Kamanzi,0.8653,Giovanni Di Lorenzo,0.8566
Ivan Smolčić,Lateral derecho,Danilo Veiga,0.8452,Frederic Guilbert,0.8226,Sacha Boey,0.8136,Iván Balliu,0.8073,Buba Sangaré,0.7949,Renzo Saravia,0.791,Rafik Messali,0.7708,Conor Bradley,0.7487,Lamine Sy,0.7477,Nacho Vidal,0.7409,Jonny Castro,0.7339,Noussair Mazraoui,0.7214,Ola Aina,0.717,Pascal Stenzel,0.7133,Omar El Hilali,0.6827
Woyo Coulibaly,Lateral derecho,Noussair Mazraoui,0.9537,Ola Aina,0.9314,Nacho Vidal,0.9212,Jonny Castro,0.9183,Aaron Hickey,0.9086,Matt Doherty,0.8935,Sacha Boey,0.893,Iván Balliu,0.8851,Dimitri Foulquier,0.8747,Lorenzo De Silvestri,0.8693,Rafik Messali,0.8605,Renzo Saravia,0.8585,Alessandro Di Pardo,0.8563,Christ-Owen Kouassi,0.8553,Leonidas Stergiou,0.8473
Tommaso Barbieri,Lateral derecho,Anthony Caci,0.8416,Danilo Veiga,0.8333,Luck Zogbé,0.8,Conor Bradley,0.7916,Daniel Oyegoke,0.7895,Rubén,0.7472,Thierry Correia,0.7423,Pascal Stenzel,0.7319,Tiago Santos,0.7297,Aurélio Buta,0.6976,Pol Lirola,0.6617,Buba Sangaré,0.6604,Ángel Ortíz,0.653,Nadir Zortea,0.6507,Ivan Smolčić,0.6492
Sascha Britschgi,Lateral derecho,Juanlu Sánchez,0.8736,Giorgi Gocholeishvili,0.8301,Marcos Llorente,0.7963,Allan Nyom,0.7707,Valentin Rosier,0.7116,Brooke Norton-Cuffy,0.6766,Ainsley Maitland-Niles,0.6446,Santiago Mouriño,0.6077,Iñigo Lekue,0.5136,Emil Holm,0.5133,Jake O'Brien,0.5115,Malo Gusto,0.4998,Yukinari Sugawara,0.4928,Ruben Aguilar,0.4908,Zeki Çelik,0.4776
Christopher Trimmel,Lateral derecho,Nadir Zortea,0.826,Romano Floriani,0.8204,Jesús Areso,0.8168,Julian Ryerson,0.8046,Kieran Trippier,0.7882,Vanderson,0.7734,Trent Alexander-Arnold,0.7626,Sael Kumbedi,0.7612,Cléo Melieres,0.702,Álvaro Núñez,0.6981,Nathaniel Clyne,0.6834,Kenny Lala,0.6638,Adam Smith,0.6491,Andoni Gorosabel,0.6191,Carlens Arcus,0.5914
Anthony Caci,Lateral derecho,Daniel Oyegoke,0.9435,Luck Zogbé,0.8596,Tommaso Barbieri,0.8416,Danilo Veiga,0.8129,Ángel Ortíz,0.7958,Lamine Sy,0.7734,Pedro Lima,0.7678,Andoni Gorosabel,0.7225,Aurélio Buta,0.712,Romano Floriani,0.7019,Buba Sangaré,0.6936,Cléo Melieres,0.6822,Tiago Santos,0.6772,Iñigo Lekue,0.6738,Elias Baum,0.6647
Cenny Neumann,Lateral derecho,Alex Freeman,0.9388,Leonidas Stergiou,0.9227,Adrià Altimira,0.9139,Christ-Owen Kouassi,0.8934,Sebastian Walukiewicz,0.881,Nacho Pérez,0.867,Maxime Colin,0.8642,Lorenzo De Silvestri,0.8511,Elseid Hysaj,0.8456,Matteo Darmian,0.8139,Dimitri Foulquier,0.8115,Ola Aina,0.8112,Mathieu Acapandié,0.8092,Jonny Castro,0.8072,Iván Balliu,0.7896
Lucas Vázquez,Lateral derecho,Zachary Athekame,0.9506,Josip Juranović,0.9398,Valentin Gendrey,0.9206,Jurriën Timber,0.9141,Michael Amir Murillo,0.9138,Denzel Dumfries,0.9027,Matty Cash,0.8973,Óscar Mingueza,0.8853,Javi Rueda,0.8801,Lilian Raolisoa,0.8791,Konrad Laimer,0.8667,Vladimír Coufal,0.8467,Guéla Doué,0.8202,João Cancelo,0.8007,Saud Abdulhamid,0.7979
Elias Baum,Lateral derecho,Emil Krafth,0.9323,Ilane Touré,0.9261,Matteo Darmian,0.9173,Cléo Melieres,0.9125,Andrés García,0.8974,Steeve Kango,0.8825,Leonidas Stergiou,0.8787,Miguel Calatayud,0.8759,Mathieu Acapandié,0.8731,Ángel Ortíz,0.8371,Tariq Lamptey,0.8274,Jesús Areso,0.827,Sebastian Walukiewicz,0.8215,Timothy Chandler,0.8011,Jusuf Gazibegović,0.7865
Aurélio Buta,Lateral derecho,Buba Sangaré,0.9304,Ángel Ortíz,0.9265,Rafik Messali,0.9068,Matt Doherty,0.9061,Danilo Veiga,0.8955,Luck Zogbé,0.8909,Noussair Mazraoui,0.8866,Iván Balliu,0.8839,Pol Lirola,0.8787,Sacha Boey,0.843,Woyo Coulibaly,0.8357,Lorenzo De Silvestri,0.8132,Renzo Saravia,0.7825,Tiago Santos,0.7527,Anthony Caci,0.712
Sacha Boey,Lateral derecho,Rafik Messali,0.916,Noussair Mazraoui,0.8981,Woyo Coulibaly,0.893,Renzo Saravia,0.8906,Pol Lirola,0.8829,Matt Doherty,0.8498,Aurélio Buta,0.843,Iván Balliu,0.8419,Aaron Hickey,0.8187,Ivan Smolčić,0.8136,Nacho Vidal,0.8081,Danilo Veiga,0.8047,Lorenzo De Silvestri,0.7978,Buba Sangaré,0.7924,Ola Aina,0.7902
Marnon Busch,Lateral derecho,Matheus Nunes,0.8874,Manolis Saliakas,0.8515,Konrad Laimer,0.8496,Jonathan Clauss,0.847,Djibril Sidibé,0.8328,Nahuel Molina,0.8293,Devyne Rensch,0.8267,Ridle Baku,0.8051,Diogo Dalot,0.7868,Arnau Martinez,0.7852,Guéla Doué,0.7788,Josip Stanišić,0.7773,Lukas Kübler,0.7662,Alessandro Zanoli,0.7534,Przemysław Frankowski,0.7476
Josha Vagnoman,Lateral derecho,Mërgim Vojvoda,0.9697,Kevin,0.9203,Achraf Hakimi,0.9113,Óscar Mingueza,0.9048,Víctor García,0.9043,Héctor Fort,0.8917,Denzel Dumfries,0.8713,Matty Cash,0.8646,Marius Wolf,0.848,Valentin Gendrey,0.8447,Josip Juranović,0.8346,João Cancelo,0.8344,Zachary Athekame,0.8332,Warren Kamanzi,0.8203,Marco Palestra,0.819
Benjamin Henrichs,Lateral derecho,Silvan Widmer,0.9201,Joshua Acheampong,0.8881,Nicolò Savona,0.8645,Kiko Femenía,0.8425,Javier Boñar,0.8143,Rafik Belghali,0.8131,Warren Kamanzi,0.8108,Kyle Walker-Peters,0.81,Abdoul Ouattara,0.81,Josip Stanišić,0.8009,Héctor Bellerín,0.7918,Lukas Kübler,0.7915,Djibril Sidibé,0.787,Enrico Delprato,0.7781,Héctor Fort,0.7683
Lukas Kübler,Lateral derecho,Ridle Baku,0.9713,Daniel Muñoz,0.9381,Silvan Widmer,0.9336,João Cancelo,0.9118,Mats Wieffer,0.9094,Nahuel Molina,0.9032,Jordan Teze,0.898,Arnau Martinez,0.885,James Justin,0.8836,Konrad Laimer,0.8835,Reece James,0.8765,Jayden Bogle,0.8758,Fabien Centonze,0.867,Marius Wolf,0.8493,Kiko Femenía,0.8405
Jan Bürger,Lateral derecho,Manuel Lazzari,0.8143,Tiago Santos,0.8078,Bouna Sarr,0.7746,Pascal Stenzel,0.7425,Timothee Pembele,0.7012,Alessandro Di Pardo,0.6967,David Jiménez,0.682,Sebastian Sebulonsen,0.6727,Miguel Calatayud,0.6704,Luck Zogbé,0.6674,Aaron Hickey,0.6429,Frederic Guilbert,0.6353,Séamus Coleman,0.606,Nacho Vidal,0.5859,Fallou Cham,0.582
Sael Kumbedi,Lateral derecho,Nathaniel Clyne,0.8903,Trent Alexander-Arnold,0.8301,Gabriele Zappa,0.8285,Álvaro Núñez,0.8156,Julian Ryerson,0.8153,Vanderson,0.7748,Christopher Trimmel,0.7612,Aaron Wan-Bissaka,0.7374,Carlens Arcus,0.7341,Jesús Areso,0.717,Adam Smith,0.7107,Kenny Lala,0.7003,Nadir Zortea,0.6794,Andoni Gorosabel,0.6769,Thierry Correia,0.6548
Pascal Stenzel,Lateral derecho,Bouna Sarr,0.8658,Frederic Guilbert,0.8162,Fallou Cham,0.7759,Jan Bürger,0.7425,Tommaso Barbieri,0.7319,Ivan Smolčić,0.7133,Tiago Santos,0.7113,Sacha Boey,0.7027,Luck Zogbé,0.6797,Daniel Oyegoke,0.6475,Timothee Pembele,0.6379,Manuel Lazzari,0.6129,Danilo Veiga,0.5977,Lorenz Assignon,0.5816,Lamine Sy,0.5774
Joe Scally,Lateral derecho,Mantilla,0.9522,Trai Hume,0.9056,Marco Sangalli,0.8972,Nordi Mukiele,0.8553,Koffi Kouao,0.8542,Michael Kayode,0.7831,Iglesias,0.7291,Jeremy Toljan,0.7088,Pablo Maffeo,0.7019,Malo Gusto,0.6469,Philipp Treu,0.5657,Lucas Vázquez,0.536,James Justin,0.5334,João Cancelo,0.5287,Óscar Mingueza,0.51
Arkadiusz Pyrka,Lateral derecho,Kelvin Amian,0.9658,Xavi Espart,0.9169,Dani Carvajal,0.9083,Alessandro Di Pardo,0.8894,Aaron Hickey,0.8741,Ali Dembélé,0.8637,Álex Jiménez,0.8556,Elseid Hysaj,0.8455,Manuel Lazzari,0.8344,Dimitri Foulquier,0.8262,Séamus Coleman,0.8155,Tino Livramento,0.8079,Souleymane Touré,0.7776,Othniel Raterink,0.7776,Kosta Nedeljković,0.7645
Silvan Widmer,Lateral derecho,Lukas Kübler,0.9336,Ridle Baku,0.9266,Djibril Sidibé,0.9223,Benjamin Henrichs,0.9201,Daniel Muñoz,0.9123,Warren Kamanzi,0.9098,Nahuel Molina,0.9029,Konrad Laimer,0.9021,João Cancelo,0.8938,Héctor Fort,0.8925,Josip Stanišić,0.8714,Arnau Martinez,0.8683,Fodé Doucouré,0.8495,Thomas Meunier,0.8436,Héctor Bellerín,0.8402
Josip Juranović,Lateral derecho,Lucas Vázquez,0.9398,Lilian Raolisoa,0.9228,Denzel Dumfries,0.922,Óscar Mingueza,0.9066,Thomas Meunier,0.891,Zachary Athekame,0.8902,Matty Cash,0.8828,Djibril Sidibé,0.8787,Mërgim Vojvoda,0.8769,Valentin Gendrey,0.8656,Konrad Laimer,0.861,Josha Vagnoman,0.8346,Jurriën Timber,0.8345,Warren Kamanzi,0.8262,Héctor Fort,0.8259
Josip Stanišić,Lateral derecho,Héctor Bellerín,0.9873,Héctor Fort,0.9322,Warren Kamanzi,0.9218,Djibril Sidibé,0.9048,Devyne Rensch,0.8892,Matheus Nunes,0.8714,Silvan Widmer,0.8714,Diogo Dalot,0.8554,Javier Boñar,0.8372,Konrad Laimer,0.8052,Álvaro Odriozola,0.8039,Benjamin Henrichs,0.8009,Thomas Meunier,0.7893,Mërgim Vojvoda,0.7893,Ridle Baku,0.7881
Ridle Baku,Lateral derecho,Lukas Kübler,0.9713,João Cancelo,0.9487,Daniel Muñoz,0.9303,Silvan Widmer,0.9266,Nahuel Molina,0.9266,Manolis Saliakas,0.9209,Marius Wolf,0.9123,Konrad Laimer,0.9045,Reece James,0.8902,Héctor Fort,0.8819,Diogo Dalot,0.86,Devyne Rensch,0.8532,Arnau Martinez,0.851,Djibril Sidibé,0.8501,Jonathan Clauss,0.8498
Sebastian Sebulonsen,Lateral derecho,David Jiménez,0.8876,Nathan Patterson,0.8791,Loïc Nego,0.8449,Ki-Jana Hoever,0.8314,Timothy Castagne,0.8101,Jackson Tchatchoua,0.7766,Lutsharel Geertruida,0.7751,Hans Hateboer,0.771,Ali Dembélé,0.7483,Timothee Pembele,0.7208,Alessandro Di Pardo,0.6878,Kelvin Amian,0.681,Jan Bürger,0.6727,Matteo Darmian,0.671,Arkadiusz Pyrka,0.6584
Omar Traoré,Lateral derecho,Rubén,0.8496,Nadir Zortea,0.8235,Jeremie Frimpong,0.7719,Álvaro Núñez,0.7648,Trent Alexander-Arnold,0.7308,Julian Ryerson,0.7252,Rico Lewis,0.6732,Thierry Correia,0.656,Kenny Lala,0.655,Sael Kumbedi,0.6336,Ben White,0.63,Gabriele Zappa,0.6249,Tino Livramento,0.6194,Kieran Trippier,0.5993,Ignace Van Der Brempt,0.5961
Kosta Nedeljković,Lateral derecho,Finley Stevens,0.982,Jusuf Gazibegović,0.982,Mathieu Acapandié,0.9787,Souleymane Touré,0.9757,Othniel Raterink,0.9757,Timothy Chandler,0.9537,Ali Dembélé,0.9343,Elseid Hysaj,0.92,Emil Krafth,0.9063,Dimitri Foulquier,0.8917,Matteo Darmian,0.8889,Leonidas Stergiou,0.8781,Adrià Altimira,0.8679,Dani Carvajal,0.8565,Tariq Lamptey,0.8506
Leonidas Stergiou,Lateral derecho,Matteo Darmian,0.9502,Dimitri Foulquier,0.9383,Christ-Owen Kouassi,0.9336,Cenny Neumann,0.9227,Mathieu Acapandié,0.9158,Adrià Altimira,0.9064,Emil Krafth,0.9004,Elias Baum,0.8787,Kosta Nedeljković,0.8781,Elseid Hysaj,0.8648,Sebastian Walukiewicz,0.8644,Tariq Lamptey,0.8591,Souleymane Touré,0.8502,Othniel Raterink,0.8502,Woyo Coulibaly,0.8473
Rasmus Kristensen,Lateral derecho,Wesley,0.9304,Ainsley Maitland-Niles,0.9032,Ruben Aguilar,0.9031,Valentin Rosier,0.8789,Brooke Norton-Cuffy,0.8664,Santiago Mouriño,0.8444,Emil Holm,0.7943,Zeki Çelik,0.7719,Marcos Llorente,0.6866,Malo Gusto,0.6738,Saud Abdulhamid,0.6691,Giorgi Gocholeishvili,0.5913,Juanlu Sánchez,0.5425,Achraf Hakimi,0.5171,Fabien Centonze,0.5114
Timothy Chandler,Lateral derecho,Finley Stevens,0.9926,Jusuf Gazibegović,0.9926,Mathieu Acapandié,0.9555,Kosta Nedeljković,0.9537,Emil Krafth,0.9148,Ilane Touré,0.8903,Steeve Kango,0.8795,Tariq Lamptey,0.8774,Othniel Raterink,0.8758,Souleymane Touré,0.8758,Matteo Darmian,0.8665,Jackson Tchatchoua,0.854,Ali Dembélé,0.8521,Séamus Coleman,0.8437,Miguel Calatayud,0.8419
Kilian Fischer,Lateral derecho,Marius Louer,0.9735,Stefano Sabelli,0.8188,Christ-Owen Kouassi,0.7595,Adrià Altimira,0.7102,Alex Freeman,0.6975,Tariq Lamptey,0.6742,Andrés García,0.6312,Michael Kayode,0.6298,Ángel Ortíz,0.6254,Leonidas Stergiou,0.6245,Cenny Neumann,0.6124,Matteo Darmian,0.5867,Noussair Mazraoui,0.5859,Maxime Colin,0.5834,Pablo Maffeo,0.5691
Julian Ryerson,Lateral derecho,Trent Alexander-Arnold,0.971,Sael Kumbedi,0.8153,Christopher Trimmel,0.8046,Omar Traoré,0.7252,Álvaro Núñez,0.72,Nadir Zortea,0.7109,Vladimír Coufal,0.7077,Rubén,0.6869,Gabriele Zappa,0.658,William Mikelbrencis,0.6225,Vanderson,0.6102,Ismael Bekhoucha,0.6056,Kenny Lala,0.5965,Thierry Correia,0.5821,Nathaniel Clyne,0.5631
Konrad Laimer,Lateral derecho,Nahuel Molina,0.9438,João Cancelo,0.9317,Djibril Sidibé,0.9299,Daniel Muñoz,0.9203,Guéla Doué,0.9202,Jurriën Timber,0.9173,Ridle Baku,0.9045,Lilian Raolisoa,0.9036,Silvan Widmer,0.9021,Reece James,0.8984,Javi Rueda,0.8874,Valentin Gendrey,0.8857,Héctor Fort,0.8851,Lukas Kübler,0.8835,Przemysław Frankowski,0.8825
Jusuf Gazibegović,Lateral derecho,Finley Stevens,1.0,Timothy Chandler,0.9926,Kosta Nedeljković,0.982,Mathieu Acapandié,0.9725,Othniel Raterink,0.9279,Souleymane Touré,0.9279,Emil Krafth,0.9147,Ali Dembélé,0.8951,Tariq Lamptey,0.8737,Matteo Darmian,0.8722,Steeve Kango,0.8567,Ilane Touré,0.8541,Séamus Coleman,0.8454,Jackson Tchatchoua,0.8417,Elseid Hysaj,0.8335
Marius Wolf,Lateral derecho,João Cancelo,0.9256,Víctor García,0.9207,Nahuel Molina,0.9164,Manolis Saliakas,0.9158,Ridle Baku,0.9123,Fodé Doucouré,0.9106,Daniel Muñoz,0.9077,Mërgim Vojvoda,0.9031,Jonathan Clauss,0.8929,Héctor Fort,0.888,Reece James,0.8819,Diogo Dalot,0.8761,Konrad Laimer,0.8635,Lukas Kübler,0.8493,Josha Vagnoman,0.848
Manolis Saliakas,Lateral derecho,Jonathan Clauss,0.9528,Ridle Baku,0.9209,Nahuel Molina,0.919,Marius Wolf,0.9158,João Cancelo,0.8906,Reece James,0.8807,Konrad Laimer,0.8685,Diogo Dalot,0.8626,Przemysław Frankowski,0.8615,Daniel Muñoz,0.852,Marnon Busch,0.8515,Lukas Kübler,0.8394,Héctor Fort,0.8193,Djibril Sidibé,0.8157,Fodé Doucouré,0.8033
Finley Stevens,Lateral derecho,Jusuf Gazibegović,1.0,Timothy Chandler,0.9926,Kosta Nedeljković,0.982,Mathieu Acapandié,0.9725,Othniel Raterink,0.9279,Souleymane Touré,0.9279,Emil Krafth,0.9147,Ali Dembélé,0.8951,Tariq Lamptey,0.8737,Matteo Darmian,0.8722,Steeve Kango,0.8567,Ilane Touré,0.8541,Séamus Coleman,0.8454,Jackson Tchatchoua,0.8417,Elseid Hysaj,0.8335
Lorenz Assignon,Lateral derecho,Hans Hateboer,0.8332,Iñigo Lekue,0.7861,Pedro Lima,0.7487,Fallou Cham,0.7424,Daniel Oyegoke,0.7252,Timothy Castagne,0.6882,Bouna Sarr,0.6835,Lamine Sy,0.676,Frederic Guilbert,0.6619,Timothee Pembele,0.6076,Ki-Jana Hoever,0.5974,Nathan Patterson,0.597,Anthony Caci,0.5847,Pascal Stenzel,0.5816,Loïc Nego,0.5743
Philipp Treu,Lateral derecho,Sergio Carreira,0.904,Álvaro Odriozola,0.8724,João Mário Lopes,0.851,Giovanni Di Lorenzo,0.812,Abdoul Ouattara,0.786,Warren Kamanzi,0.7683,Javier Boñar,0.7637,Josha Vagnoman,0.7584,Óscar Mingueza,0.7373,Dodô,0.7038,Denzel Dumfries,0.6898,Mërgim Vojvoda,0.6851,Joshua Acheampong,0.6758,Héctor Fort,0.662,Enrico Delprato,0.6618
Vladimír Coufal,Lateral derecho,Lucas Vázquez,0.8467,Óscar Mingueza,0.8439,Zachary Athekame,0.824,Marco Palestra,0.8136,Manolis Saliakas,0.7989,Reece James,0.7748,Matty Cash,0.7726,Josip Juranović,0.7717,Jonathan Clauss,0.7607,Lilian Raolisoa,0.7585,Przemysław Frankowski,0.7492,Mërgim Vojvoda,0.7461,Josha Vagnoman,0.7456,Javi Rueda,0.7407,Konrad Laimer,0.7393
Giorgi Gocholeishvili,Lateral derecho,Juanlu Sánchez,0.9647,Allan Nyom,0.9469,Marcos Llorente,0.9187,Sascha Britschgi,0.8301,Ainsley Maitland-Niles,0.7377,Clément Michelin,0.7258,Valentin Rosier,0.7137,Emil Holm,0.6979,Santiago Mouriño,0.6964,Ruben Aguilar,0.6754,Brooke Norton-Cuffy,0.6036,Wesley,0.6012,Rasmus Kristensen,0.5913,Yukinari Sugawara,0.5691,Malo Gusto,0.5451
William Mikelbrencis,Lateral derecho,Andrei Ratiu,0.8263,Clément Michelin,0.815,Pasquale Mazzocchi,0.7845,Yukinari Sugawara,0.7556,Jonathan Clauss,0.7535,Trent Alexander-Arnold,0.7108,Manolis Saliakas,0.7018,Marius Wolf,0.6589,Ben White,0.6232,Julian Ryerson,0.6225,Vladimír Coufal,0.6203,Rubén,0.6023,Pedro Porro,0.5655,Diogo Dalot,0.5655,Jeremie Frimpong,0.5445
Yukinari Sugawara,Lateral derecho,Pasquale Mazzocchi,0.9503,William Mikelbrencis,0.7556,Clément Michelin,0.7496,Achraf Hakimi,0.6425,Marcos Llorente,0.6414,Jeremie Frimpong,0.6319,Ben White,0.5907,Trent Alexander-Arnold,0.5834,Giorgi Gocholeishvili,0.5691,Andrei Ratiu,0.5537,Allan Nyom,0.5403,Zeki Çelik,0.538,Josha Vagnoman,0.4969,Sascha Britschgi,0.4928,Julian Ryerson,0.486
Valentin Gendrey,Lateral derecho,Denzel Dumfries,0.9672,Jurriën Timber,0.9489,Matty Cash,0.9403,Zachary Athekame,0.9371,Michael Amir Murillo,0.924,Lucas Vázquez,0.9206,Konrad Laimer,0.8857,Javi Rueda,0.8803,Warren Kamanzi,0.8776,João Cancelo,0.8753,Josip Juranović,0.8656,Thomas Meunier,0.8498,Mërgim Vojvoda,0.8462,Josha Vagnoman,0.8447,Víctor García,0.8446
Steeve Kango,Lateral derecho,Ilane Touré,0.9477,Miguel Calatayud,0.9382,Emil Krafth,0.9345,Matteo Darmian,0.926,Cléo Melieres,0.8982,Séamus Coleman,0.8939,Elias Baum,0.8825,Timothy Chandler,0.8795,Ángel Ortíz,0.8659,Mathieu Acapandié,0.8585,Finley Stevens,0.8567,Jusuf Gazibegović,0.8567,Kieran Trippier,0.8526,Andrés García,0.8407,Kosta Nedeljković,0.8312
Kenny Lala,Lateral derecho,Álvaro Núñez,0.9727,Tino Livramento,0.9648,Gabriele Zappa,0.8696,Jackson Tchatchoua,0.8661,Dani Carvajal,0.8272,Nathaniel Clyne,0.8222,Kelvin Amian,0.8217,Kieran Trippier,0.8116,Nadir Zortea,0.81,Jesús Areso,0.7852,Finley Stevens,0.7824,Jusuf Gazibegović,0.7824,Timothy Chandler,0.7818,Romano Floriani,0.7779,Sebastian Walukiewicz,0.7691
Cléo Melieres,Lateral derecho,Ilane Touré,0.9446,Elias Baum,0.9125,Steeve Kango,0.8982,Emil Krafth,0.8867,Kieran Trippier,0.8685,Miguel Calatayud,0.8579,Ángel Ortíz,0.8534,Matteo Darmian,0.7914,Andrés García,0.7897,Pol Lirola,0.7781,Jesús Areso,0.7607,Romano Floriani,0.7511,Iñigo Arguibide,0.7404,Timothy Chandler,0.7303,Mathieu Acapandié,0.7265
Souleymane Touré,Lateral derecho,Othniel Raterink,1.0,Kosta Nedeljković,0.9757,Elseid Hysaj,0.9653,Ali Dembélé,0.9424,Mathieu Acapandié,0.9322,Jusuf Gazibegović,0.9279,Finley Stevens,0.9279,Dani Carvajal,0.8918,Adrià Altimira,0.8819,Dimitri Foulquier,0.881,Timothy Chandler,0.8758,Christ-Owen Kouassi,0.8568,Leonidas Stergiou,0.8502,Emil Krafth,0.8277,Kelvin Amian,0.8218
Ilane Touré,Lateral derecho,Emil Krafth,0.9547,Steeve Kango,0.9477,Cléo Melieres,0.9446,Miguel Calatayud,0.937,Elias Baum,0.9261,Timothy Chandler,0.8903,Andrés García,0.8732,Matteo Darmian,0.8615,Mathieu Acapandié,0.8555,Finley Stevens,0.8541,Jusuf Gazibegović,0.8541,Kieran Trippier,0.8179,Tariq Lamptey,0.8013,Kosta Nedeljković,0.7951,Ángel Ortíz,0.7765
Frederic Guilbert,Lateral derecho,Bouna Sarr,0.9122,Fallou Cham,0.8803,Lamine Sy,0.8554,Timothy Castagne,0.8328,Ivan Smolčić,0.8226,Pascal Stenzel,0.8162,Timothee Pembele,0.8049,Nacho Vidal,0.8041,Pedro Lima,0.739,Daniel Oyegoke,0.7369,Loïc Nego,0.7312,Ola Aina,0.7071,Jonny Castro,0.6973,Danilo Veiga,0.6711,Sacha Boey,0.6671
Guéla Doué,Lateral derecho,Jurriën Timber,0.9486,Konrad Laimer,0.9202,Michael Amir Murillo,0.9168,Javi Rueda,0.9072,Mats Wieffer,0.891,Fabien Centonze,0.8908,Reece James,0.8729,Daniel Muñoz,0.8666,Nahuel Molina,0.8651,Lilian Raolisoa,0.8614,Przemysław Frankowski,0.8609,Arnau Martinez,0.8398,Valentin Gendrey,0.8394,João Cancelo,0.8386,Silvan Widmer,0.8368
Igor Carioca,Lateral derecho,Kyle Walker-Peters,0.9132,João Mário Lopes,0.8364,Joël Veltman,0.791,Nahuel Tenaglia,0.7909,Joshua Acheampong,0.7784,Kingsley Ehizibue,0.7554,Sergio Carreira,0.745,Benjamin Henrichs,0.7282,Javier Boñar,0.7062,Álvaro Odriozola,0.7024,Mateu Morey,0.6792,Enrico Delprato,0.6698,Abdoul Ouattara,0.6609,Kenny Tete,0.6433,Kiko Femenía,0.6243
Przemysław Frankowski,Lateral derecho,Lilian Raolisoa,0.9562,Nahuel Molina,0.936,Reece James,0.931,Daniel Muñoz,0.8904,Konrad Laimer,0.8825,Fodé Doucouré,0.8811,João Cancelo,0.8799,Manolis Saliakas,0.8615,Guéla Doué,0.8609,Zachary Athekame,0.8518,Matty Cash,0.8498,Djibril Sidibé,0.8354,Saud Abdulhamid,0.834,Marius Wolf,0.8242,Víctor García,0.8165
Carlens Arcus,Lateral derecho,Ignace Van Der Brempt,0.9137,Omar El Hilali,0.9077,Hamari Traoré,0.905,Adam Smith,0.8671,Aaron Wan-Bissaka,0.8602,Conor Bradley,0.8517,Vanderson,0.8318,Ismael Bekhoucha,0.8019,Kyle Walker,0.7992,Thierry Correia,0.7931,Rico Lewis,0.7926,Andoni Gorosabel,0.7559,Sael Kumbedi,0.7341,Jesús Areso,0.72,Nathaniel Clyne,0.7055
Hamari Traoré,Lateral derecho,Omar El Hilali,0.9819,Carlens Arcus,0.905,Andoni Gorosabel,0.8763,Vanderson,0.844,Aaron Wan-Bissaka,0.8122,Buba Sangaré,0.8021,Jesús Areso,0.7772,Ignace Van Der Brempt,0.7737,Iván Balliu,0.7633,Conor Bradley,0.7572,Danilo Veiga,0.754,Thierry Correia,0.7123,Kyle Walker,0.6964,Lucas Ahijado,0.6918,Rafik Messali,0.6759
Bouna Sarr,Lateral derecho,Fallou Cham,0.9168,Frederic Guilbert,0.9122,Timothee Pembele,0.8784,Pascal Stenzel,0.8658,Timothy Castagne,0.793,Jan Bürger,0.7746,Lamine Sy,0.7483,Pedro Lima,0.7107,Daniel Oyegoke,0.6948,Loïc Nego,0.6888,Nathan Patterson,0.6882,Lorenz Assignon,0.6835,Nacho Vidal,0.6595,Sebastian Sebulonsen,0.6439,Ivan Smolčić,0.6258
Djibril Sidibé,Lateral derecho,Thomas Meunier,0.9412,Nahuel Molina,0.9319,Konrad Laimer,0.9299,Silvan Widmer,0.9223,Héctor Fort,0.9097,Josip Stanišić,0.9048,Lilian Raolisoa,0.9039,Héctor Bellerín,0.9033,Fodé Doucouré,0.8959,Alessandro Zanoli,0.8862,Josip Juranović,0.8787,Warren Kamanzi,0.8738,Daniel Muñoz,0.8563,Nicolò Savona,0.8561,João Cancelo,0.8548
Warren Kamanzi,Lateral derecho,Héctor Fort,0.9355,Josip Stanišić,0.9218,Héctor Bellerín,0.912,Silvan Widmer,0.9098,Devyne Rensch,0.9064,Álvaro Odriozola,0.8836,Valentin Gendrey,0.8776,Djibril Sidibé,0.8738,Konrad Laimer,0.8703,Denzel Dumfries,0.8653,Jurriën Timber,0.8585,Javier Boñar,0.8497,Mërgim Vojvoda,0.8477,Arnau Martinez,0.8393,Ridle Baku,0.831
Michael Amir Murillo,Lateral derecho,Jurriën Timber,0.958,Zachary Athekame,0.9278,Valentin Gendrey,0.924,Guéla Doué,0.9168,Lucas Vázquez,0.9138,Matty Cash,0.8893,Javi Rueda,0.8865,Denzel Dumfries,0.8732,Lilian Raolisoa,0.8579,Konrad Laimer,0.8393,Fabien Centonze,0.8374,Mateu Morey,0.8349,Reece James,0.8275,Saud Abdulhamid,0.823,Josip Juranović,0.8111
Fodé Doucouré,Lateral derecho,Nahuel Molina,0.9369,Víctor García,0.9255,Daniel Muñoz,0.9202,Marius Wolf,0.9106,Lilian Raolisoa,0.9001,Djibril Sidibé,0.8959,Thomas Meunier,0.891,João Cancelo,0.889,Przemysław Frankowski,0.8811,Matty Cash,0.8498,Silvan Widmer,0.8495,Mërgim Vojvoda,0.8385,Konrad Laimer,0.838,Reece James,0.834,Rafik Belghali,0.8221
Lamine Sy,Lateral derecho,Daniel Oyegoke,0.9133,Pedro Lima,0.913,Loïc Nego,0.895,Timothy Castagne,0.8631,Frederic Guilbert,0.8554,Fallou Cham,0.7943,Anthony Caci,0.7734,Ola Aina,0.7691,Ki-Jana Hoever,0.7645,Nacho Vidal,0.7587,Danilo Veiga,0.7585,Bouna Sarr,0.7483,Ivan Smolčić,0.7477,Luck Zogbé,0.734,Lucas Ahijado,0.7236
Ruben Aguilar,Lateral derecho,Emil Holm,0.9409,Ainsley Maitland-Niles,0.9399,Rasmus Kristensen,0.9031,Wesley,0.8722,Saud Abdulhamid,0.8641,Brooke Norton-Cuffy,0.8615,Santiago Mouriño,0.8247,Valentin Rosier,0.8229,Zeki Çelik,0.7877,Marcos Llorente,0.7454,Malo Gusto,0.7152,Giorgi Gocholeishvili,0.6754,Juanlu Sánchez,0.6346,Achraf Hakimi,0.6122,Konrad Laimer,0.5775
Abdoul Ouattara,Lateral derecho,Enrico Delprato,0.9359,Sergio Carreira,0.911,Joshua Acheampong,0.8625,Nahuel Tenaglia,0.8357,Giovanni Di Lorenzo,0.8322,João Mário Lopes,0.8202,Rafik Belghali,0.8173,Álvaro Odriozola,0.8133,Benjamin Henrichs,0.81,Javier Boñar,0.8033,Philipp Treu,0.786,Kyle Walker-Peters,0.7836,Warren Kamanzi,0.7279,Héctor Fort,0.6963,Adam Marušić,0.6816
Maxime Colin,Lateral derecho,Lutsharel Geertruida,0.9623,Alex Freeman,0.9434,Jonny Castro,0.8643,Cenny Neumann,0.8642,Adrià Altimira,0.8481,Ola Aina,0.8271,Christ-Owen Kouassi,0.8204,Loïc Nego,0.7942,Nacho Vidal,0.7932,Elseid Hysaj,0.7622,Leonidas Stergiou,0.7451,Timothy Castagne,0.7388,Nacho Pérez,0.7166,Woyo Coulibaly,0.6981,Dimitri Foulquier,0.6938
Marvin Senaya,Lateral derecho,Kenny Tete,0.9557,Jon Aramburu,0.9228,Joël Veltman,0.7428,James Justin,0.7129,Nahuel Tenaglia,0.6835,Fabien Centonze,0.6826,Jayden Bogle,0.6789,Jordan Teze,0.6744,Mateu Morey,0.6374,Kyle Walker-Peters,0.6279,Mats Wieffer,0.6244,Kingsley Ehizibue,0.617,Carmona,0.5989,Frederic Guilbert,0.5917,Fallou Cham,0.5894
Kelvin Amian,Lateral derecho,Arkadiusz Pyrka,0.9658,Dani Carvajal,0.9184,Tino Livramento,0.9018,Séamus Coleman,0.8859,Ali Dembélé,0.8851,Álex Jiménez,0.8645,Kosta Nedeljković,0.8457,Elseid Hysaj,0.8435,Dimitri Foulquier,0.8397,Othniel Raterink,0.8218,Souleymane Touré,0.8218,Kenny Lala,0.8217,Alessandro Di Pardo,0.8162,Xavi Espart,0.8106,Finley Stevens,0.7987
Lilian Raolisoa,Lateral derecho,Przemysław Frankowski,0.9562,Josip Juranović,0.9228,Thomas Meunier,0.9227,Matty Cash,0.9189,Nahuel Molina,0.9096,Zachary Athekame,0.907,Djibril Sidibé,0.9039,Konrad Laimer,0.9036,Fodé Doucouré,0.9001,Lucas Vázquez,0.8791,Reece James,0.8702,João Cancelo,0.8679,Denzel Dumfries,0.8676,Víctor García,0.8644,Guéla Doué,0.8614
Thomas Meunier,Lateral derecho,Djibril Sidibé,0.9412,Oliver Sonne,0.9274,Lilian Raolisoa,0.9227,Denzel Dumfries,0.9022,Nicolò Savona,0.8944,Josip Juranović,0.891,Fodé Doucouré,0.891,Konrad Laimer,0.8784,Matty Cash,0.8647,Nahuel Molina,0.8621,Alessandro Zanoli,0.8594,Mërgim Vojvoda,0.8546,Héctor Fort,0.8542,Valentin Gendrey,0.8498,Silvan Widmer,0.8436
Achraf Hakimi,Lateral derecho,Josha Vagnoman,0.9113,Mërgim Vojvoda,0.8389,Héctor Fort,0.8065,Víctor García,0.7893,Kevin,0.7864,Óscar Mingueza,0.776,Marius Wolf,0.7727,João Cancelo,0.7523,Matty Cash,0.736,Konrad Laimer,0.7317,Zachary Athekame,0.7293,Denzel Dumfries,0.7259,Josip Juranović,0.7186,Marco Sangalli,0.7166,Valentin Gendrey,0.7122
Saud Abdulhamid,Lateral derecho,Ruben Aguilar,0.8641,Emil Holm,0.8621,Konrad Laimer,0.8447,Lilian Raolisoa,0.8343,Przemysław Frankowski,0.834,Michael Amir Murillo,0.823,Guéla Doué,0.8213,Zachary Athekame,0.806,Jurriën Timber,0.8033,Lucas Vázquez,0.7979,Josip Juranović,0.7805,Nahuel Molina,0.7771,Daniel Muñoz,0.7668,Matty Cash,0.7629,Wesley,0.75
Timothee Pembele,Lateral derecho,Bouna Sarr,0.8784,Timothy Castagne,0.8418,Nathan Patterson,0.8269,Frederic Guilbert,0.8049,Fallou Cham,0.7438,Sebastian Sebulonsen,0.7208,Jan Bürger,0.7012,Loïc Nego,0.6735,Manuel Lazzari,0.6732,Nacho Vidal,0.672,Ki-Jana Hoever,0.6534,Lutsharel Geertruida,0.6393,David Jiménez,0.6391,Pascal Stenzel,0.6379,Aaron Hickey,0.6346
Jonathan Clauss,Lateral derecho,Manolis Saliakas,0.9528,Marius Wolf,0.8929,Diogo Dalot,0.8856,Nahuel Molina,0.8661,Ridle Baku,0.8498,Marnon Busch,0.847,Przemysław Frankowski,0.7979,Reece James,0.7939,Djibril Sidibé,0.7859,Fodé Doucouré,0.7848,João Cancelo,0.7836,Héctor Fort,0.7775,Konrad Laimer,0.7704,Vladimír Coufal,0.7607,Daniel Muñoz,0.7551
Mathieu Acapandié,Lateral derecho,Kosta Nedeljković,0.9787,Jusuf Gazibegović,0.9725,Finley Stevens,0.9725,Timothy Chandler,0.9555,Emil Krafth,0.9403,Matteo Darmian,0.9338,Souleymane Touré,0.9322,Othniel Raterink,0.9322,Leonidas Stergiou,0.9158,Tariq Lamptey,0.9125,Adrià Altimira,0.8912,Elseid Hysaj,0.8828,Dimitri Foulquier,0.8792,Elias Baum,0.8731,Ali Dembélé,0.8728
Ainsley Maitland-Niles,Lateral derecho,Valentin Rosier,0.9411,Ruben Aguilar,0.9399,Rasmus Kristensen,0.9032,Brooke Norton-Cuffy,0.8714,Santiago Mouriño,0.8677,Emil Holm,0.843,Marcos Llorente,0.8339,Wesley,0.8014,Zeki Çelik,0.7779,Giorgi Gocholeishvili,0.7377,Malo Gusto,0.7237,Juanlu Sánchez,0.7123,Saud Abdulhamid,0.6694,Sascha Britschgi,0.6446,Jake O'Brien,0.5592
Jordan Teze,Lateral derecho,Jayden Bogle,0.9749,Fabien Centonze,0.9387,Mats Wieffer,0.9344,Lukas Kübler,0.898,Daniel Muñoz,0.8651,Reece James,0.8429,Guéla Doué,0.8355,Ridle Baku,0.8052,James Justin,0.8006,Nahuel Molina,0.795,João Cancelo,0.7836,Arnau Martinez,0.7815,Silvan Widmer,0.7773,Kiko Femenía,0.7598,Carmona,0.7556
Pol Lirola,Lateral derecho,Matt Doherty,0.9067,Tiago Santos,0.8869,Sacha Boey,0.8829,Luck Zogbé,0.8822,Ángel Ortíz,0.8808,Aurélio Buta,0.8787,Rafik Messali,0.8551,Noussair Mazraoui,0.85,Woyo Coulibaly,0.8469,Lorenzo De Silvestri,0.8418,Álex Jiménez,0.8005,Steeve Kango,0.7981,Danilo Veiga,0.7936,Matteo Darmian,0.7842,Iván Balliu,0.7819
Luck Zogbé,Lateral derecho,Ángel Ortíz,0.9176,Tiago Santos,0.9118,Aurélio Buta,0.8909,Pol Lirola,0.8822,Danilo Veiga,0.8654,Anthony Caci,0.8596,Daniel Oyegoke,0.8473,Tommaso Barbieri,0.8,Buba Sangaré,0.7837,Sacha Boey,0.7779,Woyo Coulibaly,0.7739,Steeve Kango,0.7513,Matt Doherty,0.7453,Iván Balliu,0.7429,Miguel Calatayud,0.7425
Loïc Nego,Lateral derecho,Timothy Castagne,0.9264,Ki-Jana Hoever,0.897,Lamine Sy,0.895,Lutsharel Geertruida,0.8523,Sebastian Sebulonsen,0.8449,Nathan Patterson,0.8376,Ola Aina,0.8359,Nacho Vidal,0.819,Maxime Colin,0.7942,Pedro Lima,0.792,Hans Hateboer,0.7635,Frederic Guilbert,0.7312,Jonny Castro,0.7292,Daniel Oyegoke,0.713,Alex Freeman,0.7088
Koffi Kouao,Lateral derecho,Trai Hume,0.9276,Nordi Mukiele,0.88,Mantilla,0.8578,Joe Scally,0.8542,Iglesias,0.8478,Marco Sangalli,0.7831,Michael Kayode,0.7167,Pablo Maffeo,0.6383,James Justin,0.6115,Jeremy Toljan,0.5892,Jordan Teze,0.5747,Fabien Centonze,0.5726,João Cancelo,0.5553,Jayden Bogle,0.5489,Mats Wieffer,0.5408
Hans Hateboer,Lateral derecho,Lorenz Assignon,0.8332,Iñigo Lekue,0.8102,Ki-Jana Hoever,0.7812,Sebastian Sebulonsen,0.771,Timothy Castagne,0.7643,Loïc Nego,0.7635,Nathan Patterson,0.7606,Lutsharel Geertruida,0.7072,Iñigo Arguibide,0.702,David Jiménez,0.6893,Pedro Lima,0.6778,Lamine Sy,0.6425,Maxime Colin,0.6265,Tariq Lamptey,0.576,Daniel Oyegoke,0.5742
Fabien Centonze,Lateral derecho,Jordan Teze,0.9387,Daniel Muñoz,0.9232,Jayden Bogle,0.9178,Mats Wieffer,0.9144,Guéla Doué,0.8908,Reece James,0.8778,Lukas Kübler,0.867,João Cancelo,0.8519,Michael Amir Murillo,0.8374,Nahuel Molina,0.8286,Silvan Widmer,0.8254,Jurriën Timber,0.8237,Mateu Morey,0.8197,Konrad Laimer,0.8007,James Justin,0.8001
Tiago Santos,Lateral derecho,Luck Zogbé,0.9118,Pol Lirola,0.8869,Miguel Calatayud,0.8254,Ángel Ortíz,0.8173,Steeve Kango,0.8144,Jan Bürger,0.8078,Séamus Coleman,0.771,Aurélio Buta,0.7527,Sacha Boey,0.7461,Tommaso Barbieri,0.7297,Kieran Trippier,0.7282,Manuel Lazzari,0.7265,Cléo Melieres,0.7149,Pascal Stenzel,0.7113,Matteo Darmian,0.7086
Marius Louer,Lateral derecho,Kilian Fischer,0.9735,Stefano Sabelli,0.8562,Christ-Owen Kouassi,0.7046,Ángel Ortíz,0.6731,Tariq Lamptey,0.6588,Adrià Altimira,0.6496,Andrés García,0.645,Pablo Maffeo,0.6403,Michael Kayode,0.6378,Iglesias,0.6102,Leonidas Stergiou,0.6009,Matteo Darmian,0.5745,Alex Freeman,0.5706,Steeve Kango,0.565,Aurélio Buta,0.5621
Rafik Messali,Lateral derecho,Noussair Mazraoui,0.9552,Renzo Saravia,0.9482,Iván Balliu,0.9472,Matt Doherty,0.9443,Buba Sangaré,0.9275,Lorenzo De Silvestri,0.9219,Sacha Boey,0.916,Aurélio Buta,0.9068,Woyo Coulibaly,0.8605,Pol Lirola,0.8551,Ignace Van Der Brempt,0.8482,Danilo Veiga,0.8465,Nacho Pérez,0.7987,Omar El Hilali,0.7822,Ivan Smolčić,0.7708
Vanderson,Lateral derecho,Hamari Traoré,0.844,Ismael Bekhoucha,0.841,Carlens Arcus,0.8318,Thierry Correia,0.784,Sael Kumbedi,0.7748,Christopher Trimmel,0.7734,Omar El Hilali,0.7519,Conor Bradley,0.7133,Jesús Areso,0.6775,Andoni Gorosabel,0.656,Nathaniel Clyne,0.64,Adam Smith,0.6371,Ignace Van Der Brempt,0.6289,Julian Ryerson,0.6102,Aaron Wan-Bissaka,0.6102
Clément Michelin,Lateral derecho,William Mikelbrencis,0.815,Yukinari Sugawara,0.7496,Giorgi Gocholeishvili,0.7258,Marcos Llorente,0.7197,Andrei Ratiu,0.711,Allan Nyom,0.6952,Pasquale Mazzocchi,0.6638,Juanlu Sánchez,0.6306,Achraf Hakimi,0.6071,Rubén,0.5857,Pedro Porro,0.5781,Lorenz Assignon,0.5536,Kevin,0.5051,Zeki Çelik,0.5014,Marius Wolf,0.4976
Mantilla,Lateral derecho,Joe Scally,0.9522,Nordi Mukiele,0.9123,Marco Sangalli,0.8708,Trai Hume,0.866,Koffi Kouao,0.8578,Michael Kayode,0.8302,Pablo Maffeo,0.8074,Jeremy Toljan,0.7819,Iglesias,0.7364,Malo Gusto,0.6557,Hugo Rincón,0.6527,Michael Amir Murillo,0.5875,Joël Veltman,0.5852,Jurriën Timber,0.5811,Arnau Martinez,0.5675
Marco Sangalli,Lateral derecho,Joe Scally,0.8972,Mantilla,0.8708,Malo Gusto,0.8212,Koffi Kouao,0.7831,Nordi Mukiele,0.7596,Trai Hume,0.719,Achraf Hakimi,0.7166,João Cancelo,0.6875,Saud Abdulhamid,0.6684,James Justin,0.6465,Lucas Vázquez,0.6363,Devyne Rensch,0.6331,Konrad Laimer,0.6277,Wesley,0.6266,Jurriën Timber,0.6245
Angel Gomes,Mediocentro ofensivo,Alejandro Mestanza,0.9014,Love Arrhov,0.8895,Giovanni Fabbian,0.8892,Valentin Carboni,0.8823,Isaac,0.8629,Daichi Kamada,0.8588,Aimar Oroz,0.858,Albert Grønbaek,0.8513,Justin Devenny,0.8319,Mario Götze,0.8314,Pablo Agudín,0.8313,Ali Houary,0.8297,Calebe,0.8276,Maximilian Philipp,0.8213,Tawanda Chirewa,0.8108
Chris Rigg,Mediocentro ofensivo,Lee Jae-sung,0.8836,Omri Gandelman,0.8141,Bernardo Silva,0.781,Emile Smith Rowe,0.7553,Louis Leroux,0.7291,Dro Fernández,0.6516,Iker Losada,0.6278,Elif Elmas,0.5869,Merlin Röhl,0.57,Gio Reyna,0.552,Noah Nartey,0.5287,Florian Wirtz,0.5228,Martin Ødegaard,0.4791,Nikola Vlašić,0.4755,Facundo Buonanotte,0.4593
Justin Devenny,Mediocentro ofensivo,Mikel Goti,0.9399,Alejandro Mestanza,0.9353,Mike Trésor,0.8942,Diego Diaz,0.8661,Dani Rodríguez,0.8523,Maximilian Philipp,0.8505,Mario Götze,0.8415,Antoni Milambo,0.8392,Angel Gomes,0.8319,Pablo Agudín,0.818,Filippo Carbone,0.8063,Albert Grønbaek,0.7902,Daichi Kamada,0.7874,Nicolae Stanciu,0.7838,Andrija Maksimović,0.7703
Mason Mount,Mediocentro ofensivo,Patrice Čović,0.9269,Gio Reyna,0.9145,Malik Tillman,0.8541,Thomas Lemar,0.7889,Noah Nartey,0.7812,Merlin Röhl,0.7691,Daniel Maldini,0.7259,Dro Fernández,0.7182,Justin Kluivert,0.6783,Kamory Doumbia,0.6675,Adrian Beck,0.6454,Iker Losada,0.6436,Lorran,0.6381,Omri Gandelman,0.5755,Hákon Haraldsson,0.5738
Justin Kluivert,Mediocentro ofensivo,Carlos Álvarez,0.7436,Patrice Čović,0.7036,Thomas Lemar,0.6887,Mason Mount,0.6783,Peque,0.6609,Merlin Röhl,0.653,Noah Nartey,0.6334,Gio Reyna,0.6299,Nikola Vlašić,0.6222,Tommaso Baldanzi,0.6143,Fabian Rieder,0.6102,Randy Nteka,0.593,Denis Suárez,0.5742,Adrian Beck,0.5708,Jens Odgaard,0.5455
Brenden Aaronson,Mediocentro ofensivo,Bilal El Khannouss,0.8612,Ethan Nwaneri,0.8396,Kamory Doumbia,0.7983,Lennart Karl,0.788,Jonas Hofmann,0.7864,Iker Losada,0.7848,Dani Olmo,0.7752,Alexis Sánchez,0.7748,Phil Foden,0.7623,Cristian Volpato,0.7588,Mikkel Damsgaard,0.7565,Bruno Fernandes,0.7364,Serge Gnabry,0.7256,Christoph Baumgartner,0.7213,Sebastiano Esposito,0.7178
James Mcatee,Mediocentro ofensivo,Moi Gómez,0.8469,Félix Lemaréchal,0.8431,Pablo Marín,0.7412,Romain Faivre,0.7407,Bernardo Silva,0.732,Mattéo Tramoni,0.7149,Domingos André Ribeiro Almeida,0.7098,Hannibal Mejbri,0.6875,Christian Eriksen,0.672,Faustino Anjorin,0.6334,Dani Raba,0.6248,Sofiane Boufal,0.5916,Aimar Oroz,0.5904,Calebe,0.5845,Daichi Kamada,0.5778
Merlin Röhl,Mediocentro ofensivo,Adrian Beck,0.8599,Gio Reyna,0.8432,Dro Fernández,0.8037,Louis Leroux,0.778,Mason Mount,0.7691,Patrice Čović,0.7365,Emile Smith Rowe,0.7165,Bence Dárdai,0.6897,Justin Kluivert,0.653,Maximilian Philipp,0.6217,Noah Nartey,0.6099,Himad Abdelli,0.5867,Omri Gandelman,0.5769,Ali Houary,0.5737,Jack Fletcher,0.5704
Florian Wirtz,Mediocentro ofensivo,Noah Nartey,0.8651,Jeong Woo-yeong,0.8438,Fabio Carvalho,0.8418,Adam Boayar,0.8333,Iker Losada,0.8294,Yuito Suzuki,0.777,Julian Brandt,0.7671,Omri Gandelman,0.7474,Morgan Gibbs-White,0.7284,Malik Tillman,0.7033,Mikkel Damsgaard,0.6992,Eberechi Eze,0.6979,Lorran,0.6976,Emile Smith Rowe,0.6963,Serge Gnabry,0.682
Lucas Paquetá,Mediocentro ofensivo,Luka Ilić,0.9553,Aleksandr Golovin,0.9063,Fabio Vieira,0.8374,Immanuel Pherai,0.793,Dominik Szoboszlai,0.7537,Oihan Sancet,0.7336,Brais Méndez,0.726,Paul Nebel,0.7223,Isaac Palazón Camacho,0.7074,Albert Guðmundsson,0.7029,Louis Mouton,0.6603,Xavi Simons,0.6241,Tomáš Suslov,0.5678,Peio Canales,0.5171,Tommaso Baldanzi,0.2402
Eberechi Eze,Mediocentro ofensivo,Morgan Gibbs-White,0.9369,Wael Mohya,0.9304,Martin Baturina,0.9302,Hákon Haraldsson,0.9278,Stanis Idumbo,0.9133,Jeong Woo-yeong,0.8776,Ethan Nwaneri,0.8733,Morgan Rogers,0.8603,Léo Scienza,0.8533,Can Uzun,0.8513,Serge Gnabry,0.841,Dani Olmo,0.8371,Jamal Musiala,0.8286,Pavel Šulc,0.8076,Julian Brandt,0.8071
Omari Hutchinson,Mediocentro ofensivo,Romano Schmid,0.9043,Christian Eriksen,0.8592,Arijon Ibrahimović,0.8502,Giovani Lo Celso,0.7865,Lorenzo Pellegrini,0.7823,Sebastian Szymański,0.7394,Danel Sinani,0.73,Romain Faivre,0.6966,Julio Enciso,0.6773,Mert Kömür,0.6544,Unai Gómez,0.6397,Lee Kang-in,0.6322,Marcus Tavernier,0.6042,Kevin De Bruyne,0.5917,Fares Chaïbi,0.587
Rayan Cherki,Mediocentro ofensivo,Jamal Musiala,0.9293,Bruno Fernandes,0.8759,Dani Olmo,0.8663,Arda Güler,0.8244,Martin Baturina,0.8029,Phil Foden,0.7968,Stanis Idumbo,0.7604,Brajan Gruda,0.7587,Paulo Dybala,0.7565,Can Uzun,0.7313,Isco,0.7234,Fermin López,0.7212,Alexis Claude-Maurice,0.7119,Serge Gnabry,0.7098,Ibrahim Maza,0.7075
Mateus Mane,Mediocentro ofensivo,Calvin Stengs,0.8327,Jano Monserrate,0.6838,Claudio Echeverri,0.6734,Alexis Claude-Maurice,0.6458,Muhammed Damar,0.6277,Gabin Bernardeau,0.6188,Reda Khadra,0.5902,Diego Fuentes,0.5876,Paulo Dybala,0.5851,Giacomo Raspadori,0.5851,Danel Sinani,0.5554,Julio Enciso,0.5517,Lee Kang-in,0.54,Samuele Inácio,0.5333,Mert Kömür,0.5316
Fer López,Mediocentro ofensivo,Aimar Oroz,0.7769,Félix Lemaréchal,0.7113,Moi Gómez,0.7001,Darryl Bakola,0.6492,Óscar Trejo,0.6471,Isaac,0.6458,Dominic Vavassori,0.6233,Hannibal Mejbri,0.6188,Iván Corralejo,0.6186,Tawanda Chirewa,0.6116,Sofiane Boufal,0.5885,Giovanni Fabbian,0.5821,Isco,0.5685,Nicolò Cavuoti,0.5634,Charles De Ketelaere,0.5116
Hannibal Mejbri,Mediocentro ofensivo,Sofiane Boufal,0.8994,Lovro Majer,0.8649,Antonio Vergara,0.8612,Óscar Trejo,0.8106,Denis Suárez,0.7353,James Mcatee,0.6875,Cristian Volpato,0.6826,Fer López,0.6188,Sebastian Szymański,0.6147,Moi Gómez,0.599,Dermane Karim,0.5855,Kevin Stöger,0.5848,Sebastiano Esposito,0.5839,Franco Vázquez,0.5578,Félix Lemaréchal,0.5537
Phil Foden,Mediocentro ofensivo,Serge Gnabry,0.9542,Brajan Gruda,0.9468,Dani Olmo,0.9438,Fermin López,0.937,Lennart Karl,0.9293,Andrej Kramarić,0.9211,Antoine Griezmann,0.9131,Ethan Nwaneri,0.9081,Enzo Fernández,0.8951,Florian Kainz,0.8874,Bilal El Khannouss,0.8838,Cole Palmer,0.8811,Can Uzun,0.8808,Marcus Tavernier,0.8722,Morgan Gibbs-White,0.8651
Mikkel Damsgaard,Mediocentro ofensivo,Iker Losada,0.8999,Brenden Aaronson,0.7565,Adam Boayar,0.7514,Bilal El Khannouss,0.7443,Lennart Karl,0.7328,Malik Tillman,0.7149,Lorran,0.7043,Florian Wirtz,0.6992,Kamory Doumbia,0.6976,Lee Jae-sung,0.6379,Lazar Samardzic,0.6251,Fares Chaïbi,0.6236,Bruno Fernandes,0.6163,Fabio Carvalho,0.6157,Ibrahim Maza,0.6152
Emile Smith Rowe,Mediocentro ofensivo,Louis Leroux,0.7872,Lee Jae-sung,0.7614,Chris Rigg,0.7553,Dro Fernández,0.7424,Merlin Röhl,0.7165,Florian Wirtz,0.6963,Omri Gandelman,0.675,Gio Reyna,0.6391,Noah Nartey,0.6332,Iker Losada,0.6281,Ismaël Guerti,0.5986,Patrice Čović,0.5864,Mikkel Damsgaard,0.5539,Antoni Milambo,0.5414,Bence Dárdai,0.5369
Daichi Kamada,Mediocentro ofensivo,Bence Dárdai,0.9279,Calebe,0.9269,Ali Houary,0.9168,Valentin Carboni,0.8904,Pablo Marín,0.8883,Jack Fletcher,0.8821,Maximilian Philipp,0.8818,Mario Götze,0.8778,Himad Abdelli,0.8774,César Palacios,0.873,Faustino Anjorin,0.8725,Love Arrhov,0.8674,Angel Gomes,0.8588,Alejandro Mestanza,0.8154,Ismaël Guerti,0.8079
Martin Ødegaard,Mediocentro ofensivo,Jonas Hofmann,0.7433,Christian Eriksen,0.7386,Fares Chaïbi,0.7386,Romain Faivre,0.7236,Romano Schmid,0.7015,Elif Elmas,0.622,Kevin De Bruyne,0.6217,Charles De Ketelaere,0.6057,Bruno Fernandes,0.5893,Omari Hutchinson,0.5515,Julio Enciso,0.5497,Julian Brandt,0.5362,Brenden Aaronson,0.5301,Arijon Ibrahimović,0.5122,Rayan Cherki,0.5063
Cole Palmer,Mediocentro ofensivo,Enzo Fernández,0.9231,Morgan Rogers,0.9151,Andrej Kramarić,0.9098,Morgan Gibbs-White,0.9084,Brajan Gruda,0.9052,Wesley Saïd,0.8941,Pavel Šulc,0.8816,Phil Foden,0.8811,Antoine Griezmann,0.8698,Serge Gnabry,0.8697,Can Uzun,0.8695,Julian Brandt,0.8544,Giacomo Raspadori,0.8472,Jens Odgaard,0.8307,Marcus Tavernier,0.8241
Xavi Simons,Mediocentro ofensivo,Dominik Szoboszlai,0.7671,Fabio Vieira,0.7331,Aleksandr Golovin,0.6943,Immanuel Pherai,0.6699,Peio Canales,0.6577,Lucas Paquetá,0.6241,Paul Nebel,0.5515,Isco,0.5331,Isaac Palazón Camacho,0.5293,Darryl Bakola,0.4707,Luka Ilić,0.4657,Hannibal Mejbri,0.4542,Cristian Volpato,0.4524,Sofiane Boufal,0.4438,Franco Vázquez,0.4386
Marcus Tavernier,Mediocentro ofensivo,Lee Kang-in,0.9276,Antoine Griezmann,0.9259,Lorenzo Pellegrini,0.8955,Kevin De Bruyne,0.8764,Andrej Kramarić,0.8759,Phil Foden,0.8722,Lennart Karl,0.8625,Fermin López,0.8557,Jonas Hofmann,0.844,Enzo Fernández,0.844,Giovani Lo Celso,0.8283,Mert Kömür,0.8258,Cole Palmer,0.8241,Brajan Gruda,0.8155,Florian Kainz,0.8137
Fabio Carvalho,Mediocentro ofensivo,Adam Boayar,0.9477,Vasilije Adžić,0.9184,Lorran,0.8821,Florian Wirtz,0.8418,Léo Scienza,0.8112,Eberechi Eze,0.7949,Stanis Idumbo,0.7934,Morgan Gibbs-White,0.7914,Giacomo Raspadori,0.7838,Jeong Woo-yeong,0.7805,Serge Gnabry,0.7611,Wael Mohya,0.7581,Lennart Karl,0.7554,Julian Brandt,0.753,Malik Tillman,0.7514
Harry Howell,Mediocentro ofensivo,Rayane Belaid,0.959,Facundo Buonanotte,0.8808,Toni Fernández,0.8808,George Earthy,0.8808,Elif Elmas,0.8801,Adrian Przyborek,0.8355,Mario Götze,0.8163,Divine Mukasa,0.757,Unai Gómez,0.7541,Antoni Milambo,0.7514,Mathis Jangeal,0.7447,Mathis Saka,0.7447,Mike Trésor,0.7383,Justin Devenny,0.7217,Harvey Elliott,0.7074
Bruno Fernandes,Mediocentro ofensivo,Arda Güler,0.9283,Ibrahim Maza,0.8989,Fares Chaïbi,0.8904,Rayan Cherki,0.8759,Bilal El Khannouss,0.8363,Lennart Karl,0.7976,Dani Olmo,0.7888,Phil Foden,0.7872,Brenden Aaronson,0.7364,Jonas Hofmann,0.7343,Paulo Dybala,0.7222,Fermin López,0.7183,Florian Kainz,0.7113,Mert Kömür,0.7038,Cristian Volpato,0.6987
Enzo Fernández,Mediocentro ofensivo,Pavel Šulc,0.9386,Cole Palmer,0.9231,Morgan Rogers,0.92,Christoph Baumgartner,0.9075,Florian Kainz,0.907,Wesley Saïd,0.9062,Fermin López,0.9035,Alexis Sánchez,0.9026,Phil Foden,0.8951,Brajan Gruda,0.8822,Jude Bellingham,0.88,Can Uzun,0.8719,Pablo Torre,0.8641,Ethan Nwaneri,0.8555,Randy Nteka,0.8533
Morgan Gibbs-White,Mediocentro ofensivo,Jeong Woo-yeong,0.9589,Julian Brandt,0.9494,Serge Gnabry,0.9433,Eberechi Eze,0.9369,Wesley Saïd,0.9117,Morgan Rogers,0.9112,Andrej Kramarić,0.91,Cole Palmer,0.9084,Pavel Šulc,0.9024,Ethan Nwaneri,0.8784,Hákon Haraldsson,0.8675,Phil Foden,0.8651,Yuito Suzuki,0.8548,Giacomo Raspadori,0.8514,Brajan Gruda,0.8466
Harvey Elliott,Mediocentro ofensivo,Andrija Maksimović,0.9487,Adrian Przyborek,0.935,Dani Rodríguez,0.8753,Pablo Agudín,0.8729,Jamaldeen Jimoh,0.8614,Rayane Belaid,0.8343,Toni Fernández,0.8002,George Earthy,0.8002,Facundo Buonanotte,0.8002,Diego Diaz,0.7936,Mikel Goti,0.7776,Isaac,0.7737,Filippo Carbone,0.7605,Justin Devenny,0.7554,Nicolò Cavuoti,0.7409
Jack Fletcher,Mediocentro ofensivo,Maximilian Philipp,0.9548,Bence Dárdai,0.9393,Ali Houary,0.9335,Mario Götze,0.9312,Antoni Milambo,0.923,Filippo Carbone,0.9016,Daichi Kamada,0.8821,Divine Mukasa,0.8704,Mathis Jangeal,0.8692,Mathis Saka,0.8692,Louis Leroux,0.8671,Love Arrhov,0.8342,Facundo Buonanotte,0.8115,George Earthy,0.8115,Toni Fernández,0.8115
James Maddison,Mediocentro ofensivo,Abdelhamid Sabiri,0.9986,Mikel Goti,0.9099,Dani Rodríguez,0.826,Jano Monserrate,0.8137,César Palacios,0.7978,Alejandro Mestanza,0.7873,Justin Devenny,0.7526,Gabin Bernardeau,0.752,Reda Khadra,0.7516,Angel Gomes,0.7458,Diego Diaz,0.744,Filippo Carbone,0.7367,Tomáš Suslov,0.7001,Ali Houary,0.6862,Pablo Agudín,0.6787
Bernardo Silva,Mediocentro ofensivo,Chris Rigg,0.781,Nikola Vlašić,0.7666,Faustino Anjorin,0.7657,Lee Jae-sung,0.749,James Mcatee,0.732,Pablo Marín,0.7072,Mattéo Tramoni,0.6494,Elif Elmas,0.6325,Louis Leroux,0.6291,Denis Suárez,0.6105,Moi Gómez,0.5769,Lovro Majer,0.5744,Bence Dárdai,0.5665,Himad Abdelli,0.5555,Jack Fletcher,0.5109
Antoni Milambo,Mediocentro ofensivo,Mike Trésor,0.9314,Jack Fletcher,0.923,Maximilian Philipp,0.8956,Filippo Carbone,0.8946,Mario Götze,0.888,Toni Fernández,0.8866,George Earthy,0.8866,Facundo Buonanotte,0.8866,Ismaël Guerti,0.8712,Louis Leroux,0.8548,Bence Dárdai,0.8539,Dani Rodríguez,0.8498,Justin Devenny,0.8392,Adrian Przyborek,0.8281,Diego Diaz,0.8267
Facundo Buonanotte,Mediocentro ofensivo,Toni Fernández,1.0,George Earthy,1.0,Adrian Przyborek,0.9357,Divine Mukasa,0.9168,Rayane Belaid,0.9119,Jamaldeen Jimoh,0.9107,Mathis Saka,0.9063,Mathis Jangeal,0.9063,Antoni Milambo,0.8866,Harry Howell,0.8808,Andrija Maksimović,0.8462,Mario Götze,0.8437,Pablo Agudín,0.8196,Nicolò Cavuoti,0.8128,Jack Fletcher,0.8115
Mike Trésor,Mediocentro ofensivo,Nicolae Stanciu,0.9486,Diego Diaz,0.9455,Antoni Milambo,0.9314,Ismaël Guerti,0.9101,Justin Devenny,0.8942,Dani Rodríguez,0.8706,Mikel Goti,0.8514,Mario Götze,0.8503,Filippo Carbone,0.8337,Alejandro Mestanza,0.8285,Maximilian Philipp,0.8022,Jack Fletcher,0.7996,Bence Dárdai,0.7779,Adrian Przyborek,0.7711,Daichi Kamada,0.7632
Tawanda Chirewa,Mediocentro ofensivo,Iván Corralejo,0.9998,Dominic Vavassori,0.9996,Nicolò Cavuoti,0.9919,Isaac,0.9799,Pablo Agudín,0.9337,Giovanni Fabbian,0.9302,Mathis Jangeal,0.9214,Mathis Saka,0.9214,Divine Mukasa,0.9148,Jamaldeen Jimoh,0.9122,Andrija Maksimović,0.8857,Aimar Oroz,0.8606,Love Arrhov,0.8227,Angel Gomes,0.8108,Filippo Carbone,0.806
Divine Mukasa,Mediocentro ofensivo,Mathis Jangeal,0.9997,Mathis Saka,0.9997,Nicolò Cavuoti,0.9549,Jamaldeen Jimoh,0.9276,Pablo Agudín,0.9231,George Earthy,0.9168,Toni Fernández,0.9168,Facundo Buonanotte,0.9168,Tawanda Chirewa,0.9148,Iván Corralejo,0.9095,Dominic Vavassori,0.9033,Giovanni Fabbian,0.8943,Isaac,0.8806,Andrija Maksimović,0.8739,Jack Fletcher,0.8704
Morgan Rogers,Mediocentro ofensivo,Pavel Šulc,0.9621,Can Uzun,0.9303,Hákon Haraldsson,0.9269,Jens Odgaard,0.9267,Enzo Fernández,0.92,Cole Palmer,0.9151,Wesley Saïd,0.9116,Morgan Gibbs-White,0.9112,Brajan Gruda,0.8882,Randy Nteka,0.8865,Ethan Nwaneri,0.8807,Wael Mohya,0.8759,Alexis Sánchez,0.8648,Phil Foden,0.861,Eberechi Eze,0.8603
Dominik Szoboszlai,Mediocentro ofensivo,Aleksandr Golovin,0.9119,Fabio Vieira,0.8308,Paul Nebel,0.7942,Peio Canales,0.7885,Xavi Simons,0.7671,Lucas Paquetá,0.7537,Brais Méndez,0.6856,Luka Ilić,0.6441,Bilal El Khannouss,0.5583,Louis Mouton,0.5295,Albert Guðmundsson,0.5275,Bruno Fernandes,0.5159,Florian Kainz,0.468,Fares Chaïbi,0.4609,Cristian Volpato,0.454
George Earthy,Mediocentro ofensivo,Toni Fernández,1.0,Facundo Buonanotte,1.0,Adrian Przyborek,0.9357,Divine Mukasa,0.9168,Rayane Belaid,0.9119,Jamaldeen Jimoh,0.9107,Mathis Saka,0.9063,Mathis Jangeal,0.9063,Antoni Milambo,0.8866,Harry Howell,0.8808,Andrija Maksimović,0.8462,Mario Götze,0.8437,Pablo Agudín,0.8196,Nicolò Cavuoti,0.8128,Jack Fletcher,0.8115
Jamaldeen Jimoh,Mediocentro ofensivo,Andrija Maksimović,0.9584,Nicolò Cavuoti,0.9482,Divine Mukasa,0.9276,Pablo Agudín,0.9265,Mathis Saka,0.9234,Mathis Jangeal,0.9234,Iván Corralejo,0.9134,Tawanda Chirewa,0.9122,Toni Fernández,0.9107,George Earthy,0.9107,Facundo Buonanotte,0.9107,Isaac,0.9081,Dominic Vavassori,0.9059,Adrian Przyborek,0.8776,Harvey Elliott,0.8614
Alexis Sánchez,Mediocentro ofensivo,Pavel Šulc,0.9261,Enzo Fernández,0.9026,Christoph Baumgartner,0.9003,Wesley Saïd,0.8675,Morgan Rogers,0.8648,Yuito Suzuki,0.858,Ethan Nwaneri,0.8411,Fabian Rieder,0.8264,Pablo Torre,0.8216,Randy Nteka,0.8085,Kamory Doumbia,0.7938,Fermin López,0.7878,Jens Odgaard,0.7837,Jeong Woo-yeong,0.7801,Brenden Aaronson,0.7748
Moi Gómez,Mediocentro ofensivo,Aimar Oroz,0.909,Félix Lemaréchal,0.9027,James Mcatee,0.8469,Pablo Marín,0.8303,Calebe,0.8004,Domingos André Ribeiro Almeida,0.7948,Mario Götze,0.7568,Daichi Kamada,0.7561,Love Arrhov,0.7499,Angel Gomes,0.7122,Giovanni Fabbian,0.7076,Fer López,0.7001,Jack Fletcher,0.6969,Ali Houary,0.6878,César Palacios,0.6633
Thomas Lemar,Mediocentro ofensivo,Fabian Rieder,0.8554,Christoph Baumgartner,0.8553,Malik Tillman,0.8467,Daniel Maldini,0.8458,Patrice Čović,0.8375,Jude Bellingham,0.8227,Randy Nteka,0.8018,Mason Mount,0.7889,Kamory Doumbia,0.7887,Pablo Torre,0.7547,Jens Odgaard,0.7493,Nicolás Paz,0.7334,Vasilije Adžić,0.7232,Wael Mohya,0.7166,Sebastiano Esposito,0.7064
Pablo Torre,Mediocentro ofensivo,Jude Bellingham,0.9538,Florian Kainz,0.9389,Christoph Baumgartner,0.9366,Sebastiano Esposito,0.9109,Fabian Rieder,0.9082,Fermin López,0.8763,Cristian Volpato,0.8719,Enzo Fernández,0.8641,Nicolás Paz,0.8495,Kamory Doumbia,0.8385,Can Uzun,0.8219,Alexis Sánchez,0.8216,Bilal El Khannouss,0.808,Nicolò Zaniolo,0.8009,Antonio Vergara,0.7964
Iván Corralejo,Mediocentro ofensivo,Tawanda Chirewa,0.9998,Dominic Vavassori,0.9998,Nicolò Cavuoti,0.9908,Isaac,0.9811,Pablo Agudín,0.9327,Giovanni Fabbian,0.9277,Mathis Saka,0.916,Mathis Jangeal,0.916,Jamaldeen Jimoh,0.9134,Divine Mukasa,0.9095,Andrija Maksimović,0.8878,Aimar Oroz,0.8608,Love Arrhov,0.8179,Angel Gomes,0.8081,Filippo Carbone,0.8062
Denis Suárez,Mediocentro ofensivo,Nikola Vlašić,0.7645,Lovro Majer,0.752,Hannibal Mejbri,0.7353,Dermane Karim,0.6933,Carlos Álvarez,0.644,Antonio Vergara,0.6431,Calebe,0.6326,Love Arrhov,0.6201,Aimar Oroz,0.612,Bernardo Silva,0.6105,Moi Gómez,0.6074,Faustino Anjorin,0.5964,Justin Kluivert,0.5742,Valentin Carboni,0.5621,Peque,0.5583
Pablo Marín,Mediocentro ofensivo,Mario Götze,0.9065,Faustino Anjorin,0.9038,Daichi Kamada,0.8883,Moi Gómez,0.8303,Jack Fletcher,0.8083,Angel Gomes,0.7884,Aimar Oroz,0.782,Alejandro Mestanza,0.7808,Calebe,0.7787,Bence Dárdai,0.7755,Himad Abdelli,0.77,Love Arrhov,0.7669,Giovanni Fabbian,0.7524,Valentin Carboni,0.746,James Mcatee,0.7412
Antoine Griezmann,Mediocentro ofensivo,Andrej Kramarić,0.9786,Lennart Karl,0.9455,Kevin De Bruyne,0.9394,Serge Gnabry,0.9389,Marcus Tavernier,0.9259,Julian Brandt,0.9205,Phil Foden,0.9131,Jonas Hofmann,0.9072,Giacomo Raspadori,0.8908,Cole Palmer,0.8698,Brajan Gruda,0.8419,Morgan Gibbs-White,0.8347,Wesley Saïd,0.8266,Lee Kang-in,0.8213,Enzo Fernández,0.8196
Brais Méndez,Mediocentro ofensivo,Aleksandr Golovin,0.8298,Lucas Paquetá,0.726,Pablo Torre,0.718,Randy Nteka,0.7169,Enzo Fernández,0.7165,Christoph Baumgartner,0.7078,Florian Kainz,0.7067,Dominik Szoboszlai,0.6856,Fabio Vieira,0.6815,Jude Bellingham,0.6803,Tommaso Baldanzi,0.6613,Pavel Šulc,0.6586,Fermin López,0.6398,Alexis Sánchez,0.634,Can Uzun,0.6249
Jano Monserrate,Mediocentro ofensivo,Reda Khadra,0.8868,Gabin Bernardeau,0.8865,James Maddison,0.8137,Abdelhamid Sabiri,0.8115,Calvin Stengs,0.7401,Muhammed Damar,0.7101,Tomáš Suslov,0.702,Mateus Mane,0.6838,Mikel Goti,0.6476,Albert Grønbaek,0.5666,Arsen Zakharyan,0.5643,Alejandro Mestanza,0.5492,Diego Fuentes,0.5416,Justin Devenny,0.5401,Angel Gomes,0.5333
Giovani Lo Celso,Mediocentro ofensivo,Lorenzo Pellegrini,0.9758,Mert Kömür,0.8789,Sebastian Szymański,0.8739,Lee Kang-in,0.8679,Marcus Tavernier,0.8283,Julio Enciso,0.8275,Danel Sinani,0.7963,Omari Hutchinson,0.7865,Claudio Echeverri,0.7735,Paulo Dybala,0.7715,Diego Fuentes,0.7609,Nicolò Zaniolo,0.756,Florian Kainz,0.7053,Arda Güler,0.6869,Charles De Ketelaere,0.6743
Dani Raba,Mediocentro ofensivo,Domingos André Ribeiro Almeida,0.8814,Félix Lemaréchal,0.7889,Nicolae Stanciu,0.7334,Darryl Bakola,0.692,Isco,0.663,James Mcatee,0.6248,Ismaël Guerti,0.6104,Kevin Stöger,0.6004,Romain Faivre,0.595,Mattéo Tramoni,0.5812,James Maddison,0.5739,César Palacios,0.5715,Abdelhamid Sabiri,0.5704,Mike Trésor,0.5694,Diego Diaz,0.5571
Ali Houary,Mediocentro ofensivo,Maximilian Philipp,0.9637,César Palacios,0.9537,Jack Fletcher,0.9335,Bence Dárdai,0.9313,Filippo Carbone,0.9257,Daichi Kamada,0.9168,Love Arrhov,0.9121,Calebe,0.8879,Angel Gomes,0.8297,Mario Götze,0.8277,Dani Rodríguez,0.8271,Antoni Milambo,0.8211,Valentin Carboni,0.8007,Mikel Goti,0.7878,Justin Devenny,0.7641
Rayane Belaid,Mediocentro ofensivo,Harry Howell,0.959,Adrian Przyborek,0.9275,Facundo Buonanotte,0.9119,Toni Fernández,0.9119,George Earthy,0.9119,Harvey Elliott,0.8343,Divine Mukasa,0.8211,Andrija Maksimović,0.8177,Mathis Saka,0.8106,Mathis Jangeal,0.8106,Pablo Agudín,0.8038,Jamaldeen Jimoh,0.7951,Mario Götze,0.7654,Elif Elmas,0.7579,Justin Devenny,0.7545
Claudio Echeverri,Mediocentro ofensivo,Nicolò Zaniolo,0.9049,Danel Sinani,0.8315,Giovani Lo Celso,0.7735,Diego Fuentes,0.7629,Lee Kang-in,0.7623,Lorenzo Pellegrini,0.762,Mert Kömür,0.7577,Tommaso Baldanzi,0.7087,Samuele Inácio,0.6913,Julio Enciso,0.6761,Mateus Mane,0.6734,Alexis Claude-Maurice,0.6716,Paulo Dybala,0.6464,Óscar Trejo,0.6325,Peque,0.6253
Óscar Trejo,Mediocentro ofensivo,Sofiane Boufal,0.9108,Hannibal Mejbri,0.8106,Diego Fuentes,0.7076,Darryl Bakola,0.6877,Nicolò Zaniolo,0.6783,Fer López,0.6471,Claudio Echeverri,0.6325,Sebastian Szymański,0.6321,Isco,0.6137,Giovani Lo Celso,0.6115,Franco Vázquez,0.5741,Félix Lemaréchal,0.5593,Kevin Stöger,0.5589,Antonio Vergara,0.548,James Mcatee,0.536
Isco,Mediocentro ofensivo,Darryl Bakola,0.9561,Rayan Cherki,0.7234,Dani Raba,0.663,Sofiane Boufal,0.6154,Óscar Trejo,0.6137,Félix Lemaréchal,0.6106,Jamal Musiala,0.5886,Bruno Fernandes,0.5849,Fer López,0.5685,Diego Fuentes,0.5476,Fares Chaïbi,0.5369,Xavi Simons,0.5331,Ibrahim Maza,0.5295,Paulo Dybala,0.5288,Domingos André Ribeiro Almeida,0.5106
Randy Nteka,Mediocentro ofensivo,Jens Odgaard,0.976,Pavel Šulc,0.905,Wesley Saïd,0.8961,Morgan Rogers,0.8865,Armindo Sieb,0.8835,Enzo Fernández,0.8533,Tommaso Baldanzi,0.8402,Samuele Inácio,0.8306,Christoph Baumgartner,0.8239,Daniel Maldini,0.8087,Alexis Sánchez,0.8085,Cole Palmer,0.8051,Thomas Lemar,0.8018,Hákon Haraldsson,0.8006,Jude Bellingham,0.7942
Arsen Zakharyan,Mediocentro ofensivo,Albert Grønbaek,0.8614,Alejandro Mestanza,0.7648,Muhammed Damar,0.7618,Hong Hyunseok,0.7609,Gabin Bernardeau,0.7461,Valentin Carboni,0.7299,Reda Khadra,0.725,Faustino Anjorin,0.7205,Pablo Marín,0.7198,Himad Abdelli,0.7178,Angel Gomes,0.6947,Justin Devenny,0.6839,Daichi Kamada,0.6702,Adam Karabec,0.584,Mario Götze,0.5772
Domingos André Ribeiro Almeida,Mediocentro ofensivo,Félix Lemaréchal,0.902,Dani Raba,0.8814,Nicolae Stanciu,0.806,Moi Gómez,0.7948,Dani Rodríguez,0.7516,Alejandro Mestanza,0.7354,Mike Trésor,0.7318,Romain Faivre,0.721,Ismaël Guerti,0.7111,James Mcatee,0.7098,Daichi Kamada,0.7044,Mario Götze,0.7012,César Palacios,0.6947,Filippo Carbone,0.6798,James Maddison,0.6488
Dani Rodríguez,Mediocentro ofensivo,Filippo Carbone,0.9615,Mikel Goti,0.9081,Andrija Maksimović,0.9013,Harvey Elliott,0.8753,Mike Trésor,0.8706,Pablo Agudín,0.8679,Diego Diaz,0.8627,Justin Devenny,0.8523,Antoni Milambo,0.8498,Alejandro Mestanza,0.845,Jamaldeen Jimoh,0.8369,Maximilian Philipp,0.831,Isaac,0.8298,Ali Houary,0.8271,James Maddison,0.826
Alejandro Mestanza,Mediocentro ofensivo,Justin Devenny,0.9353,Mikel Goti,0.9054,Angel Gomes,0.9014,Mario Götze,0.8713,Dani Rodríguez,0.845,Pablo Agudín,0.8346,Mike Trésor,0.8285,Daichi Kamada,0.8154,Maximilian Philipp,0.7962,James Maddison,0.7873,Andrija Maksimović,0.7846,Pablo Marín,0.7808,Isaac,0.779,Abdelhamid Sabiri,0.7755,Filippo Carbone,0.7712
Mikel Goti,Mediocentro ofensivo,Justin Devenny,0.9399,James Maddison,0.9099,Dani Rodríguez,0.9081,Alejandro Mestanza,0.9054,Abdelhamid Sabiri,0.8962,Diego Diaz,0.888,Mike Trésor,0.8514,Filippo Carbone,0.8481,Maximilian Philipp,0.8333,Pablo Agudín,0.8237,Angel Gomes,0.8028,Ali Houary,0.7878,Nicolae Stanciu,0.7874,Andrija Maksimović,0.7867,César Palacios,0.7817
Peque,Mediocentro ofensivo,Tommaso Baldanzi,0.8965,Samuele Inácio,0.8712,Fabian Rieder,0.807,Randy Nteka,0.7916,Carlos Álvarez,0.7713,Jens Odgaard,0.7281,Pablo Torre,0.6906,Thomas Lemar,0.6855,Justin Kluivert,0.6609,Morgan Rogers,0.6607,Nicolò Zaniolo,0.6584,Claudio Echeverri,0.6253,Antonio Vergara,0.6212,Alexis Sánchez,0.6201,Hákon Haraldsson,0.6124
César Palacios,Mediocentro ofensivo,Ali Houary,0.9537,Calebe,0.9052,Daichi Kamada,0.873,Filippo Carbone,0.8695,Maximilian Philipp,0.8573,Love Arrhov,0.8567,Bence Dárdai,0.8439,Valentin Carboni,0.8279,Kevin Stöger,0.8178,Abdelhamid Sabiri,0.8135,Dani Rodríguez,0.8011,James Maddison,0.7978,Angel Gomes,0.7969,Jack Fletcher,0.7941,Mikel Goti,0.7817
Toni Fernández,Mediocentro ofensivo,Facundo Buonanotte,1.0,George Earthy,1.0,Adrian Przyborek,0.9357,Divine Mukasa,0.9168,Rayane Belaid,0.9119,Jamaldeen Jimoh,0.9107,Mathis Saka,0.9063,Mathis Jangeal,0.9063,Antoni Milambo,0.8866,Harry Howell,0.8808,Andrija Maksimović,0.8462,Mario Götze,0.8437,Pablo Agudín,0.8196,Nicolò Cavuoti,0.8128,Jack Fletcher,0.8115
Adam Boayar,Mediocentro ofensivo,Fabio Carvalho,0.9477,Vasilije Adžić,0.8993,Lennart Karl,0.8834,Florian Wirtz,0.8333,Lorran,0.8257,Serge Gnabry,0.8249,Jeong Woo-yeong,0.8235,Wesley Saïd,0.8143,Antoine Griezmann,0.8131,Julian Brandt,0.8086,Morgan Gibbs-White,0.7919,Malik Tillman,0.7904,Anton Kade,0.7881,Andrej Kramarić,0.7825,Iker Losada,0.7635
Calebe,Mediocentro ofensivo,Valentin Carboni,0.9391,Daichi Kamada,0.9269,Love Arrhov,0.9255,César Palacios,0.9052,Ali Houary,0.8879,Kevin Stöger,0.883,Bence Dárdai,0.8324,Angel Gomes,0.8276,Faustino Anjorin,0.8073,Moi Gómez,0.8004,Himad Abdelli,0.798,Aimar Oroz,0.7788,Maximilian Philipp,0.7788,Pablo Marín,0.7787,Jack Fletcher,0.7683
Luka Ilić,Mediocentro ofensivo,Lucas Paquetá,0.9553,Aleksandr Golovin,0.8338,Fabio Vieira,0.7673,Louis Mouton,0.7415,Albert Guðmundsson,0.7281,Oihan Sancet,0.7232,Immanuel Pherai,0.6973,Paul Nebel,0.6909,Isaac Palazón Camacho,0.6563,Dominik Szoboszlai,0.6441,Brais Méndez,0.6236,Peio Canales,0.502,Xavi Simons,0.4657,Tomáš Suslov,0.4578,Justin Kluivert,0.3388
Unai Gómez,Mediocentro ofensivo,Harry Howell,0.7541,Muhammed Damar,0.7117,Rayane Belaid,0.6965,Elif Elmas,0.6772,Hong Hyunseok,0.6534,Omari Hutchinson,0.6397,Romano Schmid,0.6298,Arijon Ibrahimović,0.6233,Kevin De Bruyne,0.5715,Arsen Zakharyan,0.5689,Danel Sinani,0.5268,Adam Karabec,0.4962,Christian Eriksen,0.4932,Gabin Bernardeau,0.4757,Adrian Przyborek,0.4394
Iker Losada,Mediocentro ofensivo,Mikkel Damsgaard,0.8999,Florian Wirtz,0.8294,Lee Jae-sung,0.8274,Malik Tillman,0.8209,Brenden Aaronson,0.7848,Kamory Doumbia,0.7672,Yuito Suzuki,0.7646,Adam Boayar,0.7635,Jeong Woo-yeong,0.7581,Ethan Nwaneri,0.7508,Noah Nartey,0.7157,Patrice Čović,0.6992,Lennart Karl,0.6887,Bilal El Khannouss,0.6874,Lorran,0.685
Pablo Agudín,Mediocentro ofensivo,Andrija Maksimović,0.9716,Isaac,0.9614,Nicolò Cavuoti,0.9512,Tawanda Chirewa,0.9337,Iván Corralejo,0.9327,Dominic Vavassori,0.9287,Jamaldeen Jimoh,0.9265,Mathis Saka,0.9245,Mathis Jangeal,0.9245,Divine Mukasa,0.9231,Giovanni Fabbian,0.8811,Harvey Elliott,0.8729,Dani Rodríguez,0.8679,Filippo Carbone,0.843,Adrian Przyborek,0.8367
Jude Bellingham,Mediocentro ofensivo,Pablo Torre,0.9538,Christoph Baumgartner,0.9486,Nicolás Paz,0.9458,Florian Kainz,0.922,Fermin López,0.8817,Enzo Fernández,0.88,Sebastiano Esposito,0.8754,Fabian Rieder,0.8488,Can Uzun,0.8389,Kamory Doumbia,0.8371,Daniel Maldini,0.831,Thomas Lemar,0.8227,Wael Mohya,0.8207,Bilal El Khannouss,0.8156,Brajan Gruda,0.8075
Carlos Álvarez,Mediocentro ofensivo,Peque,0.7713,Justin Kluivert,0.7436,Tommaso Baldanzi,0.7357,Samuele Inácio,0.649,Denis Suárez,0.644,Randy Nteka,0.5829,Alexis Sánchez,0.5829,Adam Karabec,0.5763,Thomas Lemar,0.5723,Fabian Rieder,0.5531,Jens Odgaard,0.5393,Yuito Suzuki,0.5362,Hákon Haraldsson,0.5065,Morgan Rogers,0.5035,Anton Kade,0.5032
Dani Olmo,Mediocentro ofensivo,Phil Foden,0.9438,Ethan Nwaneri,0.9289,Fermin López,0.9102,Brajan Gruda,0.9065,Can Uzun,0.9048,Stanis Idumbo,0.8918,Wael Mohya,0.8879,Jamal Musiala,0.8815,Serge Gnabry,0.8792,Florian Kainz,0.8688,Bilal El Khannouss,0.8663,Rayan Cherki,0.8663,Martin Baturina,0.8599,Lennart Karl,0.8389,Eberechi Eze,0.8371
Aimar Oroz,Mediocentro ofensivo,Moi Gómez,0.909,Giovanni Fabbian,0.9076,Isaac,0.8793,Love Arrhov,0.864,Dominic Vavassori,0.8632,Iván Corralejo,0.8608,Tawanda Chirewa,0.8606,Angel Gomes,0.858,Nicolò Cavuoti,0.8366,Pablo Marín,0.782,Calebe,0.7788,Fer López,0.7769,Mario Götze,0.7696,Pablo Agudín,0.7576,Mathis Jangeal,0.7521
Arda Güler,Mediocentro ofensivo,Ibrahim Maza,0.9452,Bruno Fernandes,0.9283,Mert Kömür,0.8673,Alexis Claude-Maurice,0.8572,Lennart Karl,0.8333,Bilal El Khannouss,0.8306,Rayan Cherki,0.8244,Paulo Dybala,0.8224,Fermin López,0.819,Phil Foden,0.8179,Florian Kainz,0.7978,Dani Olmo,0.7832,Brajan Gruda,0.7801,Marcus Tavernier,0.7738,Antoine Griezmann,0.7534
Isaac Palazón Camacho,Mediocentro ofensivo,Albert Guðmundsson,0.8741,Immanuel Pherai,0.7305,Lucas Paquetá,0.7074,Tomáš Suslov,0.6656,Oihan Sancet,0.6648,Luka Ilić,0.6563,Fabio Vieira,0.59,Xavi Simons,0.5293,Aleksandr Golovin,0.5231,Fer López,0.4978,Claudio Echeverri,0.4651,Brais Méndez,0.4536,Adam Karabec,0.4535,Danel Sinani,0.443,Dominik Szoboszlai,0.4289
Fermin López,Mediocentro ofensivo,Brajan Gruda,0.9558,Florian Kainz,0.955,Phil Foden,0.937,Dani Olmo,0.9102,Enzo Fernández,0.9035,Can Uzun,0.8961,Jude Bellingham,0.8817,Bilal El Khannouss,0.8811,Pablo Torre,0.8763,Marcus Tavernier,0.8557,Christoph Baumgartner,0.8535,Pavel Šulc,0.8521,Morgan Rogers,0.846,Lennart Karl,0.8377,Serge Gnabry,0.8351
Oihan Sancet,Mediocentro ofensivo,Immanuel Pherai,0.8065,Lucas Paquetá,0.7336,Luka Ilić,0.7232,Tomáš Suslov,0.7092,Isaac Palazón Camacho,0.6648,Fabio Vieira,0.6453,Albert Guðmundsson,0.6115,Aleksandr Golovin,0.5269,Louis Mouton,0.4623,Gaetano Oristanio,0.3977,Brais Méndez,0.3856,Paul Nebel,0.3685,Dominic Vavassori,0.363,Xavi Simons,0.3624,Iván Corralejo,0.36
Albert Guðmundsson,Mediocentro ofensivo,Isaac Palazón Camacho,0.8741,Fabio Vieira,0.7347,Luka Ilić,0.7281,Lucas Paquetá,0.7029,Aleksandr Golovin,0.6449,Oihan Sancet,0.6115,Brais Méndez,0.5332,Dominik Szoboszlai,0.5275,Peio Canales,0.5109,Immanuel Pherai,0.4922,Charles De Ketelaere,0.4815,Xavi Simons,0.4052,Lee Kang-in,0.3944,Adam Karabec,0.3878,Danel Sinani,0.3716
Darryl Bakola,Mediocentro ofensivo,Isco,0.9561,Félix Lemaréchal,0.7177,Dani Raba,0.692,Óscar Trejo,0.6877,Sofiane Boufal,0.6658,Rayan Cherki,0.6499,Fer López,0.6492,Fares Chaïbi,0.6292,Romain Faivre,0.6225,Diego Fuentes,0.618,Domingos André Ribeiro Almeida,0.6112,Bruno Fernandes,0.6001,Paulo Dybala,0.59,Ibrahim Maza,0.5414,Christian Eriksen,0.512
Giovanni Fabbian,Mediocentro ofensivo,Nicolò Cavuoti,0.9314,Tawanda Chirewa,0.9302,Iván Corralejo,0.9277,Dominic Vavassori,0.9268,Isaac,0.9247,Aimar Oroz,0.9076,Mathis Saka,0.9003,Mathis Jangeal,0.9003,Divine Mukasa,0.8943,Angel Gomes,0.8892,Pablo Agudín,0.8811,Jamaldeen Jimoh,0.8455,Love Arrhov,0.8309,Mario Götze,0.8197,Andrija Maksimović,0.8173
Gaetano Oristanio,Mediocentro ofensivo,Pablo Agudín,0.7929,Giovanni Fabbian,0.7737,Tawanda Chirewa,0.7673,Nicolò Cavuoti,0.7655,Dominic Vavassori,0.7632,Iván Corralejo,0.7629,Mathis Saka,0.76,Mathis Jangeal,0.76,Divine Mukasa,0.7528,Isaac,0.7439,Andrija Maksimović,0.6978,Rayane Belaid,0.6894,Jamaldeen Jimoh,0.6563,Adam Karabec,0.628,Angel Gomes,0.6195
Isaac,Mediocentro ofensivo,Iván Corralejo,0.9811,Dominic Vavassori,0.9807,Tawanda Chirewa,0.9799,Nicolò Cavuoti,0.9707,Pablo Agudín,0.9614,Andrija Maksimović,0.9286,Giovanni Fabbian,0.9247,Jamaldeen Jimoh,0.9081,Mathis Saka,0.8863,Mathis Jangeal,0.8863,Divine Mukasa,0.8806,Aimar Oroz,0.8793,Angel Gomes,0.8629,Dani Rodríguez,0.8298,Filippo Carbone,0.8297
Nicolò Zaniolo,Mediocentro ofensivo,Claudio Echeverri,0.9049,Florian Kainz,0.8059,Pablo Torre,0.8009,Fermin López,0.7939,Mert Kömür,0.7646,Giovani Lo Celso,0.756,Alexis Claude-Maurice,0.7367,Can Uzun,0.7338,Lee Kang-in,0.7331,Brajan Gruda,0.7325,Diego Fuentes,0.7287,Lorenzo Pellegrini,0.7224,Jude Bellingham,0.7119,Sebastian Szymański,0.701,Sofiane Boufal,0.6961
Giacomo Raspadori,Mediocentro ofensivo,Andrej Kramarić,0.9336,Antoine Griezmann,0.8908,Julian Brandt,0.8796,Serge Gnabry,0.8641,Morgan Gibbs-White,0.8514,Cole Palmer,0.8472,Kevin De Bruyne,0.8305,Brajan Gruda,0.8287,Phil Foden,0.7967,Fabio Carvalho,0.7838,Lennart Karl,0.7826,Adam Boayar,0.761,Wesley Saïd,0.7501,Jeong Woo-yeong,0.7382,Lee Kang-in,0.7349
Nikola Vlašić,Mediocentro ofensivo,Lovro Majer,0.7933,Bernardo Silva,0.7666,Denis Suárez,0.7645,Adrian Beck,0.76,Patrice Čović,0.6981,Faustino Anjorin,0.6904,Lee Jae-sung,0.6799,Antonio Vergara,0.6244,Justin Kluivert,0.6222,Himad Abdelli,0.6216,Kamory Doumbia,0.5466,Merlin Röhl,0.544,Hannibal Mejbri,0.5425,Fabian Rieder,0.5413,Thomas Lemar,0.5374
Omri Gandelman,Mediocentro ofensivo,Noah Nartey,0.8534,Chris Rigg,0.8141,Dro Fernández,0.7877,Florian Wirtz,0.7474,Lee Jae-sung,0.718,Emile Smith Rowe,0.675,Gio Reyna,0.6633,Jeong Woo-yeong,0.6577,Yuito Suzuki,0.6422,Iker Losada,0.6223,Merlin Röhl,0.5769,Mason Mount,0.5755,Justin Kluivert,0.5302,Eberechi Eze,0.5194,Louis Leroux,0.5148
Sebastiano Esposito,Mediocentro ofensivo,Kamory Doumbia,0.945,Cristian Volpato,0.9306,Pablo Torre,0.9109,Christoph Baumgartner,0.8901,Jude Bellingham,0.8754,Antonio Vergara,0.8628,Nicolás Paz,0.8579,Fabian Rieder,0.8529,Bilal El Khannouss,0.8394,Florian Kainz,0.8262,Franco Vázquez,0.783,Daniel Maldini,0.756,Dani Olmo,0.7542,Fermin López,0.7528,Lovro Majer,0.7388
Charles De Ketelaere,Mediocentro ofensivo,Julio Enciso,0.7898,Lee Kang-in,0.7466,Giovani Lo Celso,0.6743,Paulo Dybala,0.6472,Lorenzo Pellegrini,0.6402,Marcus Tavernier,0.6105,Martin Ødegaard,0.6057,Jonas Hofmann,0.6011,Omari Hutchinson,0.5607,Andrej Kramarić,0.5598,Claudio Echeverri,0.5467,Jamal Musiala,0.536,Morgan Rogers,0.5336,Kevin De Bruyne,0.5299,Danel Sinani,0.5235
Nicolae Stanciu,Mediocentro ofensivo,Mike Trésor,0.9486,Ismaël Guerti,0.9338,Diego Diaz,0.9153,Antoni Milambo,0.8258,Dani Rodríguez,0.8173,Domingos André Ribeiro Almeida,0.806,Mikel Goti,0.7874,Justin Devenny,0.7838,Filippo Carbone,0.781,Bence Dárdai,0.7658,Daichi Kamada,0.7549,César Palacios,0.7342,Dani Raba,0.7334,Alejandro Mestanza,0.7308,Mario Götze,0.7274
Abdelhamid Sabiri,Mediocentro ofensivo,James Maddison,0.9986,Mikel Goti,0.8962,Dani Rodríguez,0.8137,César Palacios,0.8135,Jano Monserrate,0.8115,Alejandro Mestanza,0.7755,Angel Gomes,0.7528,Justin Devenny,0.7335,Filippo Carbone,0.7331,Reda Khadra,0.7301,Gabin Bernardeau,0.7301,Diego Diaz,0.7131,Tomáš Suslov,0.7058,Ali Houary,0.6965,Isaac,0.6765
Vasilije Adžić,Mediocentro ofensivo,Fabio Carvalho,0.9184,Adam Boayar,0.8993,Lorran,0.8889,Nicolás Paz,0.8634,Malik Tillman,0.8408,Wael Mohya,0.8363,Stanis Idumbo,0.8045,Jude Bellingham,0.796,Léo Scienza,0.7652,Daniel Maldini,0.7581,Wesley Saïd,0.7552,Christoph Baumgartner,0.7456,Eberechi Eze,0.7372,Brajan Gruda,0.7346,Enzo Fernández,0.7291
Lorran,Mediocentro ofensivo,Vasilije Adžić,0.8889,Fabio Carvalho,0.8821,Malik Tillman,0.8689,Stanis Idumbo,0.839,Nicolás Paz,0.8274,Wael Mohya,0.8264,Adam Boayar,0.8257,Léo Scienza,0.8235,Martin Baturina,0.813,Eberechi Eze,0.7498,Dani Olmo,0.7306,Daniel Maldini,0.7103,Mikkel Damsgaard,0.7043,Florian Wirtz,0.6976,Ethan Nwaneri,0.6956
Tomáš Suslov,Mediocentro ofensivo,Immanuel Pherai,0.9033,Oihan Sancet,0.7092,Abdelhamid Sabiri,0.7058,Jano Monserrate,0.702,James Maddison,0.7001,Isaac Palazón Camacho,0.6656,Angel Gomes,0.6485,Valentin Carboni,0.6202,Gabin Bernardeau,0.5972,Reda Khadra,0.5966,Mikel Goti,0.5801,Lucas Paquetá,0.5678,Albert Grønbaek,0.5618,Alejandro Mestanza,0.5587,Arsen Zakharyan,0.5404
Faustino Anjorin,Mediocentro ofensivo,Himad Abdelli,0.9242,Pablo Marín,0.9038,Daichi Kamada,0.8725,Valentin Carboni,0.8115,Calebe,0.8073,Bence Dárdai,0.7965,Bernardo Silva,0.7657,Albert Grønbaek,0.7549,Love Arrhov,0.7456,Mario Götze,0.7296,Arsen Zakharyan,0.7205,Adrian Beck,0.7151,Jack Fletcher,0.7129,Nikola Vlašić,0.6904,Ali Houary,0.676
Albert Grønbaek,Mediocentro ofensivo,Arsen Zakharyan,0.8614,Angel Gomes,0.8513,Valentin Carboni,0.8448,Himad Abdelli,0.822,Justin Devenny,0.7902,Daichi Kamada,0.7701,Alejandro Mestanza,0.7657,Faustino Anjorin,0.7549,Pablo Marín,0.7255,Reda Khadra,0.7023,Giovanni Fabbian,0.6839,Love Arrhov,0.6822,Mario Götze,0.6769,Calebe,0.6706,Gabin Bernardeau,0.6644
Valentin Carboni,Mediocentro ofensivo,Calebe,0.9391,Daichi Kamada,0.8904,Love Arrhov,0.8896,Angel Gomes,0.8823,Albert Grønbaek,0.8448,Himad Abdelli,0.8429,César Palacios,0.8279,Kevin Stöger,0.82,Faustino Anjorin,0.8115,Ali Houary,0.8007,Pablo Marín,0.746,Maximilian Philipp,0.7328,Arsen Zakharyan,0.7299,Alejandro Mestanza,0.722,Bence Dárdai,0.7208
Tommaso Baldanzi,Mediocentro ofensivo,Samuele Inácio,0.9176,Peque,0.8965,Randy Nteka,0.8402,Adam Karabec,0.7532,Armindo Sieb,0.7397,Carlos Álvarez,0.7357,Jens Odgaard,0.7292,Claudio Echeverri,0.7087,Fabian Rieder,0.6988,Brais Méndez,0.6613,Thomas Lemar,0.6589,Enzo Fernández,0.6574,Alexis Sánchez,0.6558,Pablo Torre,0.6489,Nicolò Zaniolo,0.6344
Calvin Stengs,Mediocentro ofensivo,Mateus Mane,0.8327,Gabin Bernardeau,0.8272,Reda Khadra,0.7795,Muhammed Damar,0.7581,Jano Monserrate,0.7401,Harvey Elliott,0.7188,James Maddison,0.596,Andrija Maksimović,0.5749,Abdelhamid Sabiri,0.5676,Mikel Goti,0.5592,Diego Diaz,0.5454,Justin Devenny,0.5419,Alejandro Mestanza,0.5355,Adrian Przyborek,0.5315,Rayane Belaid,0.5223
Nicolás Paz,Mediocentro ofensivo,Jude Bellingham,0.9458,Christoph Baumgartner,0.8705,Florian Kainz,0.8661,Vasilije Adžić,0.8634,Sebastiano Esposito,0.8579,Pablo Torre,0.8495,Wael Mohya,0.8438,Dani Olmo,0.8306,Lorran,0.8274,Fermin López,0.8248,Kamory Doumbia,0.8228,Bilal El Khannouss,0.8138,Stanis Idumbo,0.8081,Can Uzun,0.8047,Daniel Maldini,0.7969
Nicolò Cavuoti,Mediocentro ofensivo,Tawanda Chirewa,0.9919,Iván Corralejo,0.9908,Dominic Vavassori,0.9883,Isaac,0.9707,Mathis Jangeal,0.9586,Mathis Saka,0.9586,Divine Mukasa,0.9549,Pablo Agudín,0.9512,Jamaldeen Jimoh,0.9482,Giovanni Fabbian,0.9314,Andrija Maksimović,0.9133,Aimar Oroz,0.8366,Filippo Carbone,0.8306,George Earthy,0.8128,Facundo Buonanotte,0.8128
Daniel Maldini,Mediocentro ofensivo,Wael Mohya,0.9029,Christoph Baumgartner,0.8957,Hákon Haraldsson,0.889,Fabian Rieder,0.8631,Malik Tillman,0.8573,Jens Odgaard,0.8561,Thomas Lemar,0.8458,Pavel Šulc,0.844,Stanis Idumbo,0.8361,Jude Bellingham,0.831,Kamory Doumbia,0.8306,Morgan Rogers,0.8185,Randy Nteka,0.8087,Ethan Nwaneri,0.7976,Nicolás Paz,0.7969
Antonio Vergara,Mediocentro ofensivo,Lovro Majer,0.9456,Cristian Volpato,0.8819,Fabian Rieder,0.8719,Sebastiano Esposito,0.8628,Hannibal Mejbri,0.8612,Pablo Torre,0.7964,Kamory Doumbia,0.7729,Sofiane Boufal,0.7516,Christoph Baumgartner,0.6992,Franco Vázquez,0.6784,Jude Bellingham,0.6436,Denis Suárez,0.6431,Nikola Vlašić,0.6244,Alexis Sánchez,0.623,Peque,0.6212
Lazar Samardzic,Mediocentro ofensivo,Rémy Cabella,0.845,Lennart Karl,0.7661,Kendry Páez,0.7482,Adam Boayar,0.7289,Marcus Tavernier,0.7223,Antoine Griezmann,0.7196,Kevin De Bruyne,0.7067,Ibrahim Maza,0.7034,Bilal El Khannouss,0.6934,Arda Güler,0.691,Mert Kömür,0.6728,Arijon Ibrahimović,0.6652,Mikkel Damsgaard,0.6251,Anton Kade,0.6118,Lorenzo Pellegrini,0.6093
Franco Vázquez,Mediocentro ofensivo,Sebastiano Esposito,0.783,Nicolás Paz,0.7731,Jude Bellingham,0.6896,Antonio Vergara,0.6784,Cristian Volpato,0.6778,Pablo Torre,0.665,Kamory Doumbia,0.6332,Sofiane Boufal,0.6111,Kevin Stöger,0.6082,Fabian Rieder,0.5901,Óscar Trejo,0.5741,Florian Kainz,0.5712,Hannibal Mejbri,0.5578,Ibrahim Maza,0.5544,Thomas Lemar,0.549
Dominic Vavassori,Mediocentro ofensivo,Iván Corralejo,0.9998,Tawanda Chirewa,0.9996,Nicolò Cavuoti,0.9883,Isaac,0.9807,Pablo Agudín,0.9287,Giovanni Fabbian,0.9268,Mathis Saka,0.9102,Mathis Jangeal,0.9102,Jamaldeen Jimoh,0.9059,Divine Mukasa,0.9033,Andrija Maksimović,0.8815,Aimar Oroz,0.8632,Love Arrhov,0.822,Angel Gomes,0.8095,Filippo Carbone,0.801
Adrian Przyborek,Mediocentro ofensivo,George Earthy,0.9357,Facundo Buonanotte,0.9357,Toni Fernández,0.9357,Harvey Elliott,0.935,Rayane Belaid,0.9275,Andrija Maksimović,0.8964,Jamaldeen Jimoh,0.8776,Pablo Agudín,0.8367,Harry Howell,0.8355,Antoni Milambo,0.8281,Divine Mukasa,0.8159,Mathis Saka,0.8036,Mathis Jangeal,0.8036,Dani Rodríguez,0.796,Mike Trésor,0.7711
Martin Baturina,Mediocentro ofensivo,Stanis Idumbo,0.9647,Eberechi Eze,0.9302,Léo Scienza,0.9185,Wael Mohya,0.9015,Jamal Musiala,0.8963,Dani Olmo,0.8599,Hákon Haraldsson,0.8267,Can Uzun,0.8195,Lorran,0.813,Rayan Cherki,0.8029,Ethan Nwaneri,0.799,Morgan Gibbs-White,0.7728,Daniel Maldini,0.7482,Brajan Gruda,0.739,Fabio Carvalho,0.7286
Mattéo Tramoni,Mediocentro ofensivo,Hong Hyunseok,0.7649,Ismaël Guerti,0.7314,James Mcatee,0.7149,Christian Eriksen,0.6827,Arijon Ibrahimović,0.68,Himad Abdelli,0.6758,Faustino Anjorin,0.6604,Bernardo Silva,0.6494,Pablo Marín,0.6083,Nicolae Stanciu,0.6052,Dani Raba,0.5812,Daichi Kamada,0.5752,Domingos André Ribeiro Almeida,0.5674,Romain Faivre,0.5549,Romano Schmid,0.5417
Paulo Dybala,Mediocentro ofensivo,Julio Enciso,0.964,Mert Kömür,0.8866,Lee Kang-in,0.8768,Alexis Claude-Maurice,0.8228,Arda Güler,0.8224,Diego Fuentes,0.8196,Giovani Lo Celso,0.7715,Rayan Cherki,0.7565,Marcus Tavernier,0.7388,Bruno Fernandes,0.7222,Lorenzo Pellegrini,0.7145,Brajan Gruda,0.7107,Giacomo Raspadori,0.7072,Andrej Kramarić,0.689,Phil Foden,0.6826
Jens Odgaard,Mediocentro ofensivo,Randy Nteka,0.976,Morgan Rogers,0.9267,Pavel Šulc,0.9252,Wesley Saïd,0.916,Armindo Sieb,0.8747,Hákon Haraldsson,0.8728,Daniel Maldini,0.8561,Can Uzun,0.8373,Enzo Fernández,0.8334,Cole Palmer,0.8307,Morgan Gibbs-White,0.8294,Wael Mohya,0.8141,Christoph Baumgartner,0.7991,Brajan Gruda,0.7942,Alexis Sánchez,0.7837
Filippo Carbone,Mediocentro ofensivo,Dani Rodríguez,0.9615,Ali Houary,0.9257,Maximilian Philipp,0.918,Jack Fletcher,0.9016,Antoni Milambo,0.8946,César Palacios,0.8695,Andrija Maksimović,0.8489,Mikel Goti,0.8481,Jamaldeen Jimoh,0.8473,Pablo Agudín,0.843,Mike Trésor,0.8337,Mario Götze,0.8327,Nicolò Cavuoti,0.8306,Isaac,0.8297,Bence Dárdai,0.8128
Lorenzo Pellegrini,Mediocentro ofensivo,Giovani Lo Celso,0.9758,Marcus Tavernier,0.8955,Lee Kang-in,0.8946,Sebastian Szymański,0.878,Mert Kömür,0.8677,Danel Sinani,0.8477,Julio Enciso,0.7911,Omari Hutchinson,0.7823,Claudio Echeverri,0.762,Florian Kainz,0.7224,Nicolò Zaniolo,0.7224,Paulo Dybala,0.7145,Fermin López,0.6976,Diego Fuentes,0.6907,Kevin De Bruyne,0.6717
Elif Elmas,Mediocentro ofensivo,Harry Howell,0.8801,Romain Faivre,0.7729,Rayane Belaid,0.7579,George Earthy,0.7252,Facundo Buonanotte,0.7252,Toni Fernández,0.7252,Pablo Marín,0.7076,Mario Götze,0.6981,Unai Gómez,0.6772,Bernardo Silva,0.6325,Christian Eriksen,0.6242,Martin Ødegaard,0.622,Divine Mukasa,0.5962,Chris Rigg,0.5869,Mathis Saka,0.5845
Cristian Volpato,Mediocentro ofensivo,Sebastiano Esposito,0.9306,Antonio Vergara,0.8819,Pablo Torre,0.8719,Kamory Doumbia,0.8439,Florian Kainz,0.8218,Bilal El Khannouss,0.8017,Dani Olmo,0.7985,Christoph Baumgartner,0.793,Fabian Rieder,0.7848,Brenden Aaronson,0.7588,Jude Bellingham,0.7567,Fermin López,0.7554,Lovro Majer,0.7358,Ethan Nwaneri,0.7355,Nicolás Paz,0.7264
Kevin De Bruyne,Mediocentro ofensivo,Antoine Griezmann,0.9394,Andrej Kramarić,0.9013,Jonas Hofmann,0.8901,Marcus Tavernier,0.8764,Julian Brandt,0.8469,Giacomo Raspadori,0.8305,Lennart Karl,0.8301,Lee Kang-in,0.8087,Serge Gnabry,0.8086,Phil Foden,0.7414,Julio Enciso,0.7397,Cole Palmer,0.7111,Lazar Samardzic,0.7067,Romano Schmid,0.6814,Paulo Dybala,0.6796
Gio Reyna,Mediocentro ofensivo,Dro Fernández,0.9147,Mason Mount,0.9145,Merlin Röhl,0.8432,Patrice Čović,0.802,Adrian Beck,0.7046,Noah Nartey,0.6989,Dermane Karim,0.6828,Omri Gandelman,0.6633,Louis Leroux,0.6398,Emile Smith Rowe,0.6391,Justin Kluivert,0.6299,Malik Tillman,0.6282,Lee Jae-sung,0.5894,Chris Rigg,0.552,Thomas Lemar,0.537
Léo Scienza,Mediocentro ofensivo,Stanis Idumbo,0.9193,Martin Baturina,0.9185,Eberechi Eze,0.8533,Lorran,0.8235,Fabio Carvalho,0.8112,Wael Mohya,0.8075,Vasilije Adžić,0.7652,Jamal Musiala,0.7238,Hákon Haraldsson,0.7075,Can Uzun,0.7023,Morgan Gibbs-White,0.6876,Dani Olmo,0.6697,Daniel Maldini,0.6543,Brajan Gruda,0.6441,Nicolás Paz,0.6345
Anton Kade,Mediocentro ofensivo,Yuito Suzuki,0.9062,Wesley Saïd,0.9042,Armindo Sieb,0.8566,Pavel Šulc,0.8139,Kendry Páez,0.812,Jeong Woo-yeong,0.8075,Adam Boayar,0.7881,Randy Nteka,0.7852,Enzo Fernández,0.768,Julian Brandt,0.7643,Jens Odgaard,0.7635,Cole Palmer,0.7599,Alexis Sánchez,0.7458,Morgan Gibbs-White,0.7397,Rémy Cabella,0.7246
Mert Kömür,Mediocentro ofensivo,Diego Fuentes,0.9115,Lee Kang-in,0.8921,Paulo Dybala,0.8866,Giovani Lo Celso,0.8789,Julio Enciso,0.8681,Lorenzo Pellegrini,0.8677,Arda Güler,0.8673,Alexis Claude-Maurice,0.8366,Marcus Tavernier,0.8258,Danel Sinani,0.7818,Sebastian Szymański,0.7739,Ibrahim Maza,0.7722,Nicolò Zaniolo,0.7646,Claudio Echeverri,0.7577,Fermin López,0.7551
Fares Chaïbi,Mediocentro ofensivo,Bruno Fernandes,0.8904,Christian Eriksen,0.8064,Ibrahim Maza,0.7497,Martin Ødegaard,0.7386,Romano Schmid,0.7181,Brenden Aaronson,0.7047,Arda Güler,0.7001,Rayan Cherki,0.6598,Bilal El Khannouss,0.6587,Jonas Hofmann,0.6564,Romain Faivre,0.6505,Darryl Bakola,0.6292,Mikkel Damsgaard,0.6236,Arijon Ibrahimović,0.6024,Sebastian Szymański,0.599
Bilal El Khannouss,Mediocentro ofensivo,Lennart Karl,0.9147,Florian Kainz,0.8937,Phil Foden,0.8838,Fermin López,0.8811,Dani Olmo,0.8663,Brenden Aaronson,0.8612,Christoph Baumgartner,0.8419,Sebastiano Esposito,0.8394,Bruno Fernandes,0.8363,Kamory Doumbia,0.8349,Ethan Nwaneri,0.8334,Arda Güler,0.8306,Enzo Fernández,0.8282,Jude Bellingham,0.8156,Nicolás Paz,0.8138
Julian Brandt,Mediocentro ofensivo,Serge Gnabry,0.9619,Andrej Kramarić,0.9596,Morgan Gibbs-White,0.9494,Jeong Woo-yeong,0.9451,Antoine Griezmann,0.9205,Jonas Hofmann,0.8922,Giacomo Raspadori,0.8796,Wesley Saïd,0.8744,Yuito Suzuki,0.8729,Cole Palmer,0.8544,Phil Foden,0.8498,Kevin De Bruyne,0.8469,Lennart Karl,0.8465,Pavel Šulc,0.8292,Ethan Nwaneri,0.815
Yuito Suzuki,Mediocentro ofensivo,Jeong Woo-yeong,0.9479,Wesley Saïd,0.9146,Anton Kade,0.9062,Pavel Šulc,0.8856,Julian Brandt,0.8729,Alexis Sánchez,0.858,Morgan Gibbs-White,0.8548,Serge Gnabry,0.809,Ethan Nwaneri,0.7995,Noah Nartey,0.7949,Morgan Rogers,0.7937,Enzo Fernández,0.7888,Florian Wirtz,0.777,Iker Losada,0.7646,Cole Palmer,0.7629
Muhammed Damar,Mediocentro ofensivo,Gabin Bernardeau,0.9146,Reda Khadra,0.8998,Hong Hyunseok,0.7654,Arsen Zakharyan,0.7618,Calvin Stengs,0.7581,Unai Gómez,0.7117,Jano Monserrate,0.7101,Mateus Mane,0.6277,Albert Grønbaek,0.6247,Arijon Ibrahimović,0.5982,Justin Devenny,0.5893,Danel Sinani,0.5728,Alejandro Mestanza,0.5523,Rémy Cabella,0.5407,Kendry Páez,0.51
Florian Kainz,Mediocentro ofensivo,Fermin López,0.955,Pablo Torre,0.9389,Jude Bellingham,0.922,Enzo Fernández,0.907,Bilal El Khannouss,0.8937,Brajan Gruda,0.8882,Phil Foden,0.8874,Can Uzun,0.878,Christoph Baumgartner,0.874,Dani Olmo,0.8688,Nicolás Paz,0.8661,Sebastiano Esposito,0.8262,Cristian Volpato,0.8218,Marcus Tavernier,0.8137,Nicolò Zaniolo,0.8059
Christoph Baumgartner,Mediocentro ofensivo,Jude Bellingham,0.9486,Pablo Torre,0.9366,Kamory Doumbia,0.9249,Enzo Fernández,0.9075,Fabian Rieder,0.9021,Alexis Sánchez,0.9003,Daniel Maldini,0.8957,Pavel Šulc,0.8945,Sebastiano Esposito,0.8901,Florian Kainz,0.874,Nicolás Paz,0.8705,Thomas Lemar,0.8553,Fermin López,0.8535,Ethan Nwaneri,0.8497,Wael Mohya,0.8478
Samuele Inácio,Mediocentro ofensivo,Tommaso Baldanzi,0.9176,Peque,0.8712,Randy Nteka,0.8306,Jens Odgaard,0.7525,Armindo Sieb,0.7144,Claudio Echeverri,0.6913,Thomas Lemar,0.6903,Carlos Álvarez,0.649,Fabian Rieder,0.6125,Jude Bellingham,0.6112,Brais Méndez,0.6109,Nicolò Zaniolo,0.6022,Morgan Rogers,0.6001,Adam Karabec,0.5998,Enzo Fernández,0.5955
Ibrahim Maza,Mediocentro ofensivo,Arda Güler,0.9452,Bruno Fernandes,0.8989,Bilal El Khannouss,0.7876,Mert Kömür,0.7722,Alexis Claude-Maurice,0.7579,Fares Chaïbi,0.7497,Lennart Karl,0.731,Rayan Cherki,0.7075,Lazar Samardzic,0.7034,Florian Kainz,0.6987,Diego Fuentes,0.6939,Nicolás Paz,0.6797,Paulo Dybala,0.6696,Fermin López,0.6605,Dani Olmo,0.6468
Malik Tillman,Mediocentro ofensivo,Kamory Doumbia,0.8734,Lorran,0.8689,Daniel Maldini,0.8573,Mason Mount,0.8541,Patrice Čović,0.8522,Thomas Lemar,0.8467,Vasilije Adžić,0.8408,Christoph Baumgartner,0.83,Wael Mohya,0.8277,Iker Losada,0.8209,Nicolás Paz,0.7946,Adam Boayar,0.7904,Noah Nartey,0.754,Ethan Nwaneri,0.7525,Fabio Carvalho,0.7514
Patrice Čović,Mediocentro ofensivo,Mason Mount,0.9269,Malik Tillman,0.8522,Thomas Lemar,0.8375,Gio Reyna,0.802,Merlin Röhl,0.7365,Noah Nartey,0.7311,Justin Kluivert,0.7036,Kamory Doumbia,0.7024,Iker Losada,0.6992,Nikola Vlašić,0.6981,Adrian Beck,0.6744,Lee Jae-sung,0.674,Daniel Maldini,0.6419,Christoph Baumgartner,0.6112,Emile Smith Rowe,0.5864
Andrija Maksimović,Mediocentro ofensivo,Pablo Agudín,0.9716,Jamaldeen Jimoh,0.9584,Harvey Elliott,0.9487,Isaac,0.9286,Nicolò Cavuoti,0.9133,Dani Rodríguez,0.9013,Adrian Przyborek,0.8964,Iván Corralejo,0.8878,Tawanda Chirewa,0.8857,Dominic Vavassori,0.8815,Divine Mukasa,0.8739,Mathis Saka,0.8708,Mathis Jangeal,0.8708,Filippo Carbone,0.8489,Facundo Buonanotte,0.8462
Wael Mohya,Mediocentro ofensivo,Hákon Haraldsson,0.9468,Stanis Idumbo,0.9318,Eberechi Eze,0.9304,Can Uzun,0.9172,Daniel Maldini,0.9029,Martin Baturina,0.9015,Ethan Nwaneri,0.8922,Dani Olmo,0.8879,Morgan Rogers,0.8759,Christoph Baumgartner,0.8478,Pavel Šulc,0.844,Nicolás Paz,0.8438,Morgan Gibbs-White,0.8405,Vasilije Adžić,0.8363,Malik Tillman,0.8277
Jeong Woo-yeong,Mediocentro ofensivo,Morgan Gibbs-White,0.9589,Yuito Suzuki,0.9479,Julian Brandt,0.9451,Serge Gnabry,0.9114,Wesley Saïd,0.9112,Pavel Šulc,0.8941,Ethan Nwaneri,0.8823,Eberechi Eze,0.8776,Andrej Kramarić,0.8462,Morgan Rogers,0.8459,Florian Wirtz,0.8438,Hákon Haraldsson,0.8313,Adam Boayar,0.8235,Cole Palmer,0.8142,Anton Kade,0.8075
Mario Götze,Mediocentro ofensivo,Jack Fletcher,0.9312,Pablo Marín,0.9065,Antoni Milambo,0.888,Daichi Kamada,0.8778,Maximilian Philipp,0.8747,Alejandro Mestanza,0.8713,Divine Mukasa,0.8674,Mathis Saka,0.864,Mathis Jangeal,0.864,Mike Trésor,0.8503,Facundo Buonanotte,0.8437,Toni Fernández,0.8437,George Earthy,0.8437,Justin Devenny,0.8415,Filippo Carbone,0.8327
Immanuel Pherai,Mediocentro ofensivo,Tomáš Suslov,0.9033,Oihan Sancet,0.8065,Lucas Paquetá,0.793,Isaac Palazón Camacho,0.7305,Luka Ilić,0.6973,Xavi Simons,0.6699,Fabio Vieira,0.5998,Louis Mouton,0.5799,Aleksandr Golovin,0.5573,Albert Guðmundsson,0.4922,Abdelhamid Sabiri,0.4673,James Maddison,0.4587,Dominik Szoboszlai,0.442,Valentin Carboni,0.4365,Angel Gomes,0.4261
Can Uzun,Mediocentro ofensivo,Brajan Gruda,0.9484,Morgan Rogers,0.9303,Wael Mohya,0.9172,Dani Olmo,0.9048,Fermin López,0.8961,Phil Foden,0.8808,Florian Kainz,0.878,Stanis Idumbo,0.8773,Hákon Haraldsson,0.8768,Enzo Fernández,0.8719,Jamal Musiala,0.8709,Cole Palmer,0.8695,Pavel Šulc,0.8531,Eberechi Eze,0.8513,Ethan Nwaneri,0.8393
Romano Schmid,Mediocentro ofensivo,Arijon Ibrahimović,0.9468,Christian Eriksen,0.9399,Omari Hutchinson,0.9043,Romain Faivre,0.7687,Fares Chaïbi,0.7181,Martin Ødegaard,0.7015,Julio Enciso,0.6959,Kevin De Bruyne,0.6814,Giovani Lo Celso,0.6505,Mert Kömür,0.6447,Paulo Dybala,0.636,Unai Gómez,0.6298,Lorenzo Pellegrini,0.6282,Bruno Fernandes,0.5991,Ibrahim Maza,0.5746
Adrian Beck,Mediocentro ofensivo,Merlin Röhl,0.8599,Himad Abdelli,0.7731,Nikola Vlašić,0.76,Bence Dárdai,0.7356,Calebe,0.7255,Faustino Anjorin,0.7151,Gio Reyna,0.7046,Valentin Carboni,0.6869,Kevin Stöger,0.6747,Patrice Čović,0.6744,Love Arrhov,0.674,Ali Houary,0.6674,Dermane Karim,0.6573,Daichi Kamada,0.6561,Mason Mount,0.6454
Brajan Gruda,Mediocentro ofensivo,Fermin López,0.9558,Can Uzun,0.9484,Phil Foden,0.9468,Dani Olmo,0.9065,Cole Palmer,0.9052,Morgan Rogers,0.8882,Florian Kainz,0.8882,Enzo Fernández,0.8822,Serge Gnabry,0.8814,Andrej Kramarić,0.8718,Pavel Šulc,0.8522,Morgan Gibbs-White,0.8466,Antoine Griezmann,0.8419,Stanis Idumbo,0.8292,Giacomo Raspadori,0.8287
Maximilian Philipp,Mediocentro ofensivo,Ali Houary,0.9637,Jack Fletcher,0.9548,Filippo Carbone,0.918,Bence Dárdai,0.9149,Antoni Milambo,0.8956,Daichi Kamada,0.8818,Mario Götze,0.8747,Love Arrhov,0.8724,Mathis Saka,0.8595,Mathis Jangeal,0.8595,César Palacios,0.8573,Divine Mukasa,0.8567,Justin Devenny,0.8505,Mikel Goti,0.8333,Dani Rodríguez,0.831
Bence Dárdai,Mediocentro ofensivo,Jack Fletcher,0.9393,Ali Houary,0.9313,Daichi Kamada,0.9279,Maximilian Philipp,0.9149,Louis Leroux,0.9048,Ismaël Guerti,0.8815,Antoni Milambo,0.8539,César Palacios,0.8439,Calebe,0.8324,Mario Götze,0.831,Filippo Carbone,0.8128,Himad Abdelli,0.8098,Love Arrhov,0.7969,Faustino Anjorin,0.7965,Mike Trésor,0.7779
Serge Gnabry,Mediocentro ofensivo,Andrej Kramarić,0.9656,Julian Brandt,0.9619,Phil Foden,0.9542,Morgan Gibbs-White,0.9433,Antoine Griezmann,0.9389,Lennart Karl,0.9194,Jeong Woo-yeong,0.9114,Jonas Hofmann,0.9068,Ethan Nwaneri,0.9031,Brajan Gruda,0.8814,Dani Olmo,0.8792,Wesley Saïd,0.8722,Pavel Šulc,0.8705,Cole Palmer,0.8697,Giacomo Raspadori,0.8641
Alexis Claude-Maurice,Mediocentro ofensivo,Arda Güler,0.8572,Mert Kömür,0.8366,Paulo Dybala,0.8228,Brajan Gruda,0.8207,Diego Fuentes,0.8022,Fermin López,0.7708,Florian Kainz,0.7599,Ibrahim Maza,0.7579,Nicolò Zaniolo,0.7367,Can Uzun,0.7303,Nicolás Paz,0.7243,Rayan Cherki,0.7119,Lee Kang-in,0.7082,Phil Foden,0.7002,Julio Enciso,0.6835
Arijon Ibrahimović,Mediocentro ofensivo,Romano Schmid,0.9468,Christian Eriksen,0.8739,Omari Hutchinson,0.8502,Mattéo Tramoni,0.68,Hong Hyunseok,0.6694,Lazar Samardzic,0.6652,Kevin De Bruyne,0.6428,Romain Faivre,0.6331,Unai Gómez,0.6233,Fares Chaïbi,0.6024,Lorenzo Pellegrini,0.6014,Muhammed Damar,0.5982,Mert Kömür,0.5878,Giovani Lo Celso,0.5846,Ibrahim Maza,0.5783
Jonas Hofmann,Mediocentro ofensivo,Antoine Griezmann,0.9072,Serge Gnabry,0.9068,Julian Brandt,0.8922,Andrej Kramarić,0.8921,Kevin De Bruyne,0.8901,Lennart Karl,0.8734,Phil Foden,0.8497,Marcus Tavernier,0.844,Jeong Woo-yeong,0.7869,Brenden Aaronson,0.7864,Ethan Nwaneri,0.7807,Bilal El Khannouss,0.766,Morgan Gibbs-White,0.7614,Yuito Suzuki,0.7499,Martin Ødegaard,0.7433
Fabio Vieira,Mediocentro ofensivo,Aleksandr Golovin,0.9327,Lucas Paquetá,0.8374,Dominik Szoboszlai,0.8308,Peio Canales,0.7962,Luka Ilić,0.7673,Paul Nebel,0.7604,Albert Guðmundsson,0.7347,Xavi Simons,0.7331,Brais Méndez,0.6815,Oihan Sancet,0.6453,Immanuel Pherai,0.5998,Isaac Palazón Camacho,0.59,Louis Mouton,0.5582,Ethan Nwaneri,0.3416,Phil Foden,0.308
Andrej Kramarić,Mediocentro ofensivo,Antoine Griezmann,0.9786,Serge Gnabry,0.9656,Julian Brandt,0.9596,Giacomo Raspadori,0.9336,Phil Foden,0.9211,Morgan Gibbs-White,0.91,Cole Palmer,0.9098,Kevin De Bruyne,0.9013,Lennart Karl,0.8984,Jonas Hofmann,0.8921,Marcus Tavernier,0.8759,Brajan Gruda,0.8718,Jeong Woo-yeong,0.8462,Wesley Saïd,0.8449,Enzo Fernández,0.8103
Paul Nebel,Mediocentro ofensivo,Aleksandr Golovin,0.8453,Dominik Szoboszlai,0.7942,Fabio Vieira,0.7604,Louis Mouton,0.7587,Lucas Paquetá,0.7223,Peio Canales,0.7136,Luka Ilić,0.6909,Brais Méndez,0.5645,Xavi Simons,0.5515,Iker Losada,0.541,Malik Tillman,0.4903,Patrice Čović,0.4893,Mason Mount,0.4751,Mikkel Damsgaard,0.4676,Lorran,0.4649
Danel Sinani,Mediocentro ofensivo,Lorenzo Pellegrini,0.8477,Claudio Echeverri,0.8315,Giovani Lo Celso,0.7963,Lee Kang-in,0.7928,Mert Kömür,0.7818,Omari Hutchinson,0.73,Sebastian Szymański,0.7192,Adam Karabec,0.7132,Diego Fuentes,0.7124,Julio Enciso,0.6914,Marcus Tavernier,0.6746,Nicolò Zaniolo,0.6645,Tommaso Baldanzi,0.6126,Paulo Dybala,0.5745,Muhammed Damar,0.5728
Lee Jae-sung,Mediocentro ofensivo,Chris Rigg,0.8836,Iker Losada,0.8274,Emile Smith Rowe,0.7614,Bernardo Silva,0.749,Omri Gandelman,0.718,Nikola Vlašić,0.6799,Yuito Suzuki,0.6758,Patrice Čović,0.674,Noah Nartey,0.6381,Mikkel Damsgaard,0.6379,Florian Wirtz,0.616,Brenden Aaronson,0.5979,Gio Reyna,0.5894,Mason Mount,0.5622,Dro Fernández,0.5478
Kevin Stöger,Mediocentro ofensivo,Calebe,0.883,Valentin Carboni,0.82,César Palacios,0.8178,Daichi Kamada,0.7285,Love Arrhov,0.677,Adrian Beck,0.6747,Ali Houary,0.6717,Himad Abdelli,0.6716,Moi Gómez,0.6345,Bence Dárdai,0.6194,Dermane Karim,0.6147,Franco Vázquez,0.6082,Domingos André Ribeiro Almeida,0.6019,Dani Raba,0.6004,Faustino Anjorin,0.5955
Fabian Rieder,Mediocentro ofensivo,Pablo Torre,0.9082,Christoph Baumgartner,0.9021,Antonio Vergara,0.8719,Daniel Maldini,0.8631,Thomas Lemar,0.8554,Sebastiano Esposito,0.8529,Jude Bellingham,0.8488,Kamory Doumbia,0.8358,Alexis Sánchez,0.8264,Peque,0.807,Randy Nteka,0.7892,Cristian Volpato,0.7848,Lovro Majer,0.7778,Pavel Šulc,0.7492,Jens Odgaard,0.7434
Armindo Sieb,Mediocentro ofensivo,Randy Nteka,0.8835,Jens Odgaard,0.8747,Wesley Saïd,0.8586,Anton Kade,0.8566,Pavel Šulc,0.7737,Tommaso Baldanzi,0.7397,Cole Palmer,0.7325,Yuito Suzuki,0.7211,Morgan Rogers,0.7194,Samuele Inácio,0.7144,Morgan Gibbs-White,0.7002,Kendry Páez,0.6795,Jeong Woo-yeong,0.6688,Enzo Fernández,0.6639,Julian Brandt,0.655
Lovro Majer,Mediocentro ofensivo,Antonio Vergara,0.9456,Hannibal Mejbri,0.8649,Nikola Vlašić,0.7933,Fabian Rieder,0.7778,Denis Suárez,0.752,Sebastiano Esposito,0.7388,Cristian Volpato,0.7358,Sofiane Boufal,0.6914,Kamory Doumbia,0.6826,Pablo Torre,0.6241,Dermane Karim,0.6149,Bernardo Silva,0.5744,Sebastian Szymański,0.5708,Alexis Sánchez,0.5642,Christoph Baumgartner,0.5605
Christian Eriksen,Mediocentro ofensivo,Romano Schmid,0.9399,Romain Faivre,0.8948,Arijon Ibrahimović,0.8739,Omari Hutchinson,0.8592,Fares Chaïbi,0.8064,Martin Ødegaard,0.7386,Mattéo Tramoni,0.6827,James Mcatee,0.672,Elif Elmas,0.6242,Bruno Fernandes,0.5686,Giovani Lo Celso,0.5351,Félix Lemaréchal,0.5329,Dani Raba,0.5207,Sebastian Szymański,0.5186,Domingos André Ribeiro Almeida,0.5175
Love Arrhov,Mediocentro ofensivo,Calebe,0.9255,Ali Houary,0.9121,Valentin Carboni,0.8896,Angel Gomes,0.8895,Maximilian Philipp,0.8724,Daichi Kamada,0.8674,Aimar Oroz,0.864,César Palacios,0.8567,Jack Fletcher,0.8342,Giovanni Fabbian,0.8309,Tawanda Chirewa,0.8227,Dominic Vavassori,0.822,Iván Corralejo,0.8179,Isaac,0.8024,Nicolò Cavuoti,0.7973
Jamal Musiala,Mediocentro ofensivo,Rayan Cherki,0.9293,Martin Baturina,0.8963,Dani Olmo,0.8815,Can Uzun,0.8709,Stanis Idumbo,0.8445,Eberechi Eze,0.8286,Brajan Gruda,0.8176,Phil Foden,0.811,Wael Mohya,0.7937,Ethan Nwaneri,0.7755,Morgan Rogers,0.7453,Hákon Haraldsson,0.7398,Serge Gnabry,0.7375,Morgan Gibbs-White,0.7283,Fermin López,0.7282
Lennart Karl,Mediocentro ofensivo,Antoine Griezmann,0.9455,Phil Foden,0.9293,Serge Gnabry,0.9194,Bilal El Khannouss,0.9147,Andrej Kramarić,0.8984,Adam Boayar,0.8834,Jonas Hofmann,0.8734,Marcus Tavernier,0.8625,Julian Brandt,0.8465,Dani Olmo,0.8389,Fermin López,0.8377,Arda Güler,0.8333,Kevin De Bruyne,0.8301,Ethan Nwaneri,0.8255,Enzo Fernández,0.8238
Ismaël Guerti,Mediocentro ofensivo,Nicolae Stanciu,0.9338,Mike Trésor,0.9101,Bence Dárdai,0.8815,Antoni Milambo,0.8712,Louis Leroux,0.8398,Daichi Kamada,0.8079,Jack Fletcher,0.8054,Mario Götze,0.7866,Diego Diaz,0.7791,Ali Houary,0.7438,Maximilian Philipp,0.7424,Mattéo Tramoni,0.7314,Filippo Carbone,0.7302,Hong Hyunseok,0.7116,Domingos André Ribeiro Almeida,0.7111
Gabin Bernardeau,Mediocentro ofensivo,Reda Khadra,0.9822,Muhammed Damar,0.9146,Jano Monserrate,0.8865,Calvin Stengs,0.8272,James Maddison,0.752,Arsen Zakharyan,0.7461,Mikel Goti,0.7382,Justin Devenny,0.7369,Alejandro Mestanza,0.7331,Abdelhamid Sabiri,0.7301,Diego Diaz,0.6827,Hong Hyunseok,0.6772,Albert Grønbaek,0.6644,Mateus Mane,0.6188,Tomáš Suslov,0.5972
Mathis Saka,Mediocentro ofensivo,Mathis Jangeal,1.0,Divine Mukasa,0.9997,Nicolò Cavuoti,0.9586,Pablo Agudín,0.9245,Jamaldeen Jimoh,0.9234,Tawanda Chirewa,0.9214,Iván Corralejo,0.916,Dominic Vavassori,0.9102,Facundo Buonanotte,0.9063,George Earthy,0.9063,Toni Fernández,0.9063,Giovanni Fabbian,0.9003,Isaac,0.8863,Andrija Maksimović,0.8708,Jack Fletcher,0.8692
Mathis Jangeal,Mediocentro ofensivo,Mathis Saka,1.0,Divine Mukasa,0.9997,Nicolò Cavuoti,0.9586,Pablo Agudín,0.9245,Jamaldeen Jimoh,0.9234,Tawanda Chirewa,0.9214,Iván Corralejo,0.916,Dominic Vavassori,0.9102,Facundo Buonanotte,0.9063,George Earthy,0.9063,Toni Fernández,0.9063,Giovanni Fabbian,0.9003,Isaac,0.8863,Andrija Maksimović,0.8708,Jack Fletcher,0.8692
Sofiane Boufal,Mediocentro ofensivo,Óscar Trejo,0.9108,Hannibal Mejbri,0.8994,Antonio Vergara,0.7516,Sebastian Szymański,0.7515,Cristian Volpato,0.7127,Nicolò Zaniolo,0.6961,Lovro Majer,0.6914,Darryl Bakola,0.6658,Isco,0.6154,Franco Vázquez,0.6111,Sebastiano Esposito,0.607,Diego Fuentes,0.605,Giovani Lo Celso,0.5938,James Mcatee,0.5916,Fer López,0.5885
Himad Abdelli,Mediocentro ofensivo,Faustino Anjorin,0.9242,Daichi Kamada,0.8774,Valentin Carboni,0.8429,Albert Grønbaek,0.822,Bence Dárdai,0.8098,Calebe,0.798,Adrian Beck,0.7731,Pablo Marín,0.77,Arsen Zakharyan,0.7178,Ali Houary,0.6972,Ismaël Guerti,0.6965,Hong Hyunseok,0.6918,Love Arrhov,0.6794,Maximilian Philipp,0.6773,Mattéo Tramoni,0.6758
Adam Karabec,Mediocentro ofensivo,Tommaso Baldanzi,0.7532,Danel Sinani,0.7132,Gaetano Oristanio,0.628,Albert Grønbaek,0.6012,Samuele Inácio,0.5998,Arsen Zakharyan,0.584,Carlos Álvarez,0.5763,Claudio Echeverri,0.5506,Peque,0.5218,Armindo Sieb,0.5107,Rémy Cabella,0.5022,Unai Gómez,0.4962,Muhammed Damar,0.473,Isaac Palazón Camacho,0.4535,Lorenzo Pellegrini,0.4355
Pavel Šulc,Mediocentro ofensivo,Wesley Saïd,0.9753,Morgan Rogers,0.9621,Enzo Fernández,0.9386,Alexis Sánchez,0.9261,Jens Odgaard,0.9252,Randy Nteka,0.905,Morgan Gibbs-White,0.9024,Christoph Baumgartner,0.8945,Jeong Woo-yeong,0.8941,Ethan Nwaneri,0.8927,Yuito Suzuki,0.8856,Cole Palmer,0.8816,Hákon Haraldsson,0.8791,Serge Gnabry,0.8705,Phil Foden,0.8563
Lee Kang-in,Mediocentro ofensivo,Julio Enciso,0.9313,Marcus Tavernier,0.9276,Lorenzo Pellegrini,0.8946,Mert Kömür,0.8921,Paulo Dybala,0.8768,Giovani Lo Celso,0.8679,Antoine Griezmann,0.8213,Kevin De Bruyne,0.8087,Andrej Kramarić,0.8081,Brajan Gruda,0.7931,Danel Sinani,0.7928,Fermin López,0.7866,Phil Foden,0.7728,Claudio Echeverri,0.7623,Cole Palmer,0.7591
Julio Enciso,Mediocentro ofensivo,Paulo Dybala,0.964,Lee Kang-in,0.9313,Mert Kömür,0.8681,Giovani Lo Celso,0.8275,Lorenzo Pellegrini,0.7911,Charles De Ketelaere,0.7898,Marcus Tavernier,0.7846,Diego Fuentes,0.7616,Kevin De Bruyne,0.7397,Arda Güler,0.7188,Andrej Kramarić,0.6985,Romano Schmid,0.6959,Danel Sinani,0.6914,Antoine Griezmann,0.6901,Alexis Claude-Maurice,0.6835
Jean-Victor Makengo,Mediocentro ofensivo,Carlos Álvarez,0.4355,Cole Palmer,0.2598,Dro Fernández,0.2548,Brenden Aaronson,0.2302,Wael Mohya,0.2186,Gio Reyna,0.2174,Hákon Haraldsson,0.2041,Samuele Inácio,0.1952,Enzo Fernández,0.1878,Denis Suárez,0.187,Eberechi Eze,0.1861,Malik Tillman,0.1718,Lorran,0.1703,Thomas Lemar,0.1551,Jamal Musiala,0.1486
Kamory Doumbia,Mediocentro ofensivo,Sebastiano Esposito,0.945,Christoph Baumgartner,0.9249,Malik Tillman,0.8734,Cristian Volpato,0.8439,Pablo Torre,0.8385,Jude Bellingham,0.8371,Fabian Rieder,0.8358,Bilal El Khannouss,0.8349,Daniel Maldini,0.8306,Nicolás Paz,0.8228,Ethan Nwaneri,0.8045,Brenden Aaronson,0.7983,Alexis Sánchez,0.7938,Thomas Lemar,0.7887,Antonio Vergara,0.7729
Aleksandr Golovin,Mediocentro ofensivo,Fabio Vieira,0.9327,Dominik Szoboszlai,0.9119,Lucas Paquetá,0.9063,Paul Nebel,0.8453,Luka Ilić,0.8338,Brais Méndez,0.8298,Peio Canales,0.7838,Xavi Simons,0.6943,Albert Guðmundsson,0.6449,Louis Mouton,0.5666,Immanuel Pherai,0.5573,Oihan Sancet,0.5269,Isaac Palazón Camacho,0.5231,Florian Kainz,0.4076,Ethan Nwaneri,0.397
Louis Mouton,Mediocentro ofensivo,Paul Nebel,0.7587,Luka Ilić,0.7415,Lucas Paquetá,0.6603,Immanuel Pherai,0.5799,Aleksandr Golovin,0.5666,Fabio Vieira,0.5582,Dominik Szoboszlai,0.5295,Ismaël Guerti,0.5223,Louis Leroux,0.5154,Emile Smith Rowe,0.4911,Oihan Sancet,0.4623,Bence Dárdai,0.4615,Antoni Milambo,0.4352,Jack Fletcher,0.4027,Mike Trésor,0.4007
Louis Leroux,Mediocentro ofensivo,Bence Dárdai,0.9048,Jack Fletcher,0.8671,Antoni Milambo,0.8548,Ismaël Guerti,0.8398,Maximilian Philipp,0.7909,Emile Smith Rowe,0.7872,Merlin Röhl,0.778,Dro Fernández,0.7617,Ali Houary,0.7476,Chris Rigg,0.7291,Mario Götze,0.7153,Daichi Kamada,0.7029,Mike Trésor,0.6996,Filippo Carbone,0.6806,Toni Fernández,0.6786
Wesley Saïd,Mediocentro ofensivo,Pavel Šulc,0.9753,Jens Odgaard,0.916,Yuito Suzuki,0.9146,Morgan Gibbs-White,0.9117,Morgan Rogers,0.9116,Jeong Woo-yeong,0.9112,Enzo Fernández,0.9062,Anton Kade,0.9042,Randy Nteka,0.8961,Cole Palmer,0.8941,Julian Brandt,0.8744,Serge Gnabry,0.8722,Alexis Sánchez,0.8675,Armindo Sieb,0.8586,Andrej Kramarić,0.8449
Dermane Karim,Mediocentro ofensivo,Denis Suárez,0.6933,Gio Reyna,0.6828,Calebe,0.6618,Adrian Beck,0.6573,Love Arrhov,0.648,Lovro Majer,0.6149,Kevin Stöger,0.6147,Ali Houary,0.6134,César Palacios,0.6071,Moi Gómez,0.5892,Hannibal Mejbri,0.5855,Bence Dárdai,0.5712,Antonio Vergara,0.5671,Dro Fernández,0.5468,Jack Fletcher,0.5375
Ethan Nwaneri,Mediocentro ofensivo,Dani Olmo,0.9289,Phil Foden,0.9081,Serge Gnabry,0.9031,Pavel Šulc,0.8927,Wael Mohya,0.8922,Jeong Woo-yeong,0.8823,Morgan Rogers,0.8807,Hákon Haraldsson,0.8792,Morgan Gibbs-White,0.8784,Eberechi Eze,0.8733,Enzo Fernández,0.8555,Christoph Baumgartner,0.8497,Alexis Sánchez,0.8411,Brenden Aaronson,0.8396,Can Uzun,0.8393
Kendry Páez,Mediocentro ofensivo,Anton Kade,0.812,Rémy Cabella,0.7969,Adam Boayar,0.7503,Lazar Samardzic,0.7482,Fabio Carvalho,0.692,Armindo Sieb,0.6795,Vasilije Adžić,0.6579,Florian Wirtz,0.6316,Wesley Saïd,0.6043,Giacomo Raspadori,0.5723,Yuito Suzuki,0.5616,Kevin De Bruyne,0.5582,Antoine Griezmann,0.5515,Noah Nartey,0.5411,Julian Brandt,0.5208
Stanis Idumbo,Mediocentro ofensivo,Martin Baturina,0.9647,Wael Mohya,0.9318,Léo Scienza,0.9193,Eberechi Eze,0.9133,Dani Olmo,0.8918,Can Uzun,0.8773,Jamal Musiala,0.8445,Lorran,0.839,Hákon Haraldsson,0.8376,Daniel Maldini,0.8361,Brajan Gruda,0.8292,Nicolás Paz,0.8081,Vasilije Adžić,0.8045,Ethan Nwaneri,0.8043,Morgan Gibbs-White,0.7978
Hong Hyunseok,Mediocentro ofensivo,Muhammed Damar,0.7654,Mattéo Tramoni,0.7649,Arsen Zakharyan,0.7609,Mike Trésor,0.7147,Ismaël Guerti,0.7116,Reda Khadra,0.7011,Nicolae Stanciu,0.7009,Justin Devenny,0.6931,Himad Abdelli,0.6918,Gabin Bernardeau,0.6772,Arijon Ibrahimović,0.6694,Albert Grønbaek,0.6617,Diego Diaz,0.6566,Unai Gómez,0.6534,Harry Howell,0.6155
Reda Khadra,Mediocentro ofensivo,Gabin Bernardeau,0.9822,Muhammed Damar,0.8998,Jano Monserrate,0.8868,Calvin Stengs,0.7795,Justin Devenny,0.7686,Mikel Goti,0.7648,James Maddison,0.7516,Abdelhamid Sabiri,0.7301,Arsen Zakharyan,0.725,Diego Diaz,0.7123,Alejandro Mestanza,0.7074,Albert Grønbaek,0.7023,Hong Hyunseok,0.7011,Tomáš Suslov,0.5966,Mateus Mane,0.5902
Hákon Haraldsson,Mediocentro ofensivo,Wael Mohya,0.9468,Eberechi Eze,0.9278,Morgan Rogers,0.9269,Daniel Maldini,0.889,Ethan Nwaneri,0.8792,Pavel Šulc,0.8791,Can Uzun,0.8768,Jens Odgaard,0.8728,Morgan Gibbs-White,0.8675,Stanis Idumbo,0.8376,Jeong Woo-yeong,0.8313,Martin Baturina,0.8267,Wesley Saïd,0.8068,Christoph Baumgartner,0.8028,Randy Nteka,0.8006
Dro Fernández,Mediocentro ofensivo,Gio Reyna,0.9147,Merlin Röhl,0.8037,Omri Gandelman,0.7877,Louis Leroux,0.7617,Emile Smith Rowe,0.7424,Mason Mount,0.7182,Noah Nartey,0.6964,Chris Rigg,0.6516,Patrice Čović,0.5769,Jack Fletcher,0.5745,Bence Dárdai,0.5624,Adrian Beck,0.5586,Lee Jae-sung,0.5478,Antoni Milambo,0.5477,Dermane Karim,0.5468
Rémy Cabella,Mediocentro ofensivo,Lazar Samardzic,0.845,Kendry Páez,0.7969,Anton Kade,0.7246,Muhammed Damar,0.5407,Marcus Tavernier,0.5386,Adam Boayar,0.5242,Danel Sinani,0.5215,Arijon Ibrahimović,0.5156,Lorenzo Pellegrini,0.5126,Kevin De Bruyne,0.5088,Adam Karabec,0.5022,Tommaso Baldanzi,0.5003,Armindo Sieb,0.4965,Hong Hyunseok,0.4947,Enzo Fernández,0.4875
Sebastian Szymański,Mediocentro ofensivo,Lorenzo Pellegrini,0.878,Giovani Lo Celso,0.8739,Mert Kömür,0.7739,Sofiane Boufal,0.7515,Marcus Tavernier,0.7412,Omari Hutchinson,0.7394,Danel Sinani,0.7192,Bilal El Khannouss,0.7122,Florian Kainz,0.7089,Nicolò Zaniolo,0.701,Pablo Torre,0.6883,Cristian Volpato,0.6789,Lee Kang-in,0.6787,Fermin López,0.6719,Arda Güler,0.6482
Noah Nartey,Mediocentro ofensivo,Florian Wirtz,0.8651,Omri Gandelman,0.8534,Jeong Woo-yeong,0.7997,Yuito Suzuki,0.7949,Mason Mount,0.7812,Malik Tillman,0.754,Patrice Čović,0.7311,Anton Kade,0.7199,Iker Losada,0.7157,Gio Reyna,0.6989,Dro Fernández,0.6964,Fabio Carvalho,0.6963,Hákon Haraldsson,0.6922,Eberechi Eze,0.6821,Wesley Saïd,0.6802
Félix Lemaréchal,Mediocentro ofensivo,Moi Gómez,0.9027,Domingos André Ribeiro Almeida,0.902,James Mcatee,0.8431,Dani Raba,0.7889,Romain Faivre,0.779,Aimar Oroz,0.7401,Darryl Bakola,0.7177,Fer López,0.7113,Pablo Marín,0.6438,Mario Götze,0.6266,Isco,0.6106,Calebe,0.5925,Alejandro Mestanza,0.5852,Daichi Kamada,0.5833,Dani Rodríguez,0.5827
Romain Faivre,Mediocentro ofensivo,Christian Eriksen,0.8948,Félix Lemaréchal,0.779,Elif Elmas,0.7729,Romano Schmid,0.7687,James Mcatee,0.7407,Martin Ødegaard,0.7236,Domingos André Ribeiro Almeida,0.721,Omari Hutchinson,0.6966,Fares Chaïbi,0.6505,Arijon Ibrahimović,0.6331,Darryl Bakola,0.6225,Moi Gómez,0.6123,Harry Howell,0.611,Dani Raba,0.595,Mattéo Tramoni,0.5549
Diego Fuentes,Mediocentro ofensivo,Mert Kömür,0.9115,Paulo Dybala,0.8196,Alexis Claude-Maurice,0.8022,Claudio Echeverri,0.7629,Julio Enciso,0.7616,Giovani Lo Celso,0.7609,Arda Güler,0.7325,Nicolò Zaniolo,0.7287,Danel Sinani,0.7124,Óscar Trejo,0.7076,Lee Kang-in,0.6971,Ibrahim Maza,0.6939,Lorenzo Pellegrini,0.6907,Sebastian Szymański,0.6345,Darryl Bakola,0.618
Diego Diaz,Mediocentro ofensivo,Mike Trésor,0.9455,Nicolae Stanciu,0.9153,Mikel Goti,0.888,Justin Devenny,0.8661,Dani Rodríguez,0.8627,Antoni Milambo,0.8267,Harvey Elliott,0.7936,Ismaël Guerti,0.7791,Filippo Carbone,0.7744,Alejandro Mestanza,0.7666,Adrian Przyborek,0.7663,James Maddison,0.744,Abdelhamid Sabiri,0.7131,Reda Khadra,0.7123,Andrija Maksimović,0.6872
Peio Canales,Mediocentro ofensivo,Fabio Vieira,0.7962,Dominik Szoboszlai,0.7885,Aleksandr Golovin,0.7838,Paul Nebel,0.7136,Ethan Nwaneri,0.7056,Xavi Simons,0.6577,Cristian Volpato,0.5907,Brais Méndez,0.5797,Dani Olmo,0.552,Kamory Doumbia,0.5498,Hákon Haraldsson,0.5432,Phil Foden,0.5401,Brenden Aaronson,0.54,Iker Losada,0.5354,Bilal El Khannouss,0.53
Sávio,Lateral izquierdo,Álex Grimaldo,0.9105,Maxim De Cuyper,0.9065,Nuno Mendes,0.9022,Miguel Gutiérrez,0.8684,Joaquín Martínez Gauna,0.8643,Federico Dimarco,0.8562,Romain Perraud,0.8367,Alberto Moreno,0.8297,Riccardo Calafiori,0.8178,Dimitris Giannoulis,0.8104,Matthieu Udol,0.8016,Robin Gosens,0.799,Arsène Kouassi,0.791,Leonardo Spinazzola,0.7366,Maximilian Mittelstädt,0.7256
Milos Kerkez,Lateral izquierdo,Phillipp Mwene,0.925,Daniel Svensson,0.8967,Melvin Bard,0.8123,Arsène Kouassi,0.7949,Álvaro Carreras,0.781,Robin Gosens,0.7806,Ryan Sessegnon,0.774,Alberto Moreno,0.746,Nathaniel Brown,0.7357,Jonas Föhrenbach,0.733,Miguel Gutiérrez,0.7081,Alphonso Davies,0.6851,Louis Oppie,0.6687,Álex Valle,0.6588,Rafel Obrador,0.6543
David Møller Wolfe,Lateral izquierdo,Luca Netz,0.9833,Antonino Gallo,0.9114,Christian Günter,0.8415,Ricardo Rodríguez,0.8212,Jordy Makengo,0.8015,Toni Lato,0.7612,El Hadji Malick Diouf,0.7101,Jairo Izquierdo,0.634,Manuel Serrano,0.6293,Matteo Cocchi,0.6293,Deniz Ofli,0.6293,Omar Falah,0.6293,Leart Paqarada,0.6293,Alejandro Balde,0.6157,Rico Henry,0.6019
Lewis Hall,Lateral izquierdo,Hugo Bueno,0.8445,Maximilian Mittelstädt,0.8093,Riyad Idrissi,0.7616,Tyrick Mitchell,0.7445,Max Finkgräfe,0.7366,Martin Frese,0.7355,Davide Bartesaghi,0.7279,Miguel Gutiérrez,0.7204,Carlos Romero,0.712,Andrea Cambiaso,0.7018,Hannes Behrens,0.7012,Federico Dimarco,0.6943,Nuno Mendes,0.6931,Alfonso Espino,0.691,Joaquín Martínez Gauna,0.683
Rayan Aït-Nouri,Lateral izquierdo,Niels Nkounkou,0.9094,Matteo Ruggeri,0.8921,Kassoum Ouattara,0.8731,Gabriel Suazo,0.8395,Jorge Salinas,0.8078,Babis Lykogiannis,0.7717,Toni Lato,0.6688,Yuri Berchiche,0.6446,Miro Muheim,0.6432,Hassane Kamara,0.6431,Junior Firpo,0.6417,El Hadji Malick Diouf,0.6367,Julio Diaz,0.6315,Quilindschy Hartman,0.625,Lucas Hernández,0.6213
Dennis Cirkin,Lateral izquierdo,Jorrel Hato,0.9939,Bernardo,0.9558,Franco Carboni,0.9129,Borna Sosa,0.9012,Diego Pampín,0.8282,Adama Boiro,0.8257,Mathías Olivera,0.7713,Calvin Verdonk,0.7646,Lukas Ullrich,0.7542,Florent Hanin,0.7269,Alex Murphy,0.7125,Thomas Delaine,0.7075,Reinildo Mandava,0.7065,Diego Rico,0.7049,Juan Cruz Armada,0.7036
Oleksandr Zinchenko,Lateral izquierdo,Niccolò Fortini,0.9085,Domagoj Bradarić,0.8061,Ian Maatsen,0.7486,Lucas,0.7334,Almugera Kabar,0.724,Emanuele Valeri,0.7151,Tuomas Ollila,0.6901,Fredrik Oppegard,0.6842,Ferdi Kadioglu,0.6147,Angeliño,0.6033,Djed Spence,0.5825,Rio Cardines,0.5728,Arthur Masuaku,0.5168,Dan Sinaté,0.5095,Mads Pedersen,0.5093
Hugo Bueno,Lateral izquierdo,Maximilian Mittelstädt,0.905,Quentin Merlin,0.8778,Tyrick Mitchell,0.8778,Joaquín Martínez Gauna,0.8507,Lewis Hall,0.8445,David Raum,0.8323,Federico Dimarco,0.8283,Nuno Mendes,0.8208,Olivier Deman,0.8203,Juan Miranda,0.8092,Max Finkgräfe,0.7945,Álex Grimaldo,0.7653,Carlos Romero,0.7642,Neco Williams,0.7286,Ryan Sessegnon,0.7284
Oliver Scarles,Lateral izquierdo,Latif Ouedraogo,0.9543,Antonee Robinson,0.9308,Diego Rico,0.9246,Lars Ritzka,0.8123,Jorge Montes,0.801,Jacques Ekomie,0.7734,Bernardo,0.7704,Adama Boiro,0.7687,Lukas Ullrich,0.7672,Mathias Løvik,0.762,Cristiano Biraghi,0.7586,Nuno Tavares,0.7578,Rahim Bonkano,0.75,Felix Agu,0.7423,Gabriel Suazo,0.7194
Ryan Sessegnon,Lateral izquierdo,Melvin Bard,0.9148,Carlos Romero,0.9068,Nathaniel Brown,0.8943,Juan David Cabal,0.8807,Tyrick Mitchell,0.8725,Riyad Idrissi,0.8637,Daniel Svensson,0.8288,Olivier Deman,0.8243,Tom Rothe,0.8157,Aihen Muñoz,0.7933,Robin Gosens,0.7871,Adrià Pedrosa,0.7794,Milos Kerkez,0.774,Joakim Mæhle,0.7684,Manu Sánchez,0.7654
Quilindschy Hartman,Lateral izquierdo,Emerson Palmieri,0.8649,Matteo Ruggeri,0.8457,Lucas Digne,0.771,Niels Nkounkou,0.7562,Babis Lykogiannis,0.7267,Toni Lato,0.6611,Kassoum Ouattara,0.6551,Antonino Gallo,0.6437,Luca Netz,0.6354,El Hadji Malick Diouf,0.6254,Rayan Aït-Nouri,0.625,Hassane Kamara,0.6172,Sergio Gómez,0.6129,Christian Günter,0.5814,David Møller Wolfe,0.5319
Lucas Digne,Lateral izquierdo,Quilindschy Hartman,0.771,Yuri Berchiche,0.7492,El Hadji Malick Diouf,0.7457,Emerson Palmieri,0.716,Christian Günter,0.6696,Quentin Merlin,0.6622,Matthieu Udol,0.654,Babis Lykogiannis,0.649,Emanuele Valeri,0.6176,Niels Nkounkou,0.6165,Bradley Locko,0.6131,Matteo Ruggeri,0.6085,Aarón Martín,0.578,Johan Mojica,0.5657,Miro Muheim,0.5598
Antonee Robinson,Lateral izquierdo,Oliver Scarles,0.9308,Lars Ritzka,0.8281,Latif Ouedraogo,0.8257,Diego Rico,0.807,Jorge Montes,0.7734,Gabriel Suazo,0.7503,Bernardo,0.7456,Lukas Ullrich,0.7153,Mathias Løvik,0.7015,Adama Boiro,0.6583,Jorrel Hato,0.6522,Dennis Cirkin,0.6417,Davinchi,0.639,Rahim Bonkano,0.62,Borna Sosa,0.6041
Ian Maatsen,Lateral izquierdo,Niccolò Fortini,0.8319,Oleksandr Zinchenko,0.7486,Angeliño,0.7472,Enzo Koffi Vinette,0.736,Nuno Tavares,0.704,Emanuele Valeri,0.7014,Lucas,0.6414,Mahamadou Nagida,0.6314,Djed Spence,0.601,Babis Lykogiannis,0.5976,Domagoj Bradarić,0.5952,Lukas Ullrich,0.5914,Tuomas Ollila,0.5833,Davinchi,0.5706,Kostas Tsimikas,0.5635
Riccardo Calafiori,Lateral izquierdo,Nico O’Reilly,0.9064,Alberto Moreno,0.8909,Robin Gosens,0.8494,Sávio,0.8178,Juan David Cabal,0.8105,Maxim De Cuyper,0.7937,Dimitris Giannoulis,0.7626,Dayann Methalie,0.7607,Nathaniel Brown,0.7564,Nuno Mendes,0.7539,Riyad Idrissi,0.7532,Carlos Augusto,0.7473,Federico Dimarco,0.743,Raphaël Guerreiro,0.7426,Marc Cucurella,0.7411
Maxim De Cuyper,Lateral izquierdo,Dimitris Giannoulis,0.9703,Álex Grimaldo,0.9478,Nuno Mendes,0.9377,Federico Dimarco,0.9374,Arsène Kouassi,0.9166,Sávio,0.9065,Joaquín Martínez Gauna,0.9033,Alberto Moreno,0.8963,Aarón Martín,0.8885,Matthieu Udol,0.8858,Leonardo Spinazzola,0.8753,Nathaniel Brown,0.8715,Romain Perraud,0.8583,Robin Gosens,0.8568,Juan Miranda,0.8544
Andrew Robertson,Lateral izquierdo,Louis Oppie,0.9348,Aaron Zehnter,0.7938,Daniel Svensson,0.7842,Aihen Muñoz,0.7656,Miguel Gutiérrez,0.7554,Raphaël Guerreiro,0.7356,Leonardo Spinazzola,0.7332,Tyrick Mitchell,0.7275,Ferdi Kadioglu,0.7233,Milos Kerkez,0.6484,Joaquín Martínez Gauna,0.6276,Ryan Sessegnon,0.6113,Abner,0.6086,Tom Rothe,0.5885,Robin Gosens,0.5787
Djed Spence,Lateral izquierdo,Jesus Vazquez,0.9296,Tuomas Ollila,0.8801,Souza,0.7609,Mahamadou Nagida,0.7578,Fodé Ballo-Touré,0.7516,Josh Doig,0.7148,Ulisses Garcia,0.7105,Niccolò Fortini,0.7078,Felix Agu,0.7073,Jacques Ekomie,0.6962,Lukas Ullrich,0.6923,Angeliño,0.6768,Arthur Masuaku,0.6665,Mathías Olivera,0.6547,Nuno Tavares,0.6434
Jorrel Hato,Lateral izquierdo,Dennis Cirkin,0.9939,Bernardo,0.9468,Franco Carboni,0.9081,Borna Sosa,0.8953,Adama Boiro,0.7953,Calvin Verdonk,0.785,Mathías Olivera,0.7831,Diego Pampín,0.773,Lukas Ullrich,0.738,Alex Murphy,0.7216,Lars Ritzka,0.7153,Florent Hanin,0.7063,Thomas Delaine,0.7011,Davinchi,0.6967,Juan Cruz Armada,0.6957
Lucas,Lateral izquierdo,Fredrik Oppegard,0.9392,Oleksandr Zinchenko,0.7334,Mario García,0.672,Niccolò Fortini,0.6488,Ian Maatsen,0.6414,Almugera Kabar,0.6244,Lars Ritzka,0.6046,Darlin Yongwa,0.6025,Mathias Løvik,0.5775,Léo Pétrot,0.5773,Angeliño,0.5741,Nuno Tavares,0.555,Lukas Ullrich,0.5502,Calvin Verdonk,0.5215,Derrick Köhn,0.5128
Reinildo Mandava,Lateral izquierdo,Gideon Mensah,0.8394,Javi López,0.8305,Giuseppe Pezzella,0.774,Diego Pampín,0.7646,Bernardo,0.7476,Junior Firpo,0.7359,Jordan Zemura,0.7087,Dennis Cirkin,0.7065,Destiny Udogie,0.6884,Jorrel Hato,0.6615,Thibault De Smet,0.6559,Léo Pétrot,0.6399,Darlin Yongwa,0.6277,Calvin Verdonk,0.6158,Adam Obert,0.6157
Rico Henry,Lateral izquierdo,Alejandro Balde,0.9236,Julio Soler,0.8804,Jordy Makengo,0.8681,Destiny Udogie,0.8084,Luis Orejuela,0.7981,Nhoa Sangui,0.7203,Luís Balbo,0.6915,Javi Galán,0.691,Mihailo Ristić,0.6869,Ferland Mendy,0.6808,Ricardo Rodríguez,0.6786,Jordan Zemura,0.6656,Gideon Mensah,0.6548,Giuseppe Pezzella,0.6497,Diego Pampín,0.6452
Destiny Udogie,Lateral izquierdo,Jordan Zemura,0.9287,Deiver Machado,0.8785,Rico Henry,0.8084,Giuseppe Pezzella,0.787,Fodé Ballo-Touré,0.7804,Gideon Mensah,0.78,Ben Chilwell,0.7609,Javi López,0.7453,Julio Soler,0.7437,Javi Galán,0.7397,Kostas Tsimikas,0.7366,Jacques Ekomie,0.7229,Álex Moreno,0.7159,Mads Pedersen,0.7079,Alejandro Balde,0.6936
Borna Sosa,Lateral izquierdo,Thomas Delaine,0.9012,Dennis Cirkin,0.9012,Jorrel Hato,0.8953,Mathías Olivera,0.8516,Calvin Verdonk,0.8448,Bernardo,0.831,Davinchi,0.8212,Lukas Ullrich,0.8138,Diego Pampín,0.7999,Mahamadou Nagida,0.7497,Franco Carboni,0.7478,Josh Doig,0.7464,Diego Rico,0.7222,Adama Boiro,0.7163,Youssef Lekhedim,0.6391
Tyrell Malacia,Lateral izquierdo,Alex Murphy,0.9247,Corrie Ndaba,0.9127,Florent Hanin,0.8994,Jofre Torrents,0.8915,Jairo Izquierdo,0.8783,Leart Paqarada,0.8775,Matteo Cocchi,0.8775,Manuel Serrano,0.8775,Omar Falah,0.8775,Deniz Ofli,0.8775,Ferland Mendy,0.8743,Justin Bourgault,0.8693,Jorge Montes,0.8542,Mihailo Ristić,0.8515,Ricardo Rodríguez,0.8399
Ferdi Kadioglu,Lateral izquierdo,Louis Oppie,0.8415,Miguel Gutiérrez,0.8304,Alfonso Espino,0.7524,Andrew Robertson,0.7233,Lewis Hall,0.6657,Sávio,0.6416,Oleksandr Zinchenko,0.6147,Robin Gosens,0.6043,Tyrick Mitchell,0.6023,Tuomas Ollila,0.55,Joaquín Martínez Gauna,0.5405,Neco Williams,0.5259,Riyad Idrissi,0.5249,Alberto Moreno,0.5206,Tom Rothe,0.5157
El Hadji Malick Diouf,Lateral izquierdo,Yuri Berchiche,0.9552,Matteo Ruggeri,0.7956,Lucas Hernández,0.7926,Christian Günter,0.7505,Lucas Digne,0.7457,Álex Moreno,0.7178,Julio Diaz,0.7136,David Møller Wolfe,0.7101,Johan Mojica,0.707,Toni Lato,0.6911,Ben Chilwell,0.6854,Luca Netz,0.6779,Hassane Kamara,0.6454,Rayan Aït-Nouri,0.6367,Quilindschy Hartman,0.6254
Marc Cucurella,Lateral izquierdo,Pervis Estupiñán,0.9176,Álvaro Carreras,0.8238,Daouda Guindo,0.8161,Abel Bretones,0.8028,Ali Abdi,0.7805,Riccardo Calafiori,0.7411,José Luis Gayà,0.7147,Alberto Moreno,0.7073,Juan David Cabal,0.689,Alfonso Pedraza,0.6879,Fran Garcia,0.6606,Olivier Deman,0.6583,Romain Perraud,0.6582,Dayann Methalie,0.6505,Nico O’Reilly,0.6463
Vitaliy Mykolenko,Lateral izquierdo,José Salinas,0.8882,Yanis Zouaoui,0.831,Fabiano Parisi,0.5768,Gabriel Gudmundsson,0.5624,Thomas Delaine,0.5186,Julio Soler,0.5162,Adama Boiro,0.4967,Diego Pampín,0.4801,Florent Hanin,0.4793,Luis Orejuela,0.4705,Davide Bartesaghi,0.4653,Hannes Behrens,0.4628,Cristiano Biraghi,0.4401,Juan Cruz Armada,0.4325,Jairo Izquierdo,0.4308
Rio Cardines,Lateral izquierdo,Dan Sinaté,0.9286,Jairo Izquierdo,0.9264,Nhoa Sangui,0.9,Mihailo Ristić,0.8644,Corrie Ndaba,0.8404,Omar Falah,0.8239,Manuel Serrano,0.8239,Matteo Cocchi,0.8239,Deniz Ofli,0.8239,Leart Paqarada,0.8239,Luis Orejuela,0.7965,Florent Hanin,0.7791,Justin Bourgault,0.7712,Cristiano Biraghi,0.7666,Jofre Torrents,0.763
Julio Soler,Lateral izquierdo,Luis Orejuela,0.9304,Rico Henry,0.8804,Luís Balbo,0.8747,Nhoa Sangui,0.8587,Cristiano Biraghi,0.8475,Kostas Tsimikas,0.8305,Javi Galán,0.8256,Florent Hanin,0.7785,Mads Pedersen,0.7704,Alejandro Balde,0.7552,Adama Boiro,0.7462,Diego Pampín,0.7449,Destiny Udogie,0.7437,Mihailo Ristić,0.7427,Jordy Makengo,0.7427
Souza,Lateral izquierdo,Mahamadou Nagida,0.8499,Youssef Lekhedim,0.812,Ulisses Garcia,0.8025,Josh Doig,0.7869,Djed Spence,0.7609,Mathías Olivera,0.742,Arthur Masuaku,0.7033,Davinchi,0.678,Angeliño,0.6767,Jesus Vazquez,0.6372,Diego Pampín,0.6279,Borna Sosa,0.6063,Lukas Ullrich,0.5512,Enzo Koffi Vinette,0.5428,Fodé Ballo-Touré,0.5405
Nico O’Reilly,Lateral izquierdo,Nathaniel Brown,0.9315,Alberto Moreno,0.9216,Juan David Cabal,0.921,Carlos Romero,0.9072,Riyad Idrissi,0.9071,Riccardo Calafiori,0.9064,Robin Gosens,0.902,Dayann Methalie,0.8702,Abner,0.8601,Dimitris Giannoulis,0.8598,Raphaël Guerreiro,0.8551,Maxim De Cuyper,0.8478,Carlos Augusto,0.8264,Federico Dimarco,0.8165,Alphonso Davies,0.8158
Tyrick Mitchell,Lateral izquierdo,Hugo Bueno,0.8778,Ryan Sessegnon,0.8725,Aihen Muñoz,0.7912,Carlos Romero,0.784,Melvin Bard,0.7696,Riyad Idrissi,0.7625,Tom Rothe,0.7545,Lewis Hall,0.7445,Louis Oppie,0.74,Daniel Svensson,0.7398,Juan David Cabal,0.7298,Andrew Robertson,0.7275,Miguel Gutiérrez,0.7231,Alfonso Espino,0.718,Olivier Deman,0.7163
Adrien Truffert,Lateral izquierdo,Max Finkgräfe,0.9237,Joakim Mæhle,0.8893,Sergi Cardona,0.8764,Carlos Romero,0.8175,David Raum,0.8133,Adrià Pedrosa,0.8026,Nathaniel Brown,0.7909,Álex Valle,0.7882,Aarón Martín,0.776,Dimitris Giannoulis,0.7699,Maximilian Mittelstädt,0.7656,Juan Miranda,0.7646,Rafel Obrador,0.7429,Olivier Deman,0.7162,Alphonso Davies,0.7151
Gabriel Gudmundsson,Lateral izquierdo,Thibault De Smet,0.6553,Pep Chavarría,0.6268,José Salinas,0.6259,Yanis Zouaoui,0.5897,Vitaliy Mykolenko,0.5624,Darlin Yongwa,0.5619,Adam Obert,0.5541,Nicolás Tagliafico,0.5355,Javi López,0.5222,Victor Parada,0.5185,Giuseppe Pezzella,0.4889,Mario García,0.427,Fran Garcia,0.4172,Calvin Verdonk,0.4111,Fredrik Oppegard,0.4102
Alex Murphy,Lateral izquierdo,Ferland Mendy,0.9652,Juan Cruz Armada,0.9505,Corrie Ndaba,0.9472,Leart Paqarada,0.9315,Deniz Ofli,0.9315,Manuel Serrano,0.9315,Omar Falah,0.9315,Matteo Cocchi,0.9315,Tyrell Malacia,0.9247,Florent Hanin,0.9143,Mihailo Ristić,0.9138,Franco Carboni,0.9132,Justin Bourgault,0.9111,Ricardo Rodríguez,0.9093,Jairo Izquierdo,0.8123
Neco Williams,Lateral izquierdo,Romain Perraud,0.8873,Maximilian Mittelstädt,0.8413,Tom Rothe,0.8205,Nuno Mendes,0.8032,Federico Dimarco,0.7992,Alfonso Espino,0.7957,Olivier Deman,0.79,David Raum,0.7639,Daouda Guindo,0.7568,Joaquín Martínez Gauna,0.7519,Adrià Pedrosa,0.7488,Riyad Idrissi,0.7475,Juan David Cabal,0.7312,Hugo Bueno,0.7286,Álex Grimaldo,0.7237
Sam Byram,Lateral izquierdo,Rahim Bonkano,0.897,Luís Balbo,0.8602,Mathias Løvik,0.8598,Lars Ritzka,0.8532,Léo Pétrot,0.8242,Javi Galán,0.8103,Jorge Montes,0.7865,Cristiano Biraghi,0.7674,Adama Boiro,0.7586,Franco Carboni,0.7583,Florent Hanin,0.7465,Tyrell Malacia,0.7347,Nhoa Sangui,0.7338,Latif Ouedraogo,0.7312,Jacques Ekomie,0.7105
Luke Shaw,Lateral izquierdo,Manu Sánchez,0.8361,Isaac Schmidt,0.8184,Luca Pellegrini,0.7303,Dayann Methalie,0.682,Jonas Föhrenbach,0.663,Carlos Augusto,0.5824,Álex Valle,0.5762,Melvin Bard,0.5669,Aihen Muñoz,0.5182,Jorrel Hato,0.4884,Juan David Cabal,0.4852,Riyad Idrissi,0.4787,Dennis Cirkin,0.4595,Joakim Mæhle,0.4583,Ryan Sessegnon,0.4572
Jorge Montes,Lateral izquierdo,Mathias Løvik,0.9427,Rahim Bonkano,0.9386,Jofre Torrents,0.9153,Lars Ritzka,0.8727,Adama Boiro,0.8719,Cristiano Biraghi,0.8639,Tyrell Malacia,0.8542,Florent Hanin,0.8454,Luís Balbo,0.842,Oliver Scarles,0.801,Latif Ouedraogo,0.7885,Sam Byram,0.7865,Franco Carboni,0.7813,Almugera Kabar,0.7789,Antonee Robinson,0.7734
Javi Galán,Lateral izquierdo,Mads Pedersen,0.8892,Kostas Tsimikas,0.8642,Luís Balbo,0.8508,Cristiano Biraghi,0.8388,Jacques Ekomie,0.8286,Julio Soler,0.8256,Sam Byram,0.8103,Rahim Bonkano,0.8096,Latif Ouedraogo,0.7782,Felix Agu,0.7725,Fodé Ballo-Touré,0.7649,Giuseppe Pezzella,0.7571,Destiny Udogie,0.7397,Mathias Løvik,0.7372,Nuno Tavares,0.7194
Rahim Bonkano,Lateral izquierdo,Luís Balbo,0.9551,Mathias Løvik,0.9517,Jorge Montes,0.9386,Cristiano Biraghi,0.9386,Sam Byram,0.897,Florent Hanin,0.8823,Adama Boiro,0.8799,Jofre Torrents,0.844,Tyrell Malacia,0.8358,Lars Ritzka,0.8246,Javi Galán,0.8096,Nhoa Sangui,0.8086,Latif Ouedraogo,0.8054,Franco Carboni,0.7747,Oliver Scarles,0.75
Javi López,Lateral izquierdo,Giuseppe Pezzella,0.9663,Darlin Yongwa,0.8668,Reinildo Mandava,0.8305,Jordan Zemura,0.8047,Deiver Machado,0.754,Destiny Udogie,0.7453,Nuno Tavares,0.7166,Fodé Ballo-Touré,0.7041,Gideon Mensah,0.6907,Kostas Tsimikas,0.6752,Jacques Ekomie,0.6684,Mario García,0.6673,Junior Firpo,0.6627,Diego Rico,0.66,Javi Galán,0.6548
Alfonso Pedraza,Lateral izquierdo,Sergi Cardona,0.9178,Olivier Deman,0.8945,Adrià Pedrosa,0.8682,Juan Miranda,0.8443,David Raum,0.7906,Álex Valle,0.7599,Dimitris Giannoulis,0.7262,Adrien Truffert,0.6975,Max Finkgräfe,0.6966,Melvin Bard,0.6919,Federico Dimarco,0.6906,Marc Cucurella,0.6879,Nuno Mendes,0.6848,Maximilian Mittelstädt,0.6841,Nathaniel Brown,0.6816
Léo Pétrot,Lateral izquierdo,Sam Byram,0.8242,Lars Ritzka,0.7314,Franco Carboni,0.7298,Rahim Bonkano,0.7193,Fredrik Oppegard,0.7169,Tyrell Malacia,0.7122,Luís Balbo,0.6907,Jorge Montes,0.6876,Bernardo,0.6846,Florent Hanin,0.6797,Mathias Løvik,0.6794,Ferland Mendy,0.6735,Jorrel Hato,0.6616,Adama Boiro,0.6609,Dennis Cirkin,0.6562
Omar Falah,Lateral izquierdo,Leart Paqarada,1.0,Manuel Serrano,1.0,Deniz Ofli,1.0,Matteo Cocchi,1.0,Corrie Ndaba,0.9943,Mihailo Ristić,0.9866,Ferland Mendy,0.9593,Ricardo Rodríguez,0.956,Alex Murphy,0.9315,Juan Cruz Armada,0.9288,Justin Bourgault,0.8974,Jairo Izquierdo,0.8927,Dan Sinaté,0.8901,Nhoa Sangui,0.878,Tyrell Malacia,0.8775
Joaquín Martínez Gauna,Lateral izquierdo,Álex Grimaldo,0.9813,Nuno Mendes,0.9713,Federico Dimarco,0.9607,Quentin Merlin,0.9358,Maxim De Cuyper,0.9033,Romain Perraud,0.902,Maximilian Mittelstädt,0.8866,David Raum,0.8828,Dimitris Giannoulis,0.8729,Miguel Gutiérrez,0.8662,Sávio,0.8643,Leonardo Spinazzola,0.8592,Arsène Kouassi,0.8523,Hugo Bueno,0.8507,Aarón Martín,0.8438
Manuel Serrano,Lateral izquierdo,Leart Paqarada,1.0,Deniz Ofli,1.0,Omar Falah,1.0,Matteo Cocchi,1.0,Corrie Ndaba,0.9943,Mihailo Ristić,0.9866,Ferland Mendy,0.9593,Ricardo Rodríguez,0.956,Alex Murphy,0.9315,Juan Cruz Armada,0.9288,Justin Bourgault,0.8974,Jairo Izquierdo,0.8927,Dan Sinaté,0.8901,Nhoa Sangui,0.878,Tyrell Malacia,0.8775
Alfonso Espino,Lateral izquierdo,Miguel Gutiérrez,0.8271,Riyad Idrissi,0.8026,Juan David Cabal,0.7996,Neco Williams,0.7957,Robin Gosens,0.7849,Melvin Bard,0.7726,Ferdi Kadioglu,0.7524,Olivier Deman,0.7463,Nuno Mendes,0.7387,Alberto Moreno,0.7337,Tyrick Mitchell,0.718,Tom Rothe,0.7175,Sávio,0.7063,Daouda Guindo,0.7051,Lewis Hall,0.691
Ricardo Rodríguez,Lateral izquierdo,Deniz Ofli,0.956,Leart Paqarada,0.956,Matteo Cocchi,0.956,Omar Falah,0.956,Manuel Serrano,0.956,Corrie Ndaba,0.944,Mihailo Ristić,0.9326,Ferland Mendy,0.917,Alex Murphy,0.9093,Juan Cruz Armada,0.8914,Jairo Izquierdo,0.8819,Tyrell Malacia,0.8399,Jordy Makengo,0.833,David Møller Wolfe,0.8212,Justin Bourgault,0.8191
Youssef Lekhedim,Lateral izquierdo,Souza,0.812,Lucas Hernández,0.7808,Hassane Kamara,0.7367,Ben Chilwell,0.7114,Mahamadou Nagida,0.6715,Josh Doig,0.6508,Borna Sosa,0.6391,Thomas Delaine,0.6369,Álex Moreno,0.6258,Rayan Aït-Nouri,0.6161,Ulisses Garcia,0.6048,Arthur Masuaku,0.6023,El Hadji Malick Diouf,0.5959,Babis Lykogiannis,0.5925,Angeliño,0.5909
Jairo Izquierdo,Lateral izquierdo,Rio Cardines,0.9264,Dan Sinaté,0.9091,Corrie Ndaba,0.9072,Matteo Cocchi,0.8927,Leart Paqarada,0.8927,Deniz Ofli,0.8927,Omar Falah,0.8927,Manuel Serrano,0.8927,Mihailo Ristić,0.8904,Ricardo Rodríguez,0.8819,Tyrell Malacia,0.8783,Jofre Torrents,0.8754,Florent Hanin,0.8351,Nhoa Sangui,0.8336,Justin Bourgault,0.815
Abel Bretones,Lateral izquierdo,Álvaro Carreras,0.9003,Pervis Estupiñán,0.8981,Ali Abdi,0.8435,Abner,0.8235,Marc Cucurella,0.8028,Fran Garcia,0.8003,Alberto Moreno,0.782,Alphonso Davies,0.7595,Nico O’Reilly,0.7424,Riccardo Calafiori,0.7304,Robin Gosens,0.6949,Raphaël Guerreiro,0.6861,Dimitris Giannoulis,0.6777,Maxim De Cuyper,0.6686,Nathaniel Brown,0.6671
Toni Lato,Lateral izquierdo,Matteo Ruggeri,0.8444,Luca Netz,0.822,Junior Firpo,0.796,David Møller Wolfe,0.7612,Julio Diaz,0.7347,Gideon Mensah,0.7277,El Hadji Malick Diouf,0.6911,Rayan Aït-Nouri,0.6688,Quilindschy Hartman,0.6611,Kassoum Ouattara,0.6594,Sergio Gómez,0.6568,Antonino Gallo,0.6477,Emerson Palmieri,0.6459,Lucas Hernández,0.6263,Jordy Makengo,0.6196
Diego Pampín,Lateral izquierdo,Dennis Cirkin,0.8282,Borna Sosa,0.7999,Luis Orejuela,0.7993,Franco Carboni,0.7756,Jorrel Hato,0.773,Bernardo,0.7705,Adama Boiro,0.7677,Reinildo Mandava,0.7646,Fodé Ballo-Touré,0.7627,Juan Cruz Armada,0.753,Josh Doig,0.7519,Julio Soler,0.7449,Lukas Ullrich,0.7342,Gideon Mensah,0.731,Florent Hanin,0.7176
Juan Cruz Armada,Lateral izquierdo,Ferland Mendy,0.97,Alex Murphy,0.9505,Mihailo Ristić,0.9336,Corrie Ndaba,0.9297,Leart Paqarada,0.9288,Matteo Cocchi,0.9288,Omar Falah,0.9288,Manuel Serrano,0.9288,Deniz Ofli,0.9288,Justin Bourgault,0.8976,Ricardo Rodríguez,0.8914,Florent Hanin,0.8629,Franco Carboni,0.8601,Nhoa Sangui,0.8107,Tyrell Malacia,0.7997
Mihailo Ristić,Lateral izquierdo,Matteo Cocchi,0.9866,Manuel Serrano,0.9866,Omar Falah,0.9866,Deniz Ofli,0.9866,Leart Paqarada,0.9866,Corrie Ndaba,0.9811,Ferland Mendy,0.9682,Juan Cruz Armada,0.9336,Ricardo Rodríguez,0.9326,Nhoa Sangui,0.9325,Alex Murphy,0.9138,Jairo Izquierdo,0.8904,Dan Sinaté,0.8831,Florent Hanin,0.8826,Justin Bourgault,0.8804
José Salinas,Lateral izquierdo,Vitaliy Mykolenko,0.8882,Yanis Zouaoui,0.718,Diego Pampín,0.6961,Gabriel Gudmundsson,0.6259,Julio Soler,0.5688,Adama Boiro,0.5578,Diego Rico,0.5425,Fabiano Parisi,0.5347,Borna Sosa,0.5287,Latif Ouedraogo,0.5143,Luis Orejuela,0.5103,Gideon Mensah,0.5081,Dennis Cirkin,0.5058,Thomas Delaine,0.4958,Reinildo Mandava,0.4914
Julio Diaz,Lateral izquierdo,Junior Firpo,0.794,Yuri Berchiche,0.7687,Gideon Mensah,0.7544,Toni Lato,0.7347,Kassoum Ouattara,0.7203,El Hadji Malick Diouf,0.7136,Ben Chilwell,0.6952,Lucas Hernández,0.6892,Jordan Zemura,0.6737,Rayan Aït-Nouri,0.6315,Álex Moreno,0.6195,Matteo Ruggeri,0.616,Jorge Salinas,0.6157,Sergio Gómez,0.6062,Johan Mojica,0.6002
Ferland Mendy,Lateral izquierdo,Juan Cruz Armada,0.97,Mihailo Ristić,0.9682,Alex Murphy,0.9652,Leart Paqarada,0.9593,Deniz Ofli,0.9593,Matteo Cocchi,0.9593,Manuel Serrano,0.9593,Omar Falah,0.9593,Corrie Ndaba,0.9591,Florent Hanin,0.9193,Ricardo Rodríguez,0.917,Nhoa Sangui,0.8981,Franco Carboni,0.881,Tyrell Malacia,0.8743,Justin Bourgault,0.8725
Jesus Vazquez,Lateral izquierdo,Djed Spence,0.9296,Tuomas Ollila,0.8937,Fodé Ballo-Touré,0.8357,Luis Orejuela,0.814,Kostas Tsimikas,0.764,Jacques Ekomie,0.7621,Mads Pedersen,0.7579,Josh Doig,0.7349,Lukas Ullrich,0.7313,Felix Agu,0.7306,Nhoa Sangui,0.673,Ulisses Garcia,0.6643,Diego Pampín,0.6523,Nuno Tavares,0.6512,Niccolò Fortini,0.6476
Adrià Pedrosa,Lateral izquierdo,Sergi Cardona,0.9223,Riyad Idrissi,0.8924,Max Finkgräfe,0.891,Carlos Romero,0.8752,Juan David Cabal,0.8739,Alfonso Pedraza,0.8682,Olivier Deman,0.8674,Dayann Methalie,0.8618,David Raum,0.8195,Maximilian Mittelstädt,0.8172,Nathaniel Brown,0.813,Manu Sánchez,0.8052,Adrien Truffert,0.8026,Melvin Bard,0.7874,Ryan Sessegnon,0.7794
Jofre Torrents,Lateral izquierdo,Jorge Montes,0.9153,Almugera Kabar,0.915,Tyrell Malacia,0.8915,Jairo Izquierdo,0.8754,Mathias Løvik,0.8658,Rahim Bonkano,0.844,Florent Hanin,0.7891,Cristiano Biraghi,0.7649,Rio Cardines,0.763,Luís Balbo,0.7445,Corrie Ndaba,0.7181,Adama Boiro,0.7129,Alex Murphy,0.7035,Dan Sinaté,0.7004,Justin Bourgault,0.6878
Davinchi,Lateral izquierdo,Mathías Olivera,0.926,Mahamadou Nagida,0.9086,Angeliño,0.8706,Lukas Ullrich,0.8359,Borna Sosa,0.8212,Calvin Verdonk,0.8102,Arthur Masuaku,0.7728,Thomas Delaine,0.7329,Josh Doig,0.7186,Jorrel Hato,0.6967,Bernardo,0.6829,Souza,0.678,Dennis Cirkin,0.6724,Lars Ritzka,0.6589,Antonee Robinson,0.639
Adama Boiro,Lateral izquierdo,Florent Hanin,0.9503,Franco Carboni,0.9241,Luís Balbo,0.909,Cristiano Biraghi,0.8959,Rahim Bonkano,0.8799,Jorge Montes,0.8719,Latif Ouedraogo,0.863,Dennis Cirkin,0.8257,Alex Murphy,0.7982,Jorrel Hato,0.7953,Ferland Mendy,0.7889,Tyrell Malacia,0.7834,Bernardo,0.7758,Lars Ritzka,0.7691,Oliver Scarles,0.7687
Junior Firpo,Lateral izquierdo,Gideon Mensah,0.9365,Jordan Zemura,0.8528,Toni Lato,0.796,Julio Diaz,0.794,Kassoum Ouattara,0.7371,Reinildo Mandava,0.7359,Sergio Gómez,0.7343,Gabriel Suazo,0.7316,Destiny Udogie,0.6803,Latif Ouedraogo,0.6724,Javi López,0.6627,Deiver Machado,0.6505,Oliver Scarles,0.6503,Bernardo,0.6471,Jordy Makengo,0.6455
Luis Orejuela,Lateral izquierdo,Julio Soler,0.9304,Nhoa Sangui,0.9115,Mihailo Ristić,0.8282,Jesus Vazquez,0.814,Diego Pampín,0.7993,Rico Henry,0.7981,Rio Cardines,0.7965,Ferland Mendy,0.7888,Luís Balbo,0.7843,Kostas Tsimikas,0.7802,Florent Hanin,0.7745,Juan Cruz Armada,0.7569,Cristiano Biraghi,0.7563,Omar Falah,0.7298,Manuel Serrano,0.7298
Fran Garcia,Lateral izquierdo,Ali Abdi,0.9402,Pep Chavarría,0.9237,Abel Bretones,0.8003,Pervis Estupiñán,0.7809,José Luis Gayà,0.7248,Abner,0.7222,Álvaro Carreras,0.7086,Victor Parada,0.6674,Marc Cucurella,0.6606,Romain Perraud,0.6605,Tom Rothe,0.6364,Nicolás Tagliafico,0.6356,Thibault De Smet,0.5911,Andrea Cambiaso,0.5588,Daouda Guindo,0.5569
Aihen Muñoz,Lateral izquierdo,Aaron Zehnter,0.8995,Isaac Schmidt,0.8102,Carlos Romero,0.795,Ryan Sessegnon,0.7933,Tyrick Mitchell,0.7912,Joakim Mæhle,0.7712,Andrew Robertson,0.7656,Riyad Idrissi,0.7386,Jonas Föhrenbach,0.7374,Daniel Svensson,0.7318,Tom Rothe,0.7294,Abner,0.7159,Melvin Bard,0.7066,Nathaniel Brown,0.7041,Juan David Cabal,0.7037
Álvaro Carreras,Lateral izquierdo,Pervis Estupiñán,0.9506,Abel Bretones,0.9003,Alberto Moreno,0.8451,Marc Cucurella,0.8238,Robin Gosens,0.7967,Álex Valle,0.788,Phillipp Mwene,0.7865,Milos Kerkez,0.781,Nathaniel Brown,0.7787,Alphonso Davies,0.757,Ali Abdi,0.7482,Melvin Bard,0.736,Abner,0.7315,Arsène Kouassi,0.7284,Dimitris Giannoulis,0.7269
Carlos Romero,Lateral izquierdo,Nathaniel Brown,0.9557,Riyad Idrissi,0.9419,Juan David Cabal,0.9289,Max Finkgräfe,0.9262,Nico O’Reilly,0.9072,Ryan Sessegnon,0.9068,Joakim Mæhle,0.8972,Adrià Pedrosa,0.8752,Melvin Bard,0.8499,Maximilian Mittelstädt,0.8435,Federico Dimarco,0.8337,David Raum,0.8313,Dimitris Giannoulis,0.8265,Olivier Deman,0.8245,Dayann Methalie,0.8229
Sergi Cardona,Lateral izquierdo,Adrià Pedrosa,0.9223,Alfonso Pedraza,0.9178,David Raum,0.9125,Max Finkgräfe,0.8882,Olivier Deman,0.8877,Juan Miranda,0.8765,Adrien Truffert,0.8764,Dimitris Giannoulis,0.8564,Maximilian Mittelstädt,0.844,Federico Dimarco,0.8201,Nathaniel Brown,0.7974,Carlos Romero,0.7911,Nuno Mendes,0.7693,Álex Valle,0.7669,Aarón Martín,0.7581
Alejandro Balde,Lateral izquierdo,Rico Henry,0.9236,Jordy Makengo,0.8028,Christian Günter,0.7624,Julio Soler,0.7552,Kristoffer Lund,0.7514,Destiny Udogie,0.6936,Luis Orejuela,0.6824,Bradley Locko,0.6757,Mads Pedersen,0.6521,Nhoa Sangui,0.6319,David Møller Wolfe,0.6157,Ricardo Rodríguez,0.6112,Javi Galán,0.609,Álex Moreno,0.6045,Rio Cardines,0.5934
José Luis Gayà,Lateral izquierdo,Daouda Guindo,0.8306,Tom Rothe,0.7993,Pervis Estupiñán,0.7907,Ryan Sessegnon,0.7343,Fran Garcia,0.7248,Álvaro Carreras,0.7147,Marc Cucurella,0.7147,Ali Abdi,0.7114,Pep Chavarría,0.7094,Olivier Deman,0.6451,Juan David Cabal,0.6411,Adrià Pedrosa,0.6277,Carlos Romero,0.6038,Abner,0.5951,Alfonso Pedraza,0.5942
Manu Sánchez,Lateral izquierdo,Isaac Schmidt,0.8487,Luke Shaw,0.8361,Dayann Methalie,0.8123,Adrià Pedrosa,0.8052,Melvin Bard,0.7775,Ryan Sessegnon,0.7654,Álex Valle,0.7433,Riyad Idrissi,0.7428,Juan David Cabal,0.7387,Carlos Romero,0.7316,Adrien Truffert,0.7066,Joakim Mæhle,0.6886,Jonas Föhrenbach,0.6628,Nathaniel Brown,0.6585,Max Finkgräfe,0.6549
Gabriel Suazo,Lateral izquierdo,Rayan Aït-Nouri,0.8395,Kassoum Ouattara,0.8236,Niels Nkounkou,0.7611,Antonee Robinson,0.7503,Junior Firpo,0.7316,Oliver Scarles,0.7194,Matteo Ruggeri,0.7136,Diego Rico,0.6566,Emerson Palmieri,0.6526,Sergio Gómez,0.6244,Borna Sosa,0.6118,Gideon Mensah,0.607,Bernardo,0.5949,Latif Ouedraogo,0.593,Toni Lato,0.5861
Victor Parada,Lateral izquierdo,Thibault De Smet,0.9453,Nicolás Tagliafico,0.9185,Adam Obert,0.8474,Pep Chavarría,0.7873,Fran Garcia,0.6674,Darlin Yongwa,0.6593,Johan Mojica,0.6593,Ali Abdi,0.6305,Mario García,0.6131,Derrick Köhn,0.5665,Reinildo Mandava,0.5193,Gabriel Gudmundsson,0.5185,Jorge Salinas,0.518,Giuseppe Pezzella,0.507,Javi López,0.5048
Johan Mojica,Lateral izquierdo,Sergio Gómez,0.734,Christian Günter,0.7299,El Hadji Malick Diouf,0.707,Darlin Yongwa,0.7014,Nicolás Tagliafico,0.6933,Yuri Berchiche,0.6782,Miro Muheim,0.6779,Thibault De Smet,0.6671,Victor Parada,0.6593,Giuseppe Pezzella,0.6254,Derrick Köhn,0.6076,Julio Diaz,0.6002,Javi López,0.5933,Jorge Salinas,0.5841,Emerson Palmieri,0.5747
Yuri Berchiche,Lateral izquierdo,El Hadji Malick Diouf,0.9552,Álex Moreno,0.8313,Ben Chilwell,0.8063,Julio Diaz,0.7687,Lucas Hernández,0.7585,Lucas Digne,0.7492,Matteo Ruggeri,0.705,Christian Günter,0.683,Johan Mojica,0.6782,Rayan Aït-Nouri,0.6446,Kassoum Ouattara,0.6294,Bradley Locko,0.6111,Miro Muheim,0.5972,Youssef Lekhedim,0.5684,Kristoffer Lund,0.5617
Álex Moreno,Lateral izquierdo,Ben Chilwell,0.899,Yuri Berchiche,0.8313,Jordan Zemura,0.7696,Deiver Machado,0.7399,El Hadji Malick Diouf,0.7178,Destiny Udogie,0.7159,Kristoffer Lund,0.6524,Youssef Lekhedim,0.6258,Lucas Hernández,0.6248,Julio Diaz,0.6195,Bradley Locko,0.6131,Alejandro Balde,0.6045,Johan Mojica,0.5655,Miro Muheim,0.5631,Rayan Aït-Nouri,0.5501
Sergio Gómez,Lateral izquierdo,Kassoum Ouattara,0.8179,Emerson Palmieri,0.737,Junior Firpo,0.7343,Johan Mojica,0.734,Toni Lato,0.6568,Jorge Salinas,0.6363,Gabriel Suazo,0.6244,Quilindschy Hartman,0.6129,Julio Diaz,0.6062,Matteo Ruggeri,0.5963,Rayan Aït-Nouri,0.5717,Javi López,0.564,Niels Nkounkou,0.5497,Darlin Yongwa,0.549,Bradley Locko,0.544
Matteo Ruggeri,Lateral izquierdo,Rayan Aït-Nouri,0.8921,Quilindschy Hartman,0.8457,Toni Lato,0.8444,Niels Nkounkou,0.8418,El Hadji Malick Diouf,0.7956,Babis Lykogiannis,0.7929,Kassoum Ouattara,0.7818,Emerson Palmieri,0.7695,Hassane Kamara,0.7648,Gabriel Suazo,0.7136,Yuri Berchiche,0.705,Lucas Hernández,0.6566,Junior Firpo,0.6365,Luca Netz,0.6321,Julio Diaz,0.616
Diego Rico,Lateral izquierdo,Oliver Scarles,0.9246,Latif Ouedraogo,0.9195,Jacques Ekomie,0.8903,Lukas Ullrich,0.8798,Felix Agu,0.8657,Nuno Tavares,0.8566,Fodé Ballo-Touré,0.855,Kostas Tsimikas,0.8102,Antonee Robinson,0.807,Bernardo,0.8014,Adama Boiro,0.7621,Cristiano Biraghi,0.743,Lars Ritzka,0.7428,Borna Sosa,0.7222,Mahamadou Nagida,0.7075
Pep Chavarría,Lateral izquierdo,Fran Garcia,0.9237,Ali Abdi,0.8811,Thibault De Smet,0.7972,Nicolás Tagliafico,0.7897,Victor Parada,0.7873,José Luis Gayà,0.7094,Pervis Estupiñán,0.6965,Adam Obert,0.6941,Abel Bretones,0.6303,Gabriel Gudmundsson,0.6268,Marc Cucurella,0.6019,Álvaro Carreras,0.5576,Daouda Guindo,0.5527,Tom Rothe,0.4569,Abner,0.445
Luís Balbo,Lateral izquierdo,Cristiano Biraghi,0.9585,Rahim Bonkano,0.9551,Florent Hanin,0.9212,Adama Boiro,0.909,Nhoa Sangui,0.8916,Julio Soler,0.8747,Sam Byram,0.8602,Javi Galán,0.8508,Mathias Løvik,0.8426,Jorge Montes,0.842,Latif Ouedraogo,0.7988,Tyrell Malacia,0.7933,Ferland Mendy,0.7918,Franco Carboni,0.7904,Kostas Tsimikas,0.7887
Emanuele Valeri,Lateral izquierdo,Kristoffer Lund,0.9081,Domagoj Bradarić,0.8241,Niccolò Fortini,0.7521,Oleksandr Zinchenko,0.7151,Ian Maatsen,0.7014,Almugera Kabar,0.6834,Bradley Locko,0.6714,Rio Cardines,0.6562,Emerson Palmieri,0.6409,Lucas Digne,0.6176,Mads Pedersen,0.6087,Christian Günter,0.5975,Kostas Tsimikas,0.5858,Tuomas Ollila,0.5646,Cristiano Biraghi,0.5382
Riyad Idrissi,Lateral izquierdo,Juan David Cabal,0.9849,Carlos Romero,0.9419,Dayann Methalie,0.9195,Nico O’Reilly,0.9071,Nathaniel Brown,0.9041,Melvin Bard,0.9,Adrià Pedrosa,0.8924,Ryan Sessegnon,0.8637,Robin Gosens,0.8616,Isaac Schmidt,0.8582,Tom Rothe,0.837,Alberto Moreno,0.8351,Max Finkgräfe,0.827,Alfonso Espino,0.8026,Olivier Deman,0.7911
Aarón Martín,Lateral izquierdo,Dimitris Giannoulis,0.9212,Rafel Obrador,0.9041,Arsène Kouassi,0.9,Maxim De Cuyper,0.8885,Juan Miranda,0.8849,David Raum,0.8805,Federico Dimarco,0.8706,Álex Grimaldo,0.8675,Quentin Merlin,0.8519,Joaquín Martínez Gauna,0.8438,Nuno Mendes,0.8346,Matthieu Udol,0.831,Alphonso Davies,0.808,Leonardo Spinazzola,0.8025,Maximilian Mittelstädt,0.7883
Antonino Gallo,Lateral izquierdo,Luca Netz,0.9167,David Møller Wolfe,0.9114,Christian Günter,0.8166,Ricardo Rodríguez,0.8024,Jairo Izquierdo,0.7981,Jordy Makengo,0.7235,Jofre Torrents,0.6808,Dan Sinaté,0.6502,Toni Lato,0.6477,Corrie Ndaba,0.6476,Deniz Ofli,0.646,Matteo Cocchi,0.646,Omar Falah,0.646,Leart Paqarada,0.646,Manuel Serrano,0.646
Federico Dimarco,Lateral izquierdo,Nuno Mendes,0.9869,Álex Grimaldo,0.9634,David Raum,0.9626,Joaquín Martínez Gauna,0.9607,Dimitris Giannoulis,0.9505,Maximilian Mittelstädt,0.9474,Maxim De Cuyper,0.9374,Romain Perraud,0.9306,Olivier Deman,0.9077,Quentin Merlin,0.8978,Matthieu Udol,0.8896,Juan Miranda,0.8849,Nathaniel Brown,0.8724,Aarón Martín,0.8706,Sávio,0.8562
Juan Miranda,Lateral izquierdo,Olivier Deman,0.9073,Dimitris Giannoulis,0.9018,David Raum,0.9018,Nuno Mendes,0.8862,Federico Dimarco,0.8849,Aarón Martín,0.8849,Sergi Cardona,0.8765,Maxim De Cuyper,0.8544,Maximilian Mittelstädt,0.8519,Quentin Merlin,0.8504,Alfonso Pedraza,0.8443,Arsène Kouassi,0.8281,Joaquín Martínez Gauna,0.8239,Álex Grimaldo,0.811,Hugo Bueno,0.8092
Mathias Løvik,Lateral izquierdo,Rahim Bonkano,0.9517,Jorge Montes,0.9427,Lars Ritzka,0.8803,Jofre Torrents,0.8658,Sam Byram,0.8598,Cristiano Biraghi,0.8578,Luís Balbo,0.8426,Tyrell Malacia,0.7857,Almugera Kabar,0.777,Oliver Scarles,0.762,Adama Boiro,0.751,Florent Hanin,0.7464,Latif Ouedraogo,0.7401,Javi Galán,0.7372,Fredrik Oppegard,0.7294
Giuseppe Pezzella,Lateral izquierdo,Javi López,0.9663,Jordan Zemura,0.7932,Destiny Udogie,0.787,Darlin Yongwa,0.7751,Reinildo Mandava,0.774,Javi Galán,0.7571,Deiver Machado,0.7381,Kostas Tsimikas,0.7049,Mads Pedersen,0.6919,Gideon Mensah,0.6739,Fodé Ballo-Touré,0.6666,Nuno Tavares,0.6547,Rico Henry,0.6497,Léo Pétrot,0.6464,Thibault De Smet,0.6388
Niels Nkounkou,Lateral izquierdo,Rayan Aït-Nouri,0.9094,Babis Lykogiannis,0.8959,Matteo Ruggeri,0.8418,Kassoum Ouattara,0.8343,Gabriel Suazo,0.7611,Quilindschy Hartman,0.7562,Jorge Salinas,0.7179,Hassane Kamara,0.6958,Miro Muheim,0.6862,Emerson Palmieri,0.6762,Lucas Digne,0.6165,Sergi Cardona,0.5859,El Hadji Malick Diouf,0.563,Sergio Gómez,0.5497,Yuri Berchiche,0.5423
Juan David Cabal,Lateral izquierdo,Riyad Idrissi,0.9849,Carlos Romero,0.9289,Dayann Methalie,0.9212,Nico O’Reilly,0.921,Nathaniel Brown,0.9054,Melvin Bard,0.8927,Robin Gosens,0.8818,Ryan Sessegnon,0.8807,Adrià Pedrosa,0.8739,Alberto Moreno,0.8678,Tom Rothe,0.849,Isaac Schmidt,0.8429,Riccardo Calafiori,0.8105,Alfonso Espino,0.7996,Olivier Deman,0.7982
Angeliño,Lateral izquierdo,Arthur Masuaku,0.8978,Davinchi,0.8706,Mahamadou Nagida,0.8288,Mathías Olivera,0.7763,Ian Maatsen,0.7472,Josh Doig,0.7167,Thomas Delaine,0.7029,Niccolò Fortini,0.6806,Djed Spence,0.6768,Souza,0.6767,Lukas Ullrich,0.6562,Ulisses Garcia,0.6469,Hassane Kamara,0.6347,Calvin Verdonk,0.6119,Borna Sosa,0.6108
Adam Obert,Lateral izquierdo,Thibault De Smet,0.8806,Victor Parada,0.8474,Nicolás Tagliafico,0.8158,Pep Chavarría,0.6941,Calvin Verdonk,0.6633,Mario García,0.6529,Darlin Yongwa,0.6402,Jorge Salinas,0.6163,Reinildo Mandava,0.6157,Gabriel Gudmundsson,0.5541,Johan Mojica,0.5505,Fran Garcia,0.4926,Ali Abdi,0.4884,Javi López,0.4691,Ulisses Garcia,0.4683
Andrea Cambiaso,Lateral izquierdo,Hannes Behrens,0.9045,Davide Bartesaghi,0.8268,Fabiano Parisi,0.8101,Martin Frese,0.7069,Lewis Hall,0.7018,Romain Perraud,0.6914,Max Finkgräfe,0.6477,Maxim De Cuyper,0.6355,Maximilian Mittelstädt,0.6336,Álex Grimaldo,0.6195,Dimitris Giannoulis,0.613,Federico Dimarco,0.606,Yanis Zouaoui,0.6023,Joaquín Martínez Gauna,0.5974,Aarón Martín,0.596
Kostas Tsimikas,Lateral izquierdo,Mads Pedersen,0.9083,Jacques Ekomie,0.8993,Cristiano Biraghi,0.8839,Nuno Tavares,0.8774,Fodé Ballo-Touré,0.8663,Javi Galán,0.8642,Julio Soler,0.8305,Felix Agu,0.818,Diego Rico,0.8102,Luís Balbo,0.7887,Luis Orejuela,0.7802,Jesus Vazquez,0.764,Latif Ouedraogo,0.7612,Lukas Ullrich,0.7584,Tuomas Ollila,0.7525
Babis Lykogiannis,Lateral izquierdo,Hassane Kamara,0.9088,Niels Nkounkou,0.8959,Matteo Ruggeri,0.7929,Rayan Aït-Nouri,0.7717,Quilindschy Hartman,0.7267,Lucas Digne,0.649,Emerson Palmieri,0.6255,Miro Muheim,0.6209,Ian Maatsen,0.5976,Youssef Lekhedim,0.5925,Gabriel Suazo,0.5851,Angeliño,0.5765,El Hadji Malick Diouf,0.5666,Kassoum Ouattara,0.5641,Jorge Salinas,0.5562
Latif Ouedraogo,Lateral izquierdo,Oliver Scarles,0.9543,Diego Rico,0.9195,Adama Boiro,0.863,Cristiano Biraghi,0.8414,Antonee Robinson,0.8257,Rahim Bonkano,0.8054,Luís Balbo,0.7988,Jacques Ekomie,0.7916,Jorge Montes,0.7885,Javi Galán,0.7782,Bernardo,0.7642,Kostas Tsimikas,0.7612,Felix Agu,0.7535,Lars Ritzka,0.7504,Mathias Løvik,0.7401
Corrie Ndaba,Lateral izquierdo,Leart Paqarada,0.9943,Matteo Cocchi,0.9943,Manuel Serrano,0.9943,Deniz Ofli,0.9943,Omar Falah,0.9943,Mihailo Ristić,0.9811,Ferland Mendy,0.9591,Alex Murphy,0.9472,Ricardo Rodríguez,0.944,Justin Bourgault,0.9318,Juan Cruz Armada,0.9297,Tyrell Malacia,0.9127,Jairo Izquierdo,0.9072,Dan Sinaté,0.9056,Nhoa Sangui,0.885
Niccolò Fortini,Lateral izquierdo,Oleksandr Zinchenko,0.9085,Ian Maatsen,0.8319,Tuomas Ollila,0.8021,Domagoj Bradarić,0.7614,Emanuele Valeri,0.7521,Djed Spence,0.7078,Angeliño,0.6806,Kostas Tsimikas,0.6673,Almugera Kabar,0.659,Lucas,0.6488,Jesus Vazquez,0.6476,Nuno Tavares,0.6391,Mads Pedersen,0.6381,Rio Cardines,0.63,Fredrik Oppegard,0.6236
Cristiano Biraghi,Lateral izquierdo,Luís Balbo,0.9585,Rahim Bonkano,0.9386,Adama Boiro,0.8959,Kostas Tsimikas,0.8839,Florent Hanin,0.877,Jorge Montes,0.8639,Mathias Løvik,0.8578,Julio Soler,0.8475,Latif Ouedraogo,0.8414,Javi Galán,0.8388,Nhoa Sangui,0.8251,Sam Byram,0.7674,Rio Cardines,0.7666,Jofre Torrents,0.7649,Oliver Scarles,0.7586
Davide Bartesaghi,Lateral izquierdo,Hannes Behrens,0.8659,Andrea Cambiaso,0.8268,Martin Frese,0.7733,Fabiano Parisi,0.7452,Lewis Hall,0.7279,Yanis Zouaoui,0.7041,Hugo Bueno,0.5406,Louis Oppie,0.5087,Andrew Robertson,0.5039,Aihen Muñoz,0.5009,Ferdi Kadioglu,0.4952,Miguel Gutiérrez,0.4915,Daniel Svensson,0.4825,Vitaliy Mykolenko,0.4653,Tyrick Mitchell,0.457
Franco Carboni,Lateral izquierdo,Adama Boiro,0.9241,Florent Hanin,0.9203,Alex Murphy,0.9132,Dennis Cirkin,0.9129,Jorrel Hato,0.9081,Ferland Mendy,0.881,Juan Cruz Armada,0.8601,Tyrell Malacia,0.8397,Bernardo,0.8373,Luís Balbo,0.7904,Jorge Montes,0.7813,Diego Pampín,0.7756,Rahim Bonkano,0.7747,Corrie Ndaba,0.7744,Justin Bourgault,0.7737
Martin Frese,Lateral izquierdo,Fabiano Parisi,0.7944,Davide Bartesaghi,0.7733,Lewis Hall,0.7355,Hannes Behrens,0.7161,Andrea Cambiaso,0.7069,Yanis Zouaoui,0.6609,Luca Pellegrini,0.6421,Alfonso Espino,0.5787,Riyad Idrissi,0.5755,Melvin Bard,0.5605,Dayann Methalie,0.528,Adrià Pedrosa,0.5251,Isaac Schmidt,0.4973,Neco Williams,0.474,Carlos Augusto,0.4694
Pervis Estupiñán,Lateral izquierdo,Álvaro Carreras,0.9506,Marc Cucurella,0.9176,Abel Bretones,0.8981,Ali Abdi,0.8498,José Luis Gayà,0.7907,Fran Garcia,0.7809,Alberto Moreno,0.7509,Daouda Guindo,0.7245,Abner,0.7098,Pep Chavarría,0.6965,Robin Gosens,0.6881,Juan David Cabal,0.6829,Álex Valle,0.6624,Riccardo Calafiori,0.6615,Nico O’Reilly,0.6501
Fabiano Parisi,Lateral izquierdo,Hannes Behrens,0.8402,Andrea Cambiaso,0.8101,Martin Frese,0.7944,Yanis Zouaoui,0.7695,Davide Bartesaghi,0.7452,Lewis Hall,0.5985,Vitaliy Mykolenko,0.5768,José Salinas,0.5347,Maxim De Cuyper,0.499,Luca Pellegrini,0.4847,Sávio,0.4751,Juan Miranda,0.4582,Robin Gosens,0.4167,Dimitris Giannoulis,0.4161,Miguel Gutiérrez,0.4061
Alberto Moreno,Lateral izquierdo,Robin Gosens,0.9864,Nico O’Reilly,0.9216,Nathaniel Brown,0.9107,Maxim De Cuyper,0.8963,Riccardo Calafiori,0.8909,Dimitris Giannoulis,0.8733,Juan David Cabal,0.8678,Nuno Mendes,0.8458,Álvaro Carreras,0.8451,Melvin Bard,0.8384,Riyad Idrissi,0.8351,Miguel Gutiérrez,0.8298,Sávio,0.8297,Raphaël Guerreiro,0.8287,Arsène Kouassi,0.8232
Álex Valle,Lateral izquierdo,Adrien Truffert,0.7882,Álvaro Carreras,0.788,Nathaniel Brown,0.7782,Sergi Cardona,0.7669,Alfonso Pedraza,0.7599,Alphonso Davies,0.7588,Manu Sánchez,0.7433,Ryan Sessegnon,0.7322,Dimitris Giannoulis,0.7229,Melvin Bard,0.7222,Joakim Mæhle,0.7094,Olivier Deman,0.7046,Carlos Romero,0.6932,Adrià Pedrosa,0.6881,Rafel Obrador,0.6805
Leonardo Spinazzola,Lateral izquierdo,Raphaël Guerreiro,0.9826,Rafel Obrador,0.9111,Alphonso Davies,0.8844,Álex Grimaldo,0.8828,Maxim De Cuyper,0.8753,Joaquín Martínez Gauna,0.8592,Daniel Svensson,0.854,Abner,0.8345,Dimitris Giannoulis,0.8236,Arsène Kouassi,0.8228,Federico Dimarco,0.8198,Matthieu Udol,0.8195,Nathaniel Brown,0.8132,Aarón Martín,0.8025,Nuno Mendes,0.7992
Josh Doig,Lateral izquierdo,Arthur Masuaku,0.9089,Mathías Olivera,0.8957,Thomas Delaine,0.8106,Souza,0.7869,Justin Bourgault,0.7621,Diego Pampín,0.7519,Borna Sosa,0.7464,Lukas Ullrich,0.7396,Jesus Vazquez,0.7349,Juan Cruz Armada,0.7192,Davinchi,0.7186,Angeliño,0.7167,Luis Orejuela,0.7161,Djed Spence,0.7148,Mahamadou Nagida,0.7012
Mathías Olivera,Lateral izquierdo,Davinchi,0.926,Josh Doig,0.8957,Lukas Ullrich,0.8595,Borna Sosa,0.8516,Arthur Masuaku,0.8445,Mahamadou Nagida,0.8315,Thomas Delaine,0.7836,Jorrel Hato,0.7831,Angeliño,0.7763,Dennis Cirkin,0.7713,Calvin Verdonk,0.7544,Souza,0.742,Bernardo,0.7235,Diego Pampín,0.6972,Justin Bourgault,0.6883
Domagoj Bradarić,Lateral izquierdo,Emanuele Valeri,0.8241,Oleksandr Zinchenko,0.8061,Niccolò Fortini,0.7614,Dan Sinaté,0.7428,Rio Cardines,0.7229,Almugera Kabar,0.6854,Kristoffer Lund,0.6201,Jairo Izquierdo,0.5957,Ian Maatsen,0.5952,Arthur Masuaku,0.5806,Tuomas Ollila,0.5613,Hassane Kamara,0.5176,Antonino Gallo,0.5118,Justin Bourgault,0.4876,Angeliño,0.4859
Miguel Gutiérrez,Lateral izquierdo,Robin Gosens,0.8693,Sávio,0.8684,Joaquín Martínez Gauna,0.8662,Nuno Mendes,0.8604,Ferdi Kadioglu,0.8304,Alberto Moreno,0.8298,Álex Grimaldo,0.8293,Alfonso Espino,0.8271,Louis Oppie,0.8169,Maxim De Cuyper,0.8078,Federico Dimarco,0.7875,Daniel Svensson,0.7756,Arsène Kouassi,0.7702,Andrew Robertson,0.7554,Leonardo Spinazzola,0.7532
Hassane Kamara,Lateral izquierdo,Babis Lykogiannis,0.9088,Matteo Ruggeri,0.7648,Youssef Lekhedim,0.7367,Niels Nkounkou,0.6958,Thomas Delaine,0.6483,El Hadji Malick Diouf,0.6454,Rayan Aït-Nouri,0.6431,Angeliño,0.6347,Arthur Masuaku,0.6288,Quilindschy Hartman,0.6172,Lucas Hernández,0.5972,Lucas Digne,0.5364,Ian Maatsen,0.5287,Borna Sosa,0.5203,Domagoj Bradarić,0.5176
Robin Gosens,Lateral izquierdo,Alberto Moreno,0.9864,Nathaniel Brown,0.9062,Nico O’Reilly,0.902,Melvin Bard,0.8896,Juan David Cabal,0.8818,Miguel Gutiérrez,0.8693,Riyad Idrissi,0.8616,Maxim De Cuyper,0.8568,Riccardo Calafiori,0.8494,Dimitris Giannoulis,0.8253,Nuno Mendes,0.8214,Raphaël Guerreiro,0.8048,Carlos Romero,0.8002,Sávio,0.799,Álvaro Carreras,0.7967
Luca Pellegrini,Lateral izquierdo,Carlos Augusto,0.9231,Dayann Methalie,0.8826,Isaac Schmidt,0.8736,Riyad Idrissi,0.7452,Luke Shaw,0.7303,Juan David Cabal,0.7127,Nico O’Reilly,0.6914,Melvin Bard,0.6486,Manu Sánchez,0.6469,Martin Frese,0.6421,Robin Gosens,0.626,Riccardo Calafiori,0.5882,Adrià Pedrosa,0.5798,Alberto Moreno,0.5754,Carlos Romero,0.5702
Nuno Tavares,Lateral izquierdo,Jacques Ekomie,0.9212,Felix Agu,0.8862,Kostas Tsimikas,0.8774,Fodé Ballo-Touré,0.8569,Diego Rico,0.8566,Enzo Koffi Vinette,0.8133,Mads Pedersen,0.7913,Oliver Scarles,0.7578,Deiver Machado,0.7526,Lukas Ullrich,0.7233,Javi Galán,0.7194,Javi López,0.7166,Jordan Zemura,0.7151,Latif Ouedraogo,0.7151,Ian Maatsen,0.704
Rafel Obrador,Lateral izquierdo,Alphonso Davies,0.9315,Leonardo Spinazzola,0.9111,Aarón Martín,0.9041,Raphaël Guerreiro,0.8815,Daniel Svensson,0.8757,Arsène Kouassi,0.8342,Dimitris Giannoulis,0.8339,Joakim Mæhle,0.8145,Nathaniel Brown,0.8123,Maxim De Cuyper,0.8024,Álex Grimaldo,0.7881,Joaquín Martínez Gauna,0.7816,Federico Dimarco,0.7768,David Raum,0.7649,Matthieu Udol,0.7495
Matteo Cocchi,Lateral izquierdo,Leart Paqarada,1.0,Manuel Serrano,1.0,Deniz Ofli,1.0,Omar Falah,1.0,Corrie Ndaba,0.9943,Mihailo Ristić,0.9866,Ferland Mendy,0.9593,Ricardo Rodríguez,0.956,Alex Murphy,0.9315,Juan Cruz Armada,0.9288,Justin Bourgault,0.8974,Jairo Izquierdo,0.8927,Dan Sinaté,0.8901,Nhoa Sangui,0.878,Tyrell Malacia,0.8775
Jordan Zemura,Lateral izquierdo,Destiny Udogie,0.9287,Deiver Machado,0.9118,Junior Firpo,0.8528,Gideon Mensah,0.8527,Javi López,0.8047,Giuseppe Pezzella,0.7932,Álex Moreno,0.7696,Ben Chilwell,0.7306,Kostas Tsimikas,0.7158,Nuno Tavares,0.7151,Fodé Ballo-Touré,0.712,Reinildo Mandava,0.7087,Jacques Ekomie,0.7028,Diego Rico,0.6862,Julio Diaz,0.6737
Carlos Augusto,Lateral izquierdo,Luca Pellegrini,0.9231,Dayann Methalie,0.9034,Isaac Schmidt,0.8579,Nico O’Reilly,0.8264,Riyad Idrissi,0.7885,Juan David Cabal,0.7678,Riccardo Calafiori,0.7473,Carlos Romero,0.6878,Adrià Pedrosa,0.652,Robin Gosens,0.6401,Alberto Moreno,0.6313,Nathaniel Brown,0.6309,Max Finkgräfe,0.6144,Abner,0.6102,Aaron Zehnter,0.5953
Dimitris Giannoulis,Lateral izquierdo,Maxim De Cuyper,0.9703,Federico Dimarco,0.9505,Nuno Mendes,0.9284,David Raum,0.9246,Aarón Martín,0.9212,Nathaniel Brown,0.919,Álex Grimaldo,0.9053,Juan Miranda,0.9018,Arsène Kouassi,0.8936,Alberto Moreno,0.8733,Joaquín Martínez Gauna,0.8729,Olivier Deman,0.8697,Matthieu Udol,0.869,Nico O’Reilly,0.8598,Romain Perraud,0.8572
Nathaniel Brown,Lateral izquierdo,Carlos Romero,0.9557,Nico O’Reilly,0.9315,Dimitris Giannoulis,0.919,Alberto Moreno,0.9107,Robin Gosens,0.9062,Juan David Cabal,0.9054,Riyad Idrissi,0.9041,Melvin Bard,0.8985,Ryan Sessegnon,0.8943,Federico Dimarco,0.8724,Maxim De Cuyper,0.8715,Alphonso Davies,0.865,Max Finkgräfe,0.8613,Olivier Deman,0.8538,Daniel Svensson,0.8537
Alphonso Davies,Lateral izquierdo,Rafel Obrador,0.9315,Raphaël Guerreiro,0.9043,Leonardo Spinazzola,0.8844,Nathaniel Brown,0.865,Dimitris Giannoulis,0.8419,Daniel Svensson,0.8285,Nico O’Reilly,0.8158,Abner,0.8144,Maxim De Cuyper,0.8142,Aarón Martín,0.808,Joakim Mæhle,0.8051,Arsène Kouassi,0.8034,Alberto Moreno,0.7835,Carlos Romero,0.769,Abel Bretones,0.7595
Daniel Svensson,Lateral izquierdo,Milos Kerkez,0.8967,Rafel Obrador,0.8757,Leonardo Spinazzola,0.854,Nathaniel Brown,0.8537,Raphaël Guerreiro,0.8452,Arsène Kouassi,0.8445,Ryan Sessegnon,0.8288,Alphonso Davies,0.8285,Phillipp Mwene,0.8063,Melvin Bard,0.7882,Joaquín Martínez Gauna,0.788,Andrew Robertson,0.7842,Robin Gosens,0.7834,Miguel Gutiérrez,0.7756,Aarón Martín,0.7661
Max Finkgräfe,Lateral izquierdo,Carlos Romero,0.9262,Adrien Truffert,0.9237,Maximilian Mittelstädt,0.9134,David Raum,0.8986,Adrià Pedrosa,0.891,Joakim Mæhle,0.8901,Sergi Cardona,0.8882,Nathaniel Brown,0.8613,Federico Dimarco,0.8383,Dimitris Giannoulis,0.8324,Riyad Idrissi,0.827,Olivier Deman,0.8099,Hugo Bueno,0.7945,Nico O’Reilly,0.7943,Juan Miranda,0.7816
Derrick Köhn,Lateral izquierdo,Miro Muheim,0.8202,Darlin Yongwa,0.7512,Mario García,0.748,Nicolás Tagliafico,0.6612,Johan Mojica,0.6076,Jorge Salinas,0.569,Victor Parada,0.5665,Neco Williams,0.547,Lucas,0.5128,Romain Perraud,0.4883,Lucas Digne,0.4659,Javi López,0.4621,Álex Moreno,0.4614,Deiver Machado,0.4468,Ian Maatsen,0.4409
Deniz Ofli,Lateral izquierdo,Leart Paqarada,1.0,Manuel Serrano,1.0,Omar Falah,1.0,Matteo Cocchi,1.0,Corrie Ndaba,0.9943,Mihailo Ristić,0.9866,Ferland Mendy,0.9593,Ricardo Rodríguez,0.956,Alex Murphy,0.9315,Juan Cruz Armada,0.9288,Justin Bourgault,0.8974,Jairo Izquierdo,0.8927,Dan Sinaté,0.8901,Nhoa Sangui,0.878,Tyrell Malacia,0.8775
Aaron Zehnter,Lateral izquierdo,Aihen Muñoz,0.8995,Raphaël Guerreiro,0.813,Andrew Robertson,0.7938,Leonardo Spinazzola,0.7652,Abner,0.762,Isaac Schmidt,0.7218,Daniel Svensson,0.7086,Alphonso Davies,0.7072,Joakim Mæhle,0.6877,Nico O’Reilly,0.6846,Carlos Romero,0.6752,Nathaniel Brown,0.6488,Rafel Obrador,0.6332,Robin Gosens,0.6125,Jonas Föhrenbach,0.6082
Leart Paqarada,Lateral izquierdo,Manuel Serrano,1.0,Deniz Ofli,1.0,Omar Falah,1.0,Matteo Cocchi,1.0,Corrie Ndaba,0.9943,Mihailo Ristić,0.9866,Ferland Mendy,0.9593,Ricardo Rodríguez,0.956,Alex Murphy,0.9315,Juan Cruz Armada,0.9288,Justin Bourgault,0.8974,Jairo Izquierdo,0.8927,Dan Sinaté,0.8901,Nhoa Sangui,0.878,Tyrell Malacia,0.8775
David Raum,Lateral izquierdo,Federico Dimarco,0.9626,Maximilian Mittelstädt,0.9545,Olivier Deman,0.9336,Dimitris Giannoulis,0.9246,Nuno Mendes,0.9223,Sergi Cardona,0.9125,Juan Miranda,0.9018,Max Finkgräfe,0.8986,Quentin Merlin,0.8947,Joaquín Martínez Gauna,0.8828,Aarón Martín,0.8805,Álex Grimaldo,0.8764,Romain Perraud,0.8737,Maxim De Cuyper,0.8512,Matthieu Udol,0.8492
Louis Oppie,Lateral izquierdo,Andrew Robertson,0.9348,Ferdi Kadioglu,0.8415,Miguel Gutiérrez,0.8169,Tyrick Mitchell,0.74,Daniel Svensson,0.691,Milos Kerkez,0.6687,Aihen Muñoz,0.6342,Alfonso Espino,0.6214,Aaron Zehnter,0.608,Robin Gosens,0.5962,Ryan Sessegnon,0.5812,Joaquín Martínez Gauna,0.5728,Tom Rothe,0.5624,Raphaël Guerreiro,0.5589,Leonardo Spinazzola,0.551
Mads Pedersen,Lateral izquierdo,Kostas Tsimikas,0.9083,Javi Galán,0.8892,Tuomas Ollila,0.8537,Jacques Ekomie,0.8173,Nuno Tavares,0.7913,Fodé Ballo-Touré,0.7709,Julio Soler,0.7704,Jesus Vazquez,0.7579,Felix Agu,0.7496,Cristiano Biraghi,0.7351,Kristoffer Lund,0.7302,Luis Orejuela,0.7123,Destiny Udogie,0.7079,Giuseppe Pezzella,0.6919,Luís Balbo,0.6809
Christian Günter,Lateral izquierdo,David Møller Wolfe,0.8415,Luca Netz,0.8189,Antonino Gallo,0.8166,Bradley Locko,0.7887,Jordy Makengo,0.7636,Alejandro Balde,0.7624,El Hadji Malick Diouf,0.7505,Johan Mojica,0.7299,Kristoffer Lund,0.7062,Yuri Berchiche,0.683,Lucas Digne,0.6696,Emerson Palmieri,0.6515,Rico Henry,0.6067,Emanuele Valeri,0.5975,Toni Lato,0.5902
Álex Grimaldo,Lateral izquierdo,Joaquín Martínez Gauna,0.9813,Nuno Mendes,0.9648,Federico Dimarco,0.9634,Maxim De Cuyper,0.9478,Romain Perraud,0.9166,Sávio,0.9105,Dimitris Giannoulis,0.9053,Matthieu Udol,0.8967,Quentin Merlin,0.8946,Leonardo Spinazzola,0.8828,David Raum,0.8764,Maximilian Mittelstädt,0.8712,Aarón Martín,0.8675,Arsène Kouassi,0.8666,Raphaël Guerreiro,0.8316
Jordy Makengo,Lateral izquierdo,Rico Henry,0.8681,Ricardo Rodríguez,0.833,Alejandro Balde,0.8028,David Møller Wolfe,0.8015,Luca Netz,0.7751,Christian Günter,0.7636,Luís Balbo,0.7579,Florent Hanin,0.753,Rahim Bonkano,0.745,Julio Soler,0.7427,Ferland Mendy,0.739,Antonino Gallo,0.7235,Mihailo Ristić,0.7226,Jairo Izquierdo,0.7033,Deniz Ofli,0.7019
Kristoffer Lund,Lateral izquierdo,Emanuele Valeri,0.9081,Bradley Locko,0.8302,Alejandro Balde,0.7514,Mads Pedersen,0.7302,Christian Günter,0.7062,Kostas Tsimikas,0.7038,Álex Moreno,0.6524,Domagoj Bradarić,0.6201,Tuomas Ollila,0.6017,Julio Soler,0.6007,Cristiano Biraghi,0.5962,Emerson Palmieri,0.5934,Rico Henry,0.5874,Rio Cardines,0.5843,Jordan Zemura,0.5835
Olivier Deman,Lateral izquierdo,David Raum,0.9336,Nuno Mendes,0.9093,Federico Dimarco,0.9077,Juan Miranda,0.9073,Alfonso Pedraza,0.8945,Sergi Cardona,0.8877,Maximilian Mittelstädt,0.8731,Dimitris Giannoulis,0.8697,Adrià Pedrosa,0.8674,Nathaniel Brown,0.8538,Quentin Merlin,0.844,Joaquín Martínez Gauna,0.8366,Romain Perraud,0.8305,Carlos Romero,0.8245,Ryan Sessegnon,0.8243
Felix Agu,Lateral izquierdo,Jacques Ekomie,0.9858,Fodé Ballo-Touré,0.9486,Nuno Tavares,0.8862,Diego Rico,0.8657,Kostas Tsimikas,0.818,Lukas Ullrich,0.8105,Javi Galán,0.7725,Latif Ouedraogo,0.7535,Mads Pedersen,0.7496,Oliver Scarles,0.7423,Jesus Vazquez,0.7306,Lars Ritzka,0.7091,Djed Spence,0.7073,Enzo Koffi Vinette,0.7011,Sam Byram,0.6846
Joakim Mæhle,Lateral izquierdo,Carlos Romero,0.8972,Max Finkgräfe,0.8901,Adrien Truffert,0.8893,Nathaniel Brown,0.8224,Rafel Obrador,0.8145,Alphonso Davies,0.8051,Aihen Muñoz,0.7712,Ryan Sessegnon,0.7684,Nico O’Reilly,0.7551,Raphaël Guerreiro,0.7378,Abner,0.7344,Isaac Schmidt,0.734,David Raum,0.7339,Riyad Idrissi,0.7179,Adrià Pedrosa,0.7144
Raphaël Guerreiro,Lateral izquierdo,Leonardo Spinazzola,0.9826,Alphonso Davies,0.9043,Abner,0.8893,Rafel Obrador,0.8815,Nico O’Reilly,0.8551,Maxim De Cuyper,0.85,Nathaniel Brown,0.849,Daniel Svensson,0.8452,Álex Grimaldo,0.8316,Alberto Moreno,0.8287,Aaron Zehnter,0.813,Joaquín Martínez Gauna,0.8097,Dimitris Giannoulis,0.8093,Robin Gosens,0.8048,Federico Dimarco,0.7921
Tom Rothe,Lateral izquierdo,Juan David Cabal,0.849,Riyad Idrissi,0.837,Neco Williams,0.8205,Ryan Sessegnon,0.8157,Carlos Romero,0.8144,Daouda Guindo,0.8128,Abner,0.8105,José Luis Gayà,0.7993,Tyrick Mitchell,0.7545,Romain Perraud,0.7444,Aihen Muñoz,0.7294,Nathaniel Brown,0.7193,Alfonso Espino,0.7175,Nico O’Reilly,0.7031,Adrià Pedrosa,0.7021
Almugera Kabar,Lateral izquierdo,Jofre Torrents,0.915,Jorge Montes,0.7789,Mathias Løvik,0.777,Jairo Izquierdo,0.7761,Fredrik Oppegard,0.7649,Rio Cardines,0.7549,Oleksandr Zinchenko,0.724,Tyrell Malacia,0.7237,Dan Sinaté,0.7165,Domagoj Bradarić,0.6854,Emanuele Valeri,0.6834,Rahim Bonkano,0.667,Niccolò Fortini,0.659,Cristiano Biraghi,0.6316,Justin Bourgault,0.6299
Lars Ritzka,Lateral izquierdo,Mathias Løvik,0.8803,Jorge Montes,0.8727,Lukas Ullrich,0.8583,Sam Byram,0.8532,Antonee Robinson,0.8281,Rahim Bonkano,0.8246,Oliver Scarles,0.8123,Bernardo,0.7794,Adama Boiro,0.7691,Franco Carboni,0.759,Latif Ouedraogo,0.7504,Diego Rico,0.7428,Léo Pétrot,0.7314,Cristiano Biraghi,0.7256,Luís Balbo,0.7247
Phillipp Mwene,Lateral izquierdo,Milos Kerkez,0.925,Arsène Kouassi,0.903,Daniel Svensson,0.8063,Álvaro Carreras,0.7865,Alberto Moreno,0.7411,Robin Gosens,0.734,Alphonso Davies,0.7042,Maxim De Cuyper,0.7035,Aarón Martín,0.6887,Dimitris Giannoulis,0.6875,Álex Valle,0.6738,Rafel Obrador,0.6714,Nathaniel Brown,0.6676,Melvin Bard,0.6669,Juan Miranda,0.6583
Maximilian Mittelstädt,Lateral izquierdo,David Raum,0.9545,Federico Dimarco,0.9474,Max Finkgräfe,0.9134,Nuno Mendes,0.9103,Hugo Bueno,0.905,Joaquín Martínez Gauna,0.8866,Olivier Deman,0.8731,Álex Grimaldo,0.8712,Quentin Merlin,0.8667,Romain Perraud,0.8666,Matthieu Udol,0.8563,Dimitris Giannoulis,0.8544,Juan Miranda,0.8519,Sergi Cardona,0.844,Carlos Romero,0.8435
Luca Netz,Lateral izquierdo,David Møller Wolfe,0.9833,Antonino Gallo,0.9167,Toni Lato,0.822,Christian Günter,0.8189,Ricardo Rodríguez,0.7827,Jordy Makengo,0.7751,El Hadji Malick Diouf,0.6779,Quilindschy Hartman,0.6354,Matteo Ruggeri,0.6321,Jairo Izquierdo,0.5977,Alex Murphy,0.5839,Leart Paqarada,0.5719,Manuel Serrano,0.5719,Omar Falah,0.5719,Deniz Ofli,0.5719
Hannes Behrens,Lateral izquierdo,Andrea Cambiaso,0.9045,Davide Bartesaghi,0.8659,Fabiano Parisi,0.8402,Yanis Zouaoui,0.7176,Martin Frese,0.7161,Lewis Hall,0.7012,Juan Miranda,0.6842,Aarón Martín,0.6446,Hugo Bueno,0.6047,Maxim De Cuyper,0.5919,Daniel Svensson,0.5749,Arsène Kouassi,0.569,Dimitris Giannoulis,0.567,Maximilian Mittelstädt,0.5516,Max Finkgräfe,0.5476
Miro Muheim,Lateral izquierdo,Derrick Köhn,0.8202,Jorge Salinas,0.8084,Mario García,0.7465,Darlin Yongwa,0.7416,Niels Nkounkou,0.6862,Johan Mojica,0.6779,Kassoum Ouattara,0.6704,Nicolás Tagliafico,0.6619,Rayan Aït-Nouri,0.6432,Babis Lykogiannis,0.6209,Yuri Berchiche,0.5972,Álex Moreno,0.5631,Lucas Digne,0.5598,Youssef Lekhedim,0.5399,Deiver Machado,0.5289
Isaac Schmidt,Lateral izquierdo,Dayann Methalie,0.9125,Luca Pellegrini,0.8736,Riyad Idrissi,0.8582,Carlos Augusto,0.8579,Manu Sánchez,0.8487,Juan David Cabal,0.8429,Luke Shaw,0.8184,Carlos Romero,0.8151,Aihen Muñoz,0.8102,Nico O’Reilly,0.7968,Melvin Bard,0.7866,Nathaniel Brown,0.7494,Joakim Mæhle,0.734,Ryan Sessegnon,0.73,Aaron Zehnter,0.7218
Lukas Ullrich,Lateral izquierdo,Diego Rico,0.8798,Mathías Olivera,0.8595,Lars Ritzka,0.8583,Davinchi,0.8359,Jacques Ekomie,0.8284,Fodé Ballo-Touré,0.8252,Borna Sosa,0.8138,Felix Agu,0.8105,Mahamadou Nagida,0.8069,Bernardo,0.7963,Thomas Delaine,0.7882,Oliver Scarles,0.7672,Kostas Tsimikas,0.7584,Dennis Cirkin,0.7542,Adama Boiro,0.7542
Bernardo,Lateral izquierdo,Dennis Cirkin,0.9558,Jorrel Hato,0.9468,Franco Carboni,0.8373,Borna Sosa,0.831,Diego Rico,0.8014,Lukas Ullrich,0.7963,Lars Ritzka,0.7794,Adama Boiro,0.7758,Diego Pampín,0.7705,Oliver Scarles,0.7704,Calvin Verdonk,0.7661,Latif Ouedraogo,0.7642,Reinildo Mandava,0.7476,Antonee Robinson,0.7456,Mathías Olivera,0.7235
Jonas Föhrenbach,Lateral izquierdo,Aihen Muñoz,0.7374,Milos Kerkez,0.733,Daniel Svensson,0.7283,Ryan Sessegnon,0.6957,Álex Valle,0.6668,Luke Shaw,0.663,Manu Sánchez,0.6628,Melvin Bard,0.6512,Joakim Mæhle,0.6372,Alphonso Davies,0.611,Aaron Zehnter,0.6082,Isaac Schmidt,0.5995,Rafel Obrador,0.5815,Nathaniel Brown,0.5659,Adrien Truffert,0.5449
Justin Bourgault,Lateral izquierdo,Corrie Ndaba,0.9318,Alex Murphy,0.9111,Juan Cruz Armada,0.8976,Omar Falah,0.8974,Matteo Cocchi,0.8974,Manuel Serrano,0.8974,Leart Paqarada,0.8974,Deniz Ofli,0.8974,Dan Sinaté,0.8949,Mihailo Ristić,0.8804,Ferland Mendy,0.8725,Tyrell Malacia,0.8693,Ricardo Rodríguez,0.8191,Jairo Izquierdo,0.815,Florent Hanin,0.8148
Dan Sinaté,Lateral izquierdo,Rio Cardines,0.9286,Jairo Izquierdo,0.9091,Corrie Ndaba,0.9056,Justin Bourgault,0.8949,Manuel Serrano,0.8901,Deniz Ofli,0.8901,Leart Paqarada,0.8901,Matteo Cocchi,0.8901,Omar Falah,0.8901,Mihailo Ristić,0.8831,Nhoa Sangui,0.8109,Ricardo Rodríguez,0.8102,Tyrell Malacia,0.7813,Ferland Mendy,0.7705,Juan Cruz Armada,0.7602
Matthieu Udol,Lateral izquierdo,Álex Grimaldo,0.8967,Federico Dimarco,0.8896,Maxim De Cuyper,0.8858,Dimitris Giannoulis,0.869,Maximilian Mittelstädt,0.8563,David Raum,0.8492,Nuno Mendes,0.8401,Aarón Martín,0.831,Joaquín Martínez Gauna,0.8284,Leonardo Spinazzola,0.8195,Sávio,0.8016,Romain Perraud,0.7848,Raphaël Guerreiro,0.7813,Nico O’Reilly,0.7747,Max Finkgräfe,0.7676
Emerson Palmieri,Lateral izquierdo,Quilindschy Hartman,0.8649,Matteo Ruggeri,0.7695,Sergio Gómez,0.737,Kassoum Ouattara,0.7336,Lucas Digne,0.716,Bradley Locko,0.7139,Niels Nkounkou,0.6762,Gabriel Suazo,0.6526,Christian Günter,0.6515,Toni Lato,0.6459,Emanuele Valeri,0.6409,Babis Lykogiannis,0.6255,Antonino Gallo,0.6164,El Hadji Malick Diouf,0.6021,Kristoffer Lund,0.5934
Ali Abdi,Lateral izquierdo,Fran Garcia,0.9402,Pep Chavarría,0.8811,Pervis Estupiñán,0.8498,Abel Bretones,0.8435,Marc Cucurella,0.7805,Álvaro Carreras,0.7482,Abner,0.7193,José Luis Gayà,0.7114,Daouda Guindo,0.7051,Tom Rothe,0.6756,Nicolás Tagliafico,0.637,Romain Perraud,0.6363,Victor Parada,0.6305,Alberto Moreno,0.5865,Neco Williams,0.5532
Thibault De Smet,Lateral izquierdo,Victor Parada,0.9453,Adam Obert,0.8806,Nicolás Tagliafico,0.8737,Pep Chavarría,0.7972,Darlin Yongwa,0.6792,Johan Mojica,0.6671,Reinildo Mandava,0.6559,Gabriel Gudmundsson,0.6553,Giuseppe Pezzella,0.6388,Javi López,0.6294,Fran Garcia,0.5911,Léo Pétrot,0.5689,Mario García,0.5618,Ali Abdi,0.5201,Sergio Gómez,0.4322
Florent Hanin,Lateral izquierdo,Adama Boiro,0.9503,Luís Balbo,0.9212,Franco Carboni,0.9203,Ferland Mendy,0.9193,Alex Murphy,0.9143,Tyrell Malacia,0.8994,Nhoa Sangui,0.8972,Mihailo Ristić,0.8826,Rahim Bonkano,0.8823,Cristiano Biraghi,0.877,Corrie Ndaba,0.8715,Juan Cruz Armada,0.8629,Jorge Montes,0.8454,Matteo Cocchi,0.8441,Manuel Serrano,0.8441
Romain Perraud,Lateral izquierdo,Federico Dimarco,0.9306,Nuno Mendes,0.9217,Álex Grimaldo,0.9166,Joaquín Martínez Gauna,0.902,Neco Williams,0.8873,David Raum,0.8737,Maximilian Mittelstädt,0.8666,Maxim De Cuyper,0.8583,Dimitris Giannoulis,0.8572,Sávio,0.8367,Olivier Deman,0.8305,Quentin Merlin,0.8139,Matthieu Udol,0.7848,Alberto Moreno,0.7615,Nathaniel Brown,0.7586
Fodé Ballo-Touré,Lateral izquierdo,Jacques Ekomie,0.9656,Felix Agu,0.9486,Kostas Tsimikas,0.8663,Nuno Tavares,0.8569,Diego Rico,0.855,Jesus Vazquez,0.8357,Lukas Ullrich,0.8252,Destiny Udogie,0.7804,Mads Pedersen,0.7709,Javi Galán,0.7649,Diego Pampín,0.7627,Djed Spence,0.7516,Latif Ouedraogo,0.7165,Jordan Zemura,0.712,Luis Orejuela,0.7111
Jacques Ekomie,Lateral izquierdo,Felix Agu,0.9858,Fodé Ballo-Touré,0.9656,Nuno Tavares,0.9212,Kostas Tsimikas,0.8993,Diego Rico,0.8903,Javi Galán,0.8286,Lukas Ullrich,0.8284,Mads Pedersen,0.8173,Latif Ouedraogo,0.7916,Oliver Scarles,0.7734,Jesus Vazquez,0.7621,Cristiano Biraghi,0.7297,Destiny Udogie,0.7229,Lars Ritzka,0.7127,Sam Byram,0.7105
Deiver Machado,Lateral izquierdo,Jordan Zemura,0.9118,Destiny Udogie,0.8785,Javi López,0.754,Nuno Tavares,0.7526,Álex Moreno,0.7399,Giuseppe Pezzella,0.7381,Ben Chilwell,0.7337,Jacques Ekomie,0.6779,Fodé Ballo-Touré,0.6646,Junior Firpo,0.6505,Gideon Mensah,0.6481,Felix Agu,0.6441,Mads Pedersen,0.6254,Javi Galán,0.6175,Kostas Tsimikas,0.6145
Abner,Lateral izquierdo,Raphaël Guerreiro,0.8893,Nico O’Reilly,0.8601,Leonardo Spinazzola,0.8345,Abel Bretones,0.8235,Carlos Romero,0.8154,Alphonso Davies,0.8144,Tom Rothe,0.8105,Nathaniel Brown,0.808,Alberto Moreno,0.7852,Juan David Cabal,0.7775,Aaron Zehnter,0.762,Romain Perraud,0.7547,Riyad Idrissi,0.747,Robin Gosens,0.744,Joakim Mæhle,0.7344
Kassoum Ouattara,Lateral izquierdo,Rayan Aït-Nouri,0.8731,Niels Nkounkou,0.8343,Gabriel Suazo,0.8236,Sergio Gómez,0.8179,Matteo Ruggeri,0.7818,Jorge Salinas,0.7578,Junior Firpo,0.7371,Emerson Palmieri,0.7336,Julio Diaz,0.7203,Miro Muheim,0.6704,Toni Lato,0.6594,Quilindschy Hartman,0.6551,Yuri Berchiche,0.6294,El Hadji Malick Diouf,0.5874,Jordan Zemura,0.578
Ulisses Garcia,Lateral izquierdo,Souza,0.8025,Djed Spence,0.7105,Josh Doig,0.6873,Arthur Masuaku,0.6869,Mario García,0.6816,Jesus Vazquez,0.6643,Mahamadou Nagida,0.6609,Angeliño,0.6469,Mathías Olivera,0.6362,Calvin Verdonk,0.6123,Youssef Lekhedim,0.6048,Davinchi,0.56,Darlin Yongwa,0.503,Victor Parada,0.4991,Diego Pampín,0.4741
Fredrik Oppegard,Lateral izquierdo,Lucas,0.9392,Almugera Kabar,0.7649,Mathias Løvik,0.7294,Léo Pétrot,0.7169,Oleksandr Zinchenko,0.6842,Lars Ritzka,0.6496,Jorge Montes,0.6446,Jofre Torrents,0.6355,Niccolò Fortini,0.6236,Rahim Bonkano,0.5935,Rio Cardines,0.5806,Cristiano Biraghi,0.5625,Darlin Yongwa,0.5619,Mario García,0.5558,Kostas Tsimikas,0.5499
Ben Chilwell,Lateral izquierdo,Álex Moreno,0.899,Yuri Berchiche,0.8063,Destiny Udogie,0.7609,Lucas Hernández,0.7533,Deiver Machado,0.7337,Jordan Zemura,0.7306,Youssef Lekhedim,0.7114,Julio Diaz,0.6952,El Hadji Malick Diouf,0.6854,Gideon Mensah,0.5478,Rayan Aït-Nouri,0.5376,Rico Henry,0.5269,Alejandro Balde,0.5197,Souza,0.5078,Junior Firpo,0.4984
Lucas Hernández,Lateral izquierdo,El Hadji Malick Diouf,0.7926,Youssef Lekhedim,0.7808,Yuri Berchiche,0.7585,Ben Chilwell,0.7533,Julio Diaz,0.6892,Matteo Ruggeri,0.6566,Toni Lato,0.6263,Álex Moreno,0.6248,Rayan Aït-Nouri,0.6213,Hassane Kamara,0.5972,David Møller Wolfe,0.5709,Luca Netz,0.5214,Souza,0.4935,Gideon Mensah,0.4933,Diego Pampín,0.479
Nhoa Sangui,Lateral izquierdo,Mihailo Ristić,0.9325,Luis Orejuela,0.9115,Rio Cardines,0.9,Ferland Mendy,0.8981,Florent Hanin,0.8972,Luís Balbo,0.8916,Corrie Ndaba,0.885,Omar Falah,0.878,Manuel Serrano,0.878,Deniz Ofli,0.878,Leart Paqarada,0.878,Matteo Cocchi,0.878,Julio Soler,0.8587,Jairo Izquierdo,0.8336,Cristiano Biraghi,0.8251
Daouda Guindo,Lateral izquierdo,José Luis Gayà,0.8306,Marc Cucurella,0.8161,Tom Rothe,0.8128,Neco Williams,0.7568,Juan David Cabal,0.7529,Pervis Estupiñán,0.7245,Adrià Pedrosa,0.7218,Alfonso Espino,0.7051,Ali Abdi,0.7051,Riyad Idrissi,0.6996,Dayann Methalie,0.6844,Olivier Deman,0.6211,Alfonso Pedraza,0.6093,Ryan Sessegnon,0.6069,Carlos Romero,0.5734
Darlin Yongwa,Lateral izquierdo,Mario García,0.9332,Javi López,0.8668,Giuseppe Pezzella,0.7751,Nicolás Tagliafico,0.7609,Derrick Köhn,0.7512,Miro Muheim,0.7416,Johan Mojica,0.7014,Thibault De Smet,0.6792,Victor Parada,0.6593,Adam Obert,0.6402,Jorge Salinas,0.637,Reinildo Mandava,0.6277,Nuno Tavares,0.618,Lucas,0.6025,Jordan Zemura,0.5995
Nicolás Tagliafico,Lateral izquierdo,Victor Parada,0.9185,Thibault De Smet,0.8737,Adam Obert,0.8158,Pep Chavarría,0.7897,Darlin Yongwa,0.7609,Jorge Salinas,0.7341,Johan Mojica,0.6933,Mario García,0.6739,Miro Muheim,0.6619,Derrick Köhn,0.6612,Ali Abdi,0.637,Fran Garcia,0.6356,Javi López,0.6334,Reinildo Mandava,0.601,Marc Cucurella,0.595
Dayann Methalie,Lateral izquierdo,Juan David Cabal,0.9212,Riyad Idrissi,0.9195,Isaac Schmidt,0.9125,Carlos Augusto,0.9034,Luca Pellegrini,0.8826,Nico O’Reilly,0.8702,Adrià Pedrosa,0.8618,Carlos Romero,0.8229,Manu Sánchez,0.8123,Melvin Bard,0.8064,Nathaniel Brown,0.79,Robin Gosens,0.7641,Riccardo Calafiori,0.7607,Alberto Moreno,0.7522,Max Finkgräfe,0.7227
Bradley Locko,Lateral izquierdo,Kristoffer Lund,0.8302,Christian Günter,0.7887,Emerson Palmieri,0.7139,Alejandro Balde,0.6757,Emanuele Valeri,0.6714,Jordan Zemura,0.6222,Jordy Makengo,0.6176,Álex Moreno,0.6131,Lucas Digne,0.6131,Yuri Berchiche,0.6111,Deiver Machado,0.6007,Junior Firpo,0.5662,El Hadji Malick Diouf,0.5644,Javi Galán,0.5474,Sergio Gómez,0.544
Nuno Mendes,Lateral izquierdo,Federico Dimarco,0.9869,Joaquín Martínez Gauna,0.9713,Álex Grimaldo,0.9648,Maxim De Cuyper,0.9377,Dimitris Giannoulis,0.9284,David Raum,0.9223,Romain Perraud,0.9217,Maximilian Mittelstädt,0.9103,Olivier Deman,0.9093,Sávio,0.9022,Quentin Merlin,0.8987,Juan Miranda,0.8862,Miguel Gutiérrez,0.8604,Arsène Kouassi,0.8542,Nathaniel Brown,0.8534
Mahamadou Nagida,Lateral izquierdo,Davinchi,0.9086,Souza,0.8499,Mathías Olivera,0.8315,Angeliño,0.8288,Enzo Koffi Vinette,0.8121,Lukas Ullrich,0.8069,Djed Spence,0.7578,Borna Sosa,0.7497,Calvin Verdonk,0.7178,Diego Rico,0.7075,Josh Doig,0.7012,Arthur Masuaku,0.6893,Youssef Lekhedim,0.6715,Fodé Ballo-Touré,0.6697,Ulisses Garcia,0.6609
Quentin Merlin,Lateral izquierdo,Joaquín Martínez Gauna,0.9358,Nuno Mendes,0.8987,Federico Dimarco,0.8978,David Raum,0.8947,Álex Grimaldo,0.8946,Hugo Bueno,0.8778,Maximilian Mittelstädt,0.8667,Aarón Martín,0.8519,Juan Miranda,0.8504,Olivier Deman,0.844,Romain Perraud,0.8139,Dimitris Giannoulis,0.7897,Arsène Kouassi,0.7807,Maxim De Cuyper,0.7752,Matthieu Udol,0.747
Enzo Koffi Vinette,Lateral izquierdo,Nuno Tavares,0.8133,Mahamadou Nagida,0.8121,Ian Maatsen,0.736,Felix Agu,0.7011,Diego Rico,0.669,Jacques Ekomie,0.6646,Djed Spence,0.6364,Davinchi,0.614,Fodé Ballo-Touré,0.6128,Angeliño,0.5963,Lukas Ullrich,0.5756,Deiver Machado,0.5731,Gabriel Suazo,0.5713,Souza,0.5428,Mario García,0.5424
Tuomas Ollila,Lateral izquierdo,Jesus Vazquez,0.8937,Djed Spence,0.8801,Mads Pedersen,0.8537,Niccolò Fortini,0.8021,Kostas Tsimikas,0.7525,Fodé Ballo-Touré,0.6992,Jacques Ekomie,0.6987,Luis Orejuela,0.6903,Oleksandr Zinchenko,0.6901,Nuno Tavares,0.6841,Felix Agu,0.667,Kristoffer Lund,0.6017,Ian Maatsen,0.5833,Julio Soler,0.5775,Rio Cardines,0.5723
Thomas Delaine,Lateral izquierdo,Borna Sosa,0.9012,Josh Doig,0.8106,Lukas Ullrich,0.7882,Mathías Olivera,0.7836,Arthur Masuaku,0.7745,Davinchi,0.7329,Justin Bourgault,0.7226,Adama Boiro,0.7117,Dennis Cirkin,0.7075,Angeliño,0.7029,Jorrel Hato,0.7011,Diego Pampín,0.7006,Florent Hanin,0.6963,Calvin Verdonk,0.6949,Franco Carboni,0.6671
Arsène Kouassi,Lateral izquierdo,Maxim De Cuyper,0.9166,Phillipp Mwene,0.903,Aarón Martín,0.9,Dimitris Giannoulis,0.8936,Álex Grimaldo,0.8666,Nuno Mendes,0.8542,Joaquín Martínez Gauna,0.8523,Daniel Svensson,0.8445,Rafel Obrador,0.8342,Federico Dimarco,0.8285,Juan Miranda,0.8281,Alberto Moreno,0.8232,Leonardo Spinazzola,0.8228,Alphonso Davies,0.8034,Milos Kerkez,0.7949
Arthur Masuaku,Lateral izquierdo,Josh Doig,0.9089,Angeliño,0.8978,Mathías Olivera,0.8445,Thomas Delaine,0.7745,Davinchi,0.7728,Justin Bourgault,0.7092,Souza,0.7033,Mahamadou Nagida,0.6893,Ulisses Garcia,0.6869,Djed Spence,0.6665,Borna Sosa,0.6388,Lukas Ullrich,0.6312,Hassane Kamara,0.6288,Dan Sinaté,0.6042,Niccolò Fortini,0.6039
Gideon Mensah,Lateral izquierdo,Junior Firpo,0.9365,Jordan Zemura,0.8527,Reinildo Mandava,0.8394,Destiny Udogie,0.78,Julio Diaz,0.7544,Latif Ouedraogo,0.7336,Diego Pampín,0.731,Toni Lato,0.7277,Bernardo,0.7064,Javi López,0.6907,Dennis Cirkin,0.683,Giuseppe Pezzella,0.6739,Diego Rico,0.6715,Adama Boiro,0.6692,Rico Henry,0.6548
Yanis Zouaoui,Lateral izquierdo,Vitaliy Mykolenko,0.831,Fabiano Parisi,0.7695,José Salinas,0.718,Hannes Behrens,0.7176,Davide Bartesaghi,0.7041,Martin Frese,0.6609,Andrea Cambiaso,0.6023,Gabriel Gudmundsson,0.5897,Lewis Hall,0.4089,Niccolò Fortini,0.3714,Thomas Delaine,0.3386,Youssef Lekhedim,0.278,Hassane Kamara,0.2567,Angeliño,0.2485,Enzo Koffi Vinette,0.2456
Calvin Verdonk,Lateral izquierdo,Borna Sosa,0.8448,Davinchi,0.8102,Jorrel Hato,0.785,Bernardo,0.7661,Dennis Cirkin,0.7646,Mathías Olivera,0.7544,Mahamadou Nagida,0.7178,Thomas Delaine,0.6949,Mario García,0.693,Lukas Ullrich,0.6914,Adam Obert,0.6633,Léo Pétrot,0.6447,Reinildo Mandava,0.6158,Ulisses Garcia,0.6123,Angeliño,0.6119
Melvin Bard,Lateral izquierdo,Ryan Sessegnon,0.9148,Riyad Idrissi,0.9,Nathaniel Brown,0.8985,Juan David Cabal,0.8927,Robin Gosens,0.8896,Carlos Romero,0.8499,Alberto Moreno,0.8384,Milos Kerkez,0.8123,Dayann Methalie,0.8064,Daniel Svensson,0.7882,Adrià Pedrosa,0.7874,Nico O’Reilly,0.7868,Isaac Schmidt,0.7866,Olivier Deman,0.7854,Manu Sánchez,0.7775
Jorge Salinas,Lateral izquierdo,Miro Muheim,0.8084,Rayan Aït-Nouri,0.8078,Kassoum Ouattara,0.7578,Nicolás Tagliafico,0.7341,Niels Nkounkou,0.7179,Mario García,0.6733,Darlin Yongwa,0.637,Sergio Gómez,0.6363,Adam Obert,0.6163,Julio Diaz,0.6157,Marc Cucurella,0.6054,Matteo Ruggeri,0.5906,Johan Mojica,0.5841,Derrick Köhn,0.569,Gabriel Suazo,0.5679
Mario García,Lateral izquierdo,Darlin Yongwa,0.9332,Derrick Köhn,0.748,Miro Muheim,0.7465,Calvin Verdonk,0.693,Ulisses Garcia,0.6816,Nicolás Tagliafico,0.6739,Jorge Salinas,0.6733,Lucas,0.672,Javi López,0.6673,Adam Obert,0.6529,Victor Parada,0.6131,Johan Mojica,0.5653,Thibault De Smet,0.5618,Fredrik Oppegard,0.5558,Mahamadou Nagida,0.5556
